title,url,servings,prepTime,cookTime,totalTime,ingredients,directions,nutrition_calories,nutrition_total_fat,nutrition_saturated_fat,nutrition_cholesterol,nutrition_sodium,nutrition_total_carbohydrate,nutrition_dietary_fiber,nutrition_total_sugars,nutrition_protein,nutrition_vitamin_c,nutrition_calcium,nutrition_iron,nutrition_potassium
Lamb Souvlaki,https://www.allrecipes.com/recipe/274173/lamb-souvlaki/,4,15m,10m,3h 25m,"0.33333334326744 cup olive oil | 1.5 tablespoons freshly squeezed lemon juice | 1.5 tablespoons red wine vinegar | 1.5 tablespoons chopped fresh oregano | 2 cloves garlic, minced | 0.5 teaspoon salt | 0.25 teaspoon ground black pepper | 1.5 pounds boneless leg of lamb, trimmed of all fat and cut into 1-inch cubes","2. Gather all ingredients. | 3. Whisk olive oil, lemon juice, red wine vinegar, oregano, garlic, salt, and pepper together in a medium bowl. | 4. Add cubed lamb and stir until lamb is coated with marinade. Cover and refrigerate 3 hours, or overnight. | 5. Preheat an outdoor grill for medium-high heat and lightly oil the grate. Thread marinated lamb onto skewers, reserving any remaining marinade. | 6. Grill skewers until desired doneness, 10 to 12 minutes, basting with the reserved marinade and turning occasionally for even cooking. | 7. Serve and enjoy!",346kcal,29g,8g,65mg,343mg,1g,0g,0g,19g,2mg,19mg,2mg,253mg
Gelato,https://www.allrecipes.com/recipe/55609/gelato/,4,5m,20m,4h 45m,2 cups milk | 1 cup heavy cream | 4 egg yolks | 0.5 cup sugar,"2. Gather the ingredients. | 3. Mix milk and cream in a medium saucepan. Warm until foam forms around the edges. Remove from heat. | 4. Beat egg yolks and sugar until frothy in a large bowl. Gradually pour warm milk into egg yolks and sugar, whisking constantly. Return mixture to saucepan; cook over medium heat, stirring with a wooden spoon until the mixture gels slightly and coats the back of the spoon. If small egg lumps begin to show, remove from heat immediately. | 5. Pour the mixture through a sieve or fine strainer into a bowl. Cover, and chill for 2 hours to overnight. | 6. Pour the mixture into an ice cream maker, and freeze according to the manufacturer&#39;s instructions. Transfer to a sealed container, and freeze until firm, at least 2 hours.",416kcal,29g,17g,296mg,81mg,33g,not provided,31g,8g,1mg,203mg,1mg,246mg
Homemade Pickled Ginger (Gari),https://www.allrecipes.com/recipe/100008/homemade-pickled-ginger-gari/,32,40m,5m,45m,"8 ounces fresh young ginger root, peeled | 1.5 teaspoons sea salt | 1 cup rice vinegar | 0.33333334326744 cup white sugar","2. Gather all ingredients. | 3. Cut ginger into chunks. | 4. Place in a bowl, sprinkle with sea salt, and stir to coat. Let stand for about 30 minutes, then transfer to a clean lidded jar. | 5. Stir together rice vinegar and sugar in a saucepan until sugar has dissolved. | 6. Bring to a boil, then pour the boiling liquid over ginger root pieces in the jar. | 7. Allow the mixture to cool, then seal the jar. After a few minutes, the liquid may change to a slightly pinkish color; don&#39;t be alarmed. Store in the refrigerator for at least 1 week. | 8. Cut pieces of ginger into paper-thin slices for serving.",14kcal,0g,not provided,not provided,83mg,3g,0g,2g,0g,0mg,1mg,1mg,30mg
Vegan Sweet Potato Chickpea Curry,https://www.allrecipes.com/recipe/265472/vegan-sweet-potato-chickpea-curry/,6,10m,20m,30m,"3 tablespoons olive oil | 1 onion, chopped | 2 cloves garlic, minced | 2 teaspoons minced fresh ginger root | 1 (15 ounce) can chickpeas, drained | 1 (14.5 ounce) can diced tomatoes | 1 (14 ounce) can coconut milk | 1 sweet potato, cubed | 1 tablespoon garam masala | 1 teaspoon ground cumin | 1 teaspoon ground turmeric | 0.5 teaspoon salt | 0.25 teaspoon red chile flakes | 1 cup baby spinach","2. Heat oil in a skillet over medium heat. Cook onion, garlic, and ginger in hot oil until softened, about 5 minutes. Add chickpeas, tomatoes, coconut milk, and sweet potato. Bring to a boil, reduce heat to low, and simmer until tender, about 15 minutes. | 3. Season with garam masala, cumin, turmeric, salt, and chile flakes. Add spinach right before serving.",293kcal,22g,13g,not provided,515mg,22g,5g,3g,5g,15mg,56mg,4mg,389mg
"Slow Cooker Pork, Sauerkraut, and Beer",https://www.allrecipes.com/recipe/239179/slow-cooker-pork-sauerkraut-and-beer/,8,15m,8h 0m,8h 15m,"cooking spray | 1 (2 pound) boneless pork loin roast | salt and ground black pepper to taste | 1 (32 ounce) jar sauerkraut, drained and rinsed | 0.5 (12 fluid ounce) can or bottle light beer | 0.25 cup lightly packed brown sugar | 1 small onion, diced | 1 tablespoon butter, or more to taste, cut into small pieces",2. Gather the ingredients. | 3. Prepare the crock of a five-quart slow cooker with cooking spray. | 4. Season roast with salt and pepper; lay in the prepared slow cooker crock. | 5. Spread sauerkraut over and around the roast. Pour beer over the sauerkraut. Sprinkle brown sugar evenly over the sauerkraut; top with onion and dot with butter. Season everything with salt and pepper. | 6. Cook on Low for 8 hours.,166kcal,6g,2g,44mg,777mg,13g,3g,9g,14g,17mg,46mg,2mg,391mg
Crispy Shrimp Tempura,https://www.allrecipes.com/recipe/129467/crispy-shrimp-tempura/,4,15m,20m,35m,"2 cups vegetable oil for frying | 1 cup all-purpose flour | 2 tablespoons cornstarch | 1 pinch salt | 1 cup water | 1 large egg yolk | 2 large egg whites, lightly beaten | 1 pound medium shrimp, peeled and deveined, tails left on","2. Gather all ingredients. | 3. Heat oil in a deep-fryer to 375 degrees F (190 degrees C). | 4. Whisk flour, cornstarch, and salt together in a large bowl; make a well in the center. | 5. Pour water and egg yolk into the well and mix just until moistened; batter will be lumpy. Stir in egg whites. | 6. Dip one shrimp at a time into batter to coat; do not batter tails. | 7. When three shrimp have been battered, carefully place them into the deep fryer and fry until golden brown, about 1 1/2 minutes. | 8. Remove with a slotted spoon and drain on a paper towel-lined plate. Repeat with remaining shrimp, battering a few at a time while the previous batch is cooking.",1222kcal,112g,15g,173mg,210mg,29g,1g,not provided,26g,2mg,66mg,4mg,244mg
Beef Birria Queso Tacos with Consommé,https://www.allrecipes.com/recipe/282114/beef-birria-queso-tacos-with-consome/,4,20m,40m,1h 0m,"2 cups reserved sauce from Beef Birria recipe | 1 cup chicken broth | 0.25 cup diced carrots | 0.25 cup diced celery | 0.5 cup diced cabbage | 3 tablespoons reserved beef fat from Beef Birria recipe, or more as needed | 8 (5 inch) corn tortillas | 2 cups freshly grated Monterey Jack cheese | 2 cups shredded Beef Birria | 4 tablespoons chopped white onion, or to taste | 4 tablespoons chopped fresh cilantro, or to taste | 1 medium lime, cut into 4 wedges","2. Gather the ingredients. | 3. To make the consommé: Stir beef birria sauce, chicken broth, carrots, celery, and cabbage together in a saucepan over high heat. Bring to a simmer, then reduce the heat to medium-low and simmer, occasionally brushing the caramelized bits (fond) off the side with the hot liquid, until vegetables are nice and tender and consommé has reached the desired consistency, about 20 minutes. Reduce the heat to low and keep hot while you prepare the tacos. | 4. To make the tacos: Heat some reserved beef fat in a large skillet over medium heat until melted. Add two tortillas and flip with a spatula until generously coated in fat. Toast briefly until golden brown, then cover with Monterey Jack cheese and some shredded beef. | 5. Drizzle each taco with about 1 tablespoon consommé liquid, then top with some white onion and cilantro. | 6. Fold tacos in half and press gently. Continue to cook, flipping back and forth, until browned and crispy, 2 to 3 minutes. Transfer to a plate and repeat to make remaining tacos, adding more fat if necessary. | 7. Ladle consommé into a bowl and garnish with any remaining white onion and cilantro. Squeeze lime wedges into consommé and serve with tacos. | 8. Enjoy!",337kcal,19g,11g,52mg,631mg,27g,4g,3g,17g,11mg,479mg,1mg,238mg
Cream Cheese and Crab Sushi Rolls,https://www.allrecipes.com/recipe/169856/cream-cheese-and-crab-sushi-rolls/,2,20m,20m,40m,"1 cup uncooked white rice | 2 cups water | 2 tablespoons rice vinegar | 1 teaspoon salt | 2 sheets nori seaweed sheets | 0.25 cucumber, peeled and sliced lengthwise | 2 pieces imitation crab legs | 0.5 (3 ounce) package cream cheese, sliced | 1 teaspoon minced fresh ginger root","2. Gather all ingredients. | 3. Bring rice and water to a boil in a saucepan over high heat. Reduce heat to medium-low, cover, and simmer until the rice is tender, and the liquid has been absorbed, 20 to 25 minutes. Stir in rice vinegar and salt. Allow to cool completely. | 4. Lay out seaweed sheets. Moisten hands with water, then spread cooled rice evenly on each sheet, leaving a 1/2-inch gap along one edge, lengthwise. Arrange strips of cucumber, imitation crabmeat, and cream cheese on top of the rice in a straight line along the side opposite the gap. Roll up sushi from the toppings to the seaweed sheet&#39;s exposed end. | 5. Using a sharp wet knife, slice each roll into 5 or 6 pieces. Serve with minced ginger on the side.",444kcal,8g,5g,29mg,1475mg,80g,2g,2g,11g,2mg,61mg,5mg,210mg
Turmeric Golden Milk with Turmeric Paste,https://www.allrecipes.com/recipe/258801/turmeric-golden-milk-with-turmeric-paste/,2,5m,20m,40m,"0.5 cup water | 0.25 cup ground turmeric | 0.5 teaspoon ground black pepper | 1 teaspoon water, or as needed | 2 cups almond milk | 1 teaspoon extra-virgin coconut oil | 1 teaspoon ground ginger | 1 teaspoon ground cinnamon | 1 teaspoon raw honey","2. To make the turmeric paste: Combine 1/2 cup water, turmeric, and pepper in a small saucepan over low heat. Cook, stirring constantly, until thickened, 7 to 9 minutes. Stir in 1 teaspoon water and continue cooking until thickened into a paste, 7 to 9 minutes. Allow to cool completely, 15 to 20 minutes. Store turmeric paste in an airtight glass jar in the refrigerator. | 3. To make turmeric milk: Whisk almond milk, 1 teaspoon of the homemade turmeric paste, coconut oil, ginger, and cinnamon in a saucepan. Place over low heat until hot, about 5 minutes. Remove from heat; stir in honey. Strain milk mixture into 2 mugs.",150kcal,6g,2g,not provided,168mg,22g,5g,11g,2g,4mg,255mg,6mg,561mg
Tandoori Masala Spice Mix,https://www.allrecipes.com/recipe/241875/tandoori-masala-spice-mix/,8,5m,not provided,5m,2 tablespoons ground coriander | 1.5 tablespoons ground cumin | 1 teaspoon garlic powder | 1 teaspoon ground ginger | 1 teaspoon ground cloves | 1 teaspoon ground mace | 1 teaspoon ground fenugreek | 1 teaspoon ground cinnamon | 1 teaspoon ground black pepper | 1 teaspoon ground cardamom | 0.5 teaspoon ground nutmeg,"2. Gather the ingredients. | 3. Combine coriander, cumin, garlic powder, ginger, cloves, mace, fenugreek, cinnamon, black pepper, cardamom, and nutmeg together in a bowl; store in an airtight container.",19kcal,1g,0g,not provided,4mg,3g,2g,0g,1g,1mg,30mg,1mg,42mg
Crispy Ginger Beef,https://www.allrecipes.com/recipe/237807/crispy-ginger-beef/,5,25m,20m,45m,"0.75 cup cornstarch | 0.5 cup water | 2 large eggs | 1 pound flank steak, cut into thin strips | 0.5 cup canola oil, or as needed | 1 large carrot, cut into matchstick-size pieces | 1 green bell pepper, cut into matchstick-size pieces | 1 red bell pepper, cut into matchstick-size pieces | 3 green onions, chopped | 0.25 cup minced fresh ginger root | 5 garlic cloves, minced | 0.5 cup white sugar | 0.25 cup rice vinegar | 3 tablespoons soy sauce | 1 tablespoon sesame oil | 1 tablespoon red pepper flakes, or to taste","2. Place cornstarch in a large bowl; gradually whisk in water until smooth. Whisk eggs into cornstarch mixture; toss steak strips in mixture to coat. | 3. Pour canola oil into a wok, 1-inch deep; heat oil over high heat until hot but not smoking. Place 1/4 of the beef strips into hot oil; separate strips with a fork. Cook, stirring frequently, until coating is crisp and golden, about 3 minutes. Remove beef to drain on paper towels; repeat with remaining beef. | 4. Drain off all but 1 tablespoon oil; cook and stir carrot, bell peppers, green onions, ginger, and garlic over high heat until lightly browned but still crisp, about 3 minutes. | 5. Whisk sugar, rice vinegar, soy sauce, sesame oil, and red pepper flakes together in a small bowl. Pour sauce mixture over vegetables in wok; bring mixture to a boil. Stir beef back into vegetable mixture; cook and stir just until heated through, about 3 minutes.",364kcal,14g,4g,103mg,614mg,45g,2g,23g,15g,54mg,39mg,3mg,398mg
Lumpia - Filipino Shrimp and Pork Egg Rolls,https://www.allrecipes.com/recipe/94757/lumpia-filipino-shrimp-and-pork-egg-rolls/,75,1h 0m,30m,1h 30m,"1 pound ground pork | 1 cup finely chopped raw shrimp | 0.5 cup finely chopped onion | 0.5 cup grated carrots | 0.25 cup finely chopped green onions | 3 tablespoons soy sauce | 1 teaspoon monosodium glutamate (MSG) | 1 teaspoon salt | 0.5 teaspoon black pepper | 1 (16 ounce) package spring roll wrappers | 1 egg white, beaten | 1 quart vegetable oil for frying","2. Combine ground pork, shrimp, onion, carrots, green onions, soy sauce, MSG, salt, and black pepper in a bowl until well mixed. | 3. Place wrappers on a plate; cover with a damp cloth. Place 1 wrapper on a work surface; spoon ground pork filling in a thin line (the width of your little finger) across one side of wrapper, about 1/2 inch from edge. Roll wrapper tightly around filling; seal edges with egg white. Repeat with remaining wrappers, filling, and egg white. | 4. Heat oil in a deep heavy pan or deep fryer to 375 degrees F (190 degrees C). Lower lumpia in batches of 3 to 4 carefully into the hot oil; fry, turning once, until rolls float and turn golden brown, about 3 minutes. Drain on paper towels, cut rolls into thirds, if desired. Repeat with remaining lumpia.",43kcal,2g,1g,7mg,115mg,4g,0g,0g,2g,0mg,5mg,0mg,30mg
Schnitzel,https://www.allrecipes.com/recipe/84242/schnitzel/,4,10m,1h 0m,1h 10m,"1 cup self-rising flour | 1 cup self-rising cornmeal | 1 teaspoon salt | 1 teaspoon pepper | 1 cup milk | 3 eggs | 0.25 cup vegetable oil | 4 (4 ounce) beef cube steaks | 2 teaspoons lemon juice, or to taste","2. In a shallow bowl, stir together the flour, cornmeal, salt and pepper. In a separate shallow bowl, whisk together the milk and eggs using a fork. | 3. Heat oil in a large skillet over medium-high heat. The oil should completely cover the bottom of the skillet. While the oil heats, dip cube steaks into the egg and milk, then dip into the flour mixture, and shake off the excess. Place in the hot skillet. | 4. Fry steaks on each side until golden brown, then reduce the heat to medium and cook until well done. Do not cover. Drizzle with lemon juice before serving.",677kcal,31g,8g,215mg,1766mg,60g,4g,3g,38g,2mg,261mg,7mg,601mg
General Tao Chicken,https://www.allrecipes.com/recipe/146579/general-tao-chicken/,6,25m,25m,50m,"2 pounds skinless, boneless chicken breast halves - cut into bite-size pieces | 0.25 cup cornstarch | 2 large eggs | 1 teaspoon salt | 0.5 teaspoon ground black pepper | 6 tablespoons all-purpose flour | 1 teaspoon baking powder | 0.5 cup vegetable oil | 0.5 cup chopped green onion | 2 tablespoons grated fresh ginger root | 4 teaspoons sesame oil | 0.5 cup water | 0.5 cup white sugar | 0.25 cup distilled white vinegar | 2 tablespoons cornstarch | 2 tablespoons soy sauce | 0.25 cup oyster sauce | 0.25 cup ketchup","2. Gather the ingredients. | 3. Coat chicken pieces with cornstarch in a bowl; set aside. Beat eggs, salt, and pepper in a mixing bowl until combined. Stir in flour and baking powder until no large lumps remain. Mix in chicken pieces until evenly coated. | 4. Heat vegetable oil in a large skillet or wok over high heat. Cook chicken in hot oil until golden brown and no longer pink on the inside, about 12 minutes. Set chicken aside; keep warm. | 5. Make sauce: Reduce heat to medium-high; add green onion, ginger, and sesame oil to the skillet. Cook and stir until onion is limp and ginger begins to brown, about 1 minute. Pour in water, sugar, and vinegar; bring to a boil | 6. Dissolve cornstarch in soy sauce in a small bowl and stir into vinegar mixture along with oyster sauce and ketchup. Cook until sauce has thickened and is no longer cloudy. Stir in chicken; simmer until heated through.",522kcal,27g,5g,148mg,1055mg,35g,1g,19g,35g,3mg,82mg,2mg,375mg
Sunomono (Japanese Cucumber Salad),https://www.allrecipes.com/recipe/14050/cucumber-sunomono/,5,15m,not provided,15m,"2 large cucumbers, peeled | 0.33333334326744 cup rice vinegar | 4 teaspoons white sugar | 1.5 teaspoons minced fresh ginger root | 1 teaspoon salt","2. Gather all ingredients. | 3. Cut cucumbers in half lengthwise and scoop out any large seeds. Slice crosswise into very thin slices. | 4. Place vinegar, sugar, ginger, and salt in a small bowl; mix well to combine. Add cucumber slices and stir to coat.",27kcal,0g,not provided,not provided,467mg,6g,1g,3g,1g,3mg,16mg,0mg,168mg
Beef Stifado in the Slow Cooker,https://www.allrecipes.com/recipe/268640/beef-stifado-in-the-slow-cooker/,6,15m,6h 10m,6h 25m,"3 tablespoons olive oil, divided | 2 pounds cubed beef stew meat | 1 large onion, roughly chopped | 2 cloves garlic, crushed | 1 (14.5 ounce) can diced tomatoes | 1 (3 inch) cinnamon stick | 2 large bay leaves | 1 sprig fresh rosemary | 1 teaspoon ground nutmeg | 0.063 teaspoon ground black pepper, or to taste | salt to taste | 1 cup red wine | 2 tablespoons vinegar | 2 tablespoons ketchup, or more to taste | 1 pound baby shallots, peeled","2. Heat 2 tablespoons oil in a large skillet over high heat. Add beef, onion, and garlic; cook and stir until meat is browned on all sides and onion is translucent, 6 to 8 minutes. Add tomatoes, cinnamon stick, bay leaves, rosemary, pepper, and salt. Cook over medium heat, stirring occasionally, for about 3 minutes. Stir in wine and vinegar. | 3. Pour beef mixture into a slow cooker and stir in ketchup. Cover and cook on Low until beef is tender, 6 to 8 hours. | 4. Meanwhile, heat remaining 1 tablespoon oil in a skillet. Add shallots and sauté until soft, 3 to 4 minutes. Add cooked shallots to stew for the last 1 to 2 hours of cooking. | 5. Remove and discard cinnamon stick, bay leaves, and rosemary sprig before serving.",378kcal,16g,4g,80mg,261mg,21g,2g,7g,31g,14mg,77mg,6mg,781mg
Pork Sinigang,https://www.allrecipes.com/recipe/204958/pork-sinigang/,4,15m,1h 0m,1h 15m,"1 tablespoon vegetable oil | 1 small onion, chopped | 1 teaspoon salt | 1 (1/2 inch) piece fresh ginger, chopped | 2 plum tomatoes, cut into 1/2-inch dice | 1 pound bone-in pork chops | 4 cups water, more if needed | 1 (1.41 ounce) package tamarind soup base (such as Knorr®) | 0.5 pound fresh green beans, trimmed","2. Heat vegetable oil in a skillet over medium heat. Add onion; cook and stir until softened and translucent, about 5 minutes. Season with salt. | 3. Stir in ginger, tomatoes, and pork chops. Cover and reduce heat to medium-low. Turn the pork occasionally, until browned. | 4. Pour in water and tamarind soup base. Bring to a boil, then reduce heat and simmer until the pork is tender and cooked through, about 30 minutes. | 5. Stir in green beans and cook until tender.",240kcal,9g,2g,64mg,2598mg,12g,3g,3g,27g,18mg,66mg,2mg,702mg
Garlic Rice,https://www.allrecipes.com/recipe/86755/garlic-rice/,4,5m,15m,20m,2 tablespoons vegetable oil | 2 tablespoons ground pork | 1.5 tablespoons chopped garlic | 4 cups cooked white rice | 1.5 teaspoons garlic salt | ground black pepper to taste,"2. Gather the ingredients. | 3. Heat oil in a large skillet over medium-high heat. Cook and stir ground pork and garlic in hot oil until garlic is golden brown; do not allow garlic to burn, or it will taste bitter. | 4. Stir in cooked rice; season with garlic salt and black pepper. | 5. Cook and stir until heated through and well blended, about 3 minutes.",293kcal,9g,2g,6mg,686mg,46g,1g,0g,6g,1mg,25mg,2mg,98mg
"Grillhaxe (Grilled Eisbein, Pork Shanks)",https://www.allrecipes.com/recipe/222015/grillhaxe-grilled-eisbein-pork-shanks/,12,10m,3h 0m,3h 10m,1 cup olive oil | 2 tablespoons dried marjoram | 2 tablespoons dried basil | 2 tablespoons chopped fresh thyme | 2 tablespoons chopped fresh rosemary | 2 tablespoons sea salt | 1 teaspoon paprika | 1 teaspoon ground black pepper | 1 teaspoon vegetable bouillon powder | 6 (1 1/2) pounds pork shanks,"2. Preheat oven to 350 degrees F (175 degrees C). | 3. Whisk olive oil, marjoram, basil, rosemary, thyme, sea salt, paprika, black pepper, and vegetable bouillon powder together in a bowl. Rub pork shanks with herb rub and arrange on a large baking pan. | 4. Roast in preheated oven until shanks are tender and outer skin is crispy, about 3 hours.",532kcal,28g,6g,186mg,3081mg,1g,1g,2g,71g,1mg,21mg,11mg,39mg
Filipino Fish Escabeche,https://www.allrecipes.com/recipe/212954/filipino-fish-escabeche/,4,15m,30m,45m,"1 cup oil for frying | 1 (4 ounce) whole tilapia, cleaned and scaled | salt to taste | 3 tablespoons olive oil | 1 onion, chopped | 2 cloves garlic, minced | 1 red bell pepper, cut into chunks | 1 (1 inch) piece ginger, thinly sliced crosswise, or to taste | 1.25 cups water | 1 cup distilled white vinegar | 5 tablespoons white sugar | salt and ground black pepper to taste | 1 tablespoon cornstarch","2. Heat oil in a deep fryer or large saucepan to 350 degrees F (175 degrees C). | 3. Pat fish dry with a paper towel. Cut 2 to 3 slits on either side of fish; sprinkle salt on top. Fry in hot oil until browned, about 2 minutes per side. | 4. Heat olive oil in a skillet over medium-high heat. Sauté onion and garlic until onion is translucent, about 5 minutes. Add red bell pepper and ginger; sauté until fragrant, about 2 minutes. | 5. Mix water, vinegar, and sugar together in a bowl; pour into onion mixture in the skillet. Cover and bring to a boil. Cook until slightly reduced, about 2 minutes. Season with salt and pepper. Add cornstarch. Boil, stirring often, until sauce is thickened, about 5 minutes. Pour sauce over fish.",259kcal,16g,2g,10mg,95mg,23g,1g,18g,6g,41mg,23mg,0mg,230mg
Empanada Dough,https://www.allrecipes.com/recipe/212956/empanada-dough/,24,20m,not provided,20m,"2 cups all-purpose flour | 0.33333334326744 cup white sugar | 0.5 teaspoon salt | 0.5 cup water | 1 large egg yolk | 2 tablespoons all-purpose flour for dusting | 2 tablespoons butter, melted","2. Gather all ingredients. | 3. Whisk 2 cups flour, sugar, and salt together in a bowl until well blended. Make a well in the center. | 4. Whisk water and egg yolk together in a small bowl until smooth; pour into the well and mix to form a stiff dough. | 5. Transfer the dough to a lightly floured surface and knead until smooth and elastic, about 8 minutes. | 6. Roll dough with a rolling pin until thin, dusting with flour as needed to prevent sticking. | 7. Brush melted butter over top and roll dough into a log. | 8. Cut the log crosswise into about 24 slices. Roll each slice into a disk. | 9. Preheat the oven to 350 degrees F (175 degrees C). Fill each empanada disk with about 1 tablespoon of your favorite filling. (Try lola&#39;s recipe for Empanada Pork Filling to make Filipino-style empanadas.) | 10. Fold the disk over the filling into a half-moon and seal firmly. | 11. Place empanadas onto a foil-lined baking sheet and brush the tops with beaten egg white. | 12. Bake in the preheated oven until golden brown, about 30 minutes.",62kcal,1g,1g,11mg,56mg,11g,0g,3g,1g,not provided,3mg,1mg,13mg
Easy Curry Sauce,https://www.allrecipes.com/recipe/25881/basic-curry-sauce/,8,15m,30m,45m,"2 tablespoons peanut oil | 1 tablespoon margarine | 1 large onion, chopped | 2 tablespoons minced garlic | 1 tablespoon minced fresh ginger root | 2 tablespoons ground coriander | 2 tablespoons ground cumin | 1 teaspoon ground cinnamon | 1 teaspoon ground black pepper | 1 teaspoon cayenne pepper | 0.25 teaspoon ground turmeric | 2 tomatoes | 2 serrano chile peppers, seeded | 0.5 cup fresh cilantro | 0.5 cup yogurt, whisked until smooth | 3 cups water","2. Gather all ingredients. | 3. Heat oil and margarine in a small skillet or wok over medium-high heat. Add onion and sauté until very brown, 10 to 15 minutes; do not undercook or sauce will taste funny. | 4. Add garlic and ginger to onions; sauté for an additional 2 minutes. | 5. Transfer mixture to a food processor and blend until smooth. Do not rinse the food processor. Place blended onion mixture in a large saucepan. Stir in coriander, cumin, cinnamon, black pepper, cayenne pepper, and turmeric; cook over low heat until mixture is thick and has a paste-like consistency. | 6. Purée tomatoes, chile peppers, and cilantro in the food processor until smooth. | 7. Add to onion mixture and stir over low heat, cooking off moisture from tomatoes and peppers. | 8. Add yogurt a little bit at a time, stirring constantly to avoid curdling. | 9. Blend mixture in the food processor until smooth | 10. Return to saucepan, add water, and increase heat to high; bring sauce to a rolling boil. Cover saucepan and boil for 3 to 5 minutes. | 11. Reduce heat and simmer until desired consistency is reached.",75kcal,6g,1g,1mg,35mg,6g,1g,not provided,2g,4mg,69mg,2mg,144mg
Mexican Vegetarian Stuffed Peppers ,https://www.allrecipes.com/recipe/231514/vegetarian-mexican-inspired-stuffed-peppers/,4,15m,40m,55m,"1 tablespoon salt | 4 large green bell peppers - tops, seeds, and membranes removed | 1 tablespoon olive oil | 0.5 cup chopped onion | 2 cups cooked rice | 1 (15 ounce) can black beans, drained and rinsed | 1 (14.5 ounce) can chili-style diced tomatoes | 1 teaspoon chili powder | 1 teaspoon garlic salt | 0.5 teaspoon ground cumin | 0.5 teaspoon salt | 1 (8 ounce) package shredded Mexican cheese blend (such as Sargento® Authentic Mexican)","2. Preheat the oven to 350 degrees F (175 degrees C). | 3. Bring a large pot of water and 1 tablespoon salt to a boil. Add green bell peppers and cook until slightly softened, 3 to 4 minutes. This will prevent the bell peppers from becoming crispy as they bake. | 4. Drain bell peppers and arrange cut-side up in a 9x9-inch baking dish. | 5. Heat olive oil in a skillet over medium heat. Add onion; cook and stir until softened, 5 to 10 minutes. | 6. Transfer cooked onion into a large bowl; add rice, black beans, and tomatoes. Stir in chili powder, garlic salt, cumin, and 1/2 teaspoon salt until well combined. Fold in 1 1/2 cups Mexican cheese blend. | 7. Spoon rice mixture evenly into bell peppers; sprinkle with remaining Mexican cheese blend. | 8. Bake in the preheated oven until cheese is melted and bubbling, about 30 minutes.",509kcal,23g,14g,55mg,1964mg,56g,12g,not provided,24g,143mg,458mg,4mg,845mg
Lolah&#39;s Chicken Adobo,https://www.allrecipes.com/recipe/152243/lolahs-chicken-adobo/,8,10m,1h 10m,1h 20m,"3 tablespoons vegetable oil | 3 pounds boneless, skinless chicken thighs, rinsed and patted dry | 6 cloves garlic, peeled and thinly sliced | 0.5 cup soy sauce | 0.5 cup apple cider vinegar | 0.5 cup water | 2 tablespoons pickling spice, wrapped in cheesecloth","2. Heat oil in a large pot over medium heat until oil is shimmering. Cook garlic in oil for no more than 30 seconds. Add all of the chicken to the pot; cook, stirring frequently, until chicken is white all over. Do not brown. | 3. Pour in soy sauce, vinegar, and water, and add the pickling spice. Make sure the spice ball is submerged. Bring to a boil, reduce heat to simmer, and place lid on pot so that some steam can escape. Simmer for 1 hour, or until chicken is very tender.",265kcal,12g,3g,141mg,1050mg,3g,0g,0g,35g,1mg,26mg,2mg,448mg
Easy-Made German Quark,https://www.allrecipes.com/recipe/237361/easy-made-german-quark/,28,10m,2h 15m,3h 10m,0.5 gallon whole-milk buttermilk | 1 cup heavy whipping cream,2. Preheat oven to 200 degrees F (95 degrees C). Line a colander with cheese cloth and place over a large pot in the sink. | 3. Gently mix buttermilk and cream together in a 2-quart ceramic casserole dish. | 4. Cook in the preheated oven for 2 hours and 15 minutes. | 5. Pour buttermilk mixture into the prepared colander; drain for 45 to 60 minutes. Transfer drained cheese to a bowl and beat with an electric hand mixer until smooth and creamy. Store in the refrigerator.,91kcal,6g,3g,19mg,77mg,4g,not provided,not provided,2g,0mg,6mg,not provided,6mg
Chiles en Nogada (Mexican Stuffed Poblano Peppers in Walnut Sauce),https://www.allrecipes.com/recipe/259373/chiles-en-nogada-mexican-stuffed-poblano-peppers-in-walnut-sauce/,8,1h 0m,30m,1h 30m,"8 poblano peppers | 1 tablespoon olive oil | 1 onion, chopped | 2 cloves garlic, finely chopped | 1.75 pounds ground pork | 2 cups peeled, seeded, and chopped tomatoes | 1 ripe plantain, chopped | 1 apple, chopped | 1 fresh peach, chopped | 1 bunch fresh parsley, chopped | 2 tablespoons chopped candied orange peel | 2 tablespoons pine nuts | 2 tablespoons raisins | 2 tablespoons blanched almonds, chopped | 4 whole cloves, ground | salt and pepper to taste | 2.5 cups chopped walnuts | 1.75 cups milk | 0.75 cup soft goat cheese | 1 tablespoon white sugar | 1 (1 inch) piece cinnamon stick | 1.5 cups pomegranate seeds | 0.5 cup chopped fresh parsley","2. Roast poblano chiles over an open flame on a gas stove or grill until the skin is black and charred on all sides, turning often, 10 to 15 minutes. | 3. Place the charred chiles in a plastic bag or in a large bowl covered with plastic wrap. Allow to sit for 5 to 10 minutes, then open and peel off the skin. Cut a slit in each chile lengthwise and remove the seeds. | 4. Heat olive oil in a large pot over medium heat. Add onion and garlic and cook until soft and translucent, 3 to 4 minutes. Add ground pork and cook until browned, breaking up with a spoon while cooking, about 7 minutes. Mix in tomatoes, plantain, apple, peach, parsley, candied orange peel, pine nuts, raisins, almonds, cloves, salt, and pepper. Simmer until filling is cooked through and flavors are well combined, about 10 minutes. | 5. Combine walnuts, milk, goat cheese, sugar, and cinnamon stick in a blender; blend until walnut sauce is smooth and creamy. | 6. Fill each poblano chile with the pork filling and place on a plate. Spoon walnut sauce over chile and sprinkle with pomegranate seeds and parsley.",724kcal,51g,13g,86mg,227mg,41g,9g,23g,34g,107mg,231mg,4mg,1220mg
Crispy Chinese Noodles,https://www.allrecipes.com/recipe/222814/crispy-chinese-noodles-restaurant-style/,8,5m,15m,20m,"1 (10 ounce) package egg roll wrappers | 2 cups vegetable oil, or as needed","2. Gather the ingredients. | 3. Cut egg roll wrappers into 1-inch strips. | 4. Heat a wok over medium heat until very hot. Pour oil into the hot wok and heat until shimmering. To test the heat, lower the tip of a wooden chopstick into the oil; if it bubbles vigorously, the oil is ready. | 5. Gently place 2 to 3 strips into hot oil; cook until beginning to brown on one side, 30 seconds to 1 minute. Gently flip and cook until crisp and golden brown all over, 30 seconds to 1 minute more. | 6. Use a slotted spoon to transfer fried strips to a paper towel-lined plate. Repeat to fry remaining strips.",151kcal,6g,1g,3mg,200mg,20g,1g,not provided,3g,not provided,16mg,1mg,29mg
Authentic Chinese Egg Rolls (from a Chinese person),https://www.allrecipes.com/recipe/61913/authentic-chinese-egg-rolls-from-a-chinese-person/,20,1h 0m,30m,2h 30m,"4 teaspoons vegetable oil, divided | 3 large eggs, beaten | 1 medium head cabbage, finely shredded | 0.5 carrot, julienned | 1 pound Chinese barbequed or roasted pork, cut into matchsticks | 1 (8 ounce) can shredded bamboo shoots | 1 cup dried, shredded wood ear mushroom, rehydrated | 2 green onions, thinly sliced | 2.5 teaspoons soy sauce | 1 teaspoon salt | 1 teaspoon sugar | 0.5 teaspoon monosodium glutamate (MSG) | 1 (14 ounce) package egg roll wrappers | 1 egg white, beaten | 4 cups oil for frying, or as needed","2. Heat 1 teaspoon vegetable oil in a wok or large skillet over medium heat. Pour in beaten eggs and cook, without stirring, until firmed up. Flip eggs over and cook for an additional 20 seconds to firm the other side. Set egg pancake aside to cool, then slice into thin strips. | 3. Heat remaining vegetable oil in a wok or large skillet over high heat. Stir in cabbage and carrot; cook for 2 minutes to wilt. Add pork, bamboo shoots, mushroom, green onions, soy sauce, salt, sugar, and MSG; continue cooking until vegetables soften, about 6 minutes. Stir in sliced egg, then spread the mixture out onto a pan, and refrigerate until cold, about 1 hour. | 4. To assemble the egg rolls: Place a wrapper onto your work surface with one corner pointing towards you. Place about 3 tablespoons of cooled filling in a heap onto the bottom third of the wrapper. Brush a little beaten egg white onto the top two edges of the wrapper, then fold the bottom corner over the filling and roll firmly to the halfway point. Fold the left and right sides snugly over the egg roll, then continue rolling until the top corners seal the egg roll with the egg white. Repeat with remaining egg roll wrappers, covering finished egg rolls with plastic wrap to keep from drying out. | 5. Heat about 6 inches of oil in a wok or deep-fryer to 350 degrees F (175 degrees C). | 6. Fry egg rolls 3 or 4 at a time until golden brown, 5 to 7 minutes. Drain on paper towels.",169kcal,7g,1g,46mg,315mg,16g,3g,2g,10g,17mg,38mg,1mg,232mg
Crispy Roasted Chicken,https://www.allrecipes.com/recipe/228363/crispy-roasted-chicken/,6,20m,1h 0m,1h 30m,"1 teaspoon kosher salt | 0.5 teaspoon caraway seeds | 0.5 teaspoon dried sage | 0.25 teaspoon fennel seeds | 0.25 teaspoon coriander seeds | 0.25 teaspoon dried rosemary | 2 tablespoons paprika | 2 teaspoons garlic powder | 2 teaspoons all-purpose flour | 1 teaspoon onion powder | 5 tablespoons vegetable oil | 1 (4 pound) broiler-fryer chicken, cut in half lengthwise","2. Preheat the oven to 425 degrees F (220 degrees C). | 3. Combine kosher salt, caraway, sage, fennel, coriander, and rosemary in a spice grinder or mortar. Grind to a coarse powder. Transfer spice mixture to a bowl; stir in paprika, garlic powder, flour, and onion powder. Mix in vegetable oil to make a smooth paste. | 4. Pat chicken halves dry with paper towels and tuck wing tips behind the back. Brush spice paste onto chicken halves, coating all sides and seasoning under wings and legs. Place chicken halves, skin-sides up, in a baking dish or roasting pan, leaving space around chickens so halves aren&#39;t touching. | 5. Roast in the preheated oven until no longer pink at the bone and the juices run clear, about 1 hour. An instant-read thermometer inserted into the thickest part of the thigh, near the bone, should read 165 degrees F (74 degrees C). Remove from the oven and let rest for 10 minutes before slicing.",495kcal,35g,8g,129mg,446mg,3g,1g,1g,42g,2mg,31mg,3mg,433mg
Japanese-Style Cabbage Salad,https://www.allrecipes.com/recipe/150135/japanese-style-cabbage-salad/,12,25m,not provided,25m,"0.5 large head cabbage, cored and shredded | 1 bunch green onions, thinly sliced | 1 cup almond slivers | 0.25 cup toasted sesame seeds | 3 tablespoons sesame oil | 3 tablespoons rice vinegar | 1 tablespoon white sugar | 1 clove garlic, minced | 1 teaspoon grated fresh ginger root | 1 teaspoon salt | 1 teaspoon black pepper","2. Combine cabbage, green onions, almond, and sesame seeds in a large bowl. | 3. Make dressing: Whisk together sesame oil, vinegar, sugar, garlic, ginger, salt, and pepper in a small bowl until sugar is dissolved. | 4. Pour dressing over cabbage mixture and toss until well combined.",126kcal,10g,1g,not provided,208mg,8g,3g,4g,4g,23mg,88mg,1mg,215mg
Easy Indian Butter Chicken,https://www.allrecipes.com/recipe/141169/easy-indian-butter-chicken/,6,15m,45m,1h 0m,"1 cup butter, divided | 1 onion, minced | 1 tablespoon minced garlic | 1 (15 ounce) can tomato sauce | 3 cups heavy cream | 2 teaspoons salt | 1 teaspoon cayenne pepper | 1 teaspoon garam masala | 1.5 pounds skinless, boneless chicken breast, cut into bite-sized chunks | 2 tablespoons vegetable oil | 2 tablespoons tandoori masala","2. Gather all ingredients. Preheat the oven to 375 degrees F (190 degrees C). | 3. Melt 2 tablespoons butter in a skillet over medium heat. Stir in onion and garlic, and cook slowly until the onion caramelizes to a dark brown, about 15 minutes. | 4. Meanwhile, combine cream, tomato sauce, remaining butter, salt, cayenne pepper, and garam masala in a saucepan over medium-high heat; bring to a simmer. | 5. Reduce heat to medium-low, cover, and simmer, stirring occasionally, for 30 minutes. Stir in caramelized onions. | 6. While the sauce is simmering, toss chicken with vegetable oil until coated. Season with tandoori masala and spread out onto a baking sheet. | 7. Bake chicken in the preheated oven until no longer pink in the center, about 12 minutes. | 8. Add cooked chicken to the sauce and simmer for 5 minutes before serving.",880kcal,82g,48g,303mg,1461mg,13g,3g,5g,26g,11mg,134mg,2mg,567mg
Szechwan Shrimp,https://www.allrecipes.com/recipe/86230/szechwan-shrimp/,4,10m,5m,15m,"4 tablespoons water | 2 tablespoons ketchup | 1 tablespoon soy sauce | 2 teaspoons cornstarch | 1 teaspoon honey | 0.5 teaspoon crushed red pepper | 0.25 teaspoon ground ginger | 1 tablespoon vegetable oil | 0.25 cup sliced green onions | 4 cloves garlic, minced | 12 ounces cooked shrimp, tails removed","2. Stir together water, ketchup, soy sauce, cornstarch, honey, crushed red pepper, and ground ginger in a small bowl until combined. Set aside. | 3. Heat oil in a large skillet over medium-high heat. Cook and stir green onions and garlic in hot oil until fragrant, about 30 seconds. Stir in cooked shrimp; toss to coat with oil. Pour in ketchup mixture. Cook and stir until sauce is bubbly and thickened.",142kcal,4g,1g,164mg,500mg,7g,0g,4g,18g,5mg,46mg,3mg,231mg
German Hamburgers (Frikadellen),https://www.allrecipes.com/recipe/221351/german-hamburgers-frikadellen/,4,20m,10m,40m,"1 Kaiser roll | 0.66666668653488 pound ground beef | 0.33333334326744 pound ground pork | 1 onion, finely chopped | 0.25 cup chopped fresh parsley | 1 egg | 1 teaspoon Hungarian hot paprika | salt and ground black pepper to taste","2. Soak kaiser roll in a medium bowl of water for 10 minutes. Drain and squeeze out excess water; crumble into a large bowl. | 3. Add ground meats, onion, parsley, egg, paprika, salt, and black pepper to crumbled roll; mix until well blended. Shape mixture into large flattened meatballs. | 4. Heat a large nonstick skillet over medium heat. Fry meatballs in the hot skillet until browned and no longer pink in the center, about 5 minutes per side. An instant-read thermometer inserted into the center of a patty should read at least 160 degrees F (70 degrees C).",272kcal,16g,6g,117mg,138mg,9g,1g,2g,22g,8mg,40mg,3mg,351mg
Galaktoboureko,https://www.allrecipes.com/recipe/70320/galaktoboureko/,16,1h 40m,50m,2h 30m,"2.5 cups white sugar, divided | 1 cup semolina flour | 3.5 tablespoons cornstarch | 0.25 teaspoon salt | 6 cups whole milk | 6 large eggs | 1 teaspoon vanilla extract | 0.75 cup butter, melted | 12 sheets phyllo dough | 1 cup water","2. Gather all ingredients. | 3. Whisk 1 cup sugar, semolina, cornstarch, and salt together in a medium bowl until no cornstarch clumps remain. | 4. Bring milk to a boil in a large saucepan over medium heat. Gradually stir in semolina mixture with a wooden spoon. Cook, stirring constantly, until mixture thickens and comes to a full boil. Remove from the heat and keep warm. | 5. Beat eggs in a large bowl with an electric mixer on high speed. Add 1/2 cup sugar and beat for a full 10 minutes until thick and pale. Stir in vanilla. | 6. Fold mixture into the hot semolina mixture. Partially cover the pan and set aside to cool. Preheat the oven to 350 degrees F (175 degrees C). | 7. Butter a 9x13-inch baking dish. Place one phyllo sheet into the pan and brush with melted butter; repeat with six more sheets. | 8. Pour custard into the pan. | 9. Add the remaining phyllo sheets, one at a time, brushing each with butter. | 10. Bake in the preheated oven until top crust is crisp and custard filling has set, 40 to 45 minutes. | 11. When the custard is just about finished baking, stir remaining 1 cup sugar and water together in a small saucepan; bring to a boil. | 12. Remove custard from the oven and spoon hot syrup over top, particularly around the edges. | 13. Let cool to room temperature, then cut into 16 squares and serve.",367kcal,14g,8g,102mg,224mg,52g,1g,not provided,8g,not provided,120mg,1mg,190mg
Perfect Chicken Piccata,https://www.allrecipes.com/recipe/8300592/perfect-chicken-piccata/,4,10m,20m,30m,"4 (4 ounce) boneless, skinless chicken breast halves | 1.5 teaspoons kosher salt | 1 teaspoon ground black pepper | 0.667 cup all-purpose flour | 3 tablespoons olive oil, divided | 3 tablespoons butter, divided | 0.25 cup dry white wine, such as Pinot Grigio | 3 tablespoons capers, rinsed and drained | 0.75 cup chicken stock | 0.25 cup fresh lemon juice | 1 teaspoon lemon zest | 0.25 cup chopped fresh parsley","2. Slice chicken breasts in half lengthwise and lightly pound to 1/2-inch thick. Season evenly on both sides with salt and pepper. Dredge each piece in flour to coat the surface and shake off any excess flour. | 3. Heat 2 tablespoons oil and 1 ½ tablespoons butter in a large skillet over medium-high heat until just beginning to smoke. Add 1/2 of the chicken and cook, undisturbed, until browned and easily released from the skillet, 2 ½ to 3 minutes. Flip and cook for 2 more minutes. Remove from the skillet. Add remaining 1 tablespoon oil to the drippings and repeat the cooking process with remaining chicken. Reserve all chicken on a plate. | 4. Reduce heat to medium and melt remaining 1 ½ tablespoons butter in the skillet. Add wine and capers and stir, scraping to release any browned bits from the skillet; bring to a simmer. Cook for 2 minutes to slightly reduce. Add chicken stock, lemon juice, and lemon zest; stir to combine. Bring to a simmer and cook for 2 minutes. | 5. Return chicken to the skillet and cook, turning occasionally in the sauce, until chicken is no longer pink in the center, the juices run clear, and the sauce has thickened slightly, 3 to 5 minutes. | 6. Remove from heat and sprinkle with parsley to serve.",391kcal,21g,7g,90mg,1268mg,19g,1g,not provided,29g,not provided,not provided,not provided,375mg
Baked Rigatoni ,https://www.allrecipes.com/recipe/278364/baked-rigatoni-for-a-crowd/,12,20m,1h 0m,1h 20m,"1 tablespoon olive oil | 1 large onion, chopped | 2 pounds mild Italian sausage links, casings removed | 2 (28 ounce) cans Italian-style crushed tomatoes, undrained | 2 cups water | 3 tablespoons chopped fresh basil | 1 tablespoon chopped fresh oregano | 1 tablespoon chopped fresh parsley | 1.5 (16 ounce) packages rigatoni pasta | 1 pound mozzarella cheese, shredded | 1.5 cups freshly shredded Parmesan cheese, divided | aluminum foil","2. Heat oil in a large saucepan over medium heat. Add onion and cook until soft, 3 to 4 minutes. Add sausage; stir to break up lumps and cook until lightly browned and crumbly, 6 to 8 minutes. Drain and discard grease. | 3. Add undrained tomatoes, water, basil, oregano, and parsley to the pan; bring to a boil over medium heat. Reduce heat to low and cook, partially covered, for 25 minutes. | 4. Meanwhile, bring a large pot of lightly salted water to a boil. Cook rigatoni in the boiling water, stirring occasionally until tender yet firm to the bite, 10 to 12 minutes. Drain, rinse under cool water, and drain again. Transfer to a large bowl and set aside. | 5. Preheat the oven to 350 degrees F (175 degrees C). | 6. Uncover the sauce and increase heat to medium. Cook, stirring occasionally, until sauce thickens, 6 to 8 minutes. Remove from heat and add 2/3 of the sauce to pasta; toss to combine. Stir in mozzarella cheese and 1 cup Parmesan cheese. Transfer to a 9x13-inch baking dish, pour remaining sauce over top, and cover with aluminum foil.. | 7. Bake in the preheated oven for 25 minutes. Uncover, sprinkle with remaining Parmesan, and bake until lightly browned, about 10 minutes longer.",580kcal,26g,11g,63mg,1326mg,54g,3g,3g,32g,2mg,437mg,3mg,332mg
Japanese-Style Deep-Fried Shrimp,https://www.allrecipes.com/recipe/127500/japanese-style-deep-fried-shrimp/,4,10m,15m,25m,"1 pound medium shrimp, peeled (tails left on) and deveined | 0.5 teaspoon salt | 0.5 teaspoon ground black pepper | 0.5 teaspoon garlic powder | 1 cup all-purpose flour | 1 teaspoon paprika | 2 large eggs, beaten | 1 cup panko crumbs | 1 quart vegetable oil for frying","2. Gather all ingredients. | 3. Place shrimp in a bowl and season with salt, pepper, and garlic powder. | 4. Mix flour and paprika together in a shallow bowl. Place eggs in a second bowl and panko in a third bowl. | 5. Heat oil in a deep fryer or deep skillet to 375 degrees F (190 degrees C). Dip each shrimp into flour mixture, then into egg, and finally into panko crumbs to coat. | 6. Fry a few shrimp at a time in the hot oil until golden brown, about 5 minutes. | 7. Remove with a slotted spoon and drain on paper towels before serving. | 8. Serve and enjoy!",630kcal,37g,6g,250mg,763mg,54g,2g,0g,28g,2mg,80mg,3mg,287mg
Air Fryer Tonkatsu,https://www.allrecipes.com/recipe/278809/air-fryer-tonkatsu/,4,10m,20m,30m,0.5 cup ketchup | 2 tablespoons soy sauce | 1 tablespoon brown sugar | 1 tablespoon sherry | 2 teaspoons Worcestershire sauce | 1 teaspoon minced garlic | 1 pound boneless pork breakfast chops (4 chops) | salt and ground black pepper to taste | 2 large eggs | 1.5 cups panko bread crumbs | nonstick cooking spray,"2. Make sauce: Whisk together ketchup, soy sauce, brown sugar, sherry, Worcestershire sauce, and garlic in a medium bowl until sugar is dissolved. Set sauce aside. | 3. Preheat an air fryer to 350 degrees F (175 degrees C). | 4. Prepare pork chops: Lay pork chops on a clean work surface; season with salt and pepper. | 5. Beat eggs in a flat dish. Place bread crumbs in a separate flat dish. | 6. Dip a pork chop in beaten eggs, then dredge in bread crumbs. Dip again in eggs, then press in bread crumbs to thoroughly coat. Repeat with remaining pork chops. | 7. Place pork chops in the basket of the preheated air fryer and spray the tops with nonstick cooking spray. Air-fry for 10 minutes. Flip chops over using a spatula and spray the tops with nonstick cooking spray again. Air-fry for 10 more minutes. An instant-read thermometer inserted into the center of pork chops should read 145 degrees F (63 degrees C). | 8. Transfer pork chops to a cutting board and slice. Serve with sauce.",319kcal,11g,4g,132mg,1135mg,41g,0g,11g,23g,5mg,38mg,1mg,435mg
Homemade Phyllo (or Filo) Dough,https://www.allrecipes.com/recipe/259481/homemade-phyllo-or-filo-dough/,8,30m,not provided,2h 30m,"2 cups all-purpose flour, plus more for kneading | 5 teaspoons olive oil | 0.5 teaspoon fine salt | 0.75 cup warm water (110 degrees F (43 degrees C)) | 2 teaspoons white wine vinegar | 0.5 cup cornstarch | 2 tablespoons all-purpose flour","2. Gather all ingredients. | 3. Place 2 cups flour in a mixing bowl and make a well in the center; drizzle in olive oil and add salt. | 4. Pour in warm water and white wine vinegar, then mix until dough just comes together and pulls away from the sides of the bowl, 1 to 2 minutes. | 5. Transfer dough to a lightly floured work surface and knead until smooth, using just enough flour to keep it from sticking to the work surface or your hands, 2 or 3 minutes. Continue to knead until dough is supple and elastic, about 5 more minutes. | 6. Wrap dough ball in plastic wrap and let rest at room temperature, 1 to 2 hours. | 7. Use a kitchen scale to divide dough into twenty 25-gram portions; roll each portion into a ball. Place on a plate and cover with plastic wrap to prevent dough balls from drying out while you begin to roll them out. Work in batches of 5. | 8. Mix cornstarch and 2 tablespoons flour together in a bowl. Dust a work surface and the first dough ball with cornstarch mixture. | 9. Flatten and roll out into a circle, about 5 inches in diameter. Dust again with cornstarch mixture. Set circle to one side. Roll out 4 more dough balls to about the same diameter and stack them on the first one, dusting each layer with more cornstarch mixture to keep them from sticking together. | 10. When you have 5 circles, roll out the stack to a larger circle about double in size, turning as you go to maintain a round shape. Separate each layer and lay out the circles. Reapply more cornstarch mixture where needed and restack them. | 11. Roll again until the 5-layer stack is paper-thin, about 10 to 12 inches in diameter. Place on a sheet of parchment paper; top with another piece of parchment. Gently roll up the dough; wrap it in plastic wrap and refrigerate. | 12. Repeat with the remaining 15 balls of dough in batches of 5.",178kcal,3g,1g,not provided,148mg,33g,1g,0g,4g,not provided,6mg,2mg,36mg
Onigiri (Japanese Rice Balls),https://www.allrecipes.com/recipe/140422/onigiri-japanese-rice-balls/,4,20m,20m,1h 0m,"4 cups uncooked short-grain white rice | 5.5 cups water, divided | 0.25 teaspoon salt | 0.25 cup bonito shavings (dry fish flakes) | 2 sheets nori (dry seaweed), cut into 1/2-inch strips | 2 tablespoons sesame seeds","2. Wash rice in a mesh strainer until water runs clear. Combine washed rice and 4 1/2 cups water in a saucepan. Bring to a boil over high heat, stirring occasionally. Reduce heat to low; cover, and simmer rice until water is absorbed, 15 to 20 minutes. Let rice rest for 15 minutes to continue to steam and become tender. Allow cooked rice to cool. | 3. Combine remaining 1 cup water with salt in a small bowl; use to dampen hands before handling rice. Divide cooked rice into 8 equal portions. Use one portion of rice for each onigiri. | 4. Divide one portion of rice in two. Create a dimple in rice and fill with a heaping teaspoon of bonito flakes. Cover with remaining portion of rice and press lightly to enclose filling inside rice ball. Gently press rice to shape into a triangle; wrap with a strip of nori and sprinkle with sesame seeds. Repeat with remaining portions of rice.",744kcal,3g,1g,not provided,160mg,159g,6g,1g,14g,1mg,61mg,9mg,181mg
Grilled Chicken Adobo,https://www.allrecipes.com/recipe/45580/grilled-chicken-adobo/,8,15m,35m,50m,"1.5 cups soy sauce | 1.5 cups water | 0.75 cup vinegar | 3 tablespoons honey | 1.5 tablespoons minced garlic | 3 bay leaves | 0.5 teaspoon black pepper | 3 pounds skinless, boneless chicken thighs","2. Preheat an outdoor grill for high heat, and lightly oil grate. | 3. In a large pot, mix soy sauce, water, vinegar, honey, garlic, bay leaves, and pepper. Bring the mixture to a boil, and place the chicken into the pot. Reduce heat, cover, and cook 35 to 40 minutes. | 4. Remove chicken, drain on paper towels, and set aside. Discard bay leaves. Return the mixture to a boil, and cook until reduced to about 1 1/2 cups. | 5. Place chicken on the prepared grill, about 5 minutes on each side, until browned and crisp. Serve with the remaining soy sauce mixture.",255kcal,7g,2g,141mg,2854mg,11g,1g,7g,37g,1mg,32mg,3mg,510mg
Caldereta (Filipino Beef Stew),https://www.allrecipes.com/recipe/228239/caldereta-filipino-beef-stew/,6,20m,1h 5m,1h 25m,"3 tablespoons vegetable oil | 1.5 pounds cubed beef stew meat | salt and ground black pepper to taste | 3 cloves garlic, crushed | 3 cups water | 0.5 cup unsweetened pineapple juice | 1 onion, chopped | 1 (14 ounce) can tomato sauce | 0.25 cup tomato paste | 2 red potatoes, diced | 1 red bell pepper, sliced | 1 large carrot, sliced diagonally | 0.5 pound miniature cocktail sausages | 1 (8 ounce) can pineapple chunks, undrained | 1 (6 ounce) can medium pitted ripe olives, drained | 3 large bay leaves | 1 tablespoon hot pepper sauce (such as Tabasco®)","2. Heat vegetable oil in a large pot over medium heat. Sprinkle beef with salt and black pepper and brown in the hot oil with garlic, about 10 minutes. Pour in water, pineapple juice, onion, tomato sauce, and tomato paste. Bring to a boil, turn heat to low, and simmer until beef is almost tender, 35 to 45 minutes. | 3. Stir potatoes, red bell pepper, carrot, mini sausages, pineapple chunks with their juice, olives, and bay leaves into the stew. Bring back to a boil and simmer until potatoes are tender, about 20 more minutes. Season with hot pepper sauce, salt, and black pepper.",518kcal,36g,12g,86mg,1168mg,25g,4g,15g,26g,45mg,80mg,5mg,897mg
Chef John&#39;s Mulligatawny Soup,https://www.allrecipes.com/recipe/8466000/chef-johns-mulligatawny-soup/,6,30m,1h 10m,1h 40m,"1 tablespoon unsalted butter | 1 tablespoon vegetable oil | 1.25 cups boneless, skinless chicken thighs | 1 teaspoon kosher salt, or more to taste | 1 tablespoon curry powder | 1 teaspoon garam masala | 0.5 teaspoon ground cumin | 0.5 teaspoon freshly ground black pepper | 0.25 teaspoon ground mustard | 0.25 teaspoon ground coriander | 0.25 teaspoon cayenne pepper | 4 cloves garlic, minced | 1 tablespoon finely grated fresh ginger | 1 large yellow onion, diced | 2 carrots, diced | 2 stalks celery, diced | 1 tablespoon tomato paste | 1 cup cubed Yukon Gold potatoes | 0.5 cup seeded and diced tomato | 2 small Granny Smith apples - peeled, cored, and diced | 0.5 cup dry red lentils | 1 bay leaf | 1 teaspoon tamarind paste | 6 cups chicken broth | 3 tablespoons coconut cream | 0.5 cup plain Greek yogurt, or to taste | 0.25 cup chopped fresh cilantro, or to taste | 0.25 cup sliced green onion, or to taste | 1 pinch red pepper flakes, or to taste","2. Gather all ingredients. | 3. Melt butter and oil in a soup pot over medium-high heat. Add chicken thighs and season with salt; let brown for 4 to 5 minutes. Flip and brown on opposite side, 4 to 5 minutes more. | 4. While chicken browns, combine curry powder, garam masala, cumin, black pepper, ground mustard, coriander, and cayenne in a small bowl. | 5. Remove browned chicken from the pot and transfer to a plate to cool enough to handle; roughly chop or shred. | 6. While chicken cools, reduce heat to medium and add spice blend to pot; cook and stir until fragrant, about 30 seconds. Add garlic and ginger; cook and stir until fragrant, about 1 minute. Add onions, carrots, and celery. Season with salt and cook, stirring, until onions turn translucent, 3 to 4 minutes. | 7. Stir in tomato paste and continue to cook for 3 minutes more. | 8. Stir in potatoes, tomatoes, and apples. Add red lentils, bay leaf, and tamarind paste. | 9. Pour in chicken broth, stir, and raise heat to high; add coconut cream. Bring to a simmer. Stir and reduce heat to medium-low. Let simmer, stirring occasionally, for about 30 minutes. | 10. Stir chopped chicken and any accumulated juices into the soup. Continue to let simmer, stirring occasionally, until vegetables are fully cooked, lentils are tender, and soup has thickened, 20 to 30 minutes more. Taste and adjust as needed. | 11. Serve in warm bowls topped with Greek yogurt, cilantro, and scallions. Sprinkle with red chili flakes.",263kcal,9g,3g,54mg,1591mg,29g,6g,not provided,18g,not provided,not provided,not provided,not provided
Quick Beef Stir-Fry,https://www.allrecipes.com/recipe/228823/quick-beef-stir-fry/,4,15m,10m,25m,"2 tablespoons vegetable oil | 1 pound beef sirloin, cut into 2-inch strips | 1.5 cups fresh broccoli florets | 1 red bell pepper, cut into matchsticks | 2 carrots, thinly sliced | 1 green onion, chopped | 1 teaspoon minced garlic | 2 tablespoons soy sauce | 2 tablespoons sesame seeds, toasted","2. Gather all ingredients. | 3. Heat vegetable oil in a large wok or skillet over medium-high heat; add beef and stir-fry until browned, 3 to 4 minutes. | 4. Move beef to the side of the wok and add broccoli, bell pepper, carrots, green onion, and garlic to the center of the wok; stir-fry vegetables for 2 minutes. | 5. Stir beef into vegetables and season with soy sauce and sesame seeds. Continue to cook and stir until vegetables are tender, about 2 more minutes. | 6. Serve hot and enjoy!",268kcal,16g,4g,49mg,526mg,9g,3g,3g,23g,not provided,not provided,not provided,not provided
Mexican Strawberry Agua Fresca ,https://www.allrecipes.com/recipe/141370/mexican-strawberry-water-agua-de-fresa/,10,25m,not provided,4h 25m,"4 cups strawberries, sliced | 1 cup white sugar | 8 cups cold water | 5 cups ice cubes | 1 lime, cut into 8 wedges | 8 fresh mint sprigs","2. Gather all ingredients. | 3. Mix together strawberries, sugar, and 1 cup cold water in a medium bowl. Cover the bowl with plastic wrap and place in the refrigerator for 4 hours. | 4. Pour chilled strawberry mixture into a blender. Blend on high until smooth. | 5. Pour through a wire mesh strainer set over a large bowl; discard pulp and seeds. | 6. Stir remaining 7 cups cold water into strawberry juice until aqua de fresa is well combined. | 7. Fill glasses with ice. Pour aqua de fresa over ice. Garnish each serving with lime wedges and mint leaves.",100kcal,0g,not provided,not provided,7mg,26g,1g,23g,1g,40mg,23mg,0mg,108mg
Char Siu (Chinese BBQ Pork),https://www.allrecipes.com/recipe/232681/char-siu-chinese-bbq-pork/,4,10m,35m,2h 45m,0.5 cup soy sauce | 0.333 cup honey | 0.333 cup ketchup | 0.333 cup brown sugar | 0.25 cup Chinese rice wine | 2 tablespoons hoisin sauce | 2 tablespoons red bean curd | 1 teaspoon Chinese five-spice powder | 2 (1 pound) pork tenderloins,"2. Gather all ingredients. | 3. Stir soy sauce, honey, ketchup, brown sugar, rice wine, hoisin sauce, red bean curd, and five-spice powder together in a saucepan over medium-low heat. Cook and stir until just combined and slightly warm, 2 to 3 minutes. | 4. Meanwhile, slice each pork tenderloin lengthwise into 1 ½- to 2-inch-thick strips. Place pork strips in a large, resealable plastic bag. | 5. Pour marinade into the bag with the pork. Squeeze air from the bag, seal, and turn the bag a few times until pork is well coated. Marinate in the refrigerator, 2 hours to overnight. | 6. When ready to cook, preheat a charcoal grill for medium-high heat and lightly oil the grate. | 7. Remove pork from marinade and shake to remove excess liquid. Set aside the remaining marinade for basting. | 8. Rake the hot coals into two equal piles on opposite sides of the charcoal grate. Add a small container of water to the grate. Place pork strips in the center of the grate for indirect cooking. | 9. Cook pork over indirect heat, turning regularly and basting as desired, until an instant-read thermometer inserted into the center reads at least 145 degrees F (63 degrees C), 30 minutes or longer. | 10. Serve hot and enjoy!",483kcal,9g,3g,127mg,2250mg,54g,1g,48g,44g,not provided,not provided,not provided,not provided
Miso Soup,https://www.allrecipes.com/recipe/13107/miso-soup/,4,5m,10m,15m,"4 cups water | 2 teaspoons dashi granules | 3 tablespoons miso paste | 1 (8 ounce) package silken tofu, diced | 2 green onions, sliced diagonally into 1/2 inch pieces","2. Gather all ingredients. | 3. Combine water and dashi granules in a medium saucepan over medium-high heat; bring to a boil. | 4. Reduce heat to medium and whisk in miso paste. | 5. Stir in tofu. | 6. Separate the layers of green onions, and add them to the soup. Simmer gently for 2 to 3 minutes before serving.",63kcal,2g,0g,not provided,513mg,5g,1g,2g,6g,1mg,38mg,1mg,159mg
Microwave Mochi,https://www.allrecipes.com/recipe/43486/microwave-mochi/,25,5m,10m,15m,"1.5 cups mochiko (glutinous rice flour) | 1.5 cups water | 1.25 cups white sugar, divided | 2 drops distilled white vinegar | 0.5 cup potato starch | 0.25 teaspoon salt","2. Mix together mochiko, water, and 1 cup sugar in a medium bowl until well blended. Mix in vinegar to soften. Pour into a microwave-safe dish and loosely cover with plastic wrap. Microwave on high for 8 to 10 minutes. Remove and let cool until cool enough to handle. | 3. Combine potato starch, remaining 1/4 cup sugar, and salt in a small bowl. Turn mochi out onto the plastic wrap and cut into 25 pieces using a plastic or wooden knife (metal knives tend to stick too much). Roll pieces in the potato starch mixture.",83kcal,0g,not provided,not provided,24mg,20g,0g,10g,1g,not provided,2mg,0mg,8mg
Gluehwein (German Mulled Wine),https://www.allrecipes.com/recipe/140472/gluehwein-german-mulled-wine/,4,10m,1h 0m,1h 10m,"1 gallon red wine | 8 (3 inch) cinnamon sticks | 12 whole cloves | 0.75 cup white sugar | 0.5 cup fresh-squeezed lemon juice | 1 orange, sliced into rounds","2. Pour wine into a large pot and set over medium heat. Let it warm up until steam rises from the surface, but do not allow it to boil. Add cinnamon sticks, cloves, lemon juice, and sugar; stir to dissolve sugar. Float orange slices on the surface. Warm over medium heat for 5 minutes, being careful not to let it boil. Remove from heat and let stand for 1 hour. | 3. Pour through a colander to remove orange slices and whole spices. Serve hot, or refrigerate and reheat gently just before serving.",not provided,not provided,not provided,not provided,not provided,not provided,not provided,not provided,not provided,not provided,not provided,not provided,not provided
Green Onion Garlic Naan Bread,https://www.allrecipes.com/recipe/8467738/green-onion-garlic-naan-bread/,6,20m,3m,38m,"1.5 cups bread flour, plus more as needed | 0.5 teaspoon kosher salt | 2 teaspoons baking powder | 1 cup plain Greek yogurt | 4 cloves garlic, crushed | 0.5 cup thinly sliced green onions | 2 tablespoons melted butter","2. Place bread flour in a bowl. Add salt and baking powder and give it a good whisk until evenly combined. | 3. Add in Greek yogurt gently, followed by garlic and green onions. Take a wooden spoon and slowly start mixing everything together. Keep mixing, stirring, and pressing until a shaggy dough forms. | 4. Transfer dough to a work surface and use your hands to press dough together. Knead for a few minutes until dough becomes elastic and a little bit sticky. Add a bit more flour as necessary but try to keep extra flour at an absolute minimum. Knead until dough is a little bit stretchy, 3 to 5 minutes. | 5. Wrap in plastic and allow to rest on the counter for 15 to 20 minutes. | 6. Take a bench scraper and cut into 6 equal pieces. Take 1 portion and roll into a ball. Place onto a generously floured surface. Use a rolling pin to roll out nice and thin, about 1/8 inch or less. It&#39;s ok if the naan is not a perfect circle. You will need extra flour for rolling out as the dough is sticky, but try to use as little as possible. | 7. Heat a cast iron skillet over medium-high heat until hot. Transfer dough circles into the hot dry skillet and cook until little bubbles form on the surface and the underside is lightly browned, about 1 minute. Flip naan over and cook for 1 more minute. Press down slightly with a spatula to increase the heat during cooking. Flip over twice more and cook for an additional 15 seconds per side, but make sure not to overcook to preserve the texture. Naan should still be flexible when you remove it from the skillet onto a plate. | 8. Cover with a kitchen towel to keep warm and moist while you cook the other naan breads. Stack all 6 naan breads on top of each other and keep covered with a kitchen towel. | 9. When you are finished cooking all 6 naan breads, unstack breads and brush the first naan bread on both sides with a little bit of melted butter. Stack second piece of naan on top and only brush the top side. Keep stacking and buttering all the naan breads. Fold each naan into a triangle and serve.",282kcal,5g,3g,10mg,368mg,53g,3g,not provided,10g,not provided,not provided,not provided,419mg
Yum Yum Sauce,https://www.allrecipes.com/recipe/205616/yum-yum-sauce/,12,5m,not provided,8h 5m,1.25 cups mayonnaise | 0.25 cup water | 1 tablespoon melted butter | 1 teaspoon tomato paste | 1 teaspoon white sugar | 0.5 teaspoon garlic powder | 0.25 teaspoon paprika | 1 pinch cayenne pepper,"2. Gather all ingredients. | 3. Whisk mayonnaise, water, melted butter, tomato paste, sugar, garlic powder, paprika, and cayenne together until smooth. Cover and refrigerate, 8 hours to overnight.",175kcal,19g,3g,11mg,141mg,1g,0g,1g,0g,0mg,2mg,0mg,11mg
Eggs in Purgatory,https://www.allrecipes.com/recipe/265087/uova-in-purgatorio-eggs-in-purgatory/,2,5m,15m,20m,"2 tablespoons extra-virgin olive oil | 1 clove garlic, crushed | 3 black Italian olives, pitted and chopped, or more to taste | 1 teaspoon capers | 1 anchovy fillet in oil, drained | 7 ounces passata (crushed tomatoes) | 0.5 cup water | 1 sprig chopped fresh parsley | salt to taste | 2 eggs","2. Gather the ingredients. | 3. Heat oil in a skillet over low heat. Add garlic, olives, capers, and anchovy; cook for 1 to 2 minutes. | 4. Add tomato sauce and water, bring to a boil, and simmer until flavors combine, about 10 minutes. Add parsley and season with salt. | 5. Gently add eggs directly into tomato sauce without breaking the yolks. Cook until eggs are just cooked, 3 to 5 minutes.",245kcal,20g,4g,188mg,470mg,10g,3g,1g,9g,28mg,96mg,4mg,454mg
German Apple Cake,https://www.allrecipes.com/recipe/7915/german-apple-cake-i/,24,15m,45m,1h 0m,"1 cup vegetable oil | 2 eggs | 2 cups white sugar | 1 teaspoon vanilla extract | 2 cups all-purpose flour | 2 teaspoons ground cinnamon | 1 teaspoon baking soda | 0.5 teaspoon salt | 4 cups apples - peeled, cored and diced","2. Preheat the oven to 350 degrees F (175 degrees C). Grease and flour a 9x13-inch cake pan. | 3. Beat oil and eggs in a mixing bowl with an electric mixer until creamy. Add sugar and vanilla; beat well. | 4. Stir together flour, cinnamon, baking soda, and salt in a bowl. Slowly add flour mixture to egg mixture; mix until combined. The batter will be very thick. Fold in apples by hand using a wooden spoon. Spread batter into the prepared pan. | 5. Bake cake in the preheated oven until a toothpick inserted into the center comes out clean, about 45 minutes. Cool cake on a wire rack.",201kcal,10g,1g,16mg,107mg,28g,1g,19g,2g,1mg,7mg,1mg,41mg
German Rhubarb Streusel Cake,https://www.allrecipes.com/recipe/263341/german-rhubarb-streusel-cake/,8,20m,40m,1h 30m,"2 cups all-purpose flour | 0.5 cup white sugar | 1 egg | 2 teaspoons vanilla sugar | 0.5 cup unsalted butter, softened and cubed | 3.5 cups chopped rhubarb | 2 tablespoons unsalted butter, cubed","2. Sift flour into a large bowl, making a well in the center. Add 1/2 white cup sugar, egg, and vanilla sugar into well. Distribute 1/2 cup softened and cubed butter evenly on top; mix into a dough using your hands. Cover and refrigerate for 30 minutes. | 3. Preheat the oven to 325 degrees F (165 degrees C). Grease a 9-inch springform pan. | 4. Place 2/3 of the dough in the prepared pan, smoothing out any bubbles. Cover with rhubarb. | 5. Crumble remaining dough between your fingers and sprinkle over rhubarb. Sprinkle with remaining 3 tablespoons white sugar, then scatter 2 tablespoons cold cubed butter over streusel. | 6. Bake in the preheated oven until streusel is lightly brown and crisp, 40 to 50 minutes.",322kcal,15g,9g,61mg,12mg,42g,1g,18g,4g,1mg,18mg,2mg,65mg
Mongolian Beef and Spring Onions,https://www.allrecipes.com/recipe/201849/mongolian-beef-and-spring-onions/,4,15m,10m,35m,"2 teaspoons vegetable oil | 1 tablespoon finely chopped garlic | 0.5 teaspoon grated fresh ginger root | 0.66666668653488 cup dark brown sugar | 0.5 cup soy sauce | 0.5 cup water | 1 pound beef flank steak, sliced 1/4 inch thick on the diagonal | 0.25 cup cornstarch | 1 cup vegetable oil for frying | 2 bunches green onions, cut in 2-inch lengths","2. Gather all ingredients. | 3. Heat 2 teaspoons of vegetable oil in a saucepan over medium heat. Add garlic and ginger; cook and stir until fragrant, about 30 seconds. | 4. Stir in brown sugar, soy sauce, and water. | 5. Increase heat to medium-high; stir until sauce boils and slightly thickens, about 4 minutes. Remove sauce from the heat and set aside. | 6. Place beef into a large bowl; add cornstarch and mix until beef is thoroughly coated. | 7. Set aside until most of the cornstarch has been absorbed, about 10 minutes. | 8. Heat vegetable oil in a deep skillet to 375 degrees F (190 degrees C). Shake excess cornstarch from beef slices and drop into hot oil, a few at a time, stirring briefly and frying until edges become crisp, about 2 minutes. | 9. Remove beef with a large slotted spoon; drain on paper towels. | 10. Remove excess oil from the skillet, then heat the skillet over medium heat; add beef slices and stir in prepared sauce. Add green onions and bring to a boil; cook until the onions have just softened and are bright green, about 1 to 2 minutes. | 11. Serve and enjoy!",391kcal,12g,3g,27mg,1862mg,55g,3g,39g,18g,22mg,130mg,4mg,606mg
Sausage and Sauerkraut,https://www.allrecipes.com/recipe/216081/sausage-and-sauerkraut/,5,15m,3h 20m,3h 35m,"2 pounds sauerkraut, rinsed and drained | 1 tablespoon caraway seeds | 0.25 cup brown sugar | 1 apple, diced | cooking spray | 0.5 pound bacon, cut into 1-inch pieces | 1 large onion, chopped | 1.5 pounds kielbasa sausage, cut into 1-inch thick slices","2. Gather the ingredients. | 3. Place sauerkraut, caraway seeds, brown sugar, and apple into a large saucepan over medium-low heat, and bring to a simmer. Reduce heat to low, and cook for 2 hours, stirring occasionally. | 4. Preheat the oven to 325 degrees F (165 degrees C). Grease a 9x13-inch baking dish. Place bacon and onion into a skillet over medium heat, and cook until bacon is almost crisp and onion is beginning to brown, about 10 minutes. Stir the bacon mixture into the sauerkraut. | 5. Brown kielbasa sausage in remaining bacon grease in the same skillet until sausage begins to brown, 10 to 15 minutes; stir into the sauerkraut mixture. | 6. Spoon the sauerkraut and sausage mixture into the prepared baking dish. Bake in the preheated oven until bubbling, about 1 hour.",777kcal,62g,26g,128mg,2702mg,29g,7g,20g,25g,31mg,84mg,3mg,509mg
German Beef Rouladen,https://www.allrecipes.com/recipe/149686/german-beef-rouladen/,8,20m,35m,55m,"0.25 cup Dijon mustard | 8 (4 ounce) pieces round steak, pounded 1/4 inch thick | 0.5 cup minced onion | 2 teaspoons paprika | 2 teaspoons salt | 2 teaspoons freshly ground black pepper | 8 slices bacon | 3 tablespoons canola oil | 1 (12 ounce) can beef broth | 1.25 cups water | 2 tablespoons cornstarch | 1 cup warm water | 0.25 cup sour cream","2. Spread 1/2 tablespoon mustard over one side of each piece of steak; sprinkle onion, paprika, salt, and pepper evenly over the steaks. | 3. Lay one slice of bacon on each piece; roll up steaks jelly roll-style and secure with toothpicks. | 4. Heat canola oil in a skillet over medium heat; cook beef rouladen on all sides until browned. Add broth and water; bring to a boil. Reduce heat to medium-low; cover and simmer until tender, about 30 minutes. | 5. Remove beef rouladen; strain broth mixture and return liquid to the skillet. Whisk cornstarch and 1 cup of water together until smooth; slowly pour cornstarch mixture into the skillet, stirring continually until the sauce has thickened, 2 to 3 minutes. | 6. Stir in sour cream; return rolls to the sauce and serve immediately.",351kcal,16g,5g,113mg,1133mg,5g,1g,1g,45g,1mg,24mg,4mg,489mg
Dashi Stock (Konbudashi),https://www.allrecipes.com/recipe/175594/dashi-stock-konbudashi/,8,5m,5m,1h 0m,1 ounce dashi kombu (dried kelp) | 1 quart water | 0.5 cup bonito flakes,"2. Wipe off any dirt from kombu with a paper towel, being careful not to rub off the white powdery deposits on the seaweed. Soak kombu in water in a saucepan for 30 minutes to soften. | 3. Transfer kombu to a cutting board; cut several slits, lengthwise, into the leaf. Return kombu to water in the saucepan; bring to a boil. As soon as water begins to boil, remove kombu to prevent stock from becoming bitter. | 4. Stir bonito flakes into kombu-flavored water; bring back to a boil, then remove pan from heat. Allow dashi to cool. When bonito flakes settle on bottom, strain dashi through a strainer lined with cheesecloth or a coffee filter.",12kcal,not provided,not provided,not provided,111mg,2g,not provided,not provided,1g,not provided,4mg,not provided,1mg
Pork Roast and Sauerkraut,https://www.allrecipes.com/recipe/240836/pork-roast-and-sauerkraut/,8,15m,6h 25m,6h 40m,"1 tablespoon bacon drippings | 1 cup minced onion | 1 large red apple, diced | 1 teaspoon caraway seeds | 2 pounds sauerkraut, drained and rinsed | 0.5 cup dry white wine | 0.5 cup chicken stock | 2 tablespoons brown sugar | 2 pounds boneless pork loin roast | 1 pound kielbasa sausage, cut into 3-inch pieces","2. Heat bacon drippings in a Dutch oven over medium heat. Cook and stir onion in hot drippings until soft and translucent, about 5 minutes. Stir in apple and caraway seeds and cook until apple is just tender, about 3 minutes more. Stir in sauerkraut until incorporated. | 3. Stir together white wine, chicken stock, and brown sugar in a medium bowl; pour over sauerkraut mixture. | 4. Place pork roast into a slow cooker. Pour sauerkraut mixture over the top of pork. | 5. Cook on Low until pork easily falls apart when pulled with a fork, 6 to 8 hours. Add sausage and continue to cook until sausage is heated through, 15 to 20 minutes more.",406kcal,25g,9g,91mg,1341mg,16g,4g,10g,27g,20mg,70mg,3mg,692mg
Mandelmakronen (Almond Meringues),https://www.allrecipes.com/recipe/261002/mandelmakronen-almond-meringues/,48,20m,15m,35m,"4 egg whites | 1 cup white sugar | 1.5 cups almond flour, or more as needed | 0.25 teaspoon ground cinnamon","2. Preheat the oven to 300 degrees F (150 degrees C). Line two baking sheets with parchment paper. | 3. Beat egg whites in a glass, metal, or ceramic bowl until stiff peaks form. Gradually add sugar, 1 teaspoon at a time, while continuing to beat at high speed. Combine almond flour and cinnamon in a bowl and fold into egg white mixture with a spatula. Add more ground almonds if mixture is too runny. | 4. Use two teaspoons to place little mounds of almond mixture 2 inches apart onto the prepared baking sheets. | 5. Bake in the preheated oven until lightly browned and baked through, 15 to 20 minutes. Carefully remove from baking sheets and cool on wire racks.",40kcal,2g,0g,not provided,5mg,5g,0g,4g,1g,not provided,0mg,not provided,5mg
Slow Cooker Butter Chicken,https://www.allrecipes.com/recipe/174543/slow-cooker-butter-chicken/,6,15m,4h 15m,4h 30m,"2 tablespoons butter | 2 tablespoons vegetable oil | 4 large skinless, boneless chicken thighs, cut into bite-sized pieces | 1 onion, diced | 3 cloves garlic, minced | 1 (6 ounce) can tomato paste | 1 tablespoon curry paste | 2 teaspoons curry powder | 2 teaspoons tandoori masala | 1 teaspoon garam masala | 15 green cardamom pods | 1 (14 ounce) can coconut milk | 1 cup low-fat plain yogurt | salt to taste","2. Gather all ingredients. | 3. Heat butter and vegetable oil in a large skillet over medium heat. Stir in chicken, onion, and garlic. Cook and stir until onion has softened and turned translucent, about 10 minutes. | 4. Stir in tomato paste, curry paste, curry powder, tandoori masala, and garam masala until no lumps of tomato paste remain. | 5. Pour mixture into a slow cooker; stir in cardamom pods, coconut milk, and yogurt. Season with salt. | 6. Cook on High for 4 to 6 hours or Low for 6 to 8 hours, or until chicken is tender and sauce has reduced to the desired consistency. Remove and discard cardamom pods before serving.",501kcal,37g,20g,146mg,320mg,19g,2g,11g,30g,10mg,109mg,5mg,846mg
Traci&#39;s Adobo Seasoning,https://www.allrecipes.com/recipe/214086/tracis-adobo-seasoning/,21,5m,not provided,5m,2 tablespoons salt | 1 tablespoon paprika | 2 teaspoons ground black pepper | 1.5 teaspoons onion powder | 1.5 teaspoons dried oregano | 1.5 teaspoons ground cumin | 1 teaspoon garlic powder | 1 teaspoon chili powder,"2. Stir together salt, paprika, black pepper, onion powder, oregano, cumin, garlic powder, and chili powder in a bowl. | 3. Store in a sealed jar in a cool, dry place.",4kcal,0g,not provided,not provided,666mg,1g,0g,0g,0g,1mg,6mg,0mg,20mg
Japanese Tamago Egg,https://www.allrecipes.com/recipe/221923/japanese-tamago-egg/,6,15m,10m,25m,"4 eggs | 0.25 cup prepared dashi stock | 1 tablespoon white sugar | 1 teaspoon mirin (Japanese sweet wine) | 0.5 teaspoon soy sauce | 0.5 teaspoon vegetable oil, or more as needed","2. Gather all ingredients. | 3. Beat eggs thoroughly in a bowl; whisk in dashi stock, sugar, mirin, and soy sauce until sugar has dissolved. Lightly grease a nonstick skillet and heat over medium heat. | 4. Pour a thin layer of egg mixture into the hot pan and swirl to coat the pan. Cook until egg layer is firm on the bottom but still slightly liquid on top, about 1 minute. | 5. Then lift up one edge using a spatula and roll up the egg layer. | 6. Push omelet roll to one side of the skillet. Oil the skillet again and pour in another thin layer of egg, lifting the first omelet roll up slightly to allow the egg to flow underneath. | 7. Roll up the first omelet in the new layer of egg and push omelet to the edge of the skillet as before. | 8. Repeat the process with the remaining egg mixture, oiling the pan each time if needed. | 9. Remove rolled omelet to a serving platter and cut into 6 equal pieces to serve.",63kcal,4g,1g,124mg,87mg,3g,not provided,3g,4g,not provided,not provided,not provided,not provided
Leche Flan,https://www.allrecipes.com/recipe/262423/leche-flan/,12,10m,1h 10m,6h 20m,1 cup sugar | 0.75 cup water | 1 (13 ounce) can sweetened condensed milk | 1 (13 ounce) can evaporated milk | 12 egg yolks | 1 tablespoon vanilla extract,"2. Gather all ingredients. Preheat the oven to 375 degrees F (190 degrees C). | 3. Combine sugar and water in a medium saucepan over medium-high heat. Bring to a boil without stirring to avoid the mixture crystallizing. Continue to boil, swirling the pan occasionally, until sugar syrup begins to brown, 7 to 10 minutes. Reduce the heat to medium low and watch the color. | 4. Once the caramel is a deep brown, 2 to 3 minutes, immediately pour it into a 10-inch flan mold. Carefully tilt the mold to make sure the whole bottom surface is covered. | 5. Combine evaporated milk, condensed milk, egg yolks, and vanilla extract in a large bowl. Stir lightly to prevent bubbles or foam from forming; strain batter. | 6. Place a roasting pan large enough to hold the flan mold on the oven rack. Fold two 32-inch long sheets of foil lengthwise in quarters to make strips. Cross the strips and place the flan mold in the roasting pan, with the ends of the strips extending over the edges of the roasting pan. Crimp ends slightly to keep them in place. | 7. Slowly pour the custard mixture into the caramel-lined flan mold. | 8. Add enough hot water to the roasting pan to come halfway up the side of the mold. Cover the roasting pan with aluminum foil. | 9. Bake in the preheated oven until firm and a knife inserted near the center comes out clean, about 1 hour. Carefully remove the roasting pan from the oven. Carefully remove the flan mold from the roasting pan using the foil strips. Let cool on a wire rack, about 1 hour. Cover and chill in the refrigerator until completely cool, at least 4 hours or overnight. | 10. Run a paring knife around the edges of the flan. Cover the mold with a rimmed platter and carefully flip it over to release the flan from the mold for serving. Scrape any excess caramel from the mold over the flan.",387kcal,14g,7g,336mg,119mg,55g,not provided,55g,11g,2mg,281mg,1mg,337mg
Jägerschnitzel,https://www.allrecipes.com/recipe/60708/jagerschnitzel/,4,15m,40m,55m,"1 egg, beaten | 1 cup bread crumbs | 1 tablespoon all-purpose flour | salt and pepper to taste | 4 pork steaks or cutlets, pounded thin | 2 tablespoons vegetable oil | 1 medium onion, diced | 1 (8 ounce) can sliced mushrooms | 1.5 cups water | 1 cube beef bouillon | 0.5 cup sour cream | 1 tablespoon cornstarch","2. Place beaten egg in a shallow dish. Mix together bread crumbs and flour in a second shallow dish; season with salt and pepper. | 3. Dip pork steaks in beaten egg, then press into bread crumb mixture to coat. | 4. Heat oil in a large skillet over medium-high heat. Fry coated steaks in hot oil until browned and cooked through, about 5 minutes per side. An instant-read thermometer inserted into the center of steaks should read at least 145 degrees F (63 degrees C). Remove steaks to a platter and keep warm. | 5. Add onion and mushrooms to drippings in the skillet; cook and stir until lightly browned. Pour in water and stir in bouillon cube until dissolved. Simmer for about 20 minutes. | 6. Combine sour cream and cornstarch in a small bowl; stir into the skillet. Cook over low heat until sauce is thickened, but do not boil. Spoon sauce over steaks to serve.",917kcal,57g,21g,285mg,658mg,30g,3g,5g,67g,4mg,138mg,7mg,1076mg
Easy Chicken Curry,https://www.allrecipes.com/recipe/15156/easy-chicken-curry/,6,10m,30m,40m,"0.25 cup olive oil | 2 large onions, diced | 0.33333334326744 cup curry powder, or to taste | 6 skinless, boneless chicken breast halves - cut into strips","2. Gather the ingredients. | 3. Heat oil in a large skillet over medium heat until hot. Add onion and sauté until soft and golden brown, 5 to 8 minutes. | 4. Slowly stir in curry powder until well blended. | 5. Add chicken; reduce the heat to low, cover, and cook until chicken is no longer pink in the center and the juices run clear, 20 to 40 minutes. An instant-read thermometer inserted into the center should read at least 165 degrees F (74 degrees C). | 6. Uncover and cook, stirring constantly to prevent burning, until pan juices reduce to desired amount, 3 to 5 minutes.",247kcal,11g,2g,68mg,82mg,8g,3g,2g,29g,6mg,51mg,3mg,460mg
Krautburger,https://www.allrecipes.com/recipe/34892/krautburger/,16,40m,40m,1h 30m,"1 pound lean ground beef | 1 onion, chopped | 0.5 medium head cabbage, shredded | 0.5 (1 ounce) package dry onion soup mix | 1 (8 ounce) package mild Cheddar cheese, sliced | black pepper to taste | 2 (1 pound) loaves frozen bread dough, thawed | butter flavored cooking spray | 0.25 cup margarine, melted","2. Preheat oven to 350 degrees F (175 degrees C). Place ground beef in a large, deep skillet. Cook over medium high heat until evenly brown. Drain fat. Stir in cabbage and onion soup mix; cook 5 minutes longer, or until lightly browned. Set aside. | 3. Roll one loaf of bread dough into a 16x8 inch rectangle, then cut into eight 4 inch squares. Spoon cabbage mixture into center of each square, top with 1 small slice cheese and bring up diagonal points, pinching edges closed. Place krautburgers on a cookie sheet coated with cooking spray, and let rise for about 10 minutes. | 4. Bake for 20 minutes, or until brown. Brush tops of warm rolls with margarine. Repeat process with second loaf of bread and remaining cabbage mixture and cheese.",307kcal,13g,5g,33mg,537mg,30g,3g,4g,15g,11mg,119mg,3mg,140mg
Grilled Spatchcocked Greek Chicken,https://www.allrecipes.com/recipe/274629/grilled-spatchcocked-greek-chicken/,6,15m,1h 0m,1h 25m,"1 cup extra virgin olive oil | 0.25 cup lemon juice | 3 tablespoons chopped fresh oregano | 3 cloves garlic, minced | 2 teaspoons minced fresh rosemary | 1 teaspoon dried tarragon | 1 (4.5 pound) whole chicken, spatchcocked | salt and ground black pepper to taste","2. Whisk olive oil, lemon juice, oregano, garlic, rosemary, and tarragon together in a measuring cup. | 3. Preheat an outdoor grill for medium-high heat and lightly oil the grate. | 4. Place chicken on a rimmed baking sheet. Pour 1/2 of the oil mixture over the chicken and reserve the remaining 1/2. Using your hands, massage the oil mixture into the chicken skin. Season with salt and pepper. | 5. Grill chicken skin-side up over indirect heat for 50 minutes. Move chicken over direct heat and grill 5 minutes. Carefully flip chicken over skin-side down and grill until skin is brown and crispy, about 5 more minutes. Transfer chicken to a serving platter and let rest for 10 minutes. | 6. Drizzle reserved oil mixture over the chicken. Carve and serve.",1213kcal,115g,27g,159mg,151mg,2g,0g,0g,39g,7mg,44mg,3mg,299mg
Chicken Fried Rice,https://www.allrecipes.com/recipe/16954/chinese-chicken-fried-rice-ii/,4,5m,10m,15m,"1 egg | 1 tablespoon water | 1 tablespoon butter | 1 tablespoon vegetable oil | 1 onion, chopped | 2 cups cooked white rice, cold | 1 cup cooked, chopped chicken meat | 2 tablespoons soy sauce | 1 teaspoon ground black pepper","2. Gather all ingredients. | 3. Beat egg and water together in small bowl. Melt butter in a large skillet or wok over medium-low heat; add egg and cook without stirring, 1 to 2 minutes. Remove egg from skillet and cut into shreds; set aside. | 4. Heat oil in the same skillet. Add onion; cook and stir until soft, about 3 minutes. Stir in rice, chicken, soy sauce, and pepper. Cook and stir for about 5 minutes; stir in shredded egg. Serve hot.",255kcal,10g,3g,83mg,516mg,26g,1g,1g,14g,2mg,31mg,2mg,172mg
Lumpia (Shanghai Version),https://www.allrecipes.com/recipe/40351/lumpia-shanghai-version/,20,1h 0m,20m,1h 20m,"1 pound ground pork | 1 pound ground beef | 1 medium onion, finely chopped | 1 carrot, grated | 0.25 cup soy sauce | 2 tablespoons salt | 1.5 tablespoons garlic powder | 2.5 teaspoons black pepper | 1 (16 ounce) package spring roll wrappers | 0.25 cup water, or as needed | 1.5 quarts oil for frying","2. Combine ground pork, ground beef, onion, and carrot in a large bowl; mix well with hands. Gradually blend in soy sauce, salt, garlic powder, and pepper until incorporated. | 3. Working one at a time, lay a wrapper on a flat surface with a corner pointing at you. Place about 2 tablespoons filling in a line, no thicker than your thumb, across the center of the wrapper. Moisten the edges of wrapper with water. Fold the bottom edge of wrapper snugly over filling. Fold in the left and right sides of wrapper towards the center. Roll up tightly to seal in filling. | 4. Heat oil in a deep fryer or heavy skillet to 375 degrees F (190 degrees C). | 5. Working in batches, fry lumpia in hot oil, turning once, until golden brown, 3 to 4 minutes. Drain on a paper towel-lined plate. Cut lumpia in half, or serve as-is with dipping sauce.",262kcal,18g,5g,38mg,1037mg,15g,1g,1g,10g,1mg,21mg,2mg,170mg
Pork Lo Mein,https://www.allrecipes.com/recipe/231523/pork-lo-mein/,4,15m,15m,30m,"1 (8 ounce) package linguine | 0.33333334326744 cup low-sodium soy sauce | 2 tablespoons rice vinegar | 2 teaspoons cornstarch | 1 teaspoon white sugar | 0.5 teaspoon sesame oil | 2 tablespoons canola oil | 2 cups snap peas | 1 small sweet onion, chopped | 1 (12 ounce) pork tenderloin, cut into thin strips | 1 (8 ounce) package sliced white mushrooms | 1 medium red bell pepper, chopped | 3 cloves garlic, chopped, divided | 0.5 teaspoon chopped fresh ginger, or to taste | 3 green onions, sliced","2. Bring a large pot of lightly salted water to a boil; cook the linguine at a boil until tender yet firm to the bite, 8 to 9 minutes; drain. | 3. Meanwhile, whisk soy sauce, vinegar, cornstarch, sugar, and sesame oil together in a small bowl. | 4. Heat canola oil in a large skillet over medium-high heat. Add snap peas and onion; cook and stir until onion is translucent, about 2 minutes. Add pork, mushrooms, red bell pepper, 1/3 of the garlic, and ginger; cook until pork is no longer pink, about 2 minutes. | 5. Add remaining garlic to the skillet and cook until fragrant, about 1 minute. Pour in soy sauce mixture; cook and stir until sauce thickens, about 1 minute. Remove from the heat. | 6. Stir linguine into the skillet until coated; sprinkle green onions over top.",415kcal,11g,2g,37mg,794mg,55g,5g,7g,26g,73mg,60mg,4mg,762mg
Easy Two-Ingredient Naan,https://www.allrecipes.com/recipe/280310/two-ingredient-naan/,8,10m,20m,30m,"1.25 cups self-rising flour, or more as needed | 1 cup whole-milk Greek yogurt","2. Mix self-rising flour and Greek yogurt together in a large bowl until combined. Transfer to a lightly floured work surface and knead until smooth, adding more flour as necessary to keep dough from sticking, 2 to 3 minutes. | 3. Pat dough into a rough 9x7-inch rectangle. Divide into 8 equal pieces. Lightly dust each piece with flour and flatten into a semi-rectangular shape, about 1/4 inch thick. | 4. Lightly grease a large skillet and place it over medium heat. Add 1 or 2 of the flattened dough pieces to the skillet. Cook until they begin to bubble and brown, 2 to 4 minutes. Flip over and cook an additional 2 to 4 minutes. Remove from heat and repeat with remaining dough until all pieces are cooked. Serve warm.",102kcal,3g,1g,6mg,264mg,16g,1g,1g,3g,not provided,not provided,not provided,not provided
Szechuan Beef,https://www.allrecipes.com/recipe/20095/szechuan-beef/,6,10m,10m,40m,"1 tablespoon soy sauce | 2 teaspoons cornstarch | 1 clove garlic, minced | 0.25 teaspoon crushed red pepper | 1 pound sirloin steak, cut into bite size strips | 2 tablespoons vegetable oil | 3 cups fresh broccoli florets | 2 small onions, cut into wedges | 1 (8 ounce) can water chestnuts, drained | 0.25 cup chicken broth | 0.5 cup peanuts","2. Stir together soy sauce, cornstarch, garlic, and crushed red pepper in a non-metal bowl. Add steak and toss to coat. Cover the bowl and refrigerate for 20 minutes. | 3. Heat oil in a wok or large skillet over high heat. Stir-fry beef in hot oil until no longer pink, about 5 minutes. Add broccoli, onions, and water chestnuts; cook and stir for 2 minutes. Pour in broth and bring to a boil. Stir in peanuts; cook for 1 minute and serve hot.",306kcal,21g,5g,44mg,243mg,13g,4g,3g,18g,43mg,46mg,3mg,501mg
Orange Chicken,https://www.allrecipes.com/recipe/61024/asian-orange-chicken/,4,20m,20m,2h 50m,"1.5 cups water | 0.33333334326744 cup rice vinegar | 0.25 cup lemon juice | 2.5 tablespoons soy sauce | 2 tablespoons orange juice | 1 cup packed brown sugar | 2 tablespoons chopped green onion | 1 tablespoon grated orange zest | 0.5 teaspoon minced fresh ginger root | 0.5 teaspoon minced garlic | 0.25 teaspoon red pepper flakes | 3 tablespoons cornstarch | 2 tablespoons water | 2 large skinless, boneless chicken breasts, cut into 1/2-inch cubes | 1 cup all-purpose flour | 0.25 teaspoon salt | 0.25 teaspoon pepper | 3 tablespoons olive oil","2. Gather all ingredients. | 3. Combine water, rice vinegar, lemon juice, soy sauce, and orange juice for sauce into a saucepan over medium-high heat. Stir in brown sugar, green onion, orange zest, ginger, garlic, and pepper flakes; bring to a boil. Remove from heat, and cool for 10 to 15 minutes. | 4. Place chicken in a resealable plastic bag. Pour in 1 cup cooled sauce. Seal the bag, and refrigerate for at least 2 hours. Reserve the remaining sauce. | 5. Mix flour, salt, and pepper in another resealable plastic bag. | 6. Remove chicken from the marinade and place into the bag of seasoned flour. Seal the bag and shake to coat. | 7. Heat the olive oil in a large skillet over medium heat. Cook chicken in the hot skillet until browned on both sides. | 8. Remove to a paper towel-lined plate and cover with aluminum foil. Wipe out the skillet. | 9. Pour reserved sauce into the skillet and bring to a boil over medium-high heat. Mix together cornstarch and water until completely smooth. Stir into the boiling sauce. | 10. Reduce heat to medium-low, add the chicken, and simmer, stirring occasionally, until cooked through, about 5 minutes. | 11. Serve over rice and enjoy!",445kcal,11g,2g,34mg,763mg,69g,1g,37g,18g,not provided,not provided,not provided,not provided
Souvlaki,https://www.allrecipes.com/recipe/14713/souvlaki/,12,30m,10m,2h 40m,"0.25 cup olive oil | 0.25 cup soy sauce | 1 medium lemon, juiced | 3 cloves garlic, crushed | 1 teaspoon dried oregano | 3 pounds pork tenderloin, cut into 1 inch cubes | 2 medium yellow onions, cut into 1 inch pieces | 2 medium green bell peppers, cut into 1 inch pieces | skewers","2. Gather all ingredients. | 3. Mix oil, soy sauce, lemon juice, garlic, and oregano together in a large glass bowl. | 4. Add pork, onions, and bell peppers, and stir until coated. Cover and refrigerate for 2 to 3 hours. | 5. Preheat an outdoor grill for medium-high heat and lightly oil the grate. | 6. Remove pork and vegetables from marinade and shake off excess; thread onto skewers. Discard remaining marinade. | 7. Cook on the preheated grill, turning frequently, until pork is no longer pink in the middle, 10 to 15 minutes. An instant-read thermometer inserted into the center should read at least 145 degrees F (63 degrees C).",189kcal,8g,2g,65mg,354mg,4g,1g,1g,24g,not provided,not provided,not provided,not provided
Flan Mexicano (Mexican Flan),https://www.allrecipes.com/recipe/214091/flan-mexicano-mexican-flan/,8,10m,55m,6h 5m,1 cup white sugar | 1 (14 ounce) can sweetened condensed milk | 1 cup whole milk | 3 large eggs | 3 large egg yolks | 0.25 cup freshly squeezed orange juice | 1 tablespoon grated orange peel | 1 tablespoon vanilla extract | 1 tablespoon cornstarch | 1 cup heavy cream,"2. Place sugar into a heavy saucepan over medium-high heat. Cook, stirring constantly, until sugar melts and turns a golden amber color, about 10 minutes. Watch carefully once syrup begins to change color because it burns quickly. Carefully pour caramel syrup into a flan mold. Set aside to cool. | 3. Preheat the oven to 350 degrees F (175 degrees C). Place an oven rack in the middle position. | 4. Place sweetened condensed milk, whole milk, eggs, egg yolks, orange juice, orange zest, vanilla, and cornstarch into a blender; blend until smooth, about 1 minute. Pour in cream and pulse several times to incorporate. Pour mixture over cooled caramel syrup in the flan mold. | 5. Line a roasting pan with a damp kitchen towel. Place the filled flan mold carefully on the towel in the roasting pan, then place the roasting pan on the oven rack. Fill the roasting pan with enough boiling water to reach halfway up the sides of the flan mold. | 6. Bake in the preheated oven until the center of flan is set but still slightly jiggles when nudged, 45 minutes to 1 hour. Let cool, then refrigerate for at least 4 hours. | 7. To serve, run a sharp paring knife around the inside of the mold to release flan. Place a serving plate on the mold, then flip the mold over. Gently lift the mold to release flan and allow caramel syrup to cascade over custard. Remove the mold.",434kcal,20g,11g,207mg,115mg,56g,0g,54g,9g,6mg,213mg,1mg,300mg
Oktoberfest Chicken and Red Cabbage,https://www.allrecipes.com/recipe/228364/oktoberfest-chicken-and-red-cabbage/,8,20m,1h 25m,1h 45m,"4 slices bacon | 1 tablespoon bacon drippings | 0.25 cup all-purpose flour | 0.5 teaspoon kosher salt | 0.5 teaspoon smoked paprika | 2 pounds skinless chicken thighs | 1 red onion, sliced | 1 large apple, cored and sliced | 1 head red cabbage, cored and sliced | 0.5 cup red wine vinegar | 0.25 cup dry red wine | 0.25 cup brown sugar | 0.5 teaspoon ground cinnamon","2. Preheat the oven to 350 degrees F (175 degrees C). | 3. Cook bacon in a large oven-safe or cast-iron skillet over medium-high heat, turning occasionally, until evenly browned, about 10 minutes. Drain on a paper towel-lined plate until cool; crumble bacon. Leave drippings in the skillet. | 4. Whisk flour, 1/2 teaspoon kosher salt, and smoked paprika together in a medium bowl until evenly combined; dredge chicken thighs in flour and shake off excess. | 5. Cook chicken in drippings in the skillet over medium heat until browned, about 5 minutes per side; transfer chicken to a plate. | 6. Drain and discard all but 1 tablespoon drippings from the skillet. Add onion and apple; cook and stir until onion is translucent and apple softened, about 5 minutes. Stir in cabbage and bacon; season with kosher salt. Cook, stirring often, until cabbage is softened, 5 to 8 minutes. | 7. Add vinegar and red wine to cabbage mixture; stir in brown sugar and cinnamon until well combined. Bring to a boil; cook until sauce is reduced by half, stirring often, about 10 minutes. Place chicken thighs on cabbage in the skillet. | 8. Bake in the preheated oven until cabbage is tender and chicken is cooked through, about 40 minutes. An instant-read thermometer inserted into the thickest part of a thigh should read at least 165 degrees F (74 degrees C).",271kcal,9g,3g,72mg,292mg,24g,3g,14g,23g,62mg,69mg,not provided,505mg
Karaage (Japanese Fried Chicken) with Honey Mayoster Sauce,https://www.allrecipes.com/recipe/258032/karaage-japanese-fried-chicken-with-honey-mayoster-sauce/,4,15m,5m,8h 20m,"1.5 tablespoons low-sodium soy sauce | 1 tablespoon honey | 2 teaspoons minced garlic | 2 teaspoons minced fresh ginger | 1 pound skinless, boneless chicken thighs, cut into bite-sized pieces | 1 egg | 1 cup panko bread crumbs | vegetable oil for frying | 0.5 cup Japanese mayonnaise | 3 tablespoons mirin (Japanese sweet wine) | 2 tablespoons honey | 2 tablespoons Dijon mustard | 1 tablespoon low-sodium soy sauce","2. Whisk 1 1/2 tablespoons soy sauce, 1 tablespoon honey, garlic, and ginger together in a large glass or ceramic bowl. Add chicken and toss to evenly coat. Cover the bowl with plastic wrap and marinate in the refrigerator for 8 hours to overnight. | 3. Remove chicken from marinade and shake off excess. Discard remaining marinade. | 4. Beat egg in a bowl until smooth. Add panko bread crumbs to a shallow bowl. Dip chicken into beaten egg. Lift up so excess egg drips back in the bowl. Press into panko until completely coated. Place the breaded chicken, unstacked, onto a plate. Repeat with remaining chicken. | 5. Heat oil in a deep fryer or large saucepan to 350 degrees F (175 degrees C). Lower chicken carefully into the hot oil in batches. Fry until golden brown, about 5 minutes. Transfer to paper towels to drain. Repeat with remaining chicken. | 6. Whisk Japanese mayonnaise, mirin, 2 tablespoons honey, Dijon mustard, and 1 tablespoon soy sauce together in a bowl; pour sauce over chicken.",681kcal,48g,9g,128mg,1045mg,46g,0g,17g,22g,1mg,28mg,2mg,202mg
German Semolina Pudding,https://www.allrecipes.com/recipe/84725/german-semolina-pudding/,2,5m,20m,25m,2 cups milk | 1.5 tablespoons white sugar | 0.33333334326744 cup semolina,"2. Combine milk and sugar in a saucepan over medium heat; bring to a boil then immediately remove from heat. (Milk tends to boil over as soon as it boils, so stay with it!) | 3. Stir in semolina. Return to medium heat; bring to a boil, stirring until thickened but still pourable. Pour into serving bowls; top with your favorite hot cereal toppings.",259kcal,5g,3g,20mg,100mg,41g,1g,21g,12g,1mg,290mg,0mg,418mg
Honey Walnut Shrimp,https://www.allrecipes.com/recipe/93234/honey-walnut-shrimp/,4,15m,20m,35m,"1 cup water | 0.66666668653488 cup white sugar | 0.5 cup walnuts | 4 large egg whites | 0.66666668653488 cup mochiko (glutinous rice flour) | 1 cup vegetable oil for frying | 1 pound large shrimp, peeled and deveined | 0.25 cup mayonnaise | 2 tablespoons honey | 1 tablespoon canned sweetened condensed milk","2. Gather all ingredients. | 3. Stir water and sugar together in a small saucepan over high heat. Bring to a boil and add walnuts. Boil for 2 minutes, then drain and place walnuts on a cookie sheet to dry. | 4. Whip egg whites in a medium bowl until foamy. Stir in mochiko until it has a pasty consistency. | 5. Heat oil in a heavy deep skillet over medium-high heat. Dip shrimp in mochiko batter, then fry in batches in hot oil until golden brown, about 5 minutes. | 6. Remove with a slotted spoon and drain on paper towels. | 7. Stir together mayonnaise, honey, and sweetened condensed milk in a medium serving bowl. | 8. Add fried shrimp and toss to coat with sauce. Sprinkle candied walnuts on top and serve.",605kcal,26g,4g,179mg,340mg,68g,2g,45g,26g,2mg,69mg,3mg,317mg
Chef John&#39;s Beef Rouladen,https://www.allrecipes.com/recipe/244200/chef-johns-beef-rouladen/,2,15m,1h 30m,1h 50m,"2 (6 ounce) (1/4 inch thick) slices of beef round | 2 teaspoons kosher salt | 1 teaspoon freshly ground black pepper | 2 tablespoons Dijon mustard | 4 strips bacon | paprika, or to taste | 0.5 onion, sliced into half-rings and separated | 6 dill pickle spears | 1 tablespoon vegetable oil | 2 tablespoons butter | 0.25 cup all-purpose flour | 3 cups beef broth | salt to taste","2. Place slices of beef on a work surface, Season both sides with kosher salt and pepper. Spread one side with mustard. Place bacon strips on the mustard and sprinkle with paprika. Arrange onion slices cross-wise on the beef. Then evenly space 3 pickle slices across each slice of beef. Keep about an inch of the narrowest end of the beef slice free of toppings to facilitate rolling it up. | 3. Roll each slice of meat, beginning from the wider of the two short ends, working to keep all ingredients inside the roll. Rolls should be nice and tight. Secure the rolls (seam side down) with 3 loops of butcher&#39;s twine, one in the middle and one at each end. Trim excess string. | 4. Heat vegetable oil over medium-high heat in a large saucepan. Cook beef, turning and browning well on all sides, about 8 minutes. Remove meat from pan. Reduce heat to medium-low. Melt butter in the pan; whisk in the flour, cooking for about 1 minute. Pour in cold beef broth and whisk vigorously to combine. Raise heat to medium-high and simmer until sauce begins to thicken, about 1 minute. | 5. Transfer beef rolls to pan along with accumulated juices. Reduce heat to very low. Simmer gently, covered, turning rolls every 20 minutes or so, until beef is tender, about 1 1/2 hours. When the tip of a sharp knife can easily be inserted into the beef roll, the meat is done. | 6. Transfer meat to dish to allow it to rest. Raise heat to high and bring cooking liquid to a simmer to thicken slightly to make a gravy, about 1 minute. Serve rouladen with gravy.",641kcal,39g,16g,141mg,5266mg,23g,3g,2g,48g,4mg,55mg,6mg,808mg
Greek Couscous Salad,https://www.allrecipes.com/recipe/218225/greek-couscous/,3,20m,5m,45m,"0.5 cup water | 0.25 cup chicken broth | 1 teaspoon minced garlic | 0.5 cup pearl (Israeli) couscous | 1 cup canned garbanzo beans, rinsed and drained | 0.25 cup chopped sun-dried tomatoes | 0.25 cup sliced Kalamata olives | 2 tablespoons crumbled feta cheese | 1 tablespoon white wine vinegar | 1.5 teaspoons lemon juice | 1 teaspoon dried oregano | 0.5 teaspoon ground black pepper","2. Pour water and chicken broth into a saucepan; stir in the garlic and bring to a boil. Stir in pearl couscous, cover the pan, and remove from heat. Allow couscous to stand until water has been absorbed, about 5 minutes; fluff with a fork. Allow couscous to cool to warm temperature. | 3. Lightly toss couscous, chickpeas, sun-dried tomatoes, olives, and feta cheese in a large serving bowl. | 4. To make the dressing: Mix white wine vinegar, lemon juice, oregano, and black pepper in a small bowl until well combined. Pour over couscous mixture; toss again to serve.",254kcal,6g,2g,6mg,592mg,42g,6g,2g,9g,7mg,84mg,2mg,357mg
Cabbage and Kielbasa,https://www.allrecipes.com/recipe/18454/cabbage-and-kielbasa/,6,15m,25m,40m,"0.5 cup margarine | 1 onion, peeled and diced | 1 head savoy cabbage, shredded | 1 (15 ounce) can sliced potatoes | 1.5 pounds kielbasa sausage | 3 tablespoons red wine vinegar | salt and pepper to taste | 0.5 cup water","2. Sauté margarine and onions in a large skillet until onions are soft. Stir cabbage and potatoes into the skillet and sauté until cabbage is wilted. | 3. Add kielbasa, vinegar, salt, and pepper; cook over low heat, stirring occasionally until cooked through. Pour water into the pan, cover, and cook another 10 minutes before serving.",568kcal,46g,13g,75mg,1408mg,22g,6g,6g,18g,54mg,111mg,2mg,883mg
Greek Spanakopita ,https://www.allrecipes.com/recipe/24242/spanakopita-ii/,27,30m,1h 0m,1h 30m,"0.5 cup vegetable oil | 2 large onions, chopped | 2 (10 ounce) packages frozen chopped spinach - thawed, drained and squeezed dry | 2 tablespoons chopped fresh dill | 2 tablespoons all-purpose flour | 2 (4 ounce) packages feta cheese, crumbled | 4 eggs, lightly beaten | salt and pepper to taste | 1.5 (16 ounce) packages phyllo dough | 0.75 pound butter, melted","2. Preheat the oven to 350 degrees F (175 degrees C). | 3. Heat vegetable oil in a large saucepan over medium heat. Add onions; slowly cook and stir until softened. Stir in spinach, dill, and flour; cook until most moisture is absorbed, about 10 minutes. Off heat, stir in feta cheese, eggs, salt, and black pepper; set filling aside. | 4. Separate 1 phyllo sheet from stack; place on a flat work surface. Evenly brush phyllo sheet with a light coating of butter. Place another phyllo sheet over buttered phyllo sheet; press phyllo sheets together. Cut layered phyllo sheets into long strips about 3-inches wide. (Keep remaining stack phyllo sheets covered with plastic wrap to keep from drying out.) | 5. Lay 1 phyllo strip on the work surface with 1 narrow end facing you. Place a heaping tablespoon of filling 1 inch from the narrow end. Fold the bottom right corner over the filling to the left edge to form a triangle. Fold the triangle up the strip, bringing the point at the bottom left up to rest along the left edge. Turn the lower left corner over to touch the right edge. Continue turning the triangle over in this manner until you reach the end of the phyllo. Repeat Steps 3 and 4 (buttering, stacking, pressing, cutting, filling, and folding) with remaining phyllo and filling. | 6. Place phyllo triangles on a large baking sheet; brush with remaining butter. (At this point, the pastries may be frozen. See Cook&#39;s Note.) | 7. Bake in the preheated oven until phyllo is golden brown and crisp, 45 to 60 minutes.",246kcal,18g,9g,62mg,313mg,16g,1g,1g,5g,2mg,81mg,2mg,128mg
German Strawberry Roll,https://www.allrecipes.com/recipe/263618/german-strawberry-roll/,10,20m,15m,2h 35m,"4 eggs, divided | 0.5 cup white sugar | 2 teaspoons vanilla sugar | 3 tablespoons confectioners' sugar | 0.25 cup all-purpose flour | 0.5 teaspoon baking powder | 2 teaspoons white sugar | 0.75 cup heavy whipping cream | teaspoon vanilla sugar | 2 cups finely chopped strawberries | 0.5 cup whipping cream | 1 teaspoon vanilla sugar, or more to taste | 5 fresh strawberries, halved","2. Preheat the oven to 400 degrees F (200 degrees C). Line a 10x15-inch jelly roll pan with parchment paper. | 3. Combine egg yolks, 1/2 cup sugar, and 2 teaspoons vanilla sugar in a large bowl; beat with an electric mixer until foamy. | 4. Beat egg whites in a glass, metal, or ceramic bowl until foamy. Gradually add confectioners&#39; sugar, continuing to beat until stiff peaks form. Slide over the egg yolk mixture. | 5. Sift flour and baking powder over the stiff egg whites. Carefully fold everything into the egg yolk mixture until batter is well combined, but do not over mix. Spread batter onto the prepared jelly roll pan. | 6. Bake in the preheated oven until sponge cake is set and lightly browned, 12 to 16 minutes. | 7. Lay a clean dish towel on a flat work surface and sprinkle dish towel with 2 teaspoons sugar. Invert sponge cake onto the dish towel and remove parchment paper. Roll up cake with the dish towel and allow to cool completely, about 1 hour. | 8. Beat 3/4 cups cream in a chilled glass or metal bowl with an electric mixer until frothy. Add vanilla sugar gradually, continuing to beat until stiff peaks form. Fold in strawberries with a spatula. | 9. Carefully unroll sponge cake. Spread strawberry cream on top, leaving a little room on the edges. Carefully roll up and place seam down onto a cake platter. Allow to chill in the refrigerator for 1 hour. | 10. Beat 1/2 cup cream in a chilled glass or metal bowl with an electric mixer until frothy. Add vanilla sugar gradually, continuing to beat until stiff peaks form. Spread all over the strawberry roll and garnish with strawberry halves.",186kcal,11g,6g,98mg,59mg,21g,1g,15g,3g,18mg,44mg,1mg,92mg
Japanese Agedashi Tofu,https://www.allrecipes.com/recipe/263693/japanese-agedashi-tofu/,4,10m,5m,30m,"1 (10.5 ounce) package firm silken tofu | 2 cups water | 2 tablespoons light soy sauce | 2 tablespoons mirin | 1 teaspoon dashi granules | 0.25 cup all-purpose flour, or as needed | vegetable oil for frying | 2 green onions, chopped","2. Place the block of tofu between sheets of paper towels. Set a plate on top; add a 3- to 5-pound weight to the plate. Press tofu for 15 minutes; drain and discard the accumulated liquid. | 3. Meanwhile, combine water, soy sauce, mirin, and dashi in a saucepan. Bring to a boil over medium heat. Remove from heat and set aside. | 4. Remove weight, plate, and paper towels. Cut tofu into 3/4-inch cubes. Place flour in a bowl and lightly coat tofu with flour. | 5. Heat oil in a heavy pot and fry tofu until golden-brown, 4 to 6 minutes. Fry in batches if necessary so as not to overcrowd the pot. Place fried tofu in a serving dish and pour sauce on top. Sprinkle with green onions.",191kcal,13g,2g,not provided,478mg,11g,1g,4g,6g,1mg,35mg,1mg,176mg
Dolmas (Stuffed Grape Leaves),https://www.allrecipes.com/recipe/25310/dolmas-stuffed-grape-leaves/,8,30m,45m,1h 30m,"1 tablespoon olive oil | 2 onions, minced | 1.5 cups uncooked white rice | 1 cup hot water | 2 tablespoons tomato paste | 2 tablespoons dried currants | 2 tablespoons pine nuts | 1 tablespoon ground cinnamon | 1 tablespoon dried mint | 1 tablespoon dried dill weed | 1 teaspoon ground allspice | 1 teaspoon ground cumin | 1 (8 ounce) jar grape leaves, drained and rinsed","2. Heat oil in a medium saucepan over medium heat. Add onions and sauté until tender, about 5 minutes. Stir in rice, then add enough hot water to cover. Cover and simmer until rice is halfway cooked, about 10 minutes. | 3. Remove from the heat and stir in tomato paste, currants, pine nuts, cinnamon, mint, dill, allspice, and cumin. Let mixture cool, about 15 minutes. | 4. Prepare a large pot by placing an inverted plate on the bottom; this will protect the dolmas from direct heat during steaming. | 5. Cut off and discard any grape leaf stems. Place about 1 teaspoon cooled rice mixture into the center of a leaf. Fold in the sides, then roll into a cigar shape. Place into the prepared pot. Repeat to make remaining dolmas. | 6. Pour in just enough warm water to reach the bottom of the first layer of dolmas. Cover and simmer over low heat for 30 to 45 minutes, or until rice is totally cooked. Check the water level often and add more as necessary.",207kcal,4g,1g,not provided,847mg,39g,2g,4g,5g,6mg,125mg,3mg,190mg
Chili Relleno Casserole,https://www.allrecipes.com/recipe/47247/chili-rellenos-casserole/,6,15m,45m,1h 0m,"cooking spray | 2 (7 ounce) cans whole green chile peppers, drained | 8 ounces Monterey Jack cheese, shredded | 8 ounces Longhorn or Cheddar cheese, shredded | 2 large eggs | 1 (5 ounce) can evaporated milk | 2 tablespoons all-purpose flour | 0.5 cup milk | 1 (8 ounce) can tomato sauce","2. Gather all ingredients. Preheat the oven to 350 degrees F (175 degrees C). Grease an 8x8-inch baking dish with cooking spray. | 3. Evenly layer poblano peppers from 1 can in the bottom of the prepared baking dish. | 4. Sprinkle with 1/2 of the Jack and Cheddar cheeses, then cover with remaining poblano peppers. | 5. Mix eggs, evaporated milk, and flour together in a bowl; if mixture is too thick, you can add 1/2 cup milk to thin to desired consistency. Pour over chiles. | 6. Bake in the preheated oven for 25 minutes. Pour enchilada sauce evenly over the top; continue baking for 15 more minutes. | 7. Turn broiler on. Sprinkle top with remaining Jack and Cheddar cheeses. Place under the broiler until cheese is melted, 2 to 3 minutes. | 8. Serve and enjoy!",395kcal,28g,16g,141mg,915mg,14g,2g,8g,24g,59mg,647mg,2mg,524mg
Easy Garam Masala,https://www.allrecipes.com/recipe/142967/easy-garam-masala/,12,5m,not provided,5m,1 tablespoon ground cumin | 1.5 teaspoons ground coriander | 1.5 teaspoons ground cardamom | 1.5 teaspoons ground black pepper | 1 teaspoon ground cinnamon | 0.5 teaspoon ground cloves | 0.5 teaspoon ground nutmeg,"2. Gather all ingredients. | 3. Mix cumin, coriander, cardamom, pepper, cinnamon, cloves, and nutmeg in a bowl. | 4. Place mix in an airtight container, and store in a cool, dry place.",6kcal,0g,not provided,not provided,1mg,1g,1g,0g,0g,0mg,11mg,1mg,17mg
Pork Dumplings,https://www.allrecipes.com/recipe/14759/pork-dumplings/,10,45m,15m,1h 0m,"100 (3.5 inch square) wonton wrappers | 1.75 pounds ground pork | 1 tablespoon minced fresh ginger root | 4 cloves garlic, minced | 2 tablespoons thinly sliced green onion | 4 tablespoons soy sauce | 3 tablespoons sesame oil | 1 egg, beaten | 5 cups finely shredded Chinese cabbage","2. Combine pork, ginger, garlic, green onion, soy sauce, sesame oil, egg and cabbage in a large bowl. Stir until well mixed. | 3. Place 1 heaping teaspoon of pork filling onto each wonton skin. Moisten edges with water and fold edges over to form a triangle shape. Roll edges slightly to seal in filling. Set dumplings aside on a lightly floured surface until ready to cook. | 4. Arrange dumplings in a covered bamboo or metal steamer so they don&#39;t touch to prevent them from sticking together; steam until pork is cooked through, about 15 minutes. | 5. Serve hot and enjoy!",752kcal,29g,9g,129mg,1449mg,81g,3g,1g,39g,not provided,not provided,not provided,not provided
Chicken Souvlaki with Tzatziki Sauce,https://www.allrecipes.com/recipe/231644/chicken-souvlaki-with-tzatziki-sauce/,6,15m,15m,2h 30m,"0.25 cup olive oil | 2 cloves garlic, minced | 2 tablespoons lemon juice | 1 teaspoon dried oregano | 0.5 teaspoon salt | 1.5 pounds skinless, boneless chicken breast halves - cut into bite-sized pieces | 6 wooden skewers, or as needed | 1 (6 ounce) container plain Greek-style yogurt | 0.5 cucumber - peeled, seeded, and grated | 1 tablespoon olive oil | 2 teaspoons white vinegar | 1 clove garlic, minced | 1 pinch salt","2. Gather all ingredients. | 3. Prepare kabobs: Combine olive oil, garlic, lemon juice, oregano, and salt in a large resealable bag. Add chicken, coat with the marinade, squeeze out excess air and seal the bag; marinate in the refrigerator for 2 hours. | 4. Prepare sauce: Mix yogurt, cucumber, olive oil, vinegar, garlic, and salt together in a bowl. Refrigerate sauce for flavors to blend, 1 to 2 hours. | 5. Soak wooden skewers in a bowl of cold water for about 15 minutes. Preheat an outdoor grill for medium-high heat and lightly oil the grate. | 6. Remove chicken from marinade and thread onto the soaked skewers. Discard unused marinade. | 7. Cook the skewers on the preheated grill, turning frequently until browned on all sides and chicken is no longer pink in the center, about 7 to 8 minutes per side. | 8. Serve with tzatziki sauce. Enjoy!",268kcal,17g,4g,71mg,295mg,3g,0g,1g,26g,3mg,21mg,1mg,236mg
Daddy&#39;s Shrimp Toast,https://www.allrecipes.com/recipe/25870/daddys-shrimp-toast/,8,35m,15m,50m,"1 pound fresh shrimp, peeled, deveined and finely minced | 0.5 medium yellow onion, minced | 0.5 cup finely chopped water chestnuts | 0.5 cup finely chopped celery | 1 green onion, finely chopped | 0.5 cup cooked crabmeat | 1 large egg, beaten | 1.5 tablespoons chopped fresh parsley | 1 teaspoon sesame oil | 1 teaspoon minced garlic | 5 drops soy sauce | salt and ground black pepper to taste | 0.25 cup soy sauce | 3 tablespoons chopped fresh parsley | 1 tablespoon water | 1 teaspoon sesame oil | 1 teaspoon white sugar | 0.25 teaspoon garlic powder, or to taste | 2 cups oil for frying | 8 thick slices white bread","2. Gather all ingredients. | 3. Make the shrimp paste: Mix shrimp, onion, water chestnuts, celery, and green onion together in a mixing bowl. Stir in crabmeat, egg, parsley, sesame oil, garlic, soy sauce, salt, and pepper. | 4. Make the dipping sauce: Whisk soy sauce, parsley, water, sesame oil, sugar, and garlic powder together in a small bowl. | 5. Make the toast: Heat 1/2 inch oil in a large, heavy skillet over medium heat. | 6. Spread each slice bread with a thick layer of shrimp paste, pressing gently so it sticks to bread. | 7. Working in batches, fry bread, paste-side down, in hot oil until golden and shrimp is pink, 2 to 3 minutes. Flip carefully and cook until bread is golden brown, about 1 minute. Drain on paper towels. | 8. Slice shrimp toasts diagonally and serve with dipping sauce.",666kcal,59g,8g,116mg,817mg,18g,1g,not provided,17g,5mg,90mg,3mg,221mg
Watermelon Agua Fresca,https://www.allrecipes.com/recipe/214367/watermelon-agua-fresca/,8,25m,not provided,25m,"4 cups cubed seeded watermelon | 0.5 cup water | 0.5 cup white sugar, or to taste | 4 slices lime | 24 fresh mint leaves | 8 cups ice, or as needed","2. Gather all ingredients. | 3. Place watermelon and water in a blender; process until smooth. Add sugar to taste. | 4. Cut lime slices in half; place a half lime slice into each of 8 glasses along with 3 mint leaves. Crush mint and lime with a cocktail muddler to release juice, then fill each glass with 1 cup of ice. | 5. Pour watermelon agua fresca over ice in each glass; stir before serving.",72kcal,0g,not provided,not provided,1mg,19g,0g,17g,1g,7mg,8mg,0mg,90mg
Gajar Ka Halwa (Carrot Halwa),https://www.allrecipes.com/recipe/282238/gajar-ka-halwa-carrot-halwa/,8,10m,1h 30m,1h 40m,"2 tablespoons sunflower seed oil | 2 pounds carrots, grated | 1.5 quarts whole milk | 2 cups white sugar | 0.5 cup raisins | 1.5 teaspoons ground cardamom | 1 pinch saffron threads | 8 tablespoons chopped pistachio nuts","2. Heat ghee in a large saucepan over medium heat and add carrots. Cook and stir briefly, about 3 minutes. Pour in milk and increase heat; bring to a boil and cook, stirring constantly, for 5 minutes. Reduce heat to low and simmer gently, uncovered, and stirring occasionally until moisture evaporates, about 1 hour. | 3. Bring carrot mixture back to a boil; add sugar, raisins, cardamom, and saffron. Cook and stir until mixture has thickened, about 10 minutes. | 4. Ladle carrot halwa into 8 individual serving dishes. Top each serving with 1 tablespoon pistachios. Serve warm or chill before serving.",459kcal,14g,4g,18mg,187mg,80g,5g,70g,9g,7mg,260mg,1mg,792mg
Greek Horiatiki Salad,https://www.allrecipes.com/recipe/278767/greek-horiatiki-salad/,4,10m,not provided,30m,"5 large tomatoes | 1 small red onion, thinly sliced | sea salt to taste | 1.5 teaspoons dried oregano | 1 small green bell pepper, sliced | 0.5 medium cucumber, sliced | 0.25 cup Greek black olives | 3 tablespoons extra-virgin olive oil | 1 (8 ounce) package feta cheese","2. Cut tomatoes into wedges over a large serving bowl so that any extra juices land in the bowl with tomato wedges. Add onion slices and oregano, then season liberally with salt; mix to combine. Allow tomatoes to sit at room temperature until juices have released, at least 20 to 30 minutes or up to 2 hours. | 3. Mix in bell pepper, cucumber, and olives just before serving. Top with feta cheese and drizzle with olive oil.",233kcal,18g,6g,25mg,486mg,14g,4g,9g,7g,46mg,189mg,3mg,662mg
Filipino Pork Adobo,https://www.allrecipes.com/recipe/115038/filipino-pork-adobo/,6,20m,2h 30m,2h 50m,"1 cup distilled white vinegar | 1 cup soy sauce | 0.5 cup ketchup | 1 tablespoon minced garlic | 3 bay leaves | 1 teaspoon fresh-ground black pepper | 2.5 pounds lean pork, cut into 1 inch cubes | 1 pound small green beans, trimmed","2. Stir together the vinegar, soy sauce, ketchup, garlic, and bay leaves in a large saucepan. Add the cubed pork, and bring to a boil over high heat. Reduce heat to medium-low, cover, and simmer until the pork is tender, about 2 1/2 hours. Stir occasionally. If using the green beans, add them during the last half hour of cooking.",337kcal,16g,6g,90mg,2687mg,14g,3g,6g,35g,17mg,68mg,3mg,757mg
Chipotle Barbacoa,https://www.allrecipes.com/recipe/246836/chipotle-barbacoa/,6,25m,6h 5m,6h 30m,"2 tablespoons vegetable oil | 1 (2 pound) beef chuck roast, trimmed and cut into 4 to 6 pieces | 4 chipotle peppers in adobo sauce | 0.33333334326744 cup apple cider | 3 tablespoons lime juice | 4 cloves garlic, peeled, or more to taste | 4 teaspoons cumin | 1 serrano chile pepper, chopped | 1 tablespoon ground cayenne pepper, or more to taste | 2.5 teaspoons dried oregano | 1 teaspoon ground black pepper | 1 teaspoon garlic powder | 0.5 teaspoon salt | 0.5 teaspoon ground cloves | 1 cup chicken broth | 1 small onion, finely chopped | 3 bay leaves","2. Heat oil in a large skillet over low heat, gradually increasing heat to medium-high. Cook beef in hot oil until browned, about 10 seconds per side. Transfer beef to a slow cooker. | 3. Combine chipotle peppers, apple cider, lime juice, garlic, cumin, serrano pepper, cayenne pepper, oregano, black pepper, garlic powder, salt, and cloves in a blender or food processor; blend until smooth. Pour over beef in the slow cooker. | 4. Stir broth, onion, and bay leaves into the slow cooker. | 5. Cook on Low until beef shreds easily with a fork, 6 to 8 hours. Remove beef from slow cooker and shred beef using 2 forks. Return shredded beef to the slow cooker and stir to combine with sauce before serving.",244kcal,14g,4g,71mg,449mg,7g,2g,3g,22g,6mg,44mg,4mg,277mg
Homemade Sushi Rolls,https://www.allrecipes.com/recipe/8536667/homemade-sushi-rolls/,24,45m,15m,1h 40m,1.33 cups sushi rice | 1 (4 inch) piece dashi kombu (dried kelp) | 3 cups water | 2 tablespoons rice wine | 2 tablespoons sugar | 0.75 teaspoon salt | 4 nori seaweed sheets | desired fillings (see bottom of recipe),"2. Put rice into a large deep bowl. Fill with cold water and rub rice together with hands until water turns milky white. Drain cloudy water, being careful not to pour out rice. Repeat three or four times until you can see rice through 3 inches of water; drain once more. | 3. Transfer rice to a saucepan; add kombu and 3 cups water. Let stand 30 minutes. Cover; bring to a boil over high heat. Reduce heat to low; simmer 10 minutes. Remove from heat and let stand, covered, 5 minutes. | 4. Meanwhile, stir together rice vinegar, sugar, and salt in a small bowl until dissolved. | 5. Remove and discard kombu; stir in vinegar mixture until no lumps remain. Spread rice mixture onto a rimmed 9x13 baking sheet. [Spreading helps cool rice and prevents it from continuing to cook.] Let cool to room temperature. | 6. Lay one sheet of nori on a sushi mat lined with plastic wrap; spread 1 cup of rice over nori with damp fingers, leaving a 1-inch border along one edge. Arrange desired fillings (see below) crosswise just off center of rice. Carefully lift filled edge of nori and roll over filling toward unfilled edge, tucking as you roll. Brush unfilled edge of nori with water; press to seal. Cut each roll into 8 pieces. Repeat with remaining nori, rice, and fillings. To make ahead, chill, covered, up to 4 hours.",not provided,not provided,not provided,not provided,not provided,not provided,not provided,not provided,not provided,not provided,not provided,not provided,not provided
Gyoza Sauce,https://www.allrecipes.com/recipe/162361/gyoza-sauce/,16,5m,not provided,20m,"0.5 cup rice vinegar | 0.5 cup low-sodium soy sauce | 0.33333334326744 cup thinly sliced green onions | 1 garlic clove, minced | 1 teaspoon sesame oil | 0.5 teaspoon crushed red pepper flakes | 0.5 teaspoon minced fresh ginger root","2. Gather all ingredients. | 3. Whisk together rice vinegar, soy sauce, green onions, garlic, sesame oil, red pepper flakes, and ginger in a bowl. | 4. Let sit for 15 minutes before serving. | 5. Store covered in the refrigerator for up to 1 week. Enjoy!",8kcal,0g,not provided,not provided,266mg,1g,0g,0g,1g,1mg,3mg,0mg,23mg
Japanese-Style Sesame Green Beans,https://www.allrecipes.com/recipe/87590/japanese-style-sesame-green-beans/,4,5m,15m,20m,"1 tablespoon canola oil | 1.5 teaspoons sesame oil | 1 pound fresh green beans, washed | 1 tablespoon soy sauce | 1 tablespoon toasted sesame seeds","2. Warm a large skillet or wok over medium heat. When the skillet is hot, pour in canola and sesame oils, then place whole green beans into the skillet. Stir the beans to coat with oil. Cook until the beans are bright green and slightly browned in spots, about 10 minutes. Remove from heat, and stir in soy sauce; cover, and let sit about 5 minutes. Transfer to a serving platter, and sprinkle with toasted sesame seeds.",97kcal,7g,1g,not provided,233mg,9g,4g,2g,3g,19mg,65mg,2mg,256mg
Eel Sauce,https://www.allrecipes.com/recipe/201093/eel-sauce/,6,5m,10m,15m,0.5 cup soy sauce | 0.5 cup white sugar | 0.5 cup mirin (Japanese sweet wine),"2. Gather all ingredients. | 3. Heat soy sauce, sugar, and mirin in a small saucepan over medium heat. | 4. Cook and stir until liquid is reduced to about 3/4 cup.",121kcal,not provided,not provided,not provided,1203mg,25g,0g,23g,1g,not provided,6mg,0mg,47mg
Chana Masala (Indian Chickpea Curry) ,https://www.allrecipes.com/recipe/236564/chana-masala-savory-indian-chick-peas/,2,15m,15m,30m,"1 onion, chopped | 1 tomato, chopped | 1 (1 inch) piece fresh ginger, peeled and chopped | 4 cloves garlic, chopped, or more to taste | 1 green chile pepper, seeded and chopped | 3 tablespoons olive oil | 2 fresh bay leaves | 1 teaspoon chili powder | 1 teaspoon coriander powder | 1 teaspoon garam masala | 0.5 teaspoon turmeric powder | 1 pinch salt to taste | water as needed | 1 (15 ounce) can chickpeas | 1 teaspoon fresh cilantro leaves, for garnish, or more to taste","2. Grind onion, tomato, ginger, garlic, and chile pepper together in a food processor into a paste. | 3. Heat olive oil in a large skillet over medium heat. Fry bay leaves in hot oil until fragrant, about 30 seconds. Pour the paste into the skillet and cook until the oil begins to separate from the mixture and is golden brown in color, 2 to 3 minutes. Season the mixture with chili powder, coriander, gram masala, turmeric, and salt; cook and stir until very hot, 2 to 3 minutes. | 4. Stir just enough water into the mixture to get a thick sauce; bring to a boil and stir chickpeas into the sauce. Reduce heat to medium and cook until the chickpeas are heated through, 5 to 7 minutes. Garnish with cilantro.",413kcal,23g,3g,not provided,525mg,46g,10g,5g,9g,76mg,103mg,3mg,635mg
Grilled Asian Chicken,https://www.allrecipes.com/recipe/8919/grilled-asian-chicken/,4,15m,15m,45m,"0.25 cup soy sauce | 2 tablespoons honey | 4 teaspoons sesame oil | 2 cloves garlic, crushed | 3 slices fresh ginger root | 4 skinless, boneless chicken breast halves","2. Gather all ingredients. | 3. Combine soy sauce, honey, sesame oil, garlic, and ginger in a small microwave-safe bowl; heat in the microwave on medium power for 1 minute, then stir. Heat again for 30 seconds, watching closely to prevent boiling. | 4. Place chicken breasts in a shallow dish. Pour soy sauce mixture over top and set aside to marinate for 15 minutes. | 5. Preheat an outdoor grill for medium-high heat and lightly oil the grate. Meanwhile, remove chicken from marinade; transfer marinade into a small saucepan and bring to a boil. Reduce heat to low and simmer until thick, about 1 minute. Set aside for basting. | 6. Cook chicken on the preheated grill, basting frequently with reserved marinade, until golden brown on all sides and chicken is no longer pink in the center, about 6 to 8 minutes per side. An instant-read meat thermometer inserted into the thickest piece should read at least 160 degrees F (70 degrees C).",217kcal,8g,2g,67mg,961mg,11g,0g,9g,26g,1mg,19mg,1mg,255mg
Japanese Pan Noodles,https://www.allrecipes.com/recipe/260850/japanese-pan-noodles/,4,25m,25m,50m,"1 (10 ounce) package fresh udon noodles | 0.5 teaspoon sesame oil, divided, or to taste | 2 cups chopped broccoli | 0.5 green bell pepper, cut into matchsticks | 2 small carrots, cut into matchsticks, or to taste | 0.5 zucchini, thinly sliced | 2 tablespoons soy sauce | 2 tablespoons mirin (Japanese sweet wine) | 1 tablespoon chili-garlic sauce | 0.75 teaspoon minced ginger","2. Bring a large pot of lightly salted water to a boil. Cook udon in boiling water, stirring occasionally, until noodles are tender yet firm to the bite, 10 to 12 minutes. Drain and rinse with cold water. Stir in a few drops of sesame oil. | 3. Heat the remaining sesame oil in a large skillet over medium heat. Cook broccoli until bright green and still crunchy, about 5 minutes. Add green bell pepper and carrots; cook and stir until slightly softened, about 2 minutes. Add zucchini; cook until slightly softened, about 2 minutes more. Add soy sauce, mirin, chili-garlic sauce, and ginger; stir to combine. Mix in the noodles; cook and stir until noodles absorb some of the sauce, 1 to 2 minutes more.",258kcal,2g,0g,not provided,1069mg,50g,3g,5g,7g,56mg,46mg,1mg,359mg
German Pork Chops and Sauerkraut,https://www.allrecipes.com/recipe/216330/german-pork-chops-and-sauerkraut/,8,15m,55m,1h 10m,"8 center cut pork chops | 2 pounds sauerkraut, drained | 1 large red apple, diced | 1 onion, chopped | 1 cup brown sugar | 1 tablespoon caraway seeds","2. Preheat the oven to 350 degrees F (175 degrees C). | 3. Heat a large nonstick skillet over medium-high heat. Brown pork chops on both sides, about 5 minutes per side. Place chops into a 9x13-inch baking dish. | 4. Mix sauerkraut, apple, onion, brown sugar, and caraway seeds in a bowl until well combined, and spread the sauerkraut mixture over the pork chops. Cover the dish with aluminum foil. | 5. Bake in the preheated oven until the pork is no longer pink inside, about 45 minutes. An instant-read thermometer inserted into the center of a chop should read 145 degrees F (63 degrees C).",363kcal,10g,4g,70mg,800mg,39g,4g,33g,29g,21mg,76mg,3mg,711mg
Coffee Jelly,https://www.allrecipes.com/recipe/214724/coffee-jelly/,4,5m,5m,6h 10m,2 tablespoons hot water | 1 (.25 ounce) package unflavored gelatin | 2 cups fresh brewed coffee | 3 tablespoons white sugar,"2. Gather all ingredients. | 3. Stir gelatin and hot water together in a small bowl until gelatin dissolves; pour into a saucepan. Stir in coffee and sugar; bring to a boil over high heat. | 4. Pour coffee mixture into a shallow, 9-inch square baking dish. Chill in the refrigerator until solidified, 6 to 7 hours. | 5. Cut coffee jelly into cubes to serve. | 6. Enjoy!",43kcal,not provided,not provided,not provided,6mg,9g,not provided,9g,2g,not provided,4mg,not provided,59mg
Roasted Greek Lemon Potatoes,https://www.allrecipes.com/recipe/239180/greek-style-lemon-roasted-potatoes/,6,15m,1h 0m,1h 15m,"3 pounds potatoes, peeled and cut into thick wedges | 0.33333334326744 cup olive oil | 2 lemons, juiced | 2 teaspoons salt | 1 teaspoon oregano | 0.5 teaspoon ground black pepper | 3 cups chicken broth","2. Gather all ingredients. Preheat the oven to 400 degrees F (200 degrees C). | 3. Put potato wedges in a large bowl. Drizzle with olive oil and lemon juice and toss to coat. Season with salt, oregano, and black pepper; toss again to coat. | 4. Spread potato wedges in a single layer in a 2-inch-deep pan. Pour chicken broth over potatoes. | 5. Roast potatoes in the preheated oven until tender, crispy, and golden, about 1 hour. | 6. Enjoy!",282kcal,12g,2g,not provided,789mg,40g,5g,2g,5g,45mg,33mg,2mg,962mg
Siopao (Filipino Steamed Buns),https://www.allrecipes.com/recipe/213010/siopao-filipino-steamed-buns/,16,30m,not provided,1h 45m,"3.3333332538605 cups all-purpose flour | 0.5 cup white sugar | 0.5 teaspoon salt | 1 (.25 ounce) package active dry yeast | 1 cup lukewarm water | 0.25 cup vegetable oil | 1 teaspoon vegetable oil, or as needed","2. Mix flour, sugar, salt, and yeast together in a large bowl. Add water and 1/4 cup oil; mix into a dough. Knead until smooth and elastic, at least 10 minutes. Dust with extra flour if necessary. | 3. Warm up the oven for 1 minute. Turn oven off. | 4. Oil a large bowl; place dough inside and cover with cheesecloth. Place in the warmed oven until size has doubled, about 1 hour. | 5. Punch down dough. Keep in the oven until risen, at least 15 minutes more. Knead dough onto a flat work surface and divide into 12 golf-sized balls. Roll out each ball and fill with choice of filling (see footnote for my chicken and pork filling). Gather and twist the edges together to secure the filling. | 6. Place each siopao on a 3x3-inch piece of wax paper. | 7. Place siopao in a steamer and steam for 30 minutes.",153kcal,4g,1g,not provided,74mg,26g,1g,6g,3g,not provided,5mg,1mg,37mg
Red Lentil Curry,https://www.allrecipes.com/recipe/16641/red-lentil-curry/,8,10m,40m,50m,"2 cups red lentils | 3 cups water, or more as needed | 1 tablespoon vegetable oil | 1 large onion, diced | 2 tablespoons curry paste | 1 tablespoon curry powder | 1 teaspoon ground turmeric | 1 teaspoon ground cumin | 1 teaspoon chili powder | 1 teaspoon salt | 1 teaspoon white sugar | 1 teaspoon minced garlic | 1 teaspoon minced fresh ginger | 1 (14.25 ounce) can tomato puree","2. Gather all ingredients. | 3. Wash lentils in cold water until water runs clear. | 4. Put lentils in a pot with enough water to cover; bring to a boil and reduce heat to medium-low. Cover and simmer, adding water as needed to keep lentils covered, until tender, 15 to 20 minutes. Drain. | 5. Heat vegetable oil in a large skillet over medium heat; cook and stir onions in hot oil until caramelized, about 20 minutes. | 6. Mix together curry paste, curry powder, turmeric, cumin, chili powder, salt, sugar, garlic, and ginger in a large bowl; stir into onions. | 7. Increase heat to high and cook, stirring constantly, until fragrant, 1 to 2 minutes. | 8. Stir in tomato puree and lentils; cook until warmed through. | 9. Serve and enjoy!",192kcal,3g,0g,not provided,572mg,33g,11g,7g,12g,9mg,44mg,6mg,727mg
Mulligatawny Soup,https://www.allrecipes.com/recipe/13087/mulligatawny-soup-i/,6,20m,1h 0m,1h 20m,"0.5 cup chopped onion | 2 stalks celery, chopped | 1 carrot, diced | 0.25 cup butter | 1.5 tablespoons all-purpose flour | 1.5 teaspoons curry powder | 4 cups chicken broth | 0.5 apple, cored and chopped | 0.25 cup white rice | 1 skinless, boneless chicken breast half - cut into cubes | 1 pinch dried thyme | salt and ground black pepper to taste | 0.5 cup heavy cream, heated","2. Gather all ingredients. | 3. Melt butter in a large soup pot over medium heat. Add onions, celery, and carrot and sauté until soft, 5 to 7 minutes. Add flour and curry, and cook 5 more minutes, stirring frequently. | 4. Add chicken broth, mix well, and bring to a boil. Reduce heat and simmer for about 30 minutes. Add apple, rice, chicken, thyme, salt, and pepper. Simmer until rice is tender, 15 to 20 minutes. | 5. Just before serving, stir in hot cream. | 6. Serve and enjoy!",223kcal,16g,10g,62mg,734mg,14g,1g,3g,7g,3mg,38mg,1mg,186mg
Traditional Gyros,https://www.allrecipes.com/recipe/240559/traditional-gyros/,12,15m,45m,3h 15m,"1 small onion, cut into chunks | 1 pound ground lamb | 1 pound ground beef | 1 tablespoon minced garlic | 1 teaspoon dried oregano | 1 teaspoon ground cumin | 1 teaspoon dried marjoram | 1 teaspoon dried thyme | 1 teaspoon dried rosemary | 1 teaspoon freshly ground black pepper | 0.25 teaspoon sea salt | 12 tablespoons hummus | 12 pita bread rounds | 1 small head lettuce, shredded | 1 large tomato, sliced | 1 large red onion, sliced | 6 ounces crumbled feta cheese | 24 tablespoons tzatziki sauce","2. Place onion in a food processor and finely chop. Transfer onion to a piece of cheesecloth and squeeze out the liquid. Place onion in a large bowl. | 3. Mix lamb, beef, garlic, oregano, cumin, marjoram, thyme, rosemary, black pepper, and salt with the onion using your hands until well mixed. Cover bowl with plastic wrap and refrigerate until flavors blend, about 2 hours. | 4. Preheat the oven to 325 degrees F (165 degrees C). | 5. Place meat mixture in a food processor and pulse until finely chopped and tacky, about 1 minute. Pack meat mixture into a 7x4-inch loaf pan, ensuring there are no air pockets. Place the loaf pan into a roasting pan and pour enough boiling water around the loaf pan to reach halfway up the sides for a water bath. | 6. Bake in the preheated oven until no longer pink in the center, 45 to 60 minutes. An instant-read thermometer inserted into the center should read at least 165 degrees F (74 degrees C). Pour off any accumulated fat and cool slightly. | 7. Thinly slice the cooked gyro meat loaf. | 8. Spread 1 tablespoon hummus onto each pita bread. Then top each with some of the gyro meat slices, shredded lettuce, tomato slices, red onion slices, feta cheese crumbles, and 2 tablespoons tzatziki sauce to complete each sandwich.",425kcal,41g,7g,61mg,620mg,43g,3g,4g,22g,6mg,158mg,4mg,367mg
Chinese Tea Eggs,https://www.allrecipes.com/recipe/51326/chinese-tea-leaf-eggs/,8,20m,3h 0m,11h 20m,"3 cups water | 2 tablespoons black tea leaves | 1 tablespoon soy sauce | 1 tablespoon black soy sauce | 1 tablespoon tangerine zest | 1 (2 inch) piece cinnamon stick | 2 pods star anise | 1.25 teaspoons salt, divided | 8 large eggs","2. Gather all ingredients. | 3. Combine 3 cups water, tea leaves, soy sauce, black soy sauce, zest, cinnamon stick, star anise, and 1/4 teaspoon salt in a large saucepan; bring to a boil. Reduce heat, cover, and simmer for 3 hours. | 4. Meanwhile, place eggs and remaining 1 teaspoon salt into a medium pot; cover with cold water. Bring to a boil, reduce heat, and simmer for 20 minutes. | 5. Remove from heat, drain, and cool. Tap cooled eggs with the back of a spoon to crack shells; do not remove shells. | 6. Remove the saucepan from the heat. Add eggs and let steep for at least 8 hours, or for a richer flavor, up to 1 ½ days.",75kcal,5g,2g,186mg,624mg,1g,0g,0g,7g,0mg,35mg,1mg,91mg
Indian Style Basmati Rice,https://www.allrecipes.com/recipe/72349/indian-style-basmati-rice/,6,not provided,35m,50m,"1.5 cups basmati rice | 2 tablespoons vegetable oil | 1 (2 inch) piece cinnamon stick | 2 pods green cardamom | 2 whole cloves | 1 tablespoon cumin seed | 1 small onion, thinly sliced | 2.5 cups water | 1 teaspoon salt, or to taste","2. Gather all ingredients. | 3. Place rice into a bowl with enough water to cover. Set aside to soak for 20 minutes. | 4. In the last 10 minutes of soaking, heat oil in a large pot or saucepan over medium heat. Add cinnamon stick, cardamom pods, and cloves, then stir in cumin seed. | 5. Cook and stir until fragrant and toasted, about a minute. Add sliced onion and stir. | 6. Sauté until the onion is tender and a rich golden brown color, about 10 minutes. | 7. Drain water from rice, and stir into the pot. Cook and stir rice until lightly toasted, about 3 minutes. | 8. Add water and salt, and bring to a boil. Cover and reduce heat to low. Simmer until all the water has been absorbed, about 15 minutes. | 9. Let stand for 5 minutes, then fluff with a fork before serving.",216kcal,5g,1g,not provided,394mg,39g,1g,1g,4g,1mg,26mg,1mg,39mg
Filipino Beef Steak,https://www.allrecipes.com/recipe/212911/filipino-beef-steak/,10,15m,10m,1h 25m,"4 pounds New York strip steak, sliced thin | 1 lemon, juiced | 3 tablespoons soy sauce | 1 teaspoon white sugar | salt and pepper to taste | 1 tablespoon cornstarch | 0.25 cup vegetable oil | 3 tablespoons olive oil | 1 onion, chopped | 2 cloves garlic, chopped","2. Place sliced beef in a large bowl. Whisk together lemon juice, soy sauce, sugar, salt, and pepper in a small bowl; pour over beef and toss to coat. Stir in cornstarch. Cover and refrigerate for 1 hour to overnight. | 3. Heat vegetable oil in a large skillet over medium heat. | 4. Remove beef slices from marinade, shaking to remove any excess liquid. Discard marinade. | 5. Working in batches, fry beef slices in hot oil until they start to firm and are reddish-pink and juicy in the center, 2 to 4 minutes per side. Transfer beef slices to a serving platter. | 6. Heat olive oil in a small skillet over medium heat. Cook and stir onion and garlic in hot oil until onion is golden brown, 5 to 7 minutes; spoon over beef slices.",638kcal,47g,17g,143mg,380mg,4g,0g,1g,48g,7mg,24mg,4mg,698mg
Indian Saag,https://www.allrecipes.com/recipe/64066/indian-saag/,6,30m,20m,50m,"0.5 cup butter | 2 tablespoons ground turmeric | 2 teaspoons cumin seed | 1 green chile pepper, seeded and diced | 2 cloves garlic, chopped | 1 pound chopped fresh mustard greens | 1 pound chopped fresh spinach | 1 teaspoon ground cumin | 1 teaspoon ground coriander | 1 teaspoon salt","2. Melt butter in a large skillet or wok over medium-high heat; cook and stir turmeric, cumin seed, chile pepper, and garlic until fragrant, about 2 minutes. | 3. Stir in chopped mustard greens and spinach a little at a time, adding the tougher stems and thicker leaves first. Cook and stir until greens are thoroughly wilted. | 4. Stir in ground cumin, coriander, and salt. Cover, reduce heat, and simmer until greens are tender, about 10 minutes; add water as needed to keep greens moist.",182kcal,16g,10g,41mg,565mg,8g,4g,1g,5g,46mg,183mg,5mg,619mg
Chinese Eggplant with Garlic Sauce,https://www.allrecipes.com/recipe/201964/eggplant-with-garlic-sauce/,6,10m,15m,25m,"3 tablespoons canola oil | 4 Chinese eggplants, halved lengthwise and cut into 1 inch half moons | 1 cup water | 3 tablespoons garlic powder | 1 tablespoon crushed red pepper flakes | 2 tablespoons light soy sauce | 2 tablespoons oyster sauce | 5 teaspoons white sugar | 1 teaspoon cornstarch","2. Heat oil in a large skillet over high heat. Cook and stir eggplant in hot oil until soft, about 4 minutes. Stir in water, garlic powder, and red pepper flakes. Cover and simmer until water is absorbed. | 3. Meanwhile, whisk soy sauce, oyster sauce, sugar, and cornstarch together in a small bowl until sugar and cornstarch are dissolved. | 4. Stir soy sauce mixture into eggplant until evenly coated; continue cooking until sauce has thickened.",187kcal,8g,1g,not provided,224mg,29g,13g,13g,5g,10mg,41mg,1mg,927mg
Indian Chicken Curry (Murgh Kari),https://www.allrecipes.com/recipe/212721/indian-chicken-curry-murgh-kari/,6,20m,40m,1h 0m,"2 pounds skinless, boneless chicken breast halves | 2 teaspoons salt | 0.5 cup cooking oil | 1.5 cups chopped onion | 1 tablespoon minced garlic | 1.5 teaspoons minced fresh ginger root | 1 tablespoon curry powder | 1 teaspoon ground cumin | 1 teaspoon ground turmeric | 1 teaspoon ground coriander | 1 teaspoon cayenne pepper | 1 tablespoon water | 1 (15 ounce) can crushed tomatoes | 1 cup plain yogurt | 1 tablespoon chopped fresh cilantro | 1 teaspoon salt | 0.5 cup water | 1 teaspoon garam masala | 1 tablespoon chopped fresh cilantro | 1 tablespoon fresh lemon juice","2. Gather all ingredients. | 3. Sprinkle the chicken breasts with 2 teaspoons salt. Heat oil in a large skillet over high heat; partially cook the chicken in the hot oil in batches until completely browned on all sides. Transfer browned chicken breasts to a plate and set aside. | 4. Reduce the heat to medium and add onion, garlic, and ginger to the oil remaining in the skillet. Cook and stir until onion turns soft and translucent, 5 to 8 minutes. Stir curry powder, cumin, turmeric, coriander, cayenne, and 1 tablespoon of water into the onion mixture; allow to heat together for about 1 minute while stirring. | 5. Add tomatoes, yogurt, 1 tablespoon chopped cilantro, and 1 teaspoon salt to the mixture; stir to combine. | 6. Return chicken breast to the skillet along with any juices on the plate. Pour in 1/2 cup water and bring to a boil, turning the chicken to coat with the sauce. Sprinkle garam masala and 1 tablespoon cilantro over the chicken. | 7. Cover the skillet and simmer until chicken breasts are no longer pink in the center and the juices run clear, about 20 minutes. An instant-read thermometer inserted into the center should read at least 165 degrees F (74 degrees C). Drizzle with lemon juice to serve. | 8. Drizzle with lemon juice to serve.",427kcal,24g,5g,95mg,1370mg,15g,3g,5g,38g,12mg,143mg,3mg,699mg
Greek Butter Cookies,https://www.allrecipes.com/recipe/25064/greek-butter-cookies/,48,20m,10m,30m,"1 cup butter, softened | 0.75 cup white sugar | 1 egg | 0.5 teaspoon vanilla extract | 0.5 teaspoon almond extract | 2.25 cups all-purpose flour | 0.5 cup confectioners' sugar for dusting","2. Preheat the oven to 400 degrees F (200 degrees C). Grease cookie sheets. | 3. Beat butter, sugar, and egg together in a medium bowl with an electric mixer until smooth. Stir in vanilla and almond extracts. Blend in flour, then use your hands to form a soft dough. Take about a teaspoon of dough at a time and roll into balls, logs, or &#34;S&#34; shapes. Place cookies 1 to 2 inches apart on the prepared cookie sheets. | 4. Bake in the preheated oven until edges are golden, about 10 minutes. Allow cookies to cool completely before dusting with confectioners&#39; sugar.",74kcal,4g,3g,14mg,29mg,9g,0g,4g,1g,not provided,3mg,0mg,9mg
Bierock Casserole,https://www.allrecipes.com/recipe/23070/bierock-casserole/,6,20m,25m,45m,"0.5 cup chopped onion | 1.5 pounds lean ground beef | 1 (16 ounce) can sauerkraut, drained and pressed dry | 2 (8 ounce) cans refrigerated crescent rolls | 1 (8 ounce) package shredded Cheddar cheese","2. Preheat the oven to 350 degrees F (175 degrees C). | 3. Brown onion and ground beef in a large skillet over medium-high heat. Drain extra fat out of skillet, then stir in drained sauerkraut. Heat through and set aside. | 4. Press 1 package of crescent roll dough into the bottom of a lightly greased 9x13-inch baking dish. Spread beef mixture on top, then lay 2nd package of crescent roll dough over the top of beef mixture. Press dough seams together and sprinkle all with cheese. | 5. Bake in preheated oven for 25 to 30 minutes, or until golden brown.",674kcal,42g,17g,114mg,894mg,33g,0g,6g,37g,3mg,300mg,5mg,382mg
German Schwenkbraten,https://www.allrecipes.com/recipe/142881/german-schwenkbraten/,8,15m,20m,24h 35m,"10 onions, cut into wedges | 1 cup vegetable oil | 4 cloves garlic, crushed | 7 dried juniper berries, crushed | 1 tablespoon German stone ground mustard | 1 tablespoon dried thyme | 1 tablespoon dried oregano | 1 tablespoon paprika | 1 tablespoon curry powder | 1 tablespoon cayenne pepper | 1 tablespoon ground black pepper | 8 (8 ounce) boneless pork loin chops","2. Place onion wedges in a bowl. Use a large spoon to gently press onions until they release some of their juices. Combine oil, garlic, juniper berries, mustard, thyme, oregano, paprika, curry powder, cayenne pepper, and black pepper with onions; mix to combine. | 3. Arrange pork chops in a large baking pan; pour marinade evenly on top. Cover and refrigerate for at least 24 hours. | 4. Preheat an outdoor grill for medium heat. | 5. Meanwhile, remove pork from marinade and allow to come to room temperature. Wrap onions separately in a foil pouch; discard marinade. | 6. Cook pork steaks and onions on the preheated grill until pork is no longer pink in the center, about 10 minutes per side.",649kcal,48g,12g,110mg,109mg,16g,4g,6g,39g,13mg,89mg,3mg,825mg
Hasty Pudding,https://www.allrecipes.com/recipe/9447/hasty-pudding/,12,not provided,not provided,0m,1 cup packed brown sugar | 1 teaspoon vanilla extract | 2 tablespoons butter | 1 cup boiling water | 0.5 cup white sugar | 0.75 cup all-purpose flour | 0.5 cup milk | 1 teaspoon baking powder | 0.75 cup chopped nuts | 0.5 cup raisins,"2. Preheat oven to 350 degrees F (175 degrees C). Grease a 9 inch square baking dish. | 3. In a medium bowl, mix together brown sugar, boiling water, vanilla, and butter. Pour into prepared baking dish. | 4. In a clean bowl, mix together white sugar, flour, milk, baking powder, nuts, and raisins. Drop by spoonfuls on top of the mixture in the baking dish. | 5. Bake in preheated oven for 30 minutes. Serve warm.",226kcal,7g,2g,6mg,55mg,40g,1g,31g,3g,0mg,58mg,1mg,146mg
Authentic Filipino Pancit,https://www.allrecipes.com/recipe/98629/authentic-filipino-pancit/,6,15m,45m,1h 0m,"4 boneless chicken thighs | 1 (8 ounce) package dried rice noodles | 2 tablespoons soy-based liquid seasoning (such as Maggi®), or to taste | 3 tablespoons olive oil, divided | 1 tablespoon sesame oil | 3 cloves garlic, chopped | 1 medium onion, chopped | 0.5 large head cabbage, thinly sliced | 2 carrots, julienned | 1 teaspoon garlic salt","2. Bring a pot of water to a boil over high heat. Add chicken thighs and boil until no longer pink in the centers and juices run clear, about 30 minutes. Strain broth into a bowl to reserve. Shred chicken thighs using 2 forks. | 3. Place noodles in a large bowl and pour in hot chicken broth, adding hot water to cover if needed. Set aside until noodles are softened, 5 to 7 minutes. Blanch noodles with cold water and drain well. Place into a bowl and add soy seasoning, 1 tablespoon olive oil, and sesame oil. Mix well and set aside. | 4. Heat remaining olive oil in a skillet or large wok over medium-high heat. Saute garlic in the hot oil until it begins to brown, about 1 minute. Add onion and cook for 2 minutes. Add chicken, cabbage, and carrots. Stir-fry for 3 to 4 minutes; season with garlic salt. Mix chicken mixture with noodles, add soy seasoning to taste, and serve.",390kcal,17g,4g,47mg,482mg,42g,4g,5g,17g,41mg,70mg,2mg,417mg
Saganaki (Flaming Greek Cheese),https://www.allrecipes.com/recipe/263750/flaming-greek-cheese-saganaki/,2,10m,5m,15m,"1 (4 ounce) package kasseri cheese | 1 tablespoon water, or as needed | 0.25 cup all-purpose flour, or as needed | 1 tablespoon olive oil | 2 tablespoons brandy, at room temperature | 0.5 lemon, or to taste | 1 tablespoon freshly chopped Italian parsley","2. Brush each side of kasseri cheese with water; dredge both sides in flour, making sure the surface is completely covered. | 3. Preheat a well-seasoned cast iron skillet on medium-high heat until smoking; pour in olive oil. Carefully place floured cheese in hot oil and cook until cheese begins to ooze and a golden-brown crust forms, about 2 minutes. Quickly flip cheese over with a spatula. Fry until the bottom is golden brown, about 30 seconds more. | 4. Remove from the heat and place skillet onto a napkin-lined plate. Pour brandy into the skillet over the cheese. Light the brandy using a fireplace lighter. Squeeze some lemon juice on top to extinguish the last few flames and garnish with parsley.",391kcal,25g,11g,61mg,544mg,15g,2g,0g,16g,24mg,431mg,not provided,68mg
Goat Stew,https://www.allrecipes.com/recipe/228238/goat-stew/,4,30m,1h 10m,2h 40m,"1 pound bone-in goat meat, cut into large chunks | 0.25 cup vinegar | 0.25 cup soy sauce | 4 cloves garlic, crushed | 1 tablespoon vegetable oil | 1 onion, chopped | 1 red bell pepper, cut into 1-inch squares | 1 cup tomato sauce | 2 cups beef stock | 1 potato, peeled and cut into large chunks | 2 carrots, peeled and cut into large chunks | 0.5 cup green peas | 0.5 teaspoon salt | 0.25 teaspoon pepper | 1 pinch cayenne pepper","2. Mix goat meat with vinegar, soy sauce, and garlic in a large bowl; cover and refrigerate for 1 to 8 hours. For the best flavor, marinate at least 6 hours. Remove meat from marinade and pat dry with paper towels; reserve marinade and garlic separately. | 3. Heat oil in a large pot over medium-high heat. Working in batches, cook goat meat in hot oil, stirring occasionally, until browned, 10 to 15 minutes. Transfer goat meat to a plate and set aside. Reserve drippings in the pot. | 4. Add onion, bell pepper, and reserved garlic to drippings. Cook and stir over medium heat until onion is translucent, about 5 minutes. Pour in tomato sauce; bring to a simmer. Cook until slightly thickened, about 5 minutes. | 5. Return goat meat to sauce. Pour in beef stock and reserved marinade; bring to a boil. Reduce heat to low, cover the pot, and simmer until meat is partially tender, 30 to 40 minutes. | 6. Stir in potato, carrots, and peas; season with salt, black pepper, and cayenne pepper. Simmer until goat meat is very tender and potato and carrots are cooked through, 20 to 30 more minutes. Adjust seasonings before serving.",272kcal,7g,1g,53mg,1670mg,27g,5g,10g,26g,69mg,69mg,5mg,1085mg
Coconut Sauce,https://www.allrecipes.com/recipe/212906/coconut-sauce/,10,5m,20m,25m,1 (14 ounce) can coconut milk | 1 cup brown sugar,"2. Bring the coconut milk and brown sugar to a boil together in a heavy-bottomed pot. Reduce heat to medium low; cook and stir while boiling until the mixture is thick and the volume has reduced by about half, about 20 minutes.",161kcal,8g,7g,not provided,11mg,23g,0g,21g,1g,0mg,25mg,1mg,116mg
Spicy Tuna Sushi Roll,https://www.allrecipes.com/recipe/190943/spicy-tuna-sushi-roll/,4,40m,20m,1h 45m,"2 cups uncooked glutinous white rice | 2.5 cups water | 1 tablespoon rice vinegar | 1 (5 ounce) can solid white tuna in water, drained | 1 tablespoon mayonnaise | 1 teaspoon chili powder | 1 teaspoon wasabi paste | 4 sheets nori (dry seaweed) | 0.5 cucumber, finely diced | 1 carrot, finely diced | 1 avocado - peeled, pitted and diced","2. Bring the rice, water, and vinegar to a boil in a saucepan over high heat. Reduce heat to medium-low, cover, and simmer until the rice is tender, and the liquid has been absorbed, 20 to 25 minutes. Let stand, covered, for about 10 minutes to absorb any excess water. Set rice aside to cool. | 3. Lightly mix together the tuna, mayonnaise, chili powder, and wasabi paste in a bowl, breaking the tuna apart but not mashing it into a paste. | 4. To roll the sushi, cover a bamboo sushi rolling mat with plastic wrap. Lay a sheet of nori, rough side up, on the plastic wrap. With wet fingers, firmly pat a thick, even layer of prepared rice over the nori, covering it completely. Place about 1 tablespoon each of diced cucumber, carrot, and avocado in a line along the bottom edge of the sheet, and spread a line of tuna mixture alongside the vegetables. | 5. Pick up the edge of the bamboo rolling sheet, fold the bottom edge of the sheet up, enclosing the filling, and tightly roll the sushi into a thick cylinder. Once the sushi is rolled, wrap it in the mat and gently squeeze to compact it tightly. Cut each roll into 6 pieces, and refrigerate until served.",346kcal,12g,2g,16mg,214mg,47g,6g,2g,14g,8mg,32mg,1mg,455mg
Quick Whole Wheat Chapati,https://www.allrecipes.com/recipe/233531/quick-whole-wheat-chapati/,8,10m,10m,20m,2.5 cups whole wheat flour | 0.75 teaspoon salt | 1 cup water,"2. Mix flour and salt together in a bowl. Stir in water to form a soft dough. | 3. Turn dough out onto a lightly floured work surface and knead several times. Divide into 8 pieces and roll each into a ball. Roll each ball into a very thin round using a rolling pin. | 4. Heat a griddle over medium-high heat. Cook each dough round on griddle until dough bubbles and blisters appear, about 2 minutes. Flip and cook until lightly browned on the other side.",127kcal,1g,0g,not provided,221mg,27g,5g,0g,5g,not provided,14mg,2mg,152mg
Homemade Arepas,https://www.allrecipes.com/recipe/238510/homemade-arepas/,8,10m,20m,30m,"2.5 cups lukewarm water | 1 teaspoon salt | 2 cups pre-cooked white cornmeal (such as P.A.N.®) | 0.25 cup vegetable oil, or as needed","2. Stir water and salt together in a medium bowl; gradually stir in cornmeal with your fingers until the mixture forms a soft, moist, malleable dough. | 3. Form dough into eight 2-inch diameter balls; pat each ball to flatten into a 3/8-inch-thick arepa patty. | 4. Heat oil in a large skillet over medium heat; fry arepas in batches until golden brown, about 4 to 5 minutes per side. Transfer cooked arepas to a paper towel-lined plate to drain until cool enough to handle. | 5. Slice halfway through each arepa horizontally with a thin serrated knife to form a pita-like pocket. | 6. Enjoy!",96kcal,1g,0g,not provided,293mg,20g,1g,not provided,2g,not provided,2mg,not provided,1mg
Moo Shu Chicken,https://www.allrecipes.com/recipe/273598/moo-shu-chicken/,4,20m,30m,50m,"6 tablespoons cold water, divided | 3 teaspoons sesame oil, divided | 2 teaspoons cornstarch | 1 pound chicken breast tenderloins, cut into thin strips | 2 tablespoons hoisin sauce | 2 tablespoons oyster sauce | 2 teaspoons soy sauce | 2 teaspoons vegetable oil, divided | 2 large eggs, beaten | 3 cups shredded cabbage or coleslaw mix | 1 (4 ounce) can sliced shiitake mushrooms, drained | 2 cloves garlic, minced | 1 tablespoon sherry | 3 green onions, chopped","2. Whisk 2 tablespoons water, 2 teaspoons sesame oil, and cornstarch together in a large bowl. Add chicken, toss to coat, and set aside. | 3. Combine remaining 4 tablespoons water and 1 teaspoon sesame oil in a separate bowl. Whisk in hoisin sauce, oyster sauce, and soy sauce until well combined; set sauce aside. | 4. Heat 1 teaspoon oil in a skillet over medium heat. Add eggs and cook for 3 minutes; flip and cook until firm and set, about 3 minutes more. Transfer to a cutting board and slice into thin strips. | 5. Add marinated chicken to the skillet and cook over medium-high heat for 6 minutes. Flip and cook until golden brown on the outside and the juices run clear, about 6 minutes more; transfer to a plate. | 6. Heat remaining 1 teaspoon oil in the skillet over medium-high heat. Add cabbage, shiitake mushrooms, garlic, and sherry; cook until cabbage starts to wilt, about 2 minutes. Add chicken, sliced egg, and reserved sauce to the skillet; cook, stirring occasionally, until sauce has thickened, about 5 minutes. Toss in green onions and serve immediately.",319kcal,14g,3g,157mg,585mg,17g,2g,3g,30g,25mg,72mg,2mg,453mg
Bee Sting Cake (Bienenstich),https://www.allrecipes.com/recipe/8039/bee-sting-cake-bienenstich-ii/,16,30m,30m,2h 0m,"1.625 cups all-purpose flour | 1 tablespoon active dry yeast | 2 tablespoons white sugar | 1 pinch salt | 0.75 cup lukewarm milk | 3 tablespoons butter | 3 tablespoons butter | 1.5 tablespoons confectioners' sugar | 1 tablespoon milk | 0.625 cup sliced almonds | 1 tablespoon honey | 1.5 cups milk | 0.33329999446869 cup cornstarch | 1 tablespoon white sugar | 1 egg, beaten | 1 teaspoon almond extract | 1 cup heavy whipping cream | 0.5 tablespoon cream of tartar","2. Combine flour, yeast, 2 tablespoons sugar, salt, 3/4 cup milk, and 3 tablespoons butter in a large bowl. Turn dough out onto a lightly floured surface. Knead until smooth and elastic, about 15 to 20 minutes. Place in a well-greased bowl; cover and let rise in a warm place for 1 hour, or until doubled. | 3. Punch down dough. Roll out to a 1/2-inch thickness. Spread into a greased 8-inch square baking pan. Cover and let rise for 30 minutes. | 4. Melt 3 tablespoons butter and confectioners&#39; sugar in a saucepan. Add almonds and 1 tablespoon milk. Remove from heat, and stir in honey. Spread evenly and carefully onto dough. Allow dough to rise for an additional 30 minutes. Meanwhile, preheat the oven to 400 degrees F (200 degrees C). | 5. Bake in the preheated oven for 20 to 25 minutes, or until crust turns golden brown. Cool completely on a wire rack. | 6. Dissolve cornstarch in a little milk. Combine 1 1/2 cups milk, cornstarch, and 1 tablespoon sugar in the top of a double boiler. Heat while stirring until thickened, about 2 to 3 minutes. Add in beaten egg, and keep stirring for about 2 more minutes, or until thick. Remove from heat and stir in extract. Chill, covered, in the refrigerator for at least 1 hour. Beat whipping cream with cream of tartar until stiff. Fold into chilled pudding. | 7. Cut cooled almond bread into 1 1/4x2-inch rectangles; slice each one horizontally into halves. Fill with pudding mixture. Chill, and serve cold.",226kcal,14g,7g,46mg,56mg,20g,1g,6g,5g,0mg,73mg,1mg,194mg
Italian Easter Grain Pie,https://www.allrecipes.com/recipe/17432/easter-grain-pie/,16,20m,1h 25m,9h 45m,5 cups water | 0.5 cup whole wheat berries | 6 eggs | 1 cup white sugar | 1.5 pounds ricotta cheese | 1 (8 ounce) package mixed candied fruit | 2 teaspoons grated orange zest | 1 teaspoon grated lemon zest | 1 teaspoon vanilla extract | 0.5 teaspoon ground cinnamon | 1 tablespoon unsalted butter | 1 teaspoon salt | 2 pastries for 9-inch lattice-top pies | 2 tablespoons confectioners' sugar for dusting,"2. Bring water to a boil in a large saucepan over medium low heat; pour in wheat and boil for 40 minutes. | 3. Meanwhile, beat eggs in a large bowl with an electric mixer while gradually adding in 1 cup sugar. Mix in ricotta, candied fruit, orange zest, lemon zest, vanilla extract, and cinnamon. | 4. When wheat is ready, drain in a colander and rinse with warm water. Place 3/4 cup of cooked wheat in a small bowl; stir in butter and salt until butter is melted, then stir wheat mixture into ricotta mixture along with remaining cooked wheat berries. | 5. Preheat the oven to 375 degrees F (190 degrees C). | 6. Line two 9-inch pie pans with pastry. Cut remaining pastry into 1/2-inch wide strips for tops of pies. Spoon 1/2 of the filling into each pan; cover with pastry strips to form a lattice pattern. Crimp edges. | 7. Bake in the preheated oven until crust is golden brown, about 45 minutes. Sprinkle each pie with 1 tablespoon sugar and allow to cool at room temperature. Chill overnight before serving.",454kcal,23g,8g,92mg,441mg,52g,2g,14g,11g,1mg,106mg,2mg,123mg
Tzatziki Sauce,https://www.allrecipes.com/recipe/20242/tzatziki-sauce/,8,15m,not provided,15m,"2 medium cucumbers | 1 (16 ounce) container plain Greek yogurt | 3 cloves garlic, minced | 2 tablespoons olive oil | 1 tablespoon chopped fresh dill | 0.5 medium lemon, juiced | salt and ground black pepper to taste","2. Peel cucumbers; remove seeds with a spoon. Grate cucumber on the large holes of a box grater, then squeeze to drain excess liquid. | 3. In a food processor combine the grated cucumber with Greek yogurt, garlic, olive oil, dill, lemon juice, salt, and pepper. Blend until smooth. | 4. Serve immediately or for best flavor cover and refrigerate for at least 1 hour before serving.",75kcal,4g,1g,3mg,42mg,6g,1g,4g,3g,not provided,not provided,not provided,not provided
Indian Spiced Onions,https://www.allrecipes.com/recipe/84965/indian-spiced-onions/,4,5m,not provided,24h 5m,"1 onion, chopped | 2 teaspoons ketchup | 1 teaspoon lemon juice | 1 tablespoon white sugar | 1 teaspoon chopped fresh cilantro | 1 teaspoon chopped fresh fenugreek leaves | 1 teaspoon chili powder | 1 pinch salt","2. Stir together onion and ketchup in a medium bowl until onion is thinly and evenly coated. Mix in lemon juice. Stir in sugar, cilantro, fenugreek, chili powder, and salt until well combined. Cover and chill in the refrigerator for 24 hours to let the lemon juice neutralize the onion flavor slightly.",28kcal,0g,not provided,not provided,36mg,7g,1g,6g,1g,3mg,8mg,0mg,69mg
Pumpkin Mochi,https://www.allrecipes.com/recipe/90253/pumpkin-mochi/,12,10m,1h 0m,1h 10m,"2.5 cups mochiko (glutinous rice flour) | 2 teaspoons baking powder | 2 cups white sugar | 4 eggs | 1 (29 ounce) can pumpkin puree | 1 (14 ounce) can sweetened condensed milk | 1 cup butter, melted | 2 teaspoons vanilla extract","2. Preheat the oven to 350 degrees F (175 degrees C). Lightly grease a 9x13-inch baking dish. | 3. Sift together mochiko, baking powder, and sugar in a large bowl. Combine eggs, pumpkin puree, condensed milk, butter, and vanilla extract in a separate bowl. Stir egg mixture into mochiko mixture. Pour into the prepared dish. | 4. Bake in preheated oven for 1 hour. Allow to cool before serving.",539kcal,21g,12g,114mg,397mg,83g,3g,54g,8g,4mg,161mg,2mg,314mg
Old German Honey Cookies,https://www.allrecipes.com/recipe/10352/old-german-honey-cookies/,24,15m,15m,30m,1 cup white sugar | 1 cup shortening | 1 cup honey | 2 large eggs | 1 teaspoon vanilla extract | 1 teaspoon baking soda | 1 teaspoon ground ginger | 4 cups all-purpose flour,"2. Preheat the oven to 350 degrees F (175 degrees C). | 3. Melt together sugar, shortening, and honey in a saucepan over low heat. Let cool. | 4. Mix together eggs, vanilla, baking soda, and ginger. Gradually add to cooled honey mixture. Slowly add flour to mixture. Stir until well blended. | 5. Drop by teaspoonfuls onto cookie sheets about 2 inches apart. | 6. Bake in the preheated oven until golden, 12 to 15 minutes.",233kcal,9g,2g,16mg,59mg,36g,1g,20g,3g,0mg,6mg,1mg,37mg
Spanakopita (Greek Spinach Pie),https://www.allrecipes.com/recipe/18417/spanakopita-greek-spinach-pie/,6,30m,40m,1h 10m,"3 tablespoons olive oil | 1 large onion, chopped | 1 bunch green onions, chopped | 2 cloves garlic, minced | 2 pounds spinach, rinsed and chopped | 0.5 cup chopped fresh parsley | 1 cup crumbled feta cheese | 0.5 cup ricotta cheese | 2 large eggs, lightly beaten | 8 sheets phyllo dough | 0.25 cup olive oil, or as needed","2. Gather all ingredients. Preheat the oven to 350 degrees F (175 degrees C). Lightly oil a 9-inch square baking pan. | 3. Heat 3 tablespoons olive oil in a large skillet over medium heat. Sauté chopped onion, green onions, and garlic in the hot oil until soft and lightly browned, about 5 minutes. | 4. Stir in spinach and parsley, adding spinach in batches if it doesn&#39;t all fit in the pan at once, and continue to saute until spinach is limp and excess liquid has evaporated, about 5 minutes. Remove from the heat and set aside to cool. | 5. Mix feta cheese, ricotta cheese, and eggs in a large bowl until well combined. Stir in spinach mixture. Lay one sheet of phyllo dough in the prepared baking pan, and brush lightly with olive oil. Lay another sheet of phyllo dough on top and brush with olive oil. Repeat the process with two more sheets of phyllo dough; the sheets will overlap the pan. | 6. Spread spinach and cheese mixture into the pan. Fold any overhanging dough over the filling. Brush with oil. | 7. Layer the remaining 4 sheets of phyllo dough, brushing each with oil. Tuck overhanging dough into the pan to seal the filling. | 8. Bake in the preheated oven until golden brown, 30 to 40 minutes. | 9. Cut into squares and serve while hot. | 10. Enjoy!",494kcal,35g,12g,100mg,894mg,32g,7g,5g,18g,not provided,not provided,not provided,not provided
Schupfnudeln (German Fried Potato Dumplings),https://www.allrecipes.com/recipe/283771/schupfnudeln-german-fried-potato-dumplings/,6,20m,45m,1h 5m,"2 large starchy potatoes, such as russet or Yukon Gold | 1.75 cups flour, or as needed | 2 large eggs | salt and freshly ground black pepper to taste | 1 pinch ground nutmeg | 2 tablespoons butter","2. Place potatoes into a large pot and cover with salted water; bring to a boil. Reduce heat to medium-low and simmer until tender, 20 to 25 minutes. Drain and peel potatoes. | 3. Place potatoes into a large bowl and mash with a potato masher. Add flour and eggs; mix until well combined. Season with salt, pepper, and nutmeg. | 4. Use your hands to shape potato dough into oblong dumplings with two pointy ends. If dough sticks to your hands, rinse them under cold water. | 5. Bring water to a boil in a large pot over high heat, then reduce to just a simmer. Working in batches, cook dumplings in just simmering water until they float on top. Use a slotted spoon to transfer dumplings to a large bowl of cold water. Remove with a slotted spoon to a colander; drain well. | 6. Heat butter in a large skillet over medium heat. Sauté Schupfnudeln in hot butter until golden brown and crisp on all sides, 5 to 10 minutes. Drain on a paper towel-lined plate.",286kcal,6g,3g,72mg,59mg,50g,4g,1g,8g,24mg,31mg,3mg,581mg
Punjabi Chicken in Thick Gravy,https://www.allrecipes.com/recipe/150340/punjabi-chicken-in-thick-gravy/,8,25m,1h 0m,1h 25m,"2 tablespoons vegetable oil | 2 tablespoons ghee (clarified butter) | 1 teaspoon cumin seeds | 1 onion, finely chopped | 5 cloves garlic, minced | 2 tablespoons minced fresh ginger root | 1 cup water | 1 small tomato, coarsely chopped | 1 serrano chile pepper, seeded and minced | 1 tablespoon tomato paste | 1 tablespoon garam masala | 1 tablespoon ground turmeric | 1 teaspoon salt, or to taste | 8 chicken legs, skin removed | 0.25 cup chopped fresh cilantro","2. Heat oil and ghee in a large pot over medium heat. Cook cumin seeds in hot oil-ghee mixture until seeds begin to change color. | 3. Stir in onion; cook and stir until onion has softened and turned translucent, about 5 minutes. Add garlic and ginger; continue cooking until onions are browned, about 5 minutes more. | 4. Mix in water, tomato, serrano pepper, tomato paste, garam masala, turmeric, and salt; simmer for 5 minutes. Lay chicken into sauce; mix gently to coat. Cover, reduce heat to medium-low, and cook until chicken is no longer pink near the bone, about 40 minutes. Garnish with cilantro to serve.",325kcal,22g,7g,102mg,395mg,4g,1g,1g,28g,5mg,33mg,2mg,323mg
Taiwanese Popcorn Chicken,https://www.allrecipes.com/recipe/263930/popcorn-chicken-taiwanese/,6,30m,15m,55m,"1.5 pounds boneless chicken thighs, cut into bite-size pieces | 2 cloves garlic, finely chopped | 1 tablespoon soy sauce | 2 teaspoons grated ginger | 1 teaspoon five-spice powder | 1 teaspoon ground white pepper, or to taste | 1 teaspoon salt, or to taste | 0.5 teaspoon rice vinegar | 0.5 teaspoon cayenne pepper | 1 large egg | 1 cup tempura batter mix, dry, or as needed | 2 cups peanut oil for frying, or as needed | 1 bunch Thai basil, chopped | 2 green onions, chopped","2. Mix chicken, garlic, soy sauce, ginger, five-spice powder, white pepper, salt, vinegar, and cayenne pepper together in a large bowl until well combined. Let marinate for 10 minutes. | 3. Heat oil in a deep-fryer or large saucepan to 400 degrees F (200 degrees C). | 4. Whisk egg in a small bowl until smooth. Place dry tempura mix into a second small bowl. Dip chicken pieces one at a time into egg, then dredge in tempura mix, shaking off any excess. | 5. Working in batches, lower chicken carefully into hot oil and fry until golden brown, 5 to 8 minutes. Transfer to a paper towel-lined plate to drain and season with salt and pepper. | 6. Transfer chicken to a platter and garnish with basil leaves and green onions.",940kcal,92g,18g,126mg,655mg,8g,1g,not provided,22g,6mg,49mg,2mg,286mg
German Rice,https://www.allrecipes.com/recipe/219325/german-rice/,7,10m,55m,1h 5m,"0.25 cup olive oil | 1.5 pounds fresh bratwurst links, casings removed | 1 onion, halved and thinly sliced into half rings | 1 teaspoon minced garlic | 2 teaspoons fennel seed | 1 (14.5 ounce) can Bavarian-style sauerkraut, undrained | 3 cups uncooked white rice | 1 tablespoon chicken soup base (paste) | 6 cups water | 0.25 cup raisins | 1 teaspoon ground black pepper","2. Heat olive oil in a large pot over medium heat. Cook Bratwurst until browned, breaking it up into chunks as it cooks, about 10 minutes. | 3. Stir in onions and garlic, and cook until onions are translucent, about 5 minutes. Mix in fennel seed and sauerkraut with juice, and allow the mixture to pan-fry for 2 minutes without stirring. | 4. Stir in rice and soup base until incorporated, about 2 minutes. Stir in water, raisins, and black pepper. Bring to a boil and cook, stirring frequently, for 5 minutes. | 5. Reduce heat to a simmer, and cook until rice is tender and almost all the water has been absorbed, about 30 minutes.",716kcal,35g,12g,60mg,1633mg,79g,4g,6g,19g,11mg,66mg,5mg,298mg
Restaurant Style Egg Drop Soup,https://www.allrecipes.com/recipe/45515/restaurant-style-egg-drop-soup/,4,10m,10m,20m,"4 cups chicken broth, divided | 2 tablespoons chopped fresh chives | 0.25 teaspoon salt | 0.125 teaspoon ground ginger | 1.5 tablespoons cornstarch | 2 eggs | 1 egg yolk","2. Gather all ingredients. | 3. Reserve 3/4 cup of chicken broth, and pour the rest into a large saucepan. Stir in chives, salt, and ginger; bring to a rolling boil. Stir reserved 3/4 cup of broth and cornstarch until smooth. Set aside. | 4. Whisk eggs and egg yolk together in a small bowl with a fork. Using a fork, drizzle eggs, a little at a time, into boiling broth. Eggs will cook immediately. | 5. Stir in cornstarch mixture gradually until soup reaches desired consistency.",76kcal,4g,1g,149mg,1143mg,4g,0g,1g,5g,1mg,20mg,1mg,43mg
Cherry Tomato Pasta Sauce ,https://www.allrecipes.com/recipe/237321/cherry-tomato-sauce-with-penne/,4,15m,10m,30m,"2 cups cherry tomatoes (such as Sun Gold) | 2 tablespoons olive oil | 2 cloves garlic, sliced | salt and ground black pepper to taste | 2 cups chicken broth | 2 tablespoons fresh oregano leaves | 0.5 teaspoon red pepper flakes | 14 ounces penne pasta | 0.5 cup grated Parmigiano-Reggiano cheese","2. Combine cherry tomatoes, oil, garlic, salt, and black pepper in a saucepan over medium-low heat. Cook and stir until garlic is just toasted, 2 to 3 minutes. | 3. Pour chicken broth into tomato mixture; bring to a simmer and cook until tomatoes start to collapse and burst, about 10 minutes. | 4. Meanwhile, bring a large pot of lightly salted water to a boil; add penne and cook, stirring occasionally, until tender yet firm to the bite, about 8 to 11 minutes. Drain. | 5. Stir oregano and red pepper flakes into pasta sauce; puree with a stick blender until smooth. | 6. Add penne to tomato sauce; stir until pasta is well coated with sauce. Stir in cheese and season with salt and pepper. Serve and enjoy!",475kcal,12g,3g,9mg,204mg,76g,4g,3g,18g,16mg,148mg,3mg,385mg
Chinese Black Bean Sauce,https://www.allrecipes.com/recipe/282584/chinese-black-bean-sauce/,15,15m,20m,35m,"8 ounces dried fermented black beans | 1.5 cups vegetable oil | 4 Thai chiles, chopped | 1 medium shallot, minced | 1 (2 inch) piece fresh ginger, peeled and grated | 3 cloves garlic, minced | 3 tablespoons reduced-sodium tamari | 2 tablespoons Shaoxing rice wine | 1 teaspoon brown sugar | 0.5 teaspoon ground Sichuan pepper | 0.5 teaspoon Chinese five-spice powder | 1 teaspoon sesame oil","2. Rinse black beans thoroughly and dry. Remove about 1/4 cup and set aside. Roughly chop the rest of the beans. | 3. Heat vegetable oil in a large saucepan over medium-low heat. Add chiles, shallot, ginger, and garlic. Fry until soft and fragrant, about 5 minutes. Do not let the ingredients burn. Reduce the heat if necessary. The objective is to slow cook the ingredients. | 4. Add all the beans; both chopped and whole. Simmer, stirring often, until the beans are soft, about 2 minutes. Add tamari, rice wine, brown sugar, ground Sichuan pepper, and five spice. Simmer until thickened, stirring often. Remove from heat; let cool, about 10 minutes. | 5. Mix in sesame oil and cover. As the sauce rests, the beans will settle and the oil will float, creating a barrier which will protect it from mold. The sauce is ready to use or store in an airtight container in the refrigerator for up to 1 month.",211kcal,22g,4g,not provided,203mg,3g,0g,1g,1g,30mg,7mg,0mg,67mg
Branzino Mediterranean,https://www.allrecipes.com/recipe/236932/branzino-mediterranean/,4,15m,25m,40m,"2 tablespoons olive oil, divided | 1 red onion, chopped | salt and ground black pepper to taste | 2 whole Branzino (sea bass) fish, cleaned | 4 lemon wedges, divided | 2 sprigs fresh rosemary | 0.5 cup white wine | 0.25 cup lemon juice | 1 tablespoon fresh oregano leaves | 0.25 cup chopped Italian flat-leaf parsley","2. Preheat the oven to 325 degrees F (165 degrees C). | 3. Drizzle 1 tablespoon olive oil into a large baking pan; add red onion and season with salt and pepper. | 4. Place 2 whole branzino fish into the baking pan. Stuff each cavity with 1 lemon wedge, 1 rosemary sprig, and some of the red onion in the pan. Pour white wine and lemon juice over fish and sprinkle with oregano. Drizzle remaining 1 tablespoon olive oil over fish. | 5. Bake in the preheated oven until fish is opaque and flakes easily with a fork, about 25 minutes. | 6. Gently slide a spatula between the bones to separate fish; remove all the bones. Serve fish on a platter; garnish with parsley and 2 lemon wedges.",380kcal,13g,2g,117mg,237mg,7g,1g,2g,53g,25mg,58mg,1mg,855mg
Absolutely Fabulous Greek Salad Dressing,https://www.allrecipes.com/recipe/36520/absolutely-fabulous-greekhouse-dressing/,120,10m,not provided,10m,1.5 quarts olive oil | 0.33333334326744 cup garlic powder | 0.33333334326744 cup dried oregano | 0.33333334326744 cup dried basil | 0.25 cup pepper | 0.25 cup salt | 0.25 cup onion powder | 0.25 cup Dijon-style mustard | 2 quarts red wine vinegar,"2. Gather all ingredients. | 3. Mix olive oil, garlic powder, oregano, basil, pepper, salt, onion powder, and Dijon-style mustard together in a very large container. Pour in vinegar slowly while mixing vigorously until well blended. Store tightly covered at room temperature. | 4. Pour over salad and enjoy!",104kcal,11g,2g,not provided,13mg,2g,0g,0g,0g,0mg,9mg,0mg,36mg
Black Bean and Corn Quesadillas,https://www.allrecipes.com/recipe/104850/black-bean-and-corn-quesadillas/,8,10m,30m,40m,"2 teaspoons olive oil | 3 tablespoons finely chopped onion | 1 (15.5 ounce) can black beans, drained and rinsed | 1 (10 ounce) can whole kernel corn, drained | 0.25 cup salsa | 1 tablespoon brown sugar | 0.25 teaspoon red pepper flakes | 2 tablespoons butter, or as needed | 8 (8 inch) flour tortillas | 1.5 cups shredded Monterey Jack cheese","2. Heat olive oil in a large saucepan over medium heat. Cook and stir onion in hot oil until softened, about 2 minutes. Stir in beans and corn, then add salsa, brown sugar, and red pepper flakes; mix well. Cook until heated through, about 3 minutes. Remove from heat. | 3. Melt about 1 ½ teaspoons butter in a large skillet over medium heat. Place a tortilla in the skillet. Sprinkle with ¼ of the Monterey Jack cheese, then top with ¼ of the bean mixture. Place another tortilla on top; cook until the bottom is golden, then carefully flip and cook until the other side is golden. Repeat with remaining tortillas and filling.",363kcal,15g,7g,27mg,733mg,46g,6g,3g,14g,2mg,204mg,3mg,332mg
Chinese Pepper Steak,https://www.allrecipes.com/recipe/172704/chinese-pepper-steak/,4,15m,15m,30m,"1 pound beef top sirloin steak | 0.25 cup soy sauce | 2 tablespoons white sugar | 2 tablespoons cornstarch | 0.5 teaspoon ground ginger | 3 tablespoons vegetable oil, divided | 1 red onion, cut into 1-inch squares | 1 green bell pepper, cut into 1-inch squares | 2 tomatoes, cut into wedges","2. Slice steak into 1/2-inch thick slices across the grain. | 3. Whisk together soy sauce, sugar, cornstarch, and ginger in a bowl until the sugar has dissolved and the mixture is smooth. Place steak slices into the marinade, and stir until well-coated. | 4. Heat 1 tablespoon vegetable oil in a wok or large skillet over medium-high heat, and cook steak strips in batches in hot oil so as not to crowd the pan. Cook and stir until well-browned, about 3 minutes, and remove steak from the wok to a bowl. Repeat with remaining steak, adding more oil as needed, and set the cooked meat aside. | 5. Return cooked steak strips to the hot wok, and stir in onion. Toss steak and onion together until onion begins to soften, about 2 minutes, then stir in green pepper. | 6. Cook and stir the mixture until peppers have turned bright green and started to become tender, about 2 minutes more, then add tomatoes. | 7. Stir everything together to mix and blend flavors, and serve.",312kcal,15g,3g,69mg,972mg,17g,2g,10g,26g,32mg,25mg,4mg,647mg
Japanese Beef Stir-Fry,https://www.allrecipes.com/recipe/212636/japanese-beef-stir-fry/,8,30m,15m,45m,"2 pounds boneless beef sirloin or beef top round steaks (3/4"" thick) | 3 tablespoons cornstarch | 1 (10.5 ounce) can Campbell's® Condensed Beef Broth | 0.5 cup soy sauce | 2 tablespoons sugar | 2 tablespoons vegetable oil | 4 cups sliced shiitake mushrooms | 1 head Chinese cabbage (bok choy), thinly sliced | 2 medium red peppers, cut into 2""-long strips | 3 stalks celery, sliced | 2 medium green onions, cut into 2"" pieces | Hot cooked regular long-grain white rice","2. Slice beef into very thin strips. | 3. Mix cornstarch, broth, soy and sugar until smooth. Set aside. | 4. Heat 1 tablespoon oil in saucepot or wok over high heat. Add beef in 2 batches and stir-fry until browned. Set beef aside. | 5. Add 1 tablespoon oil. Add the mushrooms, cabbage, peppers, celery and green onions in 2 batches and stir-fry over medium heat until tender-crisp. Set vegetables aside. | 6. Stir cornstarch mixture and add. Cook until mixture boils and thickens, stirring constantly. Return beef and vegetables to saucepot and heat through. Serve over rice.",290kcal,8g,2g,39mg,1271mg,26g,3g,7g,26g,67mg,91mg,4mg,568mg
Beef Samosas,https://www.allrecipes.com/recipe/24871/beef-samosas/,18,30m,30m,2h 0m,"2 large potatoes, peeled | 1 cup frozen peas, thawed | 2 tablespoons vegetable oil | 0.5 teaspoon cumin seeds | 1 bay leaf, crushed | 1 pound ground beef | 2 large onions, finely chopped | 4 cloves garlic, crushed | 1 tablespoon minced fresh ginger root | 1.5 teaspoons salt | 1 teaspoon ground cumin | 1 teaspoon ground coriander | 1 teaspoon ground turmeric | 1 teaspoon chili powder | 0.5 teaspoon ground cinnamon | 0.5 teaspoon ground cardamom | 0.5 teaspoon ground black pepper | 1 quart oil for deep frying | 2 tablespoons chopped fresh cilantro | 2 tablespoons chopped green chile peppers | 1 (16 ounce) package phyllo dough","2. Bring a medium saucepan of lightly salted water to a boil. Stir in potatoes and peas; cook until potatoes are tender but still firm, about 15 minutes. Drain, mash together, and set aside. | 3. Meanwhile, heat 2 tablespoons oil in a large saucepan over medium-high heat. Add cumin seeds and bay leaf; stir until fragrant and seeds are browned. Add ground beef and onions; cook until beef is browned and crumbly and onions are soft, about 5 to 7 minutes. | 4. Stir in garlic and ginger. Season with salt, cumin, coriander, turmeric, chili powder, cinnamon, cardamom, and black pepper. Stir in the mashed potato mixture. Remove from heat and chill in the refrigerator for 1 hour, or until cool. | 5. Heat 1 quart of oil in a deep saucepan over medium heat. | 6. Mix cilantro and green chile peppers into potato and beef mixture. Place approximately 1 tablespoon of the mixture onto each phyllo sheet. Fold sheets into triangles, pressing edges together with moistened fingers. | 7. Lower samosas carefully into the hot oil in batches. Fry until golden brown, about 3 minutes. Transfer to a paper towel-lined plate to drain. Repeat with remaining samosas. Serve warm.",258kcal,15g,4g,21mg,346mg,24g,2g,2g,8g,14mg,21mg,2mg,307mg
Kid-Friendly Chicken Katsu,https://www.allrecipes.com/recipe/274927/kid-friendly-chicken-katsu/,8,15m,20m,40m,"2 pounds chicken tenders, cut in 1-inch pieces | 1 cup garlic salt | 1 cup all-purpose flour | 2 eggs, beaten | 2 cups panko bread crumbs | vegetable oil | 0.33333334326744 cup ketchup | 0.25 cup soy sauce | 0.125 cup white sugar | 1.5 tablespoons Worcestershire sauce | 1 pinch cayenne pepper","2. Place chicken in a bowl and sprinkle with garlic salt. Toss to coat and let sit for 5 minutes. | 3. Meanwhile, place flour in a bowl. Place eggs in a second bowl. Place bread crumbs in a third bowl. Toss chicken in the flour, dip in the eggs, and toss in the bread crumbs. | 4. Heat 2 inches of oil in a cast iron pan over medium heat. Lower chicken carefully into the hot oil in batches. Fry until golden brown, 5 to 6 minutes. Transfer to a paper towel-lined plate to drain. Repeat with remaining chicken. | 5. Meanwhile, combine ketchup, soy sauce, sugar, and Worcestershire sauce in a saucepan over medium heat. Cook, stirring occasionally, until sugar has dissolved, 6 to 8 minutes. | 6. Serve chicken with the sauce.",613kcal,29g,5g,99mg,1880mg,60g,3g,7g,29g,1mg,87mg,not provided,545mg
Air Fryer Pakoras,https://www.allrecipes.com/recipe/270817/air-fryer-pakoras/,8,10m,20m,40m,"2 cups chopped cauliflower | 1.25 cups chickpea flour (besan) | 1 cup diced yellow potatoes | 0.75 cup water | 0.5 red onion, chopped | 1 tablespoon salt | 1 clove garlic, minced | 1 teaspoon curry powder | 1 teaspoon coriander | 0.5 teaspoon ground cayenne pepper, or more to taste | 0.5 teaspoon cumin | cooking spray","2. Mix together cauliflower, chickpea flour, potatoes, water, red onion, salt, garlic, curry powder, coriander, cayenne pepper, and cumin in a large bowl until well combined. Set batter aside to rest for 10 minutes. | 3. Preheat the air fryer to 350 degrees F (175 degrees C). Grease the basket of the air fryer with cooking spray. | 4. Spoon 2 tablespoons batter into the prepared basket and flatten. Repeat this as many times as the basket space allows without the pakoras touching. Mist the top of each pakora with cooking spray. | 5. Cook in the preheated air fryer for 8 minutes. Flip and cook for 8 more minutes. Transfer pakoras to a paper towel-lined plate. Repeat steps 3 and 4 with remaining batter.",81kcal,1g,0g,not provided,891mg,14g,3g,1g,4g,12mg,20mg,1mg,218mg
Atchara (Filipino Pickled Red Cabbage),https://www.allrecipes.com/recipe/278065/quick-pickled-red-cabbage-atchara/,8,15m,not provided,45m,"1 pound red cabbage, finely shredded | 0.5 cup spiced cane vinegar | 1 tablespoon white sugar | 2 teaspoons whole coriander seeds | 1.5 teaspoons ground black pepper | 1 teaspoon kosher salt | 1 Thai chile, chopped","2. Toss cabbage with vinegar, sugar, coriander, pepper, and salt in a large bowl. Massage spices into cabbage using your hands. Adjust seasoning as desired with additional sugar or salt. Stir in Thai chile. Cover and chill until sugar and salt dissolve, at least 30 minutes.",28kcal,0g,0g,0mg,174mg,7g,2g,4g,1g,28mg,32mg,1mg,183mg
Pandan Chiffon Cake,https://www.allrecipes.com/recipe/266245/pandan-chiffon-cake/,8,15m,45m,1h 0m,"6 eggs, separated | 0.25 teaspoon cream of tartar | 0.5 cup white sugar | 8 tablespoons water | 0.25 teaspoon pandan paste | 5 tablespoons corn oil | 1 cup self-rising flour, sifted","2. Gather all ingredients. Preheat the oven to 325 degrees F (165 degrees C). | 3. Beat egg whites and cream of tartar in the bowl of a stand mixer fitted with the whisk attachment until stiff peaks form; set aside. | 4. Beat egg yolks and sugar together in a separate bowl until sugar dissolves. | 5. Whisk water and pandan paste together in a separate bowl until smooth; stir into egg yolk mixture. Stir in oil; fold in flour. | 6. Gently fold egg yolk-pandan mixture into egg whites with a spatula; pour into a 9-inch chiffon cake mold. | 7. Bake in the preheated oven until a toothpick inserted into center comes out clean, 45 to 50 minutes. | 8. Cool cake in the pan, inverted onto a wire rack. Run a sharp knife around edges to loosen cooled cake from the mold, invert carefully onto a serving plate.",227kcal,12g,2g,123mg,245mg,24g,0g,13g,6g,not provided,71mg,1mg,80mg
Spicy Szechuan Green Beans,https://www.allrecipes.com/recipe/247349/spicy-szechuan-green-beans/,2,15m,10m,25m,"0.5 pound green beans, trimmed and cut into 1-inch pieces | 0.25 cup water | 1 tablespoon minced ginger | 2 cloves garlic, minced | 1 teaspoon sesame oil | 2 tablespoons soy sauce | 1 tablespoon rice vinegar | 0.5 teaspoon white sugar | 0.25 teaspoon red pepper flakes","2. Combine green beans and water in a skillet over medium-high heat. Cover and cook, stirring occasionally, until beans are tender-crisp, 4 to 5 minutes. Add ginger, garlic, and sesame oil; cook, stirring frequently, until garlic is fragrant and golden brown, 1 to 2 minutes. | 3. Mix soy sauce, rice vinegar, sugar, and red pepper flakes together in a small bowl. Pour over beans and cook until sauce thickens enough to coat beans, 3 to 5 minutes.",73kcal,3g,0g,not provided,911mg,11g,4g,2g,3g,20mg,52mg,2mg,303mg
Authentic Saag Paneer,https://www.allrecipes.com/recipe/228957/authentic-saag-paneer/,4,15m,45m,1h 0m,"2 bunches spinach, roughly chopped | 1 bunch fenugreek leaves, roughly chopped | 3 tablespoons canola oil, divided | 0.5 pound paneer, cubed | 1 teaspoon cumin seeds | 1 onion, thinly sliced | 3 cloves garlic, minced | 1 teaspoon grated fresh ginger | 1 tomato, diced | 2 teaspoons garam masala | 0.5 teaspoon ground turmeric | 0.5 teaspoon cayenne pepper | 0.5 cup heavy whipping cream | salt to taste","2. Gather all ingredients. | 3. Bring a large saucepan of water to a boil; add spinach and fenugreek and cook until wilted, about 3 minutes. Drain well. | 4. Transfer to a food processor and blend until finely chopped, about 5 pulses. | 5. Heat 1 tablespoon canola oil in a large skillet over medium heat; add paneer cubes and fry until browned on all sides, about 5 minutes. Transfer paneer onto a plate. | 6. Heat remaining 2 tablespoons canola oil in the same skillet over medium heat; add cumin seeds and fry until lightly toasted and aromatic, about 3 minutes. | 7. Add onion; cook and stir until softened, 4 to 5 minutes. Add garlic and ginger and stir to coat. | 8. Stir in tomato, garam masala, turmeric, and cayenne pepper; cook until tomato breaks down, stirring often, about 10 minutes. | 9. Stir in pureed spinach mixture, paneer cubes, and cream; add salt to taste. | 10. Reduce heat to low, cover, and simmer for 15 minutes, stirring occasionally.",299kcal,20g,6g,29mg,480mg,18g,5g,3g,17g,108mg,366mg,16mg,1190mg
Yaki Udon,https://www.allrecipes.com/recipe/8539106/yaki-udon/,4,not provided,15m,35m,"0.25 cup oyster sauce | 3 tablespoons soy sauce | 2 tablespoons mirin | 1 tablespoon unseasoned rice vinegar | 2 teaspoons Worcestershire sauce | 2 teaspoons toasted sesame oil | 1 teaspoon packed light brown sugar | 1 teaspoon Sriracha sauce | 1 medium garlic, grated | 1 medium (5-oz.) bunch scallions | 2 tablespoons canola oil | 12 ounces sliced mixed wild mushrooms (such as cremini, oyster, and shiitake) (about 6 cups) | 2 medium heads baby bok choy, thinly sliced | 1 (10 ounce) package carrots, cut into match-stick size pieces | 0.5 cup water, divided | 1 (14 ounce) package pre-cooked udon noodles (such as KA-ME) | Optional garnishes: thinly sliced nori, cilantro, lime wedges, furikake seasoning","2. Whisk together oyster sauce, soy sauce, mirin, rice vinegar, Worcestershire, sesame oil, sugar, Sriracha, and garlic in a small bowl; set aside. Remove root ends from scallions and discard. Chop whites and light greens into 2-inch pieces and quarter pieces lengthwise; set aside. Thinly slice remaining dark greens of scallions and reserve for garnish. | 3. Heat oil in a large skillet or wok over medium-high heat. Add mushrooms in a single layer and cook, undisturbed, until browned on first side, about 3 minutes. Stir and continue to cook, stirring occasionally, until mushrooms are tender and golden brown on both sides, about 4 more minutes. Add bok choy, carrots, sliced whites and light greens of scallions, and 1/4 cup water to pan with mushrooms. Cook, stirring occasionally, until vegetables are just tender, about 3 minutes. | 4. Add udon noodles and remaining 1/4 cup water and cook, gently separating noodles with tongs or spoon. Add reserved oyster sauce mixture and cook, stirring constantly, until noodles and vegetables are well-coated, about 1 minute. Divide among serving bowls and garnish with reserved sliced greens of scallions and optional garnishes. Serve immediately. Recipe developed by Marianne Williams",212kcal,11g,1g,not provided,1183mg,23g,7g,not provided,10g,not provided,not provided,not provided,1552mg
Authentic Greek Moussaka,https://www.allrecipes.com/recipe/278769/authentic-greek-moussaka/,8,30m,1h 35m,2h 50m,"4 medium eggplants, cut lengthwise into 1/3-inch slices | salt to taste | 4 cups milk | 1 stick butter | 6 tablespoons all-purpose flour | 3 large egg yolks, beaten | 7 tablespoons olive oil, divided | 2 medium onions, grated | 3 cloves garlic, finely chopped | 1 pound lean ground beef | 0.5 teaspoon ground allspice | 0.5 teaspoon white sugar | 1 pinch ground cinnamon | salt and ground black pepper to taste | 1 (14 ounce) can tomato sauce | 4 tablespoons chopped fresh parsley | 1 large egg white, lightly beaten | 1.5 cups freshly grated Parmesan cheese","2. Gather the ingredients. | 3. Sprinkle eggplant slices with salt and place in a colander set in the sink or over a plate. Let sit for 30 minutes to 1 hour so the salt can draw out any bitterness. | 4. Meanwhile, to make bechamel sauce: Heat milk in a saucepan almost to a boil. Melt butter in a skillet over medium heat. Whisk in flour until a smooth paste forms. Lower heat and gradually pour in hot milk, whisking constantly until bechamel sauce thickens. Season with salt. Remove from heat and allow to cool slightly. | 5. Rinse eggplant slices under cold running water. Squeeze out liquid and pat dry with paper towels. | 6. Whisk egg yolks into the cooled bechamel. | 7. Heat 3 tablespoons olive oil in a large skillet and cook eggplant slices in batches until each side is lightly browned, about 3 minutes per side. Drain on a large plate lined with paper towels. | 8. Preheat the oven to 375 degrees F (190 degrees C). Grease a 9x13-inch baking dish with olive oil. Heat remaining 4 tablespoons olive oil in a large skillet over low heat. Cook grated onion until soft, about 4 minutes. Add garlic and cook for 1 minute. Increase heat to medium-high and add ground beef. Cook and stir until browned and crumbly, about 5 minutes. Season with allspice, sugar, cinnamon, salt, and pepper. | 9. Stir in tomato sauce and bring to a simmer. Cook until all excess liquid has evaporated and mixture appears dry, 15 to 20 minutes. Stir in parsley and remove from heat. Allow to cool slightly, then stir in the egg white. | 10. Arrange a layer of eggplant in the prepared baking dish. Cover eggplant with all of the beef mixture and sprinkle with 1/3 of the Parmesan cheese. Cover with remaining eggplant and sprinkle another 1/3 of Parmesan cheese on top. Pour bechamel sauce over the top and sprinkle with remaining Parmesan cheese. | 11. Bake in the preheated oven until the top of the moussaka is set and golden, 45 minutes to 1 hour. Remove from oven and let rest at room temperature for 10 to 15 minutes before slicing and serving.",617kcal,44g,19g,173mg,678mg,33g,11g,not provided,26g,not provided,not provided,not provided,not provided
Red Currant Pie,https://www.allrecipes.com/recipe/18480/red-currant-pie/,10,20m,35m,1h 25m,"1.5 cups all-purpose flour | 1 teaspoon baking powder | 0.5 cup butter, softened | 0.5 cup white sugar | 2 large eggs, separated | 1.5 teaspoons grated lemon zest | 0.5 cup white sugar | 2 teaspoons cornstarch | 2.25 cups red currants","2. Make the dough: Sift flour and baking powder into a medium bowl. Mix in butter, sugar, egg yolks, and lemon zest until a dough forms. Cover and let rest in a cool place for 30 minutes. Set egg whites aside for the filling. | 3. Preheat the oven to 325 degrees F (165 degrees C). Grease the bottom and sides of a 10-inch springform pan. | 4. Roll dough into a 10-inch circle; place into the prepared springform pan. | 5. Bake in the preheated oven until golden, about 25 minutes. | 6. Meanwhile, make the filling: Beat reserved egg whites in a glass, metal, or ceramic bowl until stiff. Gradually mix in sugar and cornstarch, then beat for 5 minutes. Fold in currants, then pour over crust in the springform pan. | 7. Return to the oven and bake until top is lightly browned, about 10 minutes. Cool to room temperature before serving.",257kcal,10g,6g,65mg,115mg,39g,2g,22g,4g,11mg,39mg,1mg,108mg
Greek Orzo Salad,https://www.allrecipes.com/recipe/19389/greek-orzo-salad/,6,15m,10m,1h 25m,"1.5 cups uncooked orzo pasta | 2 (6 ounce) cans marinated artichoke hearts | 1 cucumber, seeded and chopped | 1 tomato, seeded and chopped | 1 red onion, chopped | 1 cup crumbled feta cheese | 1 (2 ounce) can black olives, drained | 0.25 cup chopped fresh parsley | 1 tablespoon lemon juice | 0.5 teaspoon dried oregano | 0.5 teaspoon lemon pepper","2. Bring a large pot of lightly salted water to a boil. Add pasta and cook until al dente, 8 to 10 minutes; drain. | 3. Drain artichoke hearts, reserving liquid. | 4. Gather prepared ingredients together. | 5. Combine pasta, artichoke hearts, cucumber, tomato, onion, feta, olives, parsley, lemon juice, oregano, and lemon pepper in a large bowl; toss well. Chill in the refrigerator for 1 hour. | 6. Just before serving, drizzle reserved artichoke marinade over salad. | 7. Enjoy!",393kcal,13g,5g,22mg,968mg,57g,7g,7g,14g,23mg,180mg,3mg,624mg
Kraut Bierocks,https://www.allrecipes.com/recipe/23893/kraut-bierocks/,10,45m,1h 0m,1h 45m,"1.5 (.25 ounce) packages active dry yeast | 0.5 cup white sugar | 2 cups warm water | 4 cups all-purpose flour | 0.5 cup powdered milk | 1.5 teaspoons baking powder | 0.5 cup shortening | 1 pound lean ground beef | 1 pound ground Italian sausage | 1 cup chopped onion | 3 cups shredded cabbage | 3 tablespoons prepared mustard | 2 teaspoons salt | 2 teaspoons ground black pepper | 0.5 cup shredded, processed American cheese | 0.5 cup shredded Cheddar cheese","2. To Make Sweet Dough: In a medium bowl combine the yeast, sugar and water and mix together; let stand 10 minutes. Stir in flour, dry milk, baking powder and shortening, then knead mixture for 10 minutes, adding as little flour as necessary. Cover bowl with a damp cloth and let rise in a warm place for 30 minutes, then knead again. | 3. To Make Filling: Meanwhile, brown beef, sausage and onion in a large skillet over medium high heat. Drain extra fat from skillet, then stir in cabbage, mustard, salt and pepper and cook for 5 minutes. Add cheese and cook, stirring, until cheese is melted. | 4. Preheat oven to 350 degrees F (175 degrees C). | 5. Flatten a piece of dough. Place large spoonful of meat filling onto dough and fold over to form a round bun. Lay folded-side-down in a lightly greased 9x13 inch baking dish. Repeat with remaining dough and filling. | 6. Bake in preheated oven for 20 minutes, or until golden brown.",630kcal,34g,13g,69mg,1129mg,55g,2g,14g,25g,2mg,194mg,4mg,443mg
Miso and Soy Chilean Sea Bass,https://www.allrecipes.com/recipe/190094/miso-and-soy-chilean-sea-bass/,4,10m,10m,3h 20m,"0.33333334326744 cup sake | 0.33333334326744 cup mirin (Japanese sweet rice wine) | 0.33333334326744 cup miso paste | 0.25 cup packed brown sugar | 3 tablespoons soy sauce | 4 (4 ounce) fillets fresh sea bass, about 1 inch thick | 2 tablespoons chopped green onion","2. Whisk together sake, mirin, miso paste, brown sugar, and soy sauce in a bowl. | 3. Place sea bass fillets in a large resealable plastic bag; pour marinade over fillets. Chill in the refrigerator for 3 to 6 hours. | 4. Preheat the oven&#39;s broiler and set the oven rack about 6 inches from the heat source. Prop the oven door to remain slightly ajar. | 5. Arrange fillets on a baking sheet; discard marinade. | 6. Broil sea bass in the preheated oven until fish flakes easily with a fork, 7 to 9 minutes. | 7. Sprinkle with chopped green onions to serve.",287kcal,4g,1g,47mg,1613mg,28g,1g,22g,25g,1mg,42mg,1mg,393mg
Quick and Easy Pancit,https://www.allrecipes.com/recipe/47015/quick-and-easy-pancit/,6,15m,15m,30m,"1 (12 ounce) package dried rice noodles | 1 teaspoon vegetable oil | 1 onion, finely diced | 3 cloves garlic, minced | 2 cups diced cooked chicken breast meat | 1 small head cabbage, thinly sliced | 4 carrot, thinly sliced | 0.25 cup soy sauce | 2 lemons - cut into wedges, for garnish","2. Gather all ingredients. | 3. Place rice noodles in a large bowl; cover with warm water and let soften for 8 to 10 minutes. Drain and set aside. | 4. Meanwhile, heat oil in a wok or large skillet over medium-low heat. Add onion and garlic; cook and stir until onion is tender, about 3 to 5 minutes. Stir in chicken, cabbage, carrots, and soy sauce. Cook until cabbage begins to soften. | 5. Toss in noodles and cook, stirring constantly, until heated through. | 6. Transfer pancit to a serving dish and garnish with lemon wedges.",369kcal,5g,1g,35mg,789mg,65g,7g,7g,18g,76mg,110mg,2mg,568mg
Lamb (Gosht) Biryani,https://www.allrecipes.com/recipe/212487/lamb-gosht-biryani/,8,25m,1h 0m,1h 25m,"2.5 cups basmati rice | 0.25 cup cooking oil | 8 whole cloves | 4 black cardamom pods | 4 cinnamon sticks | 4 large onions, sliced thin | 1 tablespoon garlic paste | 1 tablespoon ginger paste | 0.25 cup chopped fresh cilantro leaves | 3 tablespoons chopped fresh mint leaves | 1 pound lamb chops | salt to taste | 3 tomatoes, chopped | 4 green chile peppers, halved lengthwise | 2 teaspoons ground red pepper | 2 tablespoons plain yogurt | 2 tablespoons lemon juice | 7.5 cups water | 1 teaspoon salt | 1 tablespoon vegetable oil | 1 onion, sliced | 0.5 teaspoon saffron | 2 tablespoons warm milk","2. Gather all ingredients. | 3. Place basmati rice in a large container and cover with several inches of cool water; let stand 30 minutes. Drain. | 4. Heat 1/4 cup oil in a large skillet over medium heat; add cloves, cardamom pods, and cinnamon sticks and cook in the hot oil until fragrant, about 1 minute. Add onions; cook and stir until onions are lightly browned, about 5 minutes. Stir garlic paste and ginger paste into onion mixture; cook until fragrant, about 1 minute. Sprinkle cilantro and mint over onion mixture and cook 1 minute more. | 5. Add lamb chops to the skillet; season with salt. Cook lamb until chops are browned on both sides, about 20 minutes. | 6. Stir in tomatoes, green chile peppers, and ground red pepper; continue cooking until oil begins to separate from the sauce, about 10 minutes. Add yogurt and lemon juice; cover and cook until the lamb is tender, about 15 minutes. Add some water as needed to keep mixture from getting too dry. | 7. Place rice, 7 ½ cups water, and 1 teaspoon salt in a saucepan; bring to a boil and simmer until rice is nearly done yet a little chewy, 10 to 15 minutes. Drain any excess water. | 8. Heat 1 tablespoon oil in a small skillet; add sliced onion and cook until lightly browned. | 9. Layer about ½ of the rice in the bottom of a deep pot with a lid. Spoon the lamb masala mixture over the rice. Spread fried onion over lamb masala. Top with remaining rice. | 10. Stir saffron and warm milk together in a small bowl; pour over top layer of rice. Cover the pot with the lid and place the pot over low heat; cook until the rice is thoroughly cooked, about 15 minutes. | 11. Serve and enjoy!",544kcal,25g,9g,43mg,429mg,64g,5g,8g,17g,71mg,92mg,3mg,539mg
California Roll,https://www.allrecipes.com/recipe/228953/california-roll/,5,1h 0m,20m,1h 50m,"4 cups water | 2 cups uncooked white rice | 0.5 cup seasoned rice vinegar | 1 teaspoon white sugar, or to taste | 1 teaspoon salt, or to taste | 0.25 pound cooked crab meat, drained of excess liquid and shredded | 1 tablespoon mayonnaise | 5 sheets nori (dry seaweed) | 1 avocado, sliced | 0.25 cup red caviar, such as tobiko | 1 English cucumber, seeded and sliced into strips | 2 tablespoons drained pickled ginger, for garnish | 2 tablespoons soy sauce, or to taste | 1 tablespoon wasabi paste","2. Gather all ingredients. | 3. Wrap a sushi rolling mat completely in plastic wrap and set aside. | 4. Bring water and rice to a boil in a saucepan over high heat. Reduce heat to medium-low, cover, and simmer until rice is tender and liquid has been absorbed, 20 to 25 minutes. Transfer rice to a bowl and cut in vinegar using a rice paddle or wooden spoon. Season with sugar and salt. Allow to cool to room temperature, about 30 minutes. | 5. Combine crab meat with mayonnaise in a small bowl. | 6. Place nori sheet on a flat work surface. Spread a thin layer of rice on top of nori. | 7. Place nori, rice side down, on the prepared rolling mat. Place 2 to 3 avocado slices on top of the nori in one layer. | 8. Top with 2 to 3 tablespoons of the crab mixture. | 9. Spoon 1 to 2 teaspoons tobiko lengthwise on one side of the avocado-crab mixture, and 2 cucumber strips on the other side. | 10. Using the mat as a guide, carefully roll the California roll into a tight log. Remove the rolling mat. Top roll with more tobiko, cover with plastic wrap, and gently press the tobiko into the top of the roll. | 11. Remove the plastic and cut into 6 even pieces using a wet knife. Repeat with remaining sheets of nori and filling. Serve garnished with pickled ginger, soy sauce, and wasabi paste.",445kcal,11g,2g,94mg,1237mg,70g,4g,3g,15g,8mg,95mg,5mg,509mg
Air Fryer Chicken Katsu with Homemade Katsu Sauce,https://www.allrecipes.com/recipe/278708/air-fryer-chicken-katsu-with-homemade-katsu-sauce/,4,20m,20m,40m,"0.5 cup ketchup | 2 tablespoons soy sauce | 1 tablespoon brown sugar | 1 tablespoon sherry | 2 teaspoons Worcestershire sauce | 1 teaspoon minced garlic | 1 pound boneless skinless chicken breast, sliced in half horizontally | 1 pinch salt and ground black pepper to taste | 2 large eggs, beaten | 1.5 cups panko bread crumbs | cooking spray","2. Gather the ingredients. | 3. Prepare sauce: Whisk ketchup, soy sauce, brown sugar, sherry, Worcestershire sauce, and garlic together in a bowl until sugar has dissolved. Set katsu sauce aside. Preheat an air fryer to 350 degrees F (175 degrees C). | 4. Meanwhile, lay chicken pieces on a clean work surface. Season with salt and pepper. | 5. Place beaten eggs in a flat dish or shallow bowl. Pour bread crumbs into a second flat dish. Dredge chicken pieces in egg and then in bread crumbs. Repeat by dredging chicken in egg and then bread crumbs again, pressing down so the bread crumbs stick to the chicken. | 6. Place chicken pieces in the basket of the preheated air fryer. Spray the tops with nonstick cooking spray. | 7. Air fry for 10 minutes. Flip chicken pieces over using a spatula and spray the tops with nonstick cooking spray. Cook for 8 minutes more. Transfer chicken to a cutting board and slice. Serve with katsu sauce. | 8. Serve with katsu sauce and enjoy!",318kcal,7g,2g,158mg,1164mg,41g,0g,11g,32g,5mg,39mg,2mg,392mg
Easy Chinese Corn Soup,https://www.allrecipes.com/recipe/29704/easy-chinese-corn-soup/,4,5m,10m,15m,"1 (15 ounce) can cream style corn | 1 (14.5 ounce) can low-sodium chicken broth | 1 tablespoon cornstarch | 2 tablespoons water | 1 large egg, beaten","2. Combine corn and chicken broth in a saucepan. Bring to a boil over medium-high heat. | 3. Mix together cornstarch and water in a small bowl or cup; pour into the boiling corn soup, and continue cooking for about 2 minutes, or until thickened. | 4. Gradually add beaten egg while stirring the soup. Remove from heat and serve.",121kcal,2g,1g,48mg,409mg,24g,2g,4g,5g,6mg,11mg,1mg,178mg
Chai Tea Latte,https://www.allrecipes.com/recipe/222513/chai-tea-latte/,1,5m,not provided,5m,0.75 cup boiling water | 1 chai tea bag | 1.5 teaspoons honey | 1 teaspoon white sugar | 0.75 cup milk,2. Gather all ingredients. | 3. Pour boiling water over chai tea bag in a mug; let steep 4 to 6 minutes. Remove and discard tea bag. | 4. Stir honey and sugar into tea to dissolve. Stir milk through tea to serve.,145kcal,4g,2g,15mg,81mg,23g,not provided,22g,6g,0mg,220mg,0mg,282mg
Slow Cooker German-Style Pork Roast with Sauerkraut and Potatoes,https://www.allrecipes.com/recipe/146229/slow-cooker-german-style-pork-roast-with-sauerkraut-and-potatoes/,8,20m,8h 0m,8h 20m,"6 white potatoes, peeled and quartered | 1 tablespoon minced garlic | salt and pepper to taste | 1 (3 pound) boneless pork loin roast | 1 (32 ounce) jar sauerkraut with liquid | 2 teaspoons caraway seeds","2. Place potatoes, garlic, salt, and pepper in a slow cooker; stir to coat. Season pork roast with salt and pepper; lay over potatoes. Pour sauerkraut over roast and sprinkle with caraway seeds. | 3. Cook on Low for 8 to 10 hours.",386kcal,15g,6g,83mg,810mg,31g,7g,4g,31g,49mg,73mg,4mg,1264mg
Super Easy Cabbage Stir Fry,https://www.allrecipes.com/recipe/174210/super-easy-stir-fried-cabbage/,4,10m,5m,15m,"1 tablespoon vegetable oil | 2 cloves garlic, minced | 1 pound shredded cabbage | 1 tablespoon soy sauce | 1 tablespoon Chinese cooking wine (Shaoxing wine)","2. Heat vegetable oil in a wok or large skillet over medium heat. Stir in garlic and cook until it begins to brown, 3 to 5 seconds. | 3. Stir in cabbage until coated in oil; cover the wok and cook for 1 minute. | 4. Pour in soy sauce; cook and stir for another minute. Increase heat to high and stir in Chinese cooking wine. Cook and stir until cabbage is tender, about 2 minutes more. | 5. Serve hot and enjoy!",65kcal,4g,1g,not provided,270mg,7g,3g,4g,2g,42mg,49mg,1mg,208mg
Pfeffernusse,https://www.allrecipes.com/recipe/9822/pfeffernusse/,96,not provided,not provided,0m,"4 cups all-purpose flour | 1 teaspoon baking powder | 0.5 teaspoon baking soda | 1 teaspoon ground white pepper | 1 teaspoon ground cinnamon | 0.5 teaspoon ground cardamom | 0.5 teaspoon ground ginger | 0.75 teaspoon salt | 0.75 cup butter, softened | 1.25 cups packed brown sugar | 2 eggs | 0.75 cup finely chopped almonds","2. Preheat oven to 350 degrees F. | 3. Combine dry ingredients and set aside. | 4. In a separate bowl, beat butter and sugar together until light. Add eggs one at a time, beating well after each addition. | 5. Stir in dry ingredients 1/2 cup at a time. Add almonds, if desired. | 6. Roll into one inch balls and arrange 1 inch apart on ungreased baking sheet. Bake 11 to 14 minutes. | 7. Cool and store in airtight containers for 3 days to mellow flavors.",51kcal,2g,1g,8mg,42mg,7g,0g,3g,1g,not provided,10mg,0mg,20mg
Ashley&#39;s Chicken Katsu with Tonkatsu Sauce,https://www.allrecipes.com/recipe/75981/ashleys-chicken-katsu-with-tonkatsu-sauce/,2,20m,10m,30m,"0.5 cup Worcestershire sauce | 0.25 cup ketchup | 2 tablespoons soy sauce | pepper to taste | 2 cups vegetable oil, for deep-fat frying | 0.5 cup all-purpose flour | 0.5 cup panko bread crumbs | salt and pepper to taste | 1 egg, beaten | 2 skinless, boneless chicken breast halves - pounded to 1/4 inch thickness | 1 green onion, thinly sliced","2. For the sauce, stir together the Worcestershire sauce, ketchup, and soy sauce, and a pinch of pepper to taste. Set aside. | 3. Heat oil in deep-fryer to 350 degrees F (175 degrees C). | 4. Place flour and panko bread crumbs onto separate plates and season with salt and pepper. Place the beaten egg in a medium bowl. Dip flattened chicken pieces first into flour, then egg, and lastly bread crumbs. | 5. Fry breaded chicken breasts in preheated oil until golden brown and no longer pink in center, about 8 minutes. Transfer to a paper towel-lined plate to absorb excess oil. Slice chicken into thin strips and top with a drizzle of sauce and a sprinkling of sliced green onions. Serve remaining sauce on the side for dipping.",718kcal,37g,7g,137mg,2290mg,73g,2g,15g,30g,15mg,127mg,7mg,947mg
Atsara (Papaya Relish),https://www.allrecipes.com/recipe/212921/atsara-papaya-relish/,10,20m,10m,25h 30m,"4 cups grated fresh green papaya | 0.25 cup salt | 1 carrot, peeled and sliced | 1 red bell pepper, sliced into long strips | 2 green chile peppers, sliced into thin rings | 1 (2 inch) piece fresh ginger root, peeled and sliced | 1 (1.5 ounce) box raisins | 1 cup white vinegar | 1 cup water | 1 cup white sugar | 1 teaspoon salt","2. Toss grated papaya with 1/4 cup salt together in a large bowl; allow to sit for 1 hour. Drain liquid from papaya and rinse thoroughly. Place papaya in the middle of a large piece of cheesecloth and squeeze to drain as much liquid from the papaya as possible. | 3. Combine papaya, carrot, bell pepper, chile peppers, ginger, and raisins together in a clean large bowl; mix. Transfer the mixture to clean, dry jars with lids. | 4. Stir vinegar, water, sugar, and 1 teaspoon salt together in a small saucepan; bring to a boil for 5 minutes. Pour the vinegar mixture into the jars, making sure the vegetables are completely submerged in liquid. Allow vegetables to marinate in the liquid at least 1 day before using. Store in the refrigerator between uses.",112kcal,0g,not provided,not provided,241mg,28g,2g,25g,1g,42mg,17mg,1mg,182mg
Easy Baklava,https://www.allrecipes.com/recipe/20287/easy-baklava/,36,30m,50m,1h 20m,"1 pound chopped nuts | 1 teaspoon ground cinnamon | 1 (16 ounce) package phyllo dough | 1 cup butter, melted | 1 cup white sugar | 1 cup water | 0.5 cup honey | 1 teaspoon vanilla extract | 1 teaspoon grated lemon zest","2. Preheat the oven to 350 degrees F (175 degrees C). Butter a 9x13-inch baking dish. | 3. Toss together nuts and cinnamon. Unroll phyllo and cut the whole stack in half to fit the dish. Cover phyllo with a damp cloth while assembling the baklava, to keep it from drying out. | 4. Place 2 sheets of phyllo in the bottom of the prepared dish. Brush generously with some of the melted butter. Sprinkle 2 to 3 tablespoons of the nut mixture on top. Repeat layers until all ingredients are used, ending with about 6 sheets of phyllo. | 5. Using a sharp knife, cut baklava into 4 long rows, then diagonally 9 times to make 36 diamond shapes. Be sure to cut all the way through to the bottom of the layers. | 6. Bake in the preheated oven until golden brown and crisp, about 50 minutes. | 7. While baklava is baking, combine sugar and water in a small saucepan over medium heat and bring to a boil. Stir in honey, vanilla, and lemon zest; reduce heat and simmer 20 minutes. | 8. Remove baklava from the oven and immediately spoon syrup over it. Let cool completely before serving. Store uncovered.",201kcal,14g,4g,14mg,97mg,18g,1g,not provided,3g,0mg,17mg,1mg,70mg
Chinese Spareribs,https://www.allrecipes.com/recipe/77408/chinese-spareribs/,2,5m,40m,2h 45m,3 tablespoons hoisin sauce | 1 tablespoon ketchup | 1 tablespoon honey | 1 tablespoon soy sauce | 1 tablespoon sake | 1 teaspoon rice vinegar | 1 teaspoon lemon juice | 1 teaspoon grated fresh ginger | 0.5 teaspoon grated fresh garlic | 0.25 teaspoon Chinese five-spice powder | 1 pound pork spareribs,"2. Gather all ingredients. | 3. Mix hoisin sauce, ketchup, honey, soy sauce, sake, rice vinegar, lemon juice, ginger, garlic, and five-spice powder together in a shallow glass dish. Place ribs in the dish and turn to coat. Cover and marinate in the refrigerator for 2 hours or up to overnight. | 4. Preheat the oven to 325 degrees F (165 degrees C). Fill a broiler tray with enough water to cover the bottom. Place the grate or a rack over the tray; arrange ribs on the grate. | 5. Cook in the preheated oven on the center rack for 40 minutes, turning and brushing with marinade every 10 minutes. | 6. Let marinade cook on for final 10 minutes to make a glaze. Finish under the broiler if desired. Discard any remaining marinade.",503kcal,31g,11g,121mg,1015mg,23g,1g,18g,30g,3mg,62mg,3mg,407mg
Spicy Tuna Rolls,https://www.allrecipes.com/recipe/279434/spicy-tuna-rolls/,4,30m,not provided,30m,"4 sheets nori (dry seaweed) | 0.5 pound sashimi-grade tuna, finely chopped | 4 tablespoons mayonnaise | 2 green onions, chopped | 1 tablespoon hot chile sauce | 2.5 cups prepared sushi rice | 1 tablespoon sesame seeds","2. Cut off the bottom quarter of each nori sheet; reserve for another use. | 3. Combine chopped tuna, mayonnaise, green onions, and hot sauce in a bowl. | 4. Center 1 sheet of nori on a bamboo sushi mat. Wet your hands. Spread a thin layer of rice on the nori using your hands; press into a thin layer, leaving a 1/2-inch space at the bottom edge. Sprinkle with sesame seeds. Arrange 1/4 of the tuna mixture in a line across the rice, about 1/3 of the way down from the top of the sheet. | 5. Wet the uncovered edge of the nori. Lift the top end of the mat and firmly roll it over the ingredients. Roll it forward to make a complete roll. Repeat with remaining ingredients. | 6. Slice the rolls into 3/4-inch pieces using a wet knife. Serve immediately or refrigerate until serving.",344kcal,13g,2g,31mg,103mg,39g,1g,1g,17g,4mg,41mg,1mg,350mg
Easy German Apple Streusel Pie,https://www.allrecipes.com/recipe/267993/easy-german-apple-streusel-pie/,10,20m,1h 0m,1h 25m,"4 large apples - peeled, cored, and thinly sliced | 1 pinch ground cinnamon | 7 ounces unsalted butter, at room temperature | 1 cup white sugar | 3 teaspoons vanilla sugar | 1 egg | 2 cups all-purpose flour | 3.5 teaspoons baking powder","2. Combine apple slices and cinnamon in a saucepan and cook over low heat for 10 minutes. If necessary, add a tiny bit of water so apples don&#39;t burn. Remove from heat and set aside to cool. | 3. Preheat the oven to 350 degrees F (175 degrees C). Grease a 10-inch springform pan with butter. | 4. Combine butter, sugar, vanilla sugar, and egg in a large bowl; beat using an electric mixer until smooth and creamy. Mix flour and baking powder in a separate bowl. Add 2/3 of flour mixture, 1 tablespoon at a time, to butter mixture and beat on low speed. Add remaining flour mixture and mix in by hand to make a crumbly dough. | 5. Transfer 1/2 the dough into the prepared springform pan and press down to create a bottom crust. Add apple slices, leaving a small space around the edges. Crumble remaining dough evenly on top. | 6. Bake in the preheated oven until streusel and crust are lightly browned, about 50 minutes. Cool on a wire rack for 5 minutes. Run a table knife around the edges to loosen. Carefully transfer to a serving plate or cooling rack.",365kcal,17g,10g,59mg,180mg,53g,3g,29g,4g,4mg,112mg,2mg,129mg
Chicken Tinola,https://www.allrecipes.com/recipe/212929/chicken-tinola/,4,30m,20m,50m,"1 tablespoon cooking oil | 1 medium onion, chopped | 2 cloves garlic, minced | 1 (1 1/2 inch) piece fresh ginger, peeled and thinly sliced | 1 tablespoon fish sauce | 3 pounds chicken legs and thighs, rinsed and patted dry | 2 (14 ounce) cans chicken broth | 1 chayote squash, peeled and cut into bite-sized pieces | salt and ground black pepper to taste | 1 head bok choy, chopped | 1 (8 ounce) package fresh spinach, chopped","2. Gather all ingredients. | 3. Heat oil in a large pot over medium heat. Add onion and garlic; cook and stir until fragrant, about 2 minutes. | 4. Add ginger and fish sauce; cook and stir for 1 to 2 minutes. Stir in chicken and cook for 5 minutes. | 5. Pour in chicken broth and cook for 5 minutes. Add squash and simmer until chicken is no longer pink in the center, about 10 minutes. Season with salt and pepper. | 6. Add bok choy and spinach; cook until spinach is just wilted, 1 to 2 minutes. Serve hot. | 7. Enjoy!",532kcal,23g,6g,208mg,1551mg,14g,4g,6g,66g,not provided,not provided,not provided,not provided
3-Ingredient Japanese Cheesecake,https://www.allrecipes.com/recipe/263685/3-ingredient-cheesecake/,8,15m,30m,5h 0m,"1 (4 ounce) bar white chocolate, chopped | 0.5 cup cream cheese, softened | 3 eggs, separated","2. Preheat the oven to 350 degrees F (175 degrees C). Line the bottom of a 9-inch springform pan with parchment paper. | 3. Place white chocolate in the top of a double boiler over simmering water. Stir frequently, scraping down the sides with a rubber spatula to avoid scorching, until chocolate is melted, about 5 minutes. Remove and allow to cool slightly. Mix in cream cheese and egg yolks until well combined. | 4. Beat egg whites in a large glass, metal, or ceramic bowl with an electric mixer until stiff peaks form. Fold in cooled white chocolate mixture. Pour into the prepared springform pan. | 5. Bake in the preheated oven for 15 minutes. Reduce oven temperature to 300 degrees F (150 degrees C) and bake for 15 minutes. Turn the oven off, leaving cheesecake inside for 15 more minutes. | 6. Remove cheesecake from the oven and allow to cool completely at room temperature, about 1 hour. Chill before serving, about 3 hours.",151kcal,11g,6g,80mg,79mg,9g,not provided,9g,4g,0mg,49mg,1mg,80mg
Chicken in Black Bean Sauce,https://www.allrecipes.com/recipe/246187/chicken-in-garlic-and-black-bean-sauce/,6,15m,15m,50m,"1 tablespoon cornstarch | 1 tablespoon water | 1 tablespoon soy sauce | 1.5 teaspoons white sugar | 1 teaspoon salt | 6 skinless, boneless chicken breast halves, sliced | 1 cup bean sprouts | 1/4 cup water | 2 teaspoons oyster sauce | 1 teaspoon white sugar | 1 tablespoon vegetable oil | 3 tablespoons black bean sauce with garlic | 1 tablespoon chopped garlic | 1 onion, finely sliced | 0.5 bell pepper, chopped | 2 teaspoons cornstarch | 1 tablespoon water","2. To make the marinade: Mix 1 tablespoon cornstarch with 1 tablespoon water in a bowl; stir in light soy sauce, sugar, and salt. Add chicken; toss to combine. Set aside to marinate for 20 minutes. | 3. Bring water to a boil in a saucepan. Add bean sprouts; cook just until blanched, about 30 seconds; drain and set aside. | 4. Combine 1/4 cup water, oyster sauce, and sugar together in a small bowl; set aside. | 5. Heat vegetable oil in a skillet over high heat. Add black bean sauce and chopped garlic; cook and stir until fragrant, about 1 minute. Add onion; cook and stir until soft, 3 to 4 minutes. | 6. Add chicken and marinade mixture; stir-fry until cooked through and no longer pink in the middle, about 4 to 5 minutes. Stir in oyster sauce mixture; cook until heated through. Cover and simmer until flavors blend, about 1 or 2 minutes. Stir in bell pepper; cover and cook until softened, 1 to 2 minutes more. | 7. Dissolve 2 teaspoons cornstarch in 1 tablespoon water. Stir in bean sprouts and cornstarch mixture; cook until sauce is thickened, 2 to 3 minutes more.",266kcal,8g,2g,102mg,453mg,9g,1g,4g,38g,18mg,32mg,2mg,410mg
Pepperoni Casserole,https://www.allrecipes.com/recipe/53514/pepperoni-casserole/,8,15m,40m,55m,1 (16 ounce) package uncooked rotini pasta | 1 pound ground Italian sausage | 1 (16 ounce) jar pasta sauce | 2 (12 ounce) containers cottage cheese | 1 (2.25 ounce) can sliced black olives | 12 ounces shredded mozzarella cheese | 2 (3 ounce) packages sliced pepperoni,"2. Preheat oven to 350 degrees F (175 degrees C). Lightly grease a 9x13-inch casserole dish. | 3. Bring a large pot of lightly salted water to a boil. Place pasta in the pot, cook for 8 to 10 minutes, until al dente, and drain. | 4. Cook sausage in a skillet over medium heat until evenly browned. | 5. Combine cooked pasta, sausage, and pasta sauce in the prepared casserole dish. Mix cottage cheese, olives, and mozzarella cheese in a bowl; spoon over sausage and pasta mixture. Top with pepperoni slices. | 6. Bake in the preheated oven until bubbly and lightly browned on top, about 25 to 30 minutes.",694kcal,34g,14g,86mg,1732mg,54g,4g,8g,41g,1mg,426mg,4mg,507mg
Easy Chicken Fajita Marinade,https://www.allrecipes.com/recipe/231174/easy-chicken-fajita-marinade/,10,15m,20m,4h 35m,"0.5 cup vegetable oil | 2 tablespoons chili powder | 2 tablespoons lime juice | 2 tablespoons honey | 2 tablespoons garlic powder | 0.5 teaspoon paprika | 0.5 teaspoon ground black pepper | 3 pounds skinless, boneless chicken breasts, cut into strips","2. Gather the ingredients. | 3. Whisk vegetable oil, chili powder, lime juice, honey, garlic powder, paprika, and black pepper together in a medium bowl until well combined. | 4. Place chicken strips in a large resealable plastic bag. Pour in marinade and knead to coat; squeeze out excess air, seal bag, and marinate in the refrigerator for 4 hours to overnight. | 5. Preheat an outdoor grill for medium-high heat and lightly oil the grate. Remove chicken strips from marinade; discard any unused marinade. | 6. Cook chicken on the preheated grill until browned on all sides and chicken is no longer pink in the center, about 10 minutes per side. An instant-read meat thermometer inserted into the thickest piece should read at least 160 degrees F (70 degrees C).",260kcal,14g,2g,70mg,74mg,6g,1g,4g,27g,2mg,19mg,1mg,229mg
Easy Three-Ingredient Gluten-Free German Christmas Coconut Cookies,https://www.allrecipes.com/recipe/260303/easy-three-ingredient-gluten-free-german-christmas-coconut-cookies/,45,25m,15m,40m,4 egg whites | 1 cup white sugar | 2 cups unsweetened coconut flakes,"2. Preheat oven to 300 degrees F (150 degrees C). Line 2 baking sheets with parchment paper. | 3. Beat egg whites in a glass, metal, or ceramic bowl until stiff peaks form. Gradually add sugar, 1 tablespoon at a time, and continue beating. Fold in coconut flakes with a spatula. | 4. Use 2 teaspoons to place little mounds of coconut mixture 2 inches apart onto the baking sheets. | 5. Bake in the preheated oven until lightly browned, 15 to 20 minutes, depending on the size of the cookies. Allow to cool on baking sheet for a few minutes, then carefully transfer onto a wire rack to cool completely.",46kcal,3g,2g,not provided,7mg,5g,1g,5g,1g,0mg,1mg,0mg,27mg
Chicken Biryani,https://www.allrecipes.com/recipe/16102/chicken-biryani/,6,30m,1h 20m,1h 50m,"4 tablespoons vegetable oil, divided | 4 small potatoes, peeled and halved | 2 large onions, finely chopped | 2 cloves garlic, minced | 1 tablespoon minced fresh ginger root | 2 medium tomatoes, peeled and chopped | 1 teaspoon salt | 1 teaspoon ground cumin | 0.5 teaspoon chili powder | 0.5 teaspoon ground black pepper | 0.5 teaspoon ground turmeric | 2 tablespoons plain yogurt | 2 tablespoons chopped fresh mint leaves | 0.5 teaspoon ground cardamom | 1 (2 inch) piece cinnamon stick | 3 pounds boneless, skinless chicken pieces cut into chunks | 1 pound basmati rice | 2.5 tablespoons vegetable oil | 1 large onion, diced | 5 pods cardamom | 3 whole cloves | 1 (1 inch) piece cinnamon stick | 0.5 teaspoon ground ginger | 1 pinch powdered saffron | 4 cups chicken stock | 1.5 teaspoons salt","2. Gather all ingredients. | 3. Heat 2 tablespoons of oil in a large skillet. Fry potatoes in hot oil until lightly browned, about 3 to 5 minutes. Remove to a paper towel-lined plate to drain; set aside. | 4. Add remaining 2 tablespoons of oil to the skillet. Add onions, garlic, and fresh ginger; cook and stir until onion is soft and golden. Add tomatoes, salt, cumin, chili powder, pepper, and turmeric; cook, stirring constantly, for 5 minutes. | 5. Stir in yogurt, mint, ground cardamom, and cinnamon stick. Cover and cook over low heat, stirring occasionally, until tomatoes are cooked to a pulp. It may be necessary to add a little hot water if mixture becomes too dry and starts to stick to the pan. | 6. Add chicken and stir well to coat. Cover and cook over very low heat until chicken is tender, 35 to 45 minutes. There should only be a little very thick gravy left when chicken is finished cooking. If necessary cook uncovered for a few minutes to reduce the gravy. | 7. Meanwhile, make the rice: Wash rice well and drain in a colander for at least 30 minutes. | 8. Heat oil in a large skillet. Add onion; cook and stir until golden. Add cardamom pods, cloves, cinnamon stick, ground ginger, and saffron; stir in rice until coated with spices. | 9. Heat stock and salt in a medium pot until hot; pour over rice and stir well. | 10. Add chicken mixture and potatoes; stir gently to combine. Bring to a boil. | 11. Reduce heat to very low, cover with a tight-fitting lid, and steam for 20 minutes without lifting the lid or stirring. | 12. Spoon biryani onto a warm serving dish.",832kcal,35g,8g,134mg,1522mg,79g,5g,5g,48g,29mg,73mg,4mg,1021mg
Best Homemade Marzipan,https://www.allrecipes.com/recipe/261583/german-homemade-marzipan/,12,10m,not provided,10m,"1.75 cups whole almonds | 1.25 cups confectioners' sugar, or more as needed | water as needed | 3 drops almond extract","2. Place almonds in a heat-proof bowl and cover with boiling water. Let stand for a few minutes until cool enough to handle. | 3. Slip almonds out of their skins one by one, leaving the remaining almonds in the warm water. Drain almonds in a colander. | 4. Place almonds and confectioners&#39; sugar in a food processor fitted with a metal blade and process to a paste. Add cold water, 1/2 to 1 teaspoon at a time, if the paste is too dry. Scrape the sides a few times to ensure even processing. Add a few drops of almond extract towards the end of the process. Process marzipan until it is smooth and no longer grainy. | 5. Wrap marzipan in plastic wrap and store in a cool, dry place.",171kcal,11g,1g,not provided,0mg,17g,2g,14g,4g,not provided,52mg,1mg,151mg
Karioka Sweet Rice Balls,https://www.allrecipes.com/recipe/241708/karioka-sweet-rice-balls/,5,10m,10m,30m,1 cup rice flour | 1 cup shredded coconut | 0.75 cup coconut milk | 2 cups vegetable oil for frying | 0.5 cup coconut milk | 0.25 cup brown sugar,"2. Mix rice flour, shredded coconut, and 3/4 cup coconut milk together in a bowl until dough is well mixed. Form dough into balls, about 1 tablespoon per ball. | 3. Heat oil in a pot over medium heat. | 4. Fry dough balls in the hot oil until lightly browned, about 5 minutes. Remove pot from heat and transfer balls to a paper towel-lined plate. | 5. Pour 1/2 cup coconut milk into a saucepan; bring to a boil. Stir brown sugar into hot coconut milk until liquid thickens, 2 to 3 minutes more. Remove saucepan from heat, cool coconut coating slightly, and dip balls into coating. Cool slightly before serving.",414kcal,25g,16g,not provided,53mg,45g,3g,16g,4g,1mg,24mg,2mg,216mg
Christmas Stollen,https://www.allrecipes.com/recipe/17160/christmas-stollen/,15,30m,40m,2h 50m,"0.66666668653488 cup warm milk (110 degrees F/45 degrees C) | 1 tablespoon active dry yeast | 2.5 cups bread flour | 0.33333334326744 cup white sugar | 0.33333334326744 cup butter, softened | 1 large egg | 0.5 tablespoon salt | 0.66666668653488 cup diced candied citron | 0.33333334326744 cup currants | 0.33333334326744 cup golden raisins | 0.33333334326744 cup red candied cherries, quartered | 6 ounces marzipan | 1 tablespoon confectioners' sugar | 0.25 teaspoon ground cinnamon","2. Gather all ingredients. | 3. Place warm milk and yeast in a bowl. Let stand until creamy, about 10 minutes. | 4. Place yeast mixture, 2 cups bread flour, white sugar, butter, egg, and salt in a large mixing bowl; stir well to combine. Add remaining flour, 1/4 cup at a time, stirring well after each addition. | 5. When dough has pulled together, turn it out onto a lightly floured surface; knead in candied citron, currants, golden raisins, and cherries. Continue kneading until smooth, about 8 minutes. | 6. Lightly oil a large bowl, place the dough in the bowl, and turn to coat with oil. Cover with a damp cloth and let rise in a warm place until doubled in volume, about 1 hour. | 7. Lightly grease a baking sheet. Deflate dough and turn it out onto a lightly floured surface. Roll marzipan into a rope and place in the center of the dough. | 8. Fold dough over to cover it; pinch the seams together to seal. Place the loaf, seam-side down, on the prepared baking sheet. | 9. Cover with a damp cloth and let rise until doubled in volume, about 40 minutes. | 10. Preheat the oven to 350 degrees F (175 degrees C). Bake stollen in the preheated oven for 10 minutes, then reduce heat to 300 degrees F (150 degrees C) and bake for a further 30 to 40 minutes, or until golden brown and the bottom of the loaf sounds hollow when tapped. | 11. Let cool on a wire rack, then dust with confectioners&#39; sugar and sprinkle with cinnamon.",178kcal,7g,3g,24mg,307mg,29g,1g,18g,2g,not provided,not provided,not provided,not provided
Lumpia in the Air Fryer,https://www.allrecipes.com/recipe/270708/lumpia-in-the-air-fryer/,16,15m,30m,45m,"1 pound Italian hot sausage links | 0.5 cup finely sliced green onions | 0.5 cup finely chopped carrots | 0.5 cup finely chopped water chestnuts | 0.25 cup diced onions | 2 cloves garlic, minced | 2 tablespoons soy sauce | 0.5 teaspoon salt | 0.25 teaspoon ground ginger | 16 spring roll wrappers | avocado oil cooking spray","2. Remove casing from sausage and cook in a skillet over medium heat until slightly browned, 4 to 5 minutes. Add green onions, carrots, water chestnuts, and onion. Cook and stir until onions are soft and translucent, 5 to 7 minutes. Add garlic and cook for 1 to 2 minutes. Season with soy sauce, salt, and ginger. Stir until filling is well combined; remove from heat. | 3. Lay a spring roll wrapper at an angle. Place a scant 1/4 cup filling in the center of the wrapper. Fold bottom corner over filling and tuck in the sides to form a roll. Use your finger to lightly moisten edges with water. Repeat with remaining wrappers and filling. Mist each roll with avocado oil cooking spray. | 4. Preheat an air fryer to 390 degrees F (198 degrees C). | 5. Place lumpia rolls in the air fryer basket, making sure they are not touching; cook in batches if necessary. Fry for 4 minutes; flip and cook until skins are crispy, about 4 minutes more.",98kcal,6g,2g,12mg,471mg,7g,1g,1g,5g,1mg,14mg,1mg,103mg
Ube-Macapuno Cake,https://www.allrecipes.com/recipe/51518/ube-macapuno-cake/,12,30m,30m,1h 0m,"2.5 cups cake flour | 3 teaspoons baking powder | 1 teaspoon salt | 1 cup ube (purple yam), cooked and finely grated | 0.75 cup milk | 1 teaspoon vanilla extract | 7 egg yolks, lightly beaten | 0.5 cup corn syrup | 0.5 cup vegetable oil | 7 egg whites | 1 teaspoon cream of tartar | 1 cup white sugar | 6 drops red food color | 6 drops blue food coloring | 1 (12 ounce) jar macapuno (coconut preserves) | 1 cup evaporated milk, chilled | 0.75 cup white sugar | 1 cup butter, softened | 1 drop violet food coloring","2. Preheat the oven to 325 degrees F (165 degrees C). Line the bottom of three 9-inch round pans with parchment paper, but do not grease. | 3. Make the ube cake: Mix flour, baking powder, and salt together in a large bowl; set aside. Place grated ube in a large bowl. Combine 3/4 cup milk and 1 teaspoon vanilla; gradually blend into ube until smooth. Blend in egg yolks, corn syrup, and oil. Beat in flour mixture until smooth; set aside. | 4. Combine egg whites and cream of tartar in a large bowl; beat with an electric mixer until foamy. Gradually add sugar, then red and blue food coloring, continuing to beat until stiff peaks form. Fold 1/3 of the whites into batter, then quickly fold in remaining whites until no streaks remain. Pour batter into prepared pans. | 5. Bake in the preheated oven until a toothpick inserted into the center comes out clean, about 30 to 35 minutes. Invert pans on a wire rack and let cool upside down. When cool, run a knife around the edges to loosen cake from the pans. Spread coconut preserves onto the cooled cake layers; stack layers on a cake stand or serving plate. | 6. Make the buttercream: Combine evaporated milk and 3/4 cup sugar; set aside. Combine butter and sugar in a large bowl; beat with an electric mixer until smooth and creamy. Beat in food coloring, one drop at a time, until the desired tint is achieved. Frost top and sides of cake with buttercream.",714kcal,44g,13g,168mg,469mg,75g,1g,36g,12g,0mg,232mg,4mg,266mg
Beef Nilaga,https://www.allrecipes.com/recipe/212912/beef-nilaga/,5,30m,1h 40m,2h 10m,"4.5 pounds beef short ribs | 1 quart water | 2 onions, chopped | 1 tablespoon black peppercorns, crushed | 2 beef bouillon cubes | 2 potatoes, quartered | 1 chayote squash, peeled and quartered | 2 carrots, cut in chunks | 2 stalks celery, quartered | salt to taste | 0.25 head cabbage, cut into wedges","2. Place short ribs into a large pot with enough water to cover. Bring to a boil over high heat, then boil for 5 minutes; the ribs will not be fully cooked. Drain and discard cooking water. | 3. Return ribs to the pot. Pour in 1 quart water, then add onions, peppercorns, and bouillon cubes. Bring to a boil, then cover, reduce the heat, and simmer for 1 hour. | 4. Skim any fat floating on the surface. Stir in potatoes, chayote squash, carrots, and celery. Cover and simmer until potatoes are tender, about 20 minutes. Season with salt, then add cabbage and cook for 5 more minutes.",983kcal,75g,32g,168mg,491mg,32g,7g,9g,43g,50mg,108mg,6mg,1182mg
Chef John&#39;s Chinese Scallion Pancakes,https://www.allrecipes.com/recipe/263821/chef-johns-chinese-scallion-pancakes/,8,30m,20m,2h 50m,"2 cups bread flour | 1.5 teaspoons kosher salt | 0.75 cup very hot water | 3 tablespoons vegetable oil | 2 teaspoons sesame oil | 1 tablespoon all-purpose flour | 1 teaspoon all-purpose flour | 1 bunch green onions, mostly green parts, thinly sliced | 1.5 tablespoons vegetable oil, or as needed","2. Combine bread flour and salt in a large bowl. Make a well in the middle and pour in hot water. Mix together with a wooden spoon to form a shaggy dough. | 3. Transfer dough onto a lightly floured work surface. Knead dough until sticky but relatively smooth and elastic, dusting with a minimal amount of flour if needed. Wrap in plastic wrap and let dough rest for 2 hours. | 4. Mix vegetable oil, sesame oil, and flour together in a skillet over medium heat until starting to bubble, about 3 minutes. Cook for 1 minute more. Remove from heat and cool to room temperature. | 5. Unwrap dough and cut in half. Roll out into a tube and press down with your fingers. Use a rolling pin to flatten dough into a rectangular shape about 1/8-inch thick, flipping over and dusting lightly with flour halfway through. | 6. Paint surface of the dough with the oil mixture until just covered, leaving 1 inch of space on the edges. Sprinkle scallions on top. Roll dough up tightly to seal in the scallions, starting with the long side. Pull the opposite edge over the top once you have reached it. | 7. Coil 1 end of the dough inward toward the middle; wrap the opposite end around the coil to finish, tucking the tip under the bottom. Dust the coil with flour and roll dough out into a pancake about 1/4-inch thick. Repeat with remaining dough, oil, and green onions to make the second pancake. | 8. Heat vegetable oil in a cast iron skillet over high heat. Add 1 pancake; lower heat to medium. Cook until crispy and browned, about 4 minutes per side. Repeat with the other pancake. Cut into wedges.",200kcal,9g,2g,not provided,366mg,25g,2g,1g,4g,5mg,26mg,not provided,109mg
Easy Chinese Fried Noodles,https://www.allrecipes.com/recipe/34668/chinese-fried-noodles/,6,15m,25m,40m,"2 (3 ounce) packages soy sauce-flavored ramen noodles with seasoning packets | 2 tablespoons vegetable oil, divided | 3 large eggs, beaten | 2 teaspoons vegetable oil, divided | 4 green onions, thinly sliced | 1 small carrot, peeled and grated | 0.5 cup green peas | 0.25 cup red bell pepper, minced | 2 tablespoons sesame oil | 1 teaspoon sesame oil, or to taste | 1 teaspoon soy sauce, or to taste","2. Gather all ingredients. | 3. Bring a medium pot of water to a boil. Cook ramen noodles, reserving seasoning packets, in boiling water until softened, about 3 minutes. Drain noodles and set aside. | 4. Heat 1 tablespoon vegetable oil in a small skillet. Cook and stir beaten eggs in hot oil until scrambled and firm. Set aside. | 5. Heat 1 teaspoon vegetable oil in a large skillet or wok over medium heat. Add green onions into hot oil and stir fry until softened, 2 to 3 minutes. Remove green onions to a plate; set aside. | 6. Heat remaining 1 teaspoon vegetable oil in the same wok or skillet over medium heat. Add carrots, peas, and bell pepper separately; stir frying until softened, removing each to the plate with green onions when done. | 7. Combine 2 tablespoons sesame oil with remaining 1 tablespoon vegetable oil in the same skillet or a wok over medium heat. Stir fry cooked noodles in hot sesame-vegetable oil, tossing frequently, until golden, 3 to 5 minutes. Season with desired amounts of sesame oil, soy sauce, and reserved ramen seasoning packets; toss to coat. | 8. Stir in cooked vegetables, tossing frequently, until heated through, about 5 more minutes. | 9. Enjoy!",161kcal,13g,3g,69mg,294mg,7g,1g,1g,4g,16mg,33mg,1mg,144mg
Indian Fish Curry,https://www.allrecipes.com/recipe/213238/indian-fish-curry/,4,15m,30m,1h 15m,"3 tablespoons canola oil, divided | 2 teaspoons Dijon mustard | 1 teaspoon ground black pepper | 1.5 teaspoons salt, divided | 4 white fish fillets | 1 medium onion, coarsely chopped | 4 cloves garlic, roughly chopped | 1 (1 inch) piece fresh ginger root, peeled and chopped | 5 cashew halves | 2 teaspoons cayenne pepper, or to taste | 1 teaspoon ground cumin | 1 teaspoon ground coriander | 1 teaspoon white sugar | 0.5 teaspoon ground turmeric | 0.5 cup chopped tomato | 0.25 cup vegetable broth | 0.25 cup chopped fresh cilantro","2. Gather the ingredients. | 3. Mix 2 tablespoons oil, mustard, black pepper, and 1/2 teaspoon salt together in a shallow glass bowl. | 4. Add fish and turn to coat. Cover and refrigerate for 30 minutes. | 5. While the fish is marinating, combine onion, garlic, ginger, and cashews in a blender or food processor; pulse until mixture forms a paste. | 6. Preheat the oven to 350 degrees F (175 degrees C). | 7. Heat remaining 1 tablespoon oil in a skillet over medium-low heat. Add cashew paste; cook and stir until fragrant, 1 to 2 minutes. | 8. Add cayenne pepper, remaining 1 teaspoon salt, cumin, coriander, sugar, and turmeric to the cashew paste in the skillet; cook and stir for 5 minutes. Stir in tomato and broth. | 9. Remove fish from marinade and shake off excess; discard remaining marinade. Arrange fish in a baking dish and pour sauce over top. | 10. Bake, covered, in the preheated oven until fish flakes easily with a fork, about 30 minutes. Garnish with cilantro.",338kcal,14g,1g,56mg,2715mg,12g,2g,5g,42g,10mg,69mg,2mg,940mg
Greek-Style Garlic Chicken Breasts,https://www.allrecipes.com/recipe/54202/greek-style-garlic-chicken-breast/,4,10m,10m,8h 20m,"4 skinless, boneless chicken breast halves | 1 cup extra virgin olive oil | 1 medium lemon, juiced | 2 teaspoons crushed garlic | 1.5 teaspoons black pepper | 1 teaspoon salt | 0.33333334326744 teaspoon paprika","2. Cut three slits in each chicken breast to allow marinade to penetrate. Place chicken into a large bowl. | 3. Whisk oil, lemon juice, garlic, pepper, salt, and paprika together for about 30 seconds. Pour over chicken; use your hands to work marinade into chicken. Cover and refrigerate, 8 hours to overnight. | 4. Preheat an outdoor grill for medium heat and lightly oil the grate. | 5. Cook chicken on the preheated grill until meat is no longer pink and juices run clear, 10 to 12 minutes, flipping halfway through. An instant-read thermometer inserted into the center should read at least 165 degrees F (74 degrees C).",644kcal,58g,8g,68mg,660mg,4g,2g,not provided,28g,23mg,36mg,1mg,360mg
Chef John&#39;s Chicken Tikka Masala,https://www.allrecipes.com/recipe/239867/chef-johns-chicken-tikka-masala/,4,25m,45m,1h 10m,"1.5 pounds skinless, boneless chicken thighs | 1 tablespoon vegetable oil | 2 teaspoons kosher salt | 2 teaspoons garam masala | 2 teaspoons ground cumin | 1 teaspoon ground coriander | 1 teaspoon smoked paprika | 1 teaspoon ground turmeric | 0.5 teaspoon ground black pepper | 0.25 teaspoon cayenne pepper | 0.125 teaspoon ground cardamom | 2 tablespoons clarified butter (ghee), or more as needed | 1 onion, chopped | 0.25 cup tomato paste | 4 cloves garlic, finely grated | 1 tablespoon finely grated ginger, or more to taste | 1 cup crushed tomatoes | 1 (13 ounce) can coconut milk | 0.5 cup chicken broth, or as needed | 2 tablespoons chopped fresh cilantro | 0.5 teaspoon red pepper flakes | salt and ground black pepper to taste","2. Gather all ingredients. Place chicken in a bowl. Drizzle vegetable oil over chicken; toss to coat. | 3. Whisk together salt, garam masala, cumin, coriander, paprika, turmeric, black pepper, cayenne pepper, and cardamom in a small bowl. Sprinkle over chicken and turn to coat evenly. | 4. Melt clarified butter in a large, heavy skillet over high heat. Cook chicken thighs in hot butter until browned on all sides, 5 to 10 minutes. Transfer chicken to a plate. When cool enough to handle, cut chicken into bite-sized pieces. | 5. Make sauce: Place the skillet with chicken drippings over medium-high heat. Stir onion into the skillet; sauté until onion softens and turns translucent, 5 to 6 minutes. Stir in tomato paste and cook until paste caramelizes, about 5 minutes. Stir garlic and ginger into tomato-onion mixture; cook until fragrant, about 1 minute. | 6. Pour crushed tomatoes into the skillet. Bring to a boil while scraping the browned bits of food off of the bottom of the skillet with a wooden spoon. Pour in coconut milk and chicken broth; bring to a simmer, reduce heat to medium-low, and cook, stirring occasionally, until flavors blend and sauce is slightly reduced, about 15 minutes. | 7. Stir chicken and any accumulated juices into sauce. Add cilantro and red pepper flakes; bring to a simmer, reduce heat to medium-low, and cook until chicken is cooked through and tender, 10 to 15 minutes. Season with salt and black pepper.",625kcal,48g,27g,122mg,1325mg,19g,5g,5g,34g,18mg,100mg,7mg,985mg
Filipino Corned Beef and Cabbage,https://www.allrecipes.com/recipe/263852/filipino-corned-beef-and-cabbage/,4,10m,25m,35m,"0.33333334326744 cup butter | 1 teaspoon olive oil | 0.5 onion, chopped | 3 cloves garlic, minced | 4 Roma tomatoes, cubed | 0.33333334326744 small head cabbage, cored and cut into strips | 0.25 cup chicken stock, or more to taste | 1 (12 ounce) can corned beef","2. Heat butter and oil in a large pot over medium heat. Add onion and garlic and cook until onion is soft and translucent, about 5 minutes. Add tomatoes and heat through, about 3 minutes. | 3. Stir in cabbage and and cook until softened, about 5 minutes. Add a splash of chicken stock and heat through, about 3 minutes. | 4. Mix in corned beef and cook until heated through and flavors have combined, about 10 minutes.",398kcal,29g,15g,113mg,1012mg,9g,3g,5g,25g,33mg,56mg,2mg,418mg
Cucumber Gyro Sauce,https://www.allrecipes.com/recipe/169789/cucumber-gyro-sauce/,12,15m,not provided,1h 15m,1 cup sour cream | 0.66666668653488 cup peeled and grated cucumber | 0.5 teaspoon minced garlic | 0.5 teaspoon chopped fresh dill | 0.25 teaspoon prepared mustard | 0.25 teaspoon garlic powder,"2. Stir sour cream, cucumber, garlic, dill, mustard, and garlic powder together in a bowl until well combined. Cover and chill for at least 1 hour before serving, or overnight for best results.",43kcal,4g,3g,8mg,12mg,1g,0g,not provided,1g,1mg,24mg,not provided,41mg
Japanese Ginger Pork,https://www.allrecipes.com/recipe/87392/japanese-ginger-pork/,4,10m,10m,1h 20m,2 tablespoons soy sauce | 2 tablespoons sake | 2 tablespoons mirin | 1 tablespoon grated fresh ginger root | 1 pound thinly sliced pork loin | 3 tablespoons vegetable oil,"2. Gather all ingredients. | 3. Mix together soy sauce, sake, mirin, and ginger in a large bowl until combined. | 4. Add sliced pork; stir to coat. Cover the bowl and marinate for about 1 hour. | 5. Heat oil in a large skillet or wok over high heat. Sauté pork in hot oil until browned and cooked through; discard marinade. An instant-read thermometer inserted into pork should read at least 145 degrees F (63 degrees C).",289kcal,20g,5g,55mg,491mg,4g,0g,3g,19g,1mg,15mg,1mg,298mg
Greek Garbanzo Bean Salad,https://www.allrecipes.com/recipe/16110/greek-garbanzo-bean-salad/,8,10m,not provided,2h 10m,"2 (15 ounce) cans garbanzo beans, drained | 2 cucumbers, halved lengthwise and sliced | 1 (15 ounce) can black olives, drained and chopped | 12 cherry tomatoes, halved | 0.5 red onion, chopped | 0.5 cup Italian-style salad dressing | 2 cloves garlic, minced | 0.5 lemon, juiced | 1 ounce crumbled feta cheese | 0.5 teaspoon garlic salt | 0.5 teaspoon ground black pepper","2. Gather the ingredients. | 3. Combine beans, cucumbers, olives, tomatoes, red onion, salad dressing, garlic, lemon juice, feta cheese, garlic salt, and pepper in a large serving bowl. | 4. Toss together until well combined. Refrigerate for 2 hours before serving. Serve chilled.",214kcal,12g,2g,3mg,1067mg,26g,6g,3g,5g,15mg,104mg,3mg,289mg
Chinese Chicken Fried Rice,https://www.allrecipes.com/recipe/17161/chinese-chicken-fried-rice-i/,7,25m,15m,40m,"0.5 tablespoon sesame oil | 1 onion, diced | 1.5 pounds cooked, cubed chicken meat | 2 tablespoons soy sauce | 2 large carrots, diced | 2 stalks celery, diced | 1 large red bell pepper, diced | 0.75 cup fresh pea pods, halved | 0.5 large green bell pepper, diced | 6 cups cooked white rice | 2 large eggs, scrambled | 0.33333334326744 cup soy sauce","2. Heat sesame oil in a large skillet over medium heat. Add onion and sauté until soft. Add cooked chicken and 2 tablespoons soy sauce; stir-fry for 5 to 6 minutes. | 3. Stir in carrots, celery, red bell pepper, pea pods, and green bell pepper; stir-fry for 5 minutes. Mix in cooked rice until thoroughly combined. | 4. Stir in scrambled eggs and 1/3 cup soy sauce; cook until heated through and serve hot.",425kcal,10g,3g,134mg,1060mg,48g,3g,4g,35g,48mg,60mg,4mg,504mg
Greek Baklava,https://www.allrecipes.com/recipe/9454/greek-baklava/,18,25m,50m,1h 15m,1 (16 ounce) package phyllo dough | 1 pound chopped nuts | 1 cup butter | 1 teaspoon ground cinnamon | 1 cup water | 1 cup white sugar | 1 teaspoon vanilla extract | 0.5 cup honey,"2. Gather all ingredients. Preheat the oven to 350 degrees F(175 degrees C). Butter the bottoms and sides of a 9x13-inch pan. | 3. Chop nuts and toss with cinnamon. Set aside. | 4. Unroll phyllo dough. Cut whole stack in half to fit pan. Cover phyllo with a dampened cloth to keep from drying out as you work. Place two sheets of dough in pan, butter thoroughly with a pastry brush. Repeat until you have 8 sheets layered. | 5. Sprinkle 2 to 3 tablespoons of nut mixture on top. Top with two sheets of dough, melted butter, nuts, layering as you go. The top layer should be about 6 to 8 sheets deep. | 6. Using a sharp knife cut into diamond or square shapes all the way to the bottom of the pan. You may cut into 4 long rows then make diagonal cuts. Bake for about 50 minutes until baklava is golden and crisp. | 7. Make sauce while baklava is baking. Boil sugar and water until sugar is melted. Add vanilla and honey. Simmer for about 20 minutes. | 8. Remove baklava from the oven and immediately spoon sauce over it. Let cool. | 9. Serve in cupcake papers. This freezes well. Leave it uncovered as it gets soggy if it is wrapped up. | 10. Enjoy!",393kcal,26g,9g,27mg,196mg,38g,3g,20g,6g,not provided,not provided,not provided,not provided
Moo Goo Gai Pan,https://www.allrecipes.com/recipe/165846/moo-goo-gai-pan/,4,20m,15m,35m,"2 tablespoons vegetable oil, divided | 2 cups chopped broccoli florets | 1 cup sliced fresh mushrooms | 1 (15 ounce) can whole straw mushrooms, drained | 1 (8 ounce) can sliced bamboo shoots, drained | 1 (8 ounce) can sliced water chestnuts, drained | 2 cloves garlic, minced | 1 pound skinless, boneless chicken breast, cut into strips | 0.25 cup chicken broth | 1 tablespoon cornstarch | 1 tablespoon white sugar | 1 tablespoon soy sauce | 1 tablespoon oyster sauce | 1 tablespoon rice wine","2. Heat 1 tablespoon oil in a wok over high heat until it begins to smoke. Stir in broccoli and fresh mushrooms, then add straw mushrooms, bamboo shoots, and water chestnuts. Stir-fry until broccoli is tender and all vegetables are hot, about 5 minutes. Transfer to a bowl and wipe out the wok. | 3. Heat remaining 1 tablespoon oil in the wok over high heat until it begins to smoke. Add garlic and stir-fry until it turns golden, a few seconds. Add chicken and stir-fry until browned on the edges and no longer pink in the center, about 5 minutes. | 4. Stir broth, cornstarch, sugar, soy sauce, oyster sauce, and rice wine together in a small bowl; pour over chicken in the wok and bring to a boil, stirring constantly. Boil until sauce thickens and is no longer cloudy, about 30 seconds. Return vegetables to the wok; toss with sauce and cook until heated through, about 1 minute.",307kcal,10g,2g,66mg,833mg,23g,6g,not provided,34g,43mg,55mg,4mg,695mg
Capirotada (Mexican Bread Pudding),https://www.allrecipes.com/recipe/15327/capirotada-mexican-bread-pudding/,10,30m,30m,1h 15m,"2 cups white sugar | 2 cups water | 10 cinnamon sticks | 1 (1 pound) loaf white bread | 2 tablespoons butter | 1 cup raisins | 1 cup pineapple chunks, drained | 4 ounces Colby longhorn cheese | 0.75 cup chopped walnuts","2. Preheat the oven to 350 degrees F (175 degrees C). | 3. Combine sugar, water, and cinnamon sticks in a medium saucepan. Bring to a boil and let simmer for about 15 minutes. Set aside. | 4. Toast bread and butter each slice on one side. Arrange some of the bread to make a single layer in a large casserole dish. Sprinkle some of the raisins, nuts, and pineapple on top. Slice cheese and place some of it on top of fruit. Repeat layers until all bread is used, making sure enough cheese is left over for the top. Pour cinnamon syrup mixture over everything in baking dish. | 5. Bake in the preheated oven for 30 minutes. Let bread pudding cool for at least 15 minutes before serving.",465kcal,13g,5g,17mg,398mg,83g,4g,55g,8g,3mg,200mg,3mg,255mg
Chinese Pork Dumplings,https://www.allrecipes.com/recipe/228052/chinese-pork-dumplings/,5,20m,1h 0m,1h 20m,"0.5 cup soy sauce | 1 tablespoon seasoned rice vinegar | 1 tablespoon finely chopped Chinese chives | 1 tablespoon sesame seeds | 1 teaspoon chile-garlic sauce (such as Sriracha®) | 1 pound ground pork | 3 cloves garlic, minced | 1 large egg, beaten | 2 tablespoons finely chopped Chinese chives | 2 tablespoons soy sauce | 1.5 tablespoons sesame oil | 1 tablespoon minced fresh ginger | 50 dumpling wrappers | 0.5 cup vegetable oil for frying, or as needed","2. To make the dipping sauce: Combine soy sauce, rice vinegar, chives, sesame seeds, and chile-garlic sauce in a small bowl. Set aside. | 3. To make the dumplings: Mix pork, garlic, egg, chives, soy sauce, sesame oil, and ginger in a large bowl until thoroughly combined. | 4. Place a dumpling wrapper on a lightly floured work surface and spoon about 1 tablespoon of filling in the middle. | 5. Wet the edge with a little water and crimp together forming small pleats to seal the dumpling. Repeat to form remaining dumplings. | 6. Heat 1 to 2 tablespoons vegetable oil in a large skillet over medium-high heat. Place 8 to 10 dumplings in the pan and cook until browned, about 2 minutes per side. | 7. Pour in 1 cup of water; cover and cook until dumplings are tender and pork is cooked through, about 5 minutes. | 8. Repeat to cook remaining dumplings, adding more oil and water for each batch. | 9. Serve dumplings with dipping sauce.",540kcal,25g,7g,103mg,2373mg,50g,2g,1g,28g,2mg,91mg,5mg,403mg
Wonton Soup,https://www.allrecipes.com/recipe/13199/wonton-soup/,6,30m,10m,1h 5m,"0.5 pound boneless pork loin, coarsely chopped | 2 ounces peeled shrimp, finely chopped | 1 tablespoon Chinese rice wine | 1 tablespoon light soy sauce | 1 teaspoon brown sugar | 1 teaspoon finely chopped green onions | 1 teaspoon chopped fresh ginger root | 24 (3.5 inch square) wonton wrappers | 3 cups chicken stock | 2 tablespoons finely chopped green onions","2. Gather all ingredients. | 3. To make the wontons: Mix pork, shrimp, rice wine, soy sauce, brown sugar, green onions, and ginger together in a large bowl until well combined. Let stand for 25 to 30 minutes. | 4. Spoon about 1 teaspoon filling onto the center of a wonton wrapper. Moisten all four wrapper edges with water and fold over filling to make a triangle; press the edges firmly to seal. | 5. Bring left and right corners together above filling; overlap the tips of these corners, moisten with water, and press together to seal. Repeat until all wrappers have been filled and sealed. | 6. To make the soup: Bring chicken stock to a rolling boil in a pot. Gently drop in wontons and cook for 5 minutes. | 7. Ladle into bowls and garnish with green onions. | 8. Enjoy!",195kcal,6g,2g,44mg,887mg,21g,1g,not provided,13g,1mg,30mg,2mg,195mg
Japanese-Style Fluffy Pancakes,https://www.allrecipes.com/recipe/263960/japanese-style-fluffy-pancakes/,4,5m,10m,15m,1.5 cups all-purpose flour | 2 teaspoons baking powder | 2 eggs | 0.25 cup brown sugar | 0.66666668653488 cup milk | 0.5 teaspoon vanilla extract | 1 teaspoon oil,"2. Mix flour and baking powder together in a bowl. | 3. Beat eggs and sugar in a bowl with an electric mixer on medium speed until well blended. Slowly mix in flour mixture; batter will thicken rather quickly. Slowly blend in milk, then vanilla extract. | 4. Lightly oil a griddle and heat over medium-high heat. Working in batches as necessary, drop batter by large spoonfuls onto the griddle and cook until bubbles form and the edges are dry, 3 to 4 minutes. Flip and cook until browned on the other side, 2 to 3 minutes.",282kcal,4g,1g,96mg,300mg,52g,1g,16g,9g,0mg,215mg,3mg,164mg
Filipino Ribs,https://www.allrecipes.com/recipe/14756/filipino-ribs/,12,15m,1h 45m,2h 0m,"6 pounds pork spareribs | 2 medium onions, cut into wedges | 6 tablespoons soy sauce | 6 whole star anise pods | 0.25 teaspoon ground black pepper | 1/2 cup water | 1 tablespoon vegetable oil | 1 medium onion, finely chopped | 0.5 cup honey | 2 tablespoons brown sugar | 1 tablespoon grated fresh ginger | 1 tablespoon Worcestershire sauce | 1 tablespoon lemon juice","2. Place ribs, 2 onions cut into wedges, 4 tablespoons soy sauce, star anise pods, and black pepper in a large stock pot . Add water and bring to a boil. Reduce heat to medium low, cover, and simmer until ribs are tender when pierced, about 1 ¼ hours, stirring occasionally. | 3. Meanwhile, heat oil in a medium skillet over medium heat. Add 1 onion chopped; cook and stir until onion is soft. Stir in honey, brown sugar, remaining 2 tablespoons soy sauce, ginger, Worcestershire sauce, and lemon juice; cook and stir until well blended. Remove from heat. | 4. Preheat the oven to 400 degrees F (200 degrees C). | 5. Remove ribs from stock pot using tongs; arrange in a single layer in an 11x16-inch baking pan. Brush evenly with honey glaze. | 6. Bake in the preheated oven, basting often with pan drippings, until ribs are well glazed, about 30 minutes.",773kcal,59g,19g,198mg,710mg,19g,1g,17g,39g,3mg,54mg,3mg,697mg
Tandoori Chicken,https://www.allrecipes.com/recipe/50347/indian-tandoori-chicken/,4,25m,20m,7h 5m,"2 pounds chicken, cut into pieces | 1 medium lemon, juiced | 1 teaspoon salt | 1.25 cups plain yogurt | 0.5 medium onion, finely chopped | 1 clove garlic, minced | 2 teaspoons garam masala | 1 teaspoon grated fresh ginger root | 1 teaspoon cayenne pepper | 1 teaspoon red food coloring | 1 teaspoon yellow food coloring | 2 teaspoons finely chopped cilantro | 1 medium lemon, cut into wedges","2. Gather all ingredients. | 3. Remove and discard skin from chicken pieces. Cut slits into meat and place into a shallow dish. Season chicken on both sides with lemon juice and salt. Let sit for 20 minutes. | 4. Mix yogurt, onion, garlic, garam masala, ginger, and cayenne pepper together in a medium bowl until smooth, then stir in food coloring. | 5. Spread yogurt mixture over chicken, cover, and refrigerate for 6 to 24 hours (the longer the better). | 6. When ready to cook, preheat an outdoor grill for medium-high heat and lightly oil the grate. Remove chicken from marinade. Discard remaining marinade. | 7. Cook chicken on the preheated grill until no longer pink and the juices run clear. An instant-read thermometer inserted near the bone should read 165 degrees F (74 degrees C). | 8. Garnish with cilantro and lemon wedges.",356kcal,19g,6g,102mg,734mg,14g,3g,6g,36g,45mg,201mg,2mg,575mg
Real Homemade Bologna,https://www.allrecipes.com/recipe/76161/real-homemade-bologna/,24,15m,1h 0m,25h 15m,3 pounds ground beef | 3 tablespoons sugar-based curing mixture (such as Morton® Tender Quick®) | 1 cup water | 0.125 teaspoon garlic powder | 0.5 teaspoon onion powder | 1.5 teaspoons liquid smoke flavoring,"2. In a large bowl, mix together the ground beef, curing salt, water, garlic powder, onion powder and liquid smoke using your hands. Divide in half, and form each half into a roll. Wrap in plastic wrap, and refrigerate for 24 hours. | 3. Preheat the oven to 300 degrees F (150 degrees C). Unwrap the beef rolls, and place them on a greased baking sheet or roasting pan. | 4. Bake for 1 hour in the preheated oven, turning the meat over after 30 minutes. Cool to room temperature, then refrigerate until chilled. Slice, and eat on sandwiches.",115kcal,9g,3g,34mg,896mg,not provided,not provided,not provided,9g,not provided,5mg,1mg,87mg
Teriyaki Rib Eye Steaks,https://www.allrecipes.com/recipe/107586/teriyaki-rib-eye-steaks/,2,10m,15m,2h 25m,2 tablespoons soy sauce | 2 tablespoons water | 1 tablespoon white sugar | 1.5 teaspoons honey | 1.5 teaspoons Worcestershire sauce | 1.25 teaspoons distilled white vinegar | 1 teaspoon olive oil | 0.25 teaspoon onion powder | 0.25 teaspoon garlic powder | 0.125 teaspoon ground ginger | 2 (6 ounce) lean beef rib eye steaks,"2. Whisk soy sauce, water, sugar, honey, Worcestershire sauce, vinegar, olive oil, onion powder, garlic powder, and ground ginger together in a large glass or ceramic bowl. Pierce steaks several times with a fork. Add steaks to bowl; toss to evenly coat. Cover the bowl with plastic wrap and marinate in the refrigerator at least 2 hours. | 3. Cook steaks in a hot skillet, wok, or hibachi over medium heat, 7 minutes per side for medium. An instant-read thermometer inserted into the center should read 140 degrees F (60 degrees C).",297kcal,18g,7g,60mg,992mg,14g,0g,12g,20g,1mg,19mg,2mg,336mg
"Filipino Steamed Rice, Cebu Style",https://www.allrecipes.com/recipe/263028/filipino-steamed-rice-cebu-style/,4,10m,45m,1h 15m,"1 pound pork belly, cut into 3/4-inch cubes | 2 teaspoons Chinese cooking wine | 1 teaspoon oyster sauce | 1 teaspoon cornstarch | 0.5 teaspoon sesame oil | 0.25 teaspoon salt | 1 pinch ground black pepper | 1 teaspoon vegetable oil | 1 tablespoon minced garlic | 0.5 tablespoon fried shallots | 3 cups water | 1 tablespoon light soy sauce, or to taste | 0.25 teaspoon dark soy sauce | 0.25 pound uncooked medium shrimp, peeled and deveined | 1 tablespoon cornstarch | 3 tablespoons water | 2 tablespoons frozen peas | 2 tablespoons vegetable oil | 2 tablespoons minced garlic | 2 cups cooked jasmine rice, cooled, or more to taste | 1 teaspoon oyster sauce | 1 teaspoon light soy sauce | 3 drops sesame oil, or to taste","2. Mix pork belly with cooking wine, oyster sauce, cornstarch, sesame oil, salt, and black pepper in a bowl. Marinate in the refrigerator, at least 20 minutes. | 3. Heat vegetable oil in a pot over medium-high heat. Add garlic and shallots; cook and stir until fragrant, about 1 minute. Add the pork pieces; fry until browned, about 6 minutes. Pour in water, light soy sauce, and dark soy sauce. Cover with a lid and bring stew to a boil. Reduce heat to medium and cook until pork becomes tender and water is reduced by half, about 30 minutes. | 4. Cut shrimp into 3/4-inch pieces. Mix cornstarch and water together in a bowl. | 5. Bring stew to a boil. Add the shrimp and peas; cook until shrimp changes color, about 2 minutes. Quickly stir in the cornstarch mixture. Cook and stir until gravy is thickened, 7 to 10 minutes. | 6. Heat oil in a wok over medium-high heat. Saute garlic until fragrant, about 1 minute. Increase heat to high. Add rice; cook, breaking up the rice with a spatula, until loosened, 3 to 5 minutes. Add oyster sauce and soy sauce. Cook and stir until rice is fluffy and heated through, about 3 minutes. Add remaining sesame oil. | 7. Divide fried rice between 3 or 4 bowls. Portion the pork and shrimp stew equally over the rice.",466kcal,26g,7g,84mg,1312mg,34g,1g,0g,22g,3mg,34mg,3mg,322mg
Bistek (Filipino Beef Steak),https://www.allrecipes.com/recipe/277279/bistek-filipino-beef-steak/,4,15m,30m,1h 15m,"0.5 cup soy sauce (such as Kikkoman®) | 0.25 cup lime juice | 3 cloves garlic, smashed | 2 teaspoons white sugar | 1 teaspoon fish sauce | ground black pepper to taste | 1 pound beef steak, sliced 1/4-inch thick | 2 tablespoons vegetable oil, divided, or as needed | 4 potatoes, cut into wedges | 1 large onion, cut into rings | 0.125 cup water","2. Combine soy sauce, lime juice, garlic, sugar, fish sauce, and pepper in a bowl. Taste and adjust to your liking. Add sliced beef, making sure it is coated evenly. Marinate for at least 30 minutes or up to 1 hour. | 3. Heat 1 tablespoon oil in a wok or pan over medium-high heat. Fry potatoes in the hot oil until the edges turn golden brown, 7 to 10 minutes. Transfer to a plate. | 4. Heat remaining oil in the same pan over medium-high heat and fry onions until edges turn brown, 7 to 10 minutes. Transfer to the same plate. | 5. Heat the same pan over medium-high heat. Reserve marinade and fry beef in batches, adding more vegetable oil if necessary, until browned and no longer pink in the centers, 5 to 7 minutes. Transfer to the plate and continue with remaining beef. | 6. Pour reserved marinade into the pan with water to deglaze, scraping up browned bits from the bottom of the pan using a wooden spoon. Taste and adjust seasonings. Return beef back to the pan with some onion, leaving remaining onion for garnish; reduce heat and let simmer until sauce has thickened, 7 to 10 minutes. | 7. Slide beef and sauce onto a serving plate. Garnish with remaining onion. Place potatoes on the side and serve.",445kcal,17g,5g,60mg,1953mg,48g,6g,6g,26g,50mg,56mg,5mg,1300mg
Greek Seasoning Blend,https://www.allrecipes.com/recipe/231228/greek-seasoning-blend/,8,5m,not provided,5m,"2 teaspoons salt | 2 teaspoons garlic powder | 2 teaspoons dried basil | 2 teaspoons dried Greek oregano | 1 teaspoon ground cinnamon | 1 teaspoon ground black pepper | 1 teaspoon dried parsley | 1 teaspoon dried rosemary, minced | 1 teaspoon dried dill weed | 1 teaspoon dried marjoram | 1 teaspoon cornstarch | 0.5 teaspoon ground thyme | 0.5 teaspoon ground nutmeg","2. Gather the ingredients. | 3. Place salt, garlic powder, basil, oregano, cinnamon, black pepper, parsley, rosemary, dill, marjoram, cornstarch, thyme, and nutmeg in a small bowl; mix well. | 4. Transfer to an airtight container for storage.",9kcal,0g,0g,not provided,583mg,2g,1g,0g,0g,1mg,25mg,1mg,37mg
Shrimp Egg Foo Young,https://www.allrecipes.com/recipe/163370/shrimp-egg-foo-young/,4,5m,20m,25m,8 ounces fresh bean sprouts | 1 cup cooked small shrimp | 4 eggs | 0.33333334326744 cup thinly sliced green onions | 0.25 teaspoon garlic powder | 2 tablespoons vegetable oil | 3 cups chicken broth | 2 tablespoons cornstarch | 2 tablespoons sugar | 2 tablespoons Chinese cooking wine | 2 tablespoons soy sauce,"2. Mix bean sprouts, shrimp, eggs, green onions, and garlic powder together in a large bowl until well combined. | 3. Heat oil in a skillet over medium heat. Add about 1/2 cup of egg mixture into the skillet to make a patty. Repeat to add more egg patties to the skillet. Working in batches, fry patties until golden brown, about 4 minutes per side. | 4. Meanwhile, to make the sauce: Whisk chicken broth, cornstarch, sugar, cooking wine, and soy sauce together in a saucepan over medium-low heat; simmer until sauce thickens, about 5 minutes. | 5. Spoon sauce over egg patties.",227kcal,12g,3g,248mg,598mg,15g,1g,9g,15g,10mg,54mg,3mg,252mg
Authentic Miso Soup,https://www.allrecipes.com/recipe/231545/authentic-miso-soup/,4,15m,10m,30m,"4 cups water | 1 (4 inch) piece dashi kombu (dried kelp) | 0.5 cup bonito flakes | 0.5 (12 ounce) package tofu, cut into chunks | 1 teaspoon dried wakame | 3 tablespoons miso paste | 0.25 cup chopped green onions","2. Heat water in a large pot over low heat. Add kombu and cook until just simmering. Stir in bonito flakes, then remove dashi stock from the heat. Let dashi sit, uncovered, for 5 minutes. Strain and set aside. | 3. Heat 3 1/2 cups dashi in a pot over medium heat. Add tofu and wakame and stir to combine. Remove 1 cup warmed dashi to a small bowl and whisk in miso paste. Pour miso mixture back into the pot with remaining dashi. Stir until warmed through. Serve garnished with chopped green onions.",65kcal,3g,0g,not provided,511mg,5g,1g,1g,6g,1mg,167mg,3mg,98mg
Jaeger Schnitzel,https://www.allrecipes.com/recipe/85935/jaeger-schnitzel/,8,30m,2h 0m,2h 30m,"2 pounds boneless pork chops, cubed | oil for frying | 2 eggs, beaten | plain bread crumbs | 3 (1 ounce) packages dry mushroom gravy mix | 1 pound fresh mushrooms, coarsely chopped | 1 (16 ounce) package dry egg noodles","2. Pound out cubed pork, and cut in half. | 3. Heat oil in a large skillet or Dutch oven over medium heat. Dip pork in egg, then bread crumbs, and place in hot oil. Cook, turning, until golden brown. Remove to a warm plate. | 4. Prepare gravy mix according to package directions. Stir in mushrooms, and cook with gravy. | 5. Meanwhile, bring a large pot of lightly salted water to a boil. Add the egg noodles, and cook until al dente, about 8 to 10 minutes; drain. | 6. Serve pork over noodles and smother with gravy.",455kcal,9g,3g,169mg,828mg,54g,3g,3g,39g,2mg,70mg,4mg,814mg
Chamoyada,https://www.allrecipes.com/recipe/280507/chamoyada/,1,10m,not provided,10m,1 cup fresh or frozen mango cubes | 1 (6 ounce) can pineapple juice | 0.5 lime | 2 teaspoons chili-lime seasoning (such as Tajin®) | 2 tablespoons chamoy (Mexican chili fruit condiment),"2. Combine mango and pineapple juice in a blender; blend until smooth. Set aside. | 3. Rub lime wedge around the rim of a glass, then dip in 1 teaspoon chili-lime seasoning. Juice lime into the glass; add 1 tablespoon chamoy and remaining 1 teaspoon chili-lime seasoning. Pour 1/2 of the mango-pineapple mixture into the prepared glass. Add remaining 1 tablespoon chamoy sauce and top with remaining mango-pineapple mixture.",233kcal,2g,0g,not provided,968mg,58g,6g,44g,2g,73mg,50mg,1mg,513mg
Moussaka,https://www.allrecipes.com/recipe/19644/moussaka/,8,45m,1h 0m,1h 45m,"3 eggplants, peeled and cut lengthwise into 1/2 inch thick slices | salt to taste | 0.25 cup olive oil | 1 tablespoon butter | 1 pound lean ground beef | 2 onions, chopped | 1 clove garlic, minced | ground black pepper to taste | 2 tablespoons dried parsley | 0.5 teaspoon fines herbs | 0.25 teaspoon ground cinnamon | 0.5 teaspoon ground nutmeg, divided | 1 (8 ounce) can tomato sauce | 0.5 cup red wine | 1 egg, beaten | 4 cups milk | 0.5 cup butter | 6 tablespoons all-purpose flour | ground white pepper, to taste | 1.5 cups freshly grated Parmesan cheese","2. Lay eggplant slices on paper towels; sprinkle lightly with salt. Let sit for 30 minutes to draw out moisture, then pat dry with paper towels. | 3. Warm olive oil in a skillet over high heat. Fry eggplant until browned, 2 to 3 minutes per side. Drain on paper towels; set aside. | 4. Melt 1 tablespoon butter in a large skillet over medium heat. Stir in ground beef, onions, and garlic; season with salt and black pepper. Cook and stir until beef is browned, 8 to 10 minutes. | 5. Add parsley, fines herbs, cinnamon, and 1/4 teaspoon nutmeg. Pour in tomato sauce and wine; mix well. Simmer for 20 minutes. Allow to cool, then stir in beaten egg. | 6. Scald milk in a saucepan over medium heat. | 7. At the same time, melt 1/2 cup butter in a large skillet over medium heat. | 8. Whisk flour into butter until smooth. Lower heat; gradually pour in scalded milk, whisking constantly until it thickens. Season béchamel sauce with salt and white pepper. | 9. Preheat the oven to 350 degrees F (175 degrees C). Grease a 9x13-inch baking dish. | 10. Arrange a single layer of eggplant in the prepared baking dish. | 11. Cover eggplant with meat sauce, then sprinkle 1/2 cup Parmesan cheese on top. Cover with remaining eggplant and sprinkle another 1/2 cup cheese on top. | 12. Pour béchamel sauce on top and sprinkle with remaining 1/4 teaspoon nutmeg. Cover with remaining cheese. | 13. Bake in the preheated oven until bubbly and browned, about 1 hour. | 14. Let moussaka cool briefly to make it easier to slice. Serve and enjoy!",567kcal,39g,18g,123mg,1017mg,29g,5g,14g,24g,6mg,351mg,3mg,742mg
Haldi Ka Doodh (Hot Turmeric Milk),https://www.allrecipes.com/recipe/236294/haldi-ka-doodh-hot-turmeric-milk/,1,5m,10m,15m,"0.25 teaspoon ground turmeric, or to taste | 0.25 teaspoon ground cardamom | 0.125 teaspoon ground black pepper | 1 pinch ground ginger | 1 pinch ground cloves | 1 pinch ground allspice | 1 cup milk | 0.75 teaspoon honey, or to taste | 0.125 teaspoon vanilla extract","2. Whisk together turmeric, cardamom, black pepper, ginger, cloves, and allspice in a small bowl; set aside. | 3. Heat milk in a small saucepan over medium heat until heated through, 3 to 4 minutes; stir honey and vanilla into milk until completely dissolved. | 4. Whisk 1 teaspoon turmeric mixture into milk mixture; reduce heat to medium-low and simmer until flavors blend, 2 to 3 minutes. Pour mixture through a strainer.",154kcal,5g,3g,20mg,104mg,19g,1g,16g,8g,2mg,304mg,1mg,427mg
Chinese Hand-Pulled Noodles in Beef Broth,https://www.allrecipes.com/recipe/280980/chinese-hand-pulled-noodles-in-beef-broth/,8,30m,2h 45m,3h 55m,"1 gallon water | 2 pounds boneless beef shoulder, cubed | 0.25 cup sliced fresh ginger | 2 tablespoons Szechuan peppercorns | 2 dried tsaoko | 2 pieces dried mandarin orange peel | 4 bay leaves | 2 tablespoons salt, or to taste | 8 cups all-purpose flour | 2.5 cups water | 0.25 cup vegetable oil | 1 pound daikon (white radish), peeled and sliced | 3 stalks green garlic, chopped | 1 bunch fresh cilantro, chopped | 8 drops chili oil, or to taste","2. Bring water to a boil in a large pot. Add beef, ginger, Szechuan peppercorns, dried tsaoko, dried mandarin peels, and bay leaves; bring soup back to a boil, reduce to a simmer and cook, covered, for 2 hours. | 3. Discard whole spices. Season beef broth with salt to taste. Cover and keep warm. | 4. Place flour in a large bowl and gradually mix in water. Mix until dough comes together; knead until smooth, 15 to 20 minutes. Cover with plastic wrap and let rest for 15 minutes. | 5. Knead dough again for 2 minutes; cover and let rest for 15 minutes. | 6. Knead dough one more time for 2 minutes. Divide into 4 equal pieces. Roll each piece into a 3/8-inch-thick sheet. Brush both sides of each sheet with oil. Stack sheets together; cover with plastic wrap and let rest for 10 to 15 minutes. | 7. Fill a large saucepan with water and bring to a boil. Add sliced daikon and cook for 10 to 15 minutes. Remove using a slotted spoon and drain well; set aside. Save water to cook the noodles. | 8. Place 1 sheet of dough on a cutting board and slice into 1/8-inch-wide strips. Take one end of a strip in each hand and stretch it until it is 30 to 35 inches long. Fold it into thirds and stretch again to the same length; shake and slap against the counter several times to lengthen it to 2 to 3 yards. Drop it into the boiling water. Add 2 to 3 more strips of noodles to the boiling water; cook until tender, 5 to 10 minutes. Transfer drained noodles to a serving bowl. | 9. Repeat the process with the remaining sheets of dough. Pour beef broth on top of the drained noodles and top with cooked beef, daikon, chopped green garlic, cilantro, and chili oil.",671kcal,15g,4g,53mg,1816mg,101g,5g,2g,29g,19mg,79mg,9mg,485mg
My Own Famous Stuffed Grape Leaves,https://www.allrecipes.com/recipe/18842/my-own-famous-stuffed-grape-leaves/,12,45m,1h 15m,2h 30m,"1 tablespoon olive oil | 2 cups uncooked long-grain white rice | 1 large onion, chopped | 0.5 cup chopped fresh dill | 0.5 cup chopped fresh mint leaves | 2 quarts chicken broth, divided | 0.75 cup fresh lemon juice, divided | 60 fresh grape leaves | 1 cup olive oil","2. Heat olive oil in a large saucepan over medium-high heat. Add rice, onion, dill, and mint; sauté until onion is soft, about 5 minutes. Pour in 1/2 of the broth, reduce the heat to low, and simmer until rice is almost cooked through, 10 to 15 minutes. Stir in 1/2 of the lemon juice and remove from the heat. | 3. Plunge grape leaves into a deep container of very hot water until soft, about 10 seconds; pat dry. | 4. Place a grape leaf onto a work surface with the shiny side facing down. Place 1 teaspoon rice mixture on leaf at the stem end; fold both sides in toward the center and roll up from the wide bottom to the top. Place stuffed leaf into a 4-quart pot. Repeat to stuff remaining leaves, packing them into the pot tightly so they don&#39;t open while cooking. | 5. Drizzle olive oil and remaining lemon juice over leaves, then pour in remaining broth to cover. Cover the pot and simmer for about 1 hour; do not let it boil as the stuffing may burst out of the leaves. | 6. Remove from the heat, uncover, and let cool for 30 minutes. Transfer to a serving dish and serve.",303kcal,19g,3g,not provided,573mg,31g,1g,1g,4g,12mg,76mg,2mg,88mg
Chinese Steamed Buns,https://www.allrecipes.com/recipe/7011/chinese-steamed-buns/,24,30m,45m,4h 45m,"1.75 cups all-purpose flour, divided | 0.75 cup warm water, divided | 1 tablespoon active dry yeast | 1 teaspoon white sugar | 2 tablespoons white sugar | 1 tablespoon vegetable oil | 0.25 teaspoon salt | 0.5 teaspoon baking powder","2. Gather all ingredients. | 3. Mix together 1/4 cup flour, 1/4 cup warm water, yeast, and 1 teaspoon sugar in a large bowl. Allow to sit for 30 minutes. | 4. Mix in remaining 1 ½ cups flour, remaining 1/2 cup warm water, 2 tablespoons sugar, vegetable oil, and salt. Knead until dough is smooth and elastic. | 5. Transfer to a greased bowl, roll to coat with oil, and let sit until tripled in size, 2 ½ to 3 hours. | 6. Punch down dough and spread out on a floured board. Sprinkle baking powder evenly on surface of dough; knead for 5 minutes. | 7. Divide dough in half; set aside one half in a covered bowl. Divide remaining half into 12 equal pieces. | 8. Shape each into a ball; transfer each ball to a small square of waxed paper with the smooth surface facing up. Repeat portioning and shaping with remaining dough half. Cover all 24 dough balls and let sit until doubled in size, about 30 minutes. | 9. Bring some water to a boil in a wok, then reduce heat to medium and keep water at a low boil. Place the steam plate on a small wire rack in the middle of the wok, leaving at least 2 inches of space between the plate and the wok. Working in batches, place buns on waxed paper squares onto the steam plate, leaving 1 to 2 inches between buns. | 10. Cover and steam buns for 15 minutes. Carefully remove the lid, so condensation doesn&#39;t drip onto buns. Continue steaming remaining buns until all are cooked.",44kcal,1g,0g,not provided,35mg,8g,0g,1g,1g,not provided,8mg,1mg,20mg
Greek-Style Potatoes,https://www.allrecipes.com/recipe/31522/greek-style-potatoes/,4,20m,1h 30m,1h 50m,"6 potatoes, peeled and quartered | 1.5 cups water | 0.33333334326744 cup olive oil | 0.25 cup fresh lemon juice | 2 cloves garlic, finely chopped | 2 cubes chicken bouillon | 1 teaspoon dried thyme | 1 teaspoon dried rosemary | ground black pepper to taste","2. Preheat the oven to 350 degrees F (175 degrees C). | 3. Arrange potatoes evenly in the bottom of a medium baking dish. | 4. Mix water, olive oil, lemon juice, garlic, bouillon cubes, thyme, rosemary, and pepper together in a small bowl. Pour mixture over potatoes. | 5. Cover and bake in the preheated oven, turning occasionally, until potatoes are tender yet firm, 1 ½ to 2 hours.",418kcal,19g,3g,0mg,599mg,59g,7g,3g,7g,71mg,60mg,3mg,1386mg
Maja Blanca,https://www.allrecipes.com/recipe/221333/maja-blanca/,12,15m,30m,2h 45m,2 cups thin coconut milk | 0.5 cup white sugar | 0.5 cup cornstarch | 2 cups thin coconut milk | 0.75 cup cream-style corn | 3 tablespoons corn kernels,"2. Gather ingredients. | 3. To make the latik: Bring coconut milk to a boil in a large nonstick skillet over high heat. Continue to boil, stirring occasionally, until oil begins to separate from the milk, about 5 minutes. | 4. Reduce heat to medium. Continue to cook, scraping the bottom of the skillet regularly with a heatproof spatula until only golden brown residue and oil is left, about 15 minutes. It will look a bit like ground meat, this is normal. | 5. Strain mixture to separate coconut solids from the oil. The coconut solids are the latik and will be served with the pudding. Reserve the oil for another use. Cover and chill the latik until serving time. | 6. Line an 8-inch square baking pan with parchment paper, extending the paper up two sides of the pan. Set aside. | 7. To make the pudding: Whisk sugar and cornstarch together in a medium saucepan. | 8. Stir in coconut cream, cream-style corn, and corn kernels, if using. Bring to a boil over high heat, stirring constantly, about 5 minutes. Reduce heat to medium. Continue to cook and stir until mixture is thick and bubbly, 2 minutes. | 9. Pour corn mixture into the prepared pan. Cover and refrigerate until chilled, at least 2 hours or up to 24 hours before serving. | 10. Invert pudding carefully onto a serving plate. Remove parchment and discard. Cut into 12 slices. Remove latik from the refrigerator. Chop finely, if desired. Sprinkle latik over each slice.",289kcal,24g,21g,0mg,47mg,21g,2g,9g,3g,not provided,not provided,not provided,not provided
Chicken Saag,https://www.allrecipes.com/recipe/215021/chicken-saag/,6,30m,1h 15m,1h 45m,"0.25 cup vegetable oil | 1 (3 pound) whole chicken, cut into pieces | 2 pounds fresh spinach, rinsed and chopped | 0.25 cup water | 2 large onions, minced | 5 cloves garlic, minced | 1 (1 inch) piece fresh ginger root, minced | 1 (14.5 ounce) can crushed tomatoes | 1 teaspoon ground coriander | 1 teaspoon salt | 0.5 teaspoon cayenne pepper, or more to taste | 0.5 teaspoon ground turmeric | 2 cardamom pods | 2 whole cloves | 1 tablespoon water, if needed | 0.25 cup milk | 1 teaspoon garam masala | 6 tablespoons sour cream | 2 tablespoons butter","2. Heat oil in a large skillet over medium heat; add chicken pieces and cook until browned, about 8 minutes per side. Set chicken aside. | 3. Place spinach into a large pot with 1/4 cup of water; bring to a boil, cover, and remove from heat. Allow spinach to steam for about 10 minutes; transfer into a blender and pulse until very finely chopped. Set spinach aside. | 4. Place onions, garlic, and ginger into the skillet; fry over medium heat, stirring frequently, until lightly browned, about 10 minutes. Pour in tomatoes, ground coriander, salt, cayenne pepper, turmeric, cardamom, and cloves; stir in 1 tablespoon water, and cook, stirring frequently, for 10 minutes. | 5. Pour in milk and stir to combine. Add browned chicken pieces; bring to a simmer, reduce heat, cover, and simmer until chicken is tender, about 20 minutes. Stir in spinach and garam masala; cook until spinach starts to stick to the skillet, about 15 minutes. | 6. Stir in sour cream and bring to a simmer. Remove from heat and stir in butter.",450kcal,26g,8g,113mg,736mg,18g,6g,3g,39g,54mg,242mg,7mg,1474mg
Indian Lassi,https://www.allrecipes.com/recipe/20435/indian-lassi/,6,15m,not provided,15m,"ice cubes | 1.75 cups plain yogurt | 1.5 cups ice water | 6 cubes ice, crushed | 2 teaspoons white sugar | 1 pinch salt","2. Gather all ingredients. | 3. Fill 6 tall glasses with ice cubes. | 4. Place yogurt, ice water, crushed ice, sugar, and salt in a blender; blend until frothy. | 5. Pour over ice cubes in the glasses to serve.",50kcal,1g,1g,4mg,51mg,6g,not provided,6g,4g,1mg,131mg,0mg,168mg
German Rocks,https://www.allrecipes.com/recipe/15323/german-rocks/,36,15m,10m,25m,"1.5 cups white sugar | 0.5 cup butter | 3 eggs | 2.5 cups sifted all-purpose flour | 1 teaspoon ground cinnamon | 1 teaspoon baking soda | 1 teaspoon hot water | 2 cups dates, pitted and chopped | 3 cups chopped walnuts","2. Preheat oven to 350 degrees F (175 degrees C). | 3. In a medium bowl, cream the butter and sugar. Add eggs, one at a time, beating after each. Dissolve the baking soda in the hot water, add it to the egg mixture. Stir in the flour and cinnamon until well blended. Finally, stir in the dates and walnuts so they are evenly distributed. | 4. Drop by heaping spoonfuls onto an ungreased cookie sheet. Bake for 10 to 15 minutes in the preheated oven, until golden.",179kcal,9g,2g,22mg,60mg,23g,2g,14g,3g,0mg,18mg,1mg,113mg
Beer Glazed Brats and Sauerkraut,https://www.allrecipes.com/recipe/228406/beer-glazed-brats-and-sauerkraut/,4,5m,40m,45m,"0.125 teaspoon celery seeds | 0.125 teaspoon caraway seeds | 1 (12 fluid ounce) can or bottle lager beer | 1 tablespoon light brown sugar | 2 teaspoons dry mustard powder | 1 teaspoon onion powder | 0.125 teaspoon ground black pepper | 0.125 teaspoon dried dill weed | 1 pound fresh bratwurst sausages | 1 pound sauerkraut (preferably barrel-aged), drained","2. Crush celery seeds and caraway seeds with a mortar and pestle until ground. | 3. Mix beer, brown sugar, dry mustard, onion powder, pepper, dill, and crushed seeds together in a bowl until brown sugar is dissolved. | 4. Place brats into a large nonstick skillet over medium heat. Pour beer mixture over top and bring to a boil. Reduce the heat to low, cover, and simmer for 10 minutes. | 5. Uncover and increase the heat to medium. Boil the sauce until it reduces to a thick, syrupy liquid, about 20 minutes. Tilt the skillet to roll brats in the sticky sauce until thoroughly coated. Transfer brats to a plate and cover to keep warm. | 6. Add sauerkraut to the skillet and stir to combine with any leftover sauce; cook for 5 to 8 minutes. Transfer sauerkraut to a serving platter and top with warm brats.",454kcal,33g,11g,84mg,1714mg,15g,4g,5g,17g,17mg,81mg,3mg,635mg
3-Ingredient Japanese Potsticker Dip,https://www.allrecipes.com/recipe/77437/japanese-potsticker-dip/,1,1m,not provided,1m,"1 tablespoon soy sauce | 1 tablespoon rice vinegar | 0.25 teaspoon chili oil, or to taste","2. In a small bowl or ramekin, stir together the soy sauce and rice vinegar. Drip in the chili oil to taste. Stir with chopsticks, and dip away!",17kcal,1g,0g,not provided,902mg,1g,0g,0g,1g,not provided,3mg,0mg,35mg
Gujarati Kadhi,https://www.allrecipes.com/recipe/212449/gujarati-kadhi/,4,5m,20m,25m,"4 cups water | 2 cups plain yogurt | 2 tablespoons chickpea flour (besan) | 4 green chile peppers, halved lengthwise | 1 tablespoon minced fresh ginger root | 1 tablespoon white sugar, or to taste | 0.5 teaspoon ground turmeric | salt to taste | 1 tablespoon vegetable oil | 1 tablespoon ghee | 2 dried red chile peppers, broken into pieces | 1 sprig fresh curry leaves | 0.5 teaspoon cumin seeds | 0.5 teaspoon mustard seed | 1 pinch asafoetida powder | 0.25 cup chopped cilantro leaves","2. Mix together water, yogurt, and chickpea flour in a large saucepan until smooth; add green chile peppers, ginger, sugar, turmeric, and salt. Bring to a boil, then immediately reduce heat to low and simmer for 5 to 10 minutes. | 3. Make tadka: Heat together oil and ghee in a small skillet over medium heat. Fry dried red chile peppers, curry leaves, cumin seeds, mustard seed, and asafetida powder in hot oil-ghee mixture until seeds splutter. | 4. Stir tadka into yogurt mixture in the saucepan. Mix in cilantro and serve hot.",185kcal,9g,4g,16mg,100mg,19g,1g,14g,8g,111mg,263mg,1mg,508mg
Ginataang Manok (Chicken Cooked in Coconut Milk),https://www.allrecipes.com/recipe/204821/ginataang-manok-chicken-cooked-in-coconut-milk/,6,5m,50m,55m,"3 tablespoons canola oil | 0.5 cup sliced fresh ginger | 1 (5 pound) whole chicken, cut into pieces | salt and ground black pepper to taste | 2 (14 ounce) cans coconut milk | 1 (10 ounce) package frozen chopped spinach, thawed and drained","2. Heat oil in a large skillet over medium heat and stir in ginger. Cook and stir until fragrant and lightly browned. Remove ginger and set aside. | 3. Season chicken with salt and pepper. Place chicken in the same skillet over medium-high heat without crowding. Cook until chicken is lightly brown on all sides. | 4. Return ginger to the skillet and add coconut milk. Bring to a boil, then cover with the lid tilted to allow steam to escape. Reduce heat to medium-low and simmer, stirring occasionally, until chicken is no longer pink at the bone, about 30 minutes. | 5. Stir in spinach and simmer uncovered until spinach is warmed through, 8 to 12 minutes. Season with salt and pepper.",709kcal,60g,32g,103mg,148mg,7g,3g,0g,39g,4mg,103mg,7mg,719mg
Filipino Lechon Kawali,https://www.allrecipes.com/recipe/237899/filippino-lechon-kawali/,4,10m,45m,1h 10m,"1.5 pounds pork belly, cut into small pieces | 3 cloves garlic, crushed | 2 bay leaves | 0.5 teaspoon salt | 0.5 teaspoon ground black pepper | 2 cups oil for frying, or as needed","2. Gather all ingredients. | 3. Combine pork belly, garlic, bay leaves, salt, and pepper in a skillet; pour in enough water to cover. Bring to a boil, reduce heat, and simmer until skin is tender, 35 to 45 minutes. | 4. Drain and let sit at room temperature until pork has air-dried. | 5. Heat oil in a deep-fryer or large saucepan to 350 degrees F (175 degrees C). | 6. Fry pork in the hot oil, working in batches, until golden brown, 3 to 5 minutes. | 7. Remove fried pork with a slotted spoon and drain on a paper towel-lined plate.",502kcal,45g,11g,62mg,1587mg,2g,0g,not provided,21g,1mg,14mg,1mg,330mg
Agua de Jamaica (Iced Hibiscus Tea),https://www.allrecipes.com/recipe/214366/agua-de-jamaica-hibiscus-water/,16,10m,35m,1h 0m,6 cups water | 2 cups dried hibiscus petals | 1 cinnamon stick | 1 pinch ground cloves | 1 pinch ground nutmeg | 1 pinch ground allspice | 0.5 cup chopped piloncillo (Mexican brown sugar cones) | 1.5 cups white sugar,"2. Place 6 cups of water in a large saucepan; bring to a boil. Stir in the hibiscus petals, cinnamon, cloves, nutmeg, and allspice. Reduce heat to medium-low, and gently simmer until the water has turned a deep red, 30 to 45 minutes. | 3. Stir the chopped piloncillo into the hibiscus water until dissolved, then set aside to cool 15 minutes. After cooling, strain the warm liquid into a 1 gallon pitcher through a wire mesh strainer. Squeeze as much liquid from the petals as you can, then discard the petals. Stir in the white sugar until dissolved, then pour in enough cold water to fill the pitcher. Serve immediately or let stand overnight for best taste.",97kcal,not provided,not provided,not provided,3mg,25g,0g,25g,not provided,0mg,6mg,not provided,4mg
The Perfect Simplified Sushi Vinegar,https://www.allrecipes.com/recipe/218877/the-perfect-simplified-sushi-vinegar/,12,5m,10m,15m,"2 cups rice vinegar (such as Marukan®) | 1.5 cups white sugar | 1.5 tablespoons salt | 0.125 lemon, juiced","2. Stir together rice vinegar, sugar, salt, and lemon juice in a saucepan over low heat until sugar and salt dissolve; do not boil. | 3. Remove from heat and allow to cool completely. Store in the refrigerator.",97kcal,not provided,not provided,not provided,872mg,25g,not provided,25g,not provided,not provided,1mg,not provided,1mg
Bang Bang Chicken,https://www.allrecipes.com/recipe/273785/bang-bang-chicken/,4,15m,10m,40m,"0.33333334326744 cup milk | 1 large egg | 1 pound boneless, skinless chicken breasts, cut into 1-inch cubes | 0.25 cup potato starch | 0.25 cup all-purpose flour | 0.5 teaspoon salt | 0.25 teaspoon ground black pepper | 0.25 teaspoon shichimi togarashi (Japanese red pepper condiment) | 2 cups oil for frying, or as needed | 0.25 cup mayonnaise | 2 tablespoons honey | 2 tablespoons sweet chili sauce | 1 teaspoon gochujang (Korean hot pepper paste)","2. Whisk together milk and egg in a large bowl until well combined. Add chicken; stir to coat and allow to marinate for 15 minutes. Drain and discard egg mixture. | 3. Combine potato starch, flour, salt, pepper, and shichimi in a medium bowl. Pour into a large plastic resealable bag. Add chicken; seal the bag and shake until chicken is well coated. | 4. Heat 2 inches oil in a deep saucepan over medium heat to 325 degrees F (165 degrees C). Working in batches of about 5 to 8 pieces at a time, cook chicken in hot oil for about 90 seconds. Remove to a paper towel-lined plate; keep each batch separate. | 5. Increase oil temperature to 350 degrees F (175 degrees C). The oil should be continuously boiling at this point. Carefully re-add the first batch of chicken and fry for another 90 seconds. | 6. Remove to another paper towel-lined plate. Repeat with remaining batches of chicken. | 7. Mix together mayonnaise, honey, sweet chili sauce, and gochujang in a large serving bowl until combined. | 8. Toss fried chicken with sauce to coat. Serve and enjoy!",404kcal,21g,4g,112mg,546mg,27g,1g,13g,27g,0mg,48mg,2mg,261mg
Curry Stand Chicken Tikka Masala Sauce,https://www.allrecipes.com/recipe/228293/curry-stand-chicken-tikka-masala-sauce/,6,15m,1h 5m,1h 20m,"2 tablespoons ghee (clarified butter) | 1 onion, finely chopped | 4 cloves garlic, minced | 1 tablespoon ground cumin | 1 teaspoon salt, or more to taste | 1 teaspoon ground ginger | 1 teaspoon cayenne pepper | 0.5 teaspoon ground cinnamon | 0.25 teaspoon ground turmeric | 1 (14 ounce) can tomato sauce | 1 cup heavy whipping cream | 1 tablespoon white sugar, or more to taste | 2 teaspoons paprika | 1 tablespoon vegetable oil | 4 skinless, boneless chicken breast halves, cut into bite-size pieces | 0.5 teaspoon curry powder","2. Gather all ingredients. | 3. Heat ghee in a large skillet over medium heat. Add onion; cook and stir until translucent, about 5 minutes. | 4. Stir in garlic; cook and stir just until fragrant, about 1 minute. Stir cumin, 1 teaspoon salt, ginger, cayenne pepper, cinnamon, and turmeric into onion mixture; fry until fragrant, about 2 minutes. | 5. Stir tomato sauce into onion and spice mixture; bring to a boil and reduce heat to low. | 6. Simmer sauce for 10 minutes, then mix in cream, 1 tablespoon sugar, and paprika. Bring sauce back to a simmer and cook, stirring often, until sauce is thickened, 10 to 15 minutes. | 7. Heat vegetable oil in a separate skillet over medium heat. Stir chicken into hot oil; add curry powder. Sear chicken until lightly browned but still pink inside, about 3 minutes; stir often. | 8. Transfer chicken and any pan juices into sauce. Simmer chicken in sauce until no longer pink, about 30 minutes; adjust sugar and salt to taste.",328kcal,23g,13g,106mg,981mg,13g,2g,7g,18g,9mg,68mg,2mg,462mg
Keema Aloo (Ground Beef and Potatoes),https://www.allrecipes.com/recipe/231026/keema-aloo-ground-beef-and-potatoes/,8,20m,55m,1h 20m,"2 tablespoons extra-virgin olive oil | 1 extra-large Spanish onion, chopped | 2 tablespoons water | 2 pounds lean ground beef | 4 cloves garlic, minced | 2 tablespoons grated fresh ginger root | 1 serrano chile pepper, finely chopped | 2 teaspoons chopped fresh cilantro | 1 tablespoon ground coriander | 1.5 teaspoons salt | 1.5 teaspoons ground cumin | 1 teaspoon ground cayenne pepper | 1 teaspoon ground turmeric | 3 potatoes, peeled and diced | 1 (28 ounce) can diced tomatoes | 1 cup frozen green peas | 1 teaspoon garam masala","2. Gather all ingredients. | 3. Heat olive oil in a large saucepan over medium-high heat. Add onion; cook and stir until soft and beginning to brown, about 12 minutes. If browned bits of onion are stuck to the bottom of the pan, add water and stir to loosen. | 4. Stir ground beef, garlic, ginger, serrano chile, and cilantro into the pan; cook and stir until beef is browned and crumbly, 10 to 15 minutes. Reduce heat to medium-low. | 5. Stir in coriander, salt, cumin, cayenne pepper, and turmeric; cook and stir until flavors blend, about 5 minutes. | 6. Add potatoes and tomatoes; cover and simmer until potatoes are tender, about 15 minutes. | 7. Stir in green peas and cook until sauce has slightly thickened and flavors have blended, 10 to 15 minutes. | 8. Sprinkle garam masala over top, cover, and let stand for 5 minutes before serving.",362kcal,18g,6g,74mg,687mg,23g,4g,5g,26g,29mg,74mg,6mg,816mg
Siopao (Filipino Steamed Dumplings),https://www.allrecipes.com/recipe/71067/siopao-filipino-steamed-dumplings/,15,45m,30m,1h 55m,"1 tablespoon active dry yeast | 1.5 cups lukewarm water | 0.25 cup white sugar | 4.5 cups rice flour, divided | 0.5 cup solid vegetable shortening, divided | 1 teaspoon vegetable oil | 1 large onion, diced | 1 clove garlic, chopped, or to taste | 1.5 pounds shredded cooked chicken meat | 0.25 cup soy sauce | 2 teaspoons white sugar | 0.5 cup diced green onion | 1 pinch salt and black pepper to taste | 1 teaspoon cornstarch, if needed","2. Dissolve yeast in the water; stir in the sugar and beat in 2 1/2 cups of rice flour to make a soft sponge. Set aside in a warm place to double in bulk, about 40 minutes. Mix in 2 more cups of rice flour and 1/4 cup of shortening and place the dough on a greased work surface; knead in the remaining 1/4 cup of shortening to make a smooth dough. Cut the dough into 15 equal-sized pieces; form each piece into a ball. | 3. Heat the vegetable oil in a skillet over medium heat; cook and stir the onion and garlic in the hot oil until translucent, about 5 minutes. Stir in the chicken, soy sauce, 2 teaspoons of sugar, green onion, salt, and pepper. If the mixture is juicy, add cornstarch to thicken. | 4. Working on a lightly greased work surface, flatten a dough ball into a circle about 4 inches in diameter with the heel of your hand. Place about 1 tablespoon of filling into the center of the dough ball, bring the edges of the dough together at the top, and pinch and twist to seal in the filling. Place each filled dumpling onto waxed paper with the pinched seal at the bottom while you finish the rest of the dumplings. | 5. Spray a multi-layered bamboo steamer with cooking spray, place the steamer on top of a large saucepan, and pour in water to several inches below the steamer. Bring the water to a boil. | 6. Working in several batches, place 3 or 4 filled buns into each steamer layer without letting the buns touch each other or the edge of the steamer, cover the steamer, and let the buns steam over medium-low heat until puffy and the dough is springy, about 15 minutes per batch. Serve warm.",346kcal,11g,3g,34mg,270mg,44g,2g,5g,16g,1mg,17mg,1mg,167mg
"Spicy Indian Green Beans, Gujarati Style",https://www.allrecipes.com/recipe/75087/spicy-indian-gujarati-green-beans/,4,15m,20m,35m,"1 pound fresh green beans, trimmed and cut into 1 inch pieces | 0.25 cup vegetable oil | 4 cloves garlic, finely chopped | 1 tablespoon black mustard seed | 1 dried red chile pepper, crushed | 1 teaspoon salt | 0.5 teaspoon white sugar | ground black pepper to taste","2. Bring a large pot of water to a boil. Cook green beans briefly in the boiling water, removing after 3 to 4 minutes. Drain, rinse with cold water, and drain again. Blot dry. | 3. Heat oil in a large skillet over medium heat. Stir in garlic and mustard seed; sauté until golden brown, 1 to 2 minutes. Stir in chile pepper, then add beans, salt, and sugar. Cook and stir until beans are tender, about 8 minutes. Season with pepper to serve.",171kcal,14g,2g,not provided,589mg,11g,5g,2g,3g,20mg,60mg,2mg,255mg
Fish Sinigang (Tilapia) - Filipino Sour Broth Dish,https://www.allrecipes.com/recipe/93551/fish-sinigang-tilapia-filipino-sour-broth-dish/,4,5m,10m,15m,"0.5 pound tilapia fillets, cut into chunks | 1 small head bok choy, chopped | 2 medium tomatoes, cut into chunks | 1 cup thinly sliced daikon radish | 0.25 cup tamarind paste | 3 cups water | 2 dried red chile peppers","2. In a medium pot, combine the tilapia, bok choy, tomatoes and radish. Stir together the tamarind paste and water; pour into the pot. Toss in the chili peppers if using. Bring to a boil, and cook for 5 minutes, or just until the fish is cooked through. Even frozen fish will cook in less than 10 minutes. Do not over cook or else the fish will fall apart. Ladle into bowls to serve.",112kcal,1g,0g,21mg,63mg,13g,2g,3g,13g,25mg,64mg,1mg,585mg
Paneer Butter Masala,https://www.allrecipes.com/recipe/232203/paneer-butter-masala/,4,10m,20m,30m,"0.5 cup vegetable oil | 0.5 pound paneer, cut into 1/2-inch cubes | 2 tablespoons butter | 2 onions, finely chopped | 1 teaspoon ginger paste | 1 teaspoon garlic paste | 1 tablespoon ground cashews | 1 teaspoon ground red chiles | 0.5 teaspoon ground cumin | 0.5 teaspoon ground coriander | 0.5 teaspoon garam masala | 1 (8 ounce) can tomato sauce | 0.5 cup half-and-half | 0.5 cup milk | 0.5 teaspoon white sugar | 0.5 teaspoon salt","2. Gather all ingredients. | 3. Heat oil in a large skillet over medium heat; fry paneer in batches until golden, about 5 minutes. | 4. Transfer fried paneer to a paper towel-lined plate to drain, retaining vegetable oil in skillet. | 5. Melt butter in the same skillet over medium heat; cook and stir onion until golden brown, about 10 minutes. | 6. Add ginger paste and garlic paste. Continue to cook until fragrant, about 1 minute more. | 7. Stir cashews, ground red chiles, cumin, coriander, and garam masala into the onion mixture. Cook and stir for 1 minute. | 8. Stir tomato sauce, half-and-half, milk, sugar, and salt into spice mixture; simmer until thickened, about 5 minutes. | 9. Reduce heat to low. Add fried paneer and simmer until heated through, about 5 minutes more.",469kcal,41g,12g,37mg,947mg,15g,2g,7g,11g,9mg,134mg,1mg,451mg
Mamon (Sponge Cakes),https://www.allrecipes.com/recipe/212973/mamon-sponge-cakes/,16,20m,40m,1h 10m,2.5 cups all-purpose flour | 1 cup white sugar | 1 tablespoon baking powder | 1 teaspoon salt | 0.5 cup vegetable oil | 8 egg yolks | 2 tablespoons grated orange peel | 1 teaspoon vanilla extract | 0.33333334326744 cup orange juice | 0.33333334326744 cup water | 8 egg whites | 0.5 teaspoon cream of tartar | 0.5 cup white sugar,"2. Preheat the oven to 325 degrees F (165 degrees C). Grease 16 muffin cups. | 3. Stir flour, 1 cup sugar, baking powder, and salt together in a large bowl until well combined. Make a well in the center and add oil, egg yolks, orange peel, vanilla, orange juice, and water. Mix well by hand until smooth with no lumps. Set aside. | 4. Beat egg whites and cream of tartar in a large glass or metal mixing bowl until foamy. Gradually add 1/2 cup sugar, continuing to beat until soft peaks form. Lift your beater or whisk straight up: egg whites should form soft mounds rather than a sharp peak. | 5. Fold flour mixture into egg whites until incorporated. Pour batter into the prepared muffin cups to about 2/3 full. | 6. Bake in the preheated oven until a toothpick inserted into the center comes out clean, about 40 minutes. Cool in the pans for 10 minutes before removing to cool completely on a wire rack.",243kcal,9g,2g,102mg,269mg,35g,1g,19g,5g,4mg,68mg,1mg,86mg
Tempura Batter,https://www.allrecipes.com/recipe/236822/tempura-batter/,6,10m,not provided,10m,2 egg whites | 1 cup all-purpose flour | 0.66666668653488 cup cold water,2. Gather all ingredients. | 3. Beat egg whites in a chilled bowl until frothy. | 4. Gently stir flour and cold water into egg whites until flour is just moistened. It&#39;s ok to have some lumps in the batter.,81kcal,0g,not provided,not provided,20mg,16g,1g,0g,3g,not provided,5mg,1mg,41mg
Ottilienkuchen (German Chocolate Sprinkle Cake),https://www.allrecipes.com/recipe/283465/ottilienkuchen-german-chocolate-sprinkles-cake/,12,20m,1h 0m,1h 30m,"1 cup unsalted butter, at room temperature | 2 tablespoons unsalted butter, at room temperature | 0.75 cup white sugar | 2 teaspoons vanilla sugar | 4 large eggs, at room temperature | 1 tablespoon rum | 1.75 cups all-purpose flour | 0.25 cup cornstarch | 1 teaspoon baking powder | 1 pinch salt | 0.75 cup blanched almond flour | 0.33333334326744 cup chocolate sprinkles, or as desired","2. Preheat the oven to 355 degrees F (180 degrees C). Grease a loaf pan. | 3. Combine butter, sugar, and vanilla sugar in a bowl and beat with an electric mixer until creamy. Add eggs, 1 at a time, beating well after each addition. Mix in rum. | 4. Sift flour, cornstarch, baking powder, and salt into a separate bowl; stir into butter mixture, 1 tablespoon at a time. Mix in almond flour and chocolate sprinkles. Pour cake batter into prepared loaf pan. | 5. Bake in the preheated oven until a toothpick comes out clean, about 1 hour. Turn off oven and leave cake in the warm oven for 10 more minutes. | 6. Remove from oven and carefully unmold onto a wire rack. Cool completely before serving.",378kcal,24g,12g,108mg,81mg,35g,1g,13g,6g,not provided,40mg,1mg,64mg
Chinese Chicken Wings,https://www.allrecipes.com/recipe/214464/chinese-chicken-wings/,12,5m,1h 5m,9h 10m,"2 cups soy sauce | 2 cups brown sugar | 2 tablespoons garlic powder | 5 pounds chicken wings, split and tips discarded","2. Stir together soy sauce, brown sugar, and garlic powder in a saucepan over medium heat. Cook and stir until sugar has dissolved. Remove from heat and allow to cool. | 3. Place chicken wings in a large bowl. Pour soy sauce mixture over wings and toss to coat evenly. Cover the bowl with plastic wrap. Allow chicken to marinate in the refrigerator for 8 hours to overnight. | 4. Preheat the oven to 350 degrees F (175 degrees C). | 5. Pour chicken wings and marinade into a 9x13-inch baking dish. Cover the baking dish with aluminum foil. | 6. Bake in the preheated oven until thoroughly hot, about 45 minutes. Remove foil and bake for 15 more minutes. Serve hot.",256kcal,9g,3g,40mg,2451mg,28g,1g,25g,16g,0mg,36mg,2mg,227mg
Pfeffernusse Cookies,https://www.allrecipes.com/recipe/155182/pfeffernusse-cookies/,18,15m,15m,2h 30m,0.5 cup molasses | 0.25 cup honey | 0.25 cup shortening | 0.25 cup margarine | 2 large eggs | 4 cups all-purpose flour | 0.75 cup white sugar | 0.5 cup brown sugar | 2 teaspoons anise extract | 2 teaspoons ground cinnamon | 1.5 teaspoons ground cardamom | 1.5 teaspoons baking soda | 1 teaspoon ground cloves | 1 teaspoon ground nutmeg | 1 teaspoon ground ginger | 1 teaspoon ground black pepper | 0.5 teaspoon salt | 1 cup confectioners' sugar for dusting,"2. Gather the ingredients. | 3. Place molasses, honey, shortening, and margarine in a saucepan over medium heat; cook and stir until creamy. | 4. Remove from heat and allow to cool to room temperature. Beat in eggs. | 5. Combine flour, white sugar, brown sugar, anise, cinnamon, cardamom, baking soda, cloves, nutmeg, ginger, black pepper, and salt in a large bowl. | 6. Add molasses mixture; stir until thoroughly combined. Refrigerate dough until well chilled, about 2 hours. | 7. Preheat the oven to 325 degrees F (165 degrees C). Roll dough into acorn-sized balls and place 1 inch apart on baking sheets. | 8. Bake in the preheated oven until firm to the touch with slight cracking, 10 to 15 minutes. Cool on the baking sheets briefly before removing them to a wire rack to cool completely. | 9. Dust cooled cookies with confectioners&#39; sugar. Store in an airtight container.",284kcal,6g,1g,21mg,213mg,54g,1g,30g,4g,not provided,not provided,not provided,not provided
Authentic Chicken Tikka Masala,https://www.allrecipes.com/recipe/228446/authentic-chicken-tikka-masala/,4,35m,55m,3h 30m,"0.25 cup plain yogurt | 2 teaspoons garam masala | 2 teaspoons paprika | 0.5 teaspoon freshly ground black pepper | 0.5 teaspoon salt | 0.5 teaspoon cayenne pepper | 0.5 teaspoon ground coriander | 1 pound skinless, boneless chicken breast - cut into 1-inch strips | 3 tablespoons vegetable oil | 1 teaspoon cumin seeds | 1 large onion, chopped | 2 green chile peppers, minced | 3 cloves garlic, minced | 1 tablespoon grated fresh ginger | 2 medium Roma tomatoes, diced | 0.5 cup tomato paste | 0.25 cup water | 1 teaspoon garam masala | 0.5 teaspoon ground coriander | 0.5 teaspoon ground turmeric | 0.5 teaspoon salt, or to taste | 0.5 cup heavy whipping cream | 0.5 bunch fresh cilantro, chopped","2. Make the chicken: Combine yogurt, garam masala, paprika, black pepper, salt, cayenne pepper, and coriander in a large bowl. Add chicken strips and toss to coat. Cover and marinate in the refrigerator for 2 hours. | 3. Preheat the oven to 450 degrees F (230 degrees C). Grease a rimmed baking sheet. | 4. Remove chicken from marinade and place onto the prepared baking sheet, leaving space between each piece. | 5. Bake in the preheated oven until browned and no longer pink inside, about 10 minutes. An instant-read thermometer inserted into the center should read at least 165 degrees F (74 degrees C). Remove from the oven and set aside. | 6. Make the sauce: Heat oil in a large skillet over medium heat. Add cumin seeds and cook, sirring gently, until lightly toasted and aromatic, about 3 minutes. Add onion; cook and stir until onion begins to soften, 4 to 5 minutes. Add chile peppers, garlic, and ginger; continue to cook and stir until onion is browned, 15 to 20 minutes. Stir in tomatoes, tomato paste, and water; cook, stirring occasionally, until tomatoes begin to break down, about 10 minutes. | 7. Add garam masala, coriander, turmeric, and salt, then stir in chicken and cream until well combined; cover and simmer for 10 minutes. Garnish with cilantro.",403kcal,25g,10g,100mg,927mg,21g,5g,10g,27g,79mg,122mg,3mg,959mg
Sinigang na Baka,https://www.allrecipes.com/recipe/30815/sinigang-na-baka/,6,15m,45m,1h 0m,"2 tablespoons canola oil | 1 large onion, chopped | 2 cloves garlic, chopped | 1 pound beef stew meat, cut into 1 inch cubes | 1 quart water | 2 large tomatoes, diced | 0.5 pound fresh green beans, rinsed and trimmed | 0.5 medium head bok choy, cut into 1 1/2 inch strips | 1 head fresh broccoli, cut into bite size pieces | 1 (1.41 ounce) package tamarind soup base","2. Heat oil in medium stock pot. Saute onion and garlic until tender. Add beef to pot, and saute until browned. Pour in water. Bring to a boil, reduce heat, and simmer 20 to 30 minutes. | 3. Place tomatoes and green beans in pot, and continue to simmer for 10 minutes. Stir in bok choy, broccoli and tamarind soup mix. Simmer for an additional 10 minutes.",304kcal,20g,6g,51mg,1405mg,15g,5g,5g,18g,92mg,134mg,3mg,827mg
Pochero,https://www.allrecipes.com/recipe/212993/pochero/,6,20m,50m,1h 10m,"3 tablespoons olive oil | 2 plantains, peeled and quartered | 2 small potatoes, quartered | 1 onion, chopped | 2 cloves garlic, minced | 4 pounds chicken legs, thighs, and wings | 2 (4 ounce) links chorizo de bilbao (spicy Spanish semi-cured sausage), quartered | salt and pepper to taste | water to cover | 2 tomatoes, diced | 1 small head cabbage, chopped | 1 (15.5 ounce) can garbanzo beans, drained","2. Heat olive oil in a large pot over medium heat. Add plantains and potatoes; cook until crisp on the outside, 5 to 7 minutes. Transfer plantains and potatoes to a bowl; set aside. Reserve oil in the pot. | 3. Add onion and garlic to the pot; cook and stir until onion is translucent, 5 to 7 minutes. Add chicken and chorizo; season with salt and black pepper. Cover the pot; cook 5 minutes. | 4. Pour enough water to cover chicken completely. Bring to a simmer; cook 10 minutes. Add tomatoes, cover, and cook 10 minutes. Stir in plantain mixture, cabbage, and garbanzo beans. Cook, covered, until cabbage is wilted and stew is hot, about 5 minutes. Serve hot.",959kcal,52g,15g,203mg,886mg,59g,10g,16g,64g,78mg,125mg,6mg,1536mg
Butter Chicken (Murgh Makhani),https://www.allrecipes.com/recipe/246717/indian-butter-chicken-chicken-makhani/,4,20m,40m,1h 0m,"2 teaspoons garam masala | 2 teaspoons tandoori masala powder | 2 teaspoons Madras curry powder | 1 teaspoon ground cumin | 0.5 teaspoon ground cardamom | 0.5 teaspoon ground cayenne pepper | salt and ground black pepper to taste | 1.5 pounds boneless, skinless chicken thighs, cut into bite-size pieces | 3 tablespoons butter, divided | 1 yellow onion, chopped | 4 cloves garlic, minced | 1 tablespoon lemon juice | 2 teaspoons chopped fresh ginger | 1 cup tomato puree | 1 cup half-and-half | 0.25 cup plain yogurt | 0.33333334326744 cup cashews | 1 bunch fresh cilantro, stems removed","2. Gather the ingredients. | 3. Make a spice mix by combining garam masala, tandoori masala, curry powder, cumin, cardamom, cayenne, salt, and black pepper in a small bowl; set aside. | 4. Place chicken in a large bowl and add 1/2 of the spice mixture; turn to coat evenly. | 5. Melt 1 tablespoon butter in a large skillet over medium heat. Add chicken; cook and stir until lightly browned, about 10 minutes. Remove from heat. | 6. Melt remaining 2 tablespoons butter in a large saucepan over medium heat. Add onion; cook and stir until soft and translucent, about 5 minutes. Stir in remainder of the spice mixture, garlic, lemon juice, and ginger; cook and stir until combined, about 1 minute. | 7. Stir tomato puree into onion mixture and cook, stirring frequently, about 2 minutes. Pour in half-and-half and yogurt. Reduce heat to low and simmer sauce, stirring frequently, about 10 minutes. Remove from heat. | 8. Blend cashews in a blender until finely ground. Add sauce to the blender; puree until smooth. | 9. Pour blended sauce over chicken in the skillet. Simmer until thickened, 10 to 15 minutes. Garnish with cilantro.",552kcal,38g,16g,142mg,542mg,22g,4g,7g,33g,20mg,175mg,5mg,870mg
Filipino Beef Giniling (Afritada Style),https://www.allrecipes.com/recipe/265040/filipino-beef-giniling-afritada-style/,6,20m,20m,40m,"1 tablespoon oil, or as needed | 1 clove garlic, minced | 2 pounds ground beef | 1.5 cups water, divided, or more as needed | ground black pepper to taste | 2 medium red potatoes, cubed | 10 baby carrots, or more to taste, cubed | 6 tablespoons soy sauce, divided | 0.5 cup raisins, or more to taste | 1.5 (6.5 ounce) cans tomato sauce with salt (such as Contadina®) | 0.5 medium orange bell pepper, diced | 4 tablespoons white sugar","2. Gather all ingredients. | 3. Heat oil in a large saucepan over medium heat. Add garlic and cook until fragrant, about 1 minute. | 4. Add beef and 1/2 cup water; cook and stir until browned and crumbly, 5 to 7 minutes. Season with black pepper and add more water as needed; do not let beef dry out. | 5. Add potatoes, carrots, and 3 tablespoons soy sauce; cook for 4 minutes, adding more water if mixture is too dry. Add raisins and cook for 2 to 3 minutes, again adding water as needed. | 6. Pour in one can tomato sauce. Fill the can with water and swirl to remove excess sauce; pour into the saucepan. Stir in remaining 1/2 can sauce until combined. Add more water as needed to create a saucy but not soupy consistency. | 7. Stir in bell pepper, sugar, and remaining 3 tablespoons soy sauce. Cook, stirring occasionally and adding water as needed so sauce does not dry out, until all vegetables are tender, about 3 to 5 minutes.",488kcal,26g,10g,93mg,1332mg,35g,3g,20g,29g,11mg,44mg,4mg,1009mg
Naan,https://www.allrecipes.com/recipe/14565/naan/,14,30m,20m,2h 30m,"1 (.25 ounce) package active dry yeast | 1 cup warm water | 0.25 cup white sugar | 3 tablespoons milk | 1 large egg, beaten | 2 teaspoons salt | 4.5 cups bread flour | 2 teaspoons minced garlic | 0.25 cup butter, melted","2. Dissolve yeast in warm water in a large bowl. Let stand about 10 minutes, until frothy. | 3. Meanwhile, generously oil a large bowl. | 4. Stir sugar, milk, egg, and salt into the yeast mixture. Mix in enough flour to make a soft dough. | 5. Knead dough on a lightly floured surface until smooth, 6 to 8 minutes. | 6. Place dough in the prepared oil, cover with a damp cloth, and let rise until doubled in size, about 1 hour. | 7. Punch down dough on a lightly floured surface, and knead in garlic. Pinch off small handfuls of dough about the size of a golf ball; you should have about 14. Roll each piece into a ball and place on a tray. Cover with a towel, and allow to rise until doubled in size, about 30 minutes. | 8. Meanwhile, preheat a large grill pan over high heat. | 9. Roll each piece of dough into a thin circle. | 10. Brush some melted butter on the preheated grill pan. Place a few pieces of dough in the pan (as many as you can fit) and cook until puffy and lightly browned, 2 to 3 minutes. Brush butter onto the uncooked sides, flip, and cook until browned, 2 to 4 more minutes. Remove from the grill and repeat to cook the remaining naan. | 11. Enjoy!",52kcal,4g,2g,22mg,363mg,4g,0g,4g,1g,not provided,not provided,not provided,not provided
Chicken Afritada (Filipino Stew),https://www.allrecipes.com/recipe/255401/chicken-afritada-filipino-stew/,6,40m,50m,1h 30m,"1 tablespoon vegetable oil | 3 cloves garlic, crushed and chopped | 1 onion, chopped | 1 cup seeded and chopped tomatoes | 1 (3 pound) whole chicken, cut into pieces | 3 cups water | 1 cup tomato sauce | 3 potatoes, quartered | 1 green bell pepper, seeded and cut into matchsticks | 1 carrot, chopped | salt and ground black pepper to taste","2. Heat oil in a large wok over medium heat. Add garlic; cook and stir until fragrant, about 3 minutes. Add onion; cook and stir until translucent, about 5 minutes. Stir in chopped tomatoes; cook, mashing with a fork, until flesh and skin separate, about 5 minutes. | 3. Add chicken to the wok; cook and stir until lightly browned, about 5 minutes. Pour in water; cover and bring to a boil. Stir in tomato sauce; simmer until flavors combine, about 15 minutes. | 4. Add potatoes to the wok; simmer until tender, about 10 minutes. Stir in bell pepper and carrot; simmer until softened, about 5 minutes. Season with salt and black pepper.",594kcal,45g,12g,80mg,324mg,25g,4g,5g,23g,45mg,49mg,3mg,873mg
Indian Shrimp Curry,https://www.allrecipes.com/recipe/205544/indian-shrimp-curry/,4,15m,20m,37m,"2 tablespoons peanut oil | 0.5 sweet onion, minced | 2 cloves garlic, chopped | 1.5 teaspoons ground turmeric | 1 teaspoon ground ginger | 1 teaspoon ground cumin | 1 teaspoon paprika | 0.5 teaspoon red chili powder | 1 (14.5 ounce) can chopped tomatoes | 1 (14 ounce) can coconut milk | 1 teaspoon salt | 1 pound cooked and peeled shrimp | 2 tablespoons chopped fresh cilantro","2. Gather all ingredients. | 3. Heat peanut oil in a large skillet over medium heat; cook and stir onion in hot oil until translucent, about 5 minutes. Remove the skillet from heat and allow to cool slightly, about 2 minutes. | 4. Add garlic, turmeric, ginger, cumin, paprika, and chile powder to onion in the skillet; stir over low heat to bloom spices, about 30 seconds. Stir in tomatoes, coconut milk, and salt. Bring to a boil for 1 minute, then reduce heat and simmer, stirring occasionally, for 10 minutes. | 5. Stir in shrimp and cilantro; simmer until shrimp is warmed through, about 1 minute. | 6. Serve and enjoy!",416kcal,32g,21g,146mg,930mg,11g,3g,4g,23g,14mg,119mg,9mg,617mg
Shrimp with Broccoli in Garlic Sauce,https://www.allrecipes.com/recipe/223156/shrimp-with-broccoli-in-garlic-sauce/,4,15m,15m,30m,"2 cups fresh broccoli florets | 1 tablespoon water | 2 tablespoons peanut oil | 4 large cloves garlic, minced | 1 cup low-sodium chicken broth | 1 tablespoon soy sauce | 1 tablespoon oyster sauce | 2 teaspoons grated fresh ginger root | 1 pound uncooked medium shrimp, peeled and deveined | 0.25 cup canned water chestnuts, drained | 2 tablespoons cornstarch","2. Combine broccoli and water in a glass bowl; steam in microwave oven until slightly tender, 2 to 3 minutes. | 3. Heat peanut oil in a large skillet or wok over medium-high heat. Add garlic and cook until fragrant, about 1 minute. Reduce heat to low. Add chicken broth, soy sauce, oyster sauce, and ginger root to the garlic; bring to a boil. Add shrimp; cook and stir until the shrimp turn pink, 3 to 4 minutes. | 4. Toss steamed broccoli and water chestnuts with shrimp mixture to coat with sauce. Stir cornstarch into mixture, 1 tablespoon at a time, until sauce thickens, about 5 minutes.",264kcal,9g,2g,239mg,1468mg,15g,3g,2g,30g,52mg,146mg,1mg,555mg
Champorado,https://www.allrecipes.com/recipe/212939/champorado/,6,5m,25m,30m,1 cup glutinous sweet rice | 2 cups light coconut milk | 0.5 cup cocoa powder | 1 cup white sugar | 1 teaspoon salt | 1 cup thick coconut milk,"2. Combine rice and light coconut milk in a large pot; bring to a boil for 10 minutes, while stirring occasionally to keep rice from sticking to the bottom of the pot. | 3. Stir cocoa powder, sugar, and salt into rice; reduce heat to low, cover, and continue cooking, stirring occasionally, until rice is tender, about 10 minutes more. | 4. Pour thick coconut milk into rice mixture; stir to combine. Serve hot.",428kcal,25g,22g,not provided,407mg,53g,4g,34g,5g,1mg,31mg,5mg,365mg
Pork Chops Italiano,https://www.allrecipes.com/recipe/219005/pork-chops-italiano/,6,15m,1h 10m,1h 25m,"1 teaspoon olive oil | 2 cups sliced mushrooms | 2 tablespoons olive oil | 6 (3/4 inch thick) pork loin chops | 1 cup chopped onion | 2 cloves garlic, crushed | 1 (14.5 ounce) can diced Italian tomatoes, undrained | 1 teaspoon dried basil | 0.5 teaspoon dried oregano | 0.5 teaspoon salt | 0.25 teaspoon ground black pepper | 0.5 cup water | 6 large green bell pepper slices","2. Gather all ingredients. | 3. Heat 1 teaspoon oil in a skillet over medium heat. Stir in mushrooms; cook and stir until tender, 5 to 7 minutes. Transfer to a bowl and set aside until needed. | 4. Heat 2 tablespoons oil in the skillet over medium heat. Add pork chops and cook until browned, 3 ½ to 5 minutes per side; transfer to a plate. Drain all but 1 tablespoon drippings from the skillet. | 5. Add onion and garlic to the skillet; cook and stir until onion has softened and turned translucent, about 5 minutes. Stir in tomatoes, basil, oregano, salt, and pepper. | 6. Add pork chops and simmer until tender and no longer pink in the center, about 45 minutes, adding water if mixture becomes too dry. An instant-read thermometer inserted into the center of each pork chop should read at least 145 degrees F (63 degrees C). | 7. Place a bell pepper slice on top of each pork chop. Add reserved mushrooms and continue to simmer until peppers are tender, 5 to 10 minutes. | 8. Serve and enjoy!",290kcal,18g,5g,63mg,339mg,8g,2g,4g,25g,32mg,57mg,2mg,691mg
Kate&#39;s Easy German Sauerbraten,https://www.allrecipes.com/recipe/221360/kates-easy-german-sauerbraten/,8,30m,8h 20m,56h 50m,"2 cups water | 1 cup red wine | 1 cup cider vinegar | 0.5 large onion, diced | 1 lemon, sliced | 2 tablespoons white sugar | 2 tablespoons salt | 1 clove garlic, diced | 10 whole cloves | 2 bay leaves | 1 tablespoon juniper berries, crushed | 1 teaspoon whole peppercorns | 1 (4 pound) boneless beef chuck roast | 2 cups chopped onions | 2 cups chopped carrots | 1 cup diced celery | 8 gingersnap cookies, crushed","2. Heat water, wine, vinegar, 1/2 onion, lemon, sugar, salt, garlic, cloves, bay leaves, juniper berries, and peppercorns in a saucepan over medium heat until sugar is dissolved, about 5 minutes. Allow marinade to cool, then pour into a resealable plastic bag. Add chuck roast and toss to evenly coat, squeeze out excess air, and seal bag. Marinate in the refrigerator 2 to 3 days, turning roast twice a day. | 3. Place 2 cups onions, carrots, and celery in a slow cooker. Remove roast from marinade; arrange on top of vegetables. Strain marinade; pour 2 1/2 cups over roast and reserve remaining marinade. | 4. Cover slow cooker; cook on Low for 8 hours. Turn slow cooker off; transfer roast to a cutting board and cover with aluminum foil. Strain cooking liquid into a large bowl. Return vegetables to slow cooker; set aside. | 5. Pour 3 cups cooking liquid (adding reserved marinade as needed to reach 3 cups liquid) into a saucepan; add gingersnaps. Heat over medium-high heat until gravy is thickened, about 10 minutes. | 6. Slice roast; serve with vegetables and gravy.",460kcal,27g,11g,103mg,1875mg,18g,3g,10g,28g,6mg,59mg,4mg,512mg
Perfect Sushi Rice,https://www.allrecipes.com/recipe/99211/perfect-sushi-rice/,15,5m,20m,25m,2 cups uncooked glutinous white rice (sushi rice) | 3 cups water | 0.5 cup rice vinegar | 1 tablespoon vegetable oil | 0.25 cup white sugar | 1 teaspoon salt,"2. Gather all ingredients. | 3. Rinse the rice in a strainer or colander under cold running water until the water runs clear. | 4. Combine rice and water in a saucepan over medium-high heat and bring to a boil. Reduce heat to low, cover, and cook until rice is tender and all water has been absorbed, about 20 minutes. Remove from stove and set aside until cool enough to handle. | 5. Meanwhile, combine rice vinegar, oil, sugar, and salt in a small saucepan over medium heat. Cook until the sugar has dissolved. Allow to cool. Then stir into the cooked rice. While mixture will appear very wet at first, keep stirring and rice will dry as it cools. | 6. Then stir into the cooked rice. While mixture will appear very wet at first, keep stirring and rice will dry as it cools. | 7. Enjoy!",112kcal,1g,0g,not provided,158mg,24g,1g,3g,2g,not provided,not provided,not provided,not provided
Greek Chicken,https://www.allrecipes.com/recipe/14527/greek-chicken/,8,10m,30m,2h 40m,"0.5 cup olive oil | 2 lemons, juiced | 3 cloves garlic, chopped | 1 tablespoon chopped fresh rosemary | 1 tablespoon chopped fresh thyme | 1 tablespoon chopped fresh oregano | 1 (4 pound) chicken, cut into pieces","2. Mix olive oil, lemon juice, garlic, rosemary, thyme, and oregano in a glass dish. Place chicken pieces in the mixture; cover and marinate in the refrigerator for 2 to 3 hours. | 3. Preheat an outdoor grill for high heat and lightly oil the grate. | 4. Place chicken on the grill, and discard the marinade. Cook until chicken is no longer pink at the bone and the juices run clear, about 15 minutes per side (smaller pieces will not take as long). An instant-read thermometer inserted near the bone should read 165 degrees F (74 degrees C).",412kcal,31g,7g,97mg,95mg,4g,1g,not provided,31g,22mg,38mg,2mg,319mg
Chicken Arroz Caldo (Chicken Rice Porridge),https://www.allrecipes.com/recipe/212940/chicken-arroz-caldo-chicken-rice-porridge/,5,20m,20m,40m,"2 tablespoons olive oil | 1 onion, diced | 2 cloves garlic, crushed | 1 (2 inch) piece fresh ginger, peeled and thinly sliced | 2.25 pounds chicken wings, split and tips discarded | 1 tablespoon fish sauce | 5.25 cups chicken broth | 1 cup glutinous sweet rice | salt and pepper to taste | 1 green onion, chopped | 1 lemon, sliced | 1 teaspoon fish sauce for sprinkling, if desired","2. Gather all ingredients. | 3. Heat oil in a large pot over medium heat. Cook and stir onion, garlic, and ginger in hot oil until fragrant, about 5 minutes. | 4. Add chicken wings; cook and stir for 1 minute. Stir in fish sauce, cover, and cook another 2 minutes. | 5. Pour chicken broth into the pot. Stir in sweet rice and bring mixture to a boil. Cover and cook for 10 minutes, stirring occasionally to prevent rice from sticking to the bottom of the pot. | 6. Season with salt and pepper. Portion soup into bowls and garnish with green onion. | 7. Serve with lemon slices and additional fish sauce, if desired.",294kcal,15g,3g,42mg,1586mg,25g,3g,4g,16g,21mg,38mg,1mg,209mg
Apfelkuchen (Apple Cake),https://www.allrecipes.com/recipe/221383/apfelkuchen-apple-cake/,12,20m,35m,1h 25m,"2.25 cups sifted all-purpose flour | 1.125 cups warm milk | 0.25 cup white sugar | 1 (.25 ounce) package active dry yeast | 6 tablespoons butter, softened | 1 tablespoon vanilla extract | 1 pinch salt | 3 large apples - peeled, cored, and sliced | 1 cup white sugar | 0.75 cup sifted all-purpose flour | 2 ounces candied lemon peel, chopped | 0.5 teaspoon ground cinnamon | 0.25 teaspoon ground nutmeg | 1 pinch salt | 0.5 cup butter","2. Gather all ingredients. Grease the bottom and sides of a 9x13-inch baking dish or a 9-inch springform pan. | 3. Beat 2 ¼ cups flour, milk, 1/4 cup sugar, yeast, 6 tablespoons butter, vanilla extract, and 1 pinch salt in a large bowl with an electric mixer on high until dough is smooth, about 5 minutes. | 4. Spread into baking dish and press dough up the sides. Press apple slices into dough. | 5. Mix 1 cup sugar, 3/4 cup flour, candied lemon peel, cinnamon, nutmeg, and 1 pinch salt in a bowl. Cut in 1/2 cup butter with a knife or pastry blender until mixture resembles coarse crumbs. | 6. Sprinkle over apples. Allow dough to rise for 30 minutes. Preheat oven to 400 degrees F (200 degrees C). | 7. Bake in preheated oven until cake is golden brown and apples are tender, about 35 minutes.",370kcal,14g,9g,37mg,136mg,57g,3g,30g,5g,3mg,47mg,2mg,160mg
Traditional Sauerbraten,https://www.allrecipes.com/recipe/221361/traditional-sauerbraten/,6,15m,4h 0m,52h 15m,"3 pounds beef rump roast | 2 large onions, chopped | 1 cup red wine vinegar, or to taste | 1 cup water | 1 tablespoon salt | 1 tablespoon ground black pepper | 1 tablespoon white sugar | 10 whole cloves, or more to taste | 2 bay leaves, or more to taste | 2 tablespoons all-purpose flour | salt and ground black pepper to taste | 2 tablespoons vegetable oil | 10 gingersnap cookies, crumbled","2. Place beef rump roast, onions, vinegar, water, 1 tablespoon salt, 1 tablespoon black pepper, sugar, cloves, and bay leaves in a large pot. Cover and refrigerate for 2 to 3 days, turning meat daily. Remove meat from marinade and pat dry with paper towels, reserving marinade. | 3. Season flour to taste with salt and black pepper in a large bowl. Sprinkle flour mixture over beef. | 4. Heat vegetable oil in a large Dutch oven or pot over medium heat; cook beef until brown on all sides, about 10 minutes. | 5. Pour reserved marinade over beef, cover, and reduce heat to medium-low. Simmer until beef is tender, 3 1/2 to 4 hours. | 6. Remove beef to a platter and slice. | 7. Strain solids from remaining liquid and continue cooking over medium heat. Add gingersnap cookies and simmer until gravy is thickened, about 10 minutes. Serve gravy over sliced beef.",456kcal,22g,7g,100mg,1683mg,21g,2g,8g,41g,not provided,not provided,not provided,not provided
Homemade Sauerkraut,https://www.allrecipes.com/recipe/238368/homemade-sauerkraut/,8,10m,20m,30m,"1 cup water | 1 cup distilled white vinegar | 0.5 onion, diced | 1 head cabbage, cored and shredded | 0.75 teaspoon sea salt | 0.5 teaspoon celery seed | 0.5 teaspoon onion powder | 0.5 teaspoon garlic powder | ground black pepper to taste","2. Combine water, 1/2 cup vinegar, and onion in a pot over high heat. Add cabbage, salt, celery seed, onion powder, garlic powder, and pepper, then pour remaining 1/2 cup vinegar over top. Cover and bring to a boil. Reduce the heat and simmer for 3 minutes. | 3. Uncover and stir cabbage. Cover again and cook, stirring occasionally, until cabbage is tender and wilted, 10 to 15 minutes more.",46kcal,0g,0g,0mg,213mg,10g,3g,5g,2g,60mg,83mg,0mg,325mg
Easy Plum Cake,https://www.allrecipes.com/recipe/283464/easy-plum-cake/,8,15m,45m,1h 0m,"0.75 cup white sugar | 0.5 cup unsalted butter, at room temperature | 2 large eggs | 1 cup all-purpose flour | 1 teaspoon baking powder | 1 pinch salt | 12 medium Italian plums, halved and pitted | 1.5 tablespoons cinnamon sugar, or to taste","2. Gather all ingredients. Preheat the oven to 350 degrees F (175 degrees C). Grease a 10-inch springform pan. | 3. Combine sugar and butter in a large bowl and beat with an electric mixer until light and fluffy. Add eggs, 1 at a time, and beat well after each addition. | 4. Combine flour, baking powder, and salt in a separate bowl and sift on top of the butter mixture; mix to combine. | 5. Transfer batter into the prepared springform pan and smooth out. | 6. Set plums inside batter, cut-side up, and sprinkle evenly with cinnamon-sugar. | 7. Bake in the preheated oven on the lowest rack until a toothpick inserted into the center comes out clean, 40 to 50 minutes. | 8. Serve warm or cool to room temperature.",304kcal,13g,8g,77mg,100mg,45g,2g,29g,4g,9mg,52mg,1mg,193mg
Mongo Guisado (Mung Bean Soup),https://www.allrecipes.com/recipe/213005/mongo-guisado-mung-bean-soup/,6,20m,1h 0m,1h 20m,"2 cups water | 0.5 pound raw mung beans | 2 tablespoons olive oil | 1 onion, chopped | 2 cloves garlic, minced | 0.25 pound boneless pork loin, cut into 1-inch cubes | salt and ground black pepper to taste | 0.25 pound peeled and deveined prawns | 1 small tomato, diced | 3 cups chicken broth, or more as needed | 0.5 pound fresh spinach leaves","2. Bring water and mung beans to a boil in a pot; boil until beans are soft, about 40 minutes. Mash beans; set aside. | 3. Heat olive oil in a large pot over medium heat. Add onion and garlic; cook and stir until softened, 5 to 7 minutes. Add pork; season with salt and black pepper. Cook and stir 3 minutes. Gently stir in prawns; cook 2 minutes. Add tomatoes; cook 3 minutes more. Reduce heat. Add chicken broth; simmer and stir for 5 minutes. | 4. Add mashed beans; mix well. Cook 5 minutes, stirring frequently to prevent soup from sticking to the bottom of the pot. Add more chicken broth or water if soup is too thick. Stir spinach leaves into soup; cook 2 minutes more. Serve hot.",202kcal,7g,1g,41mg,896mg,22g,8g,4g,15g,16mg,80mg,3mg,590mg
Indian Chapati Bread,https://www.allrecipes.com/recipe/85469/indian-chapati-bread/,10,15m,10m,30m,1 cup whole wheat flour | 1 cup all-purpose flour | 1 teaspoon salt | 0.75 cup hot water or as needed | 2 tablespoons olive oil,"2. Gather all ingredients. | 3. Mix whole wheat flour, all-purpose flour, and salt in a large bowl. Use a wooden spoon to stir in water and oil. Mix until a soft, elastic dough forms and add more water, if needed. | 4. Knead dough on a lightly floured surface until smooth. | 5. Divide dough into 10 equal portions, or less if you want larger chapatis. Roll each piece into a ball and let rest for a few minutes. | 6. Heat a lightly greased skillet over medium heat. Use a rolling pin to roll dough balls out on a lightly floured surface until very thin. | 7. When the skillet starts to smoke, place a chapati in it. Cook until bottom has brown spots, about 30 seconds, then flip and cook 30 seconds more. | 8. Repeat to cook remaining chapatis.",110kcal,3g,0g,not provided,234mg,18g,2g,0g,3g,not provided,7mg,1mg,62mg
Spargel in Schinken (White Asparagus Wrapped in Ham),https://www.allrecipes.com/recipe/258067/spargel-in-schinken-white-asparagus-wrapped-in-ham/,4,15m,20m,35m,"2.25 pounds white asparagus | salt to taste | 0.25 cup butter, divided | 1 pinch white sugar | 7 ounces sliced ham","2. Peel asparagus spears from top to bottom with a vegetable peeler, starting below the tips. Cut off woody ends with a knife. | 3. Place asparagus spears in a large, wide saucepan and pour in enough lightly salted water to just cover. Bring water to a boil; add 1 tablespoon butter and sugar. Reduce heat; simmer until spears are tender and easily pierced with a knife, 15 to 25 minutes. Drain well. | 4. Melt remaining 3 tablespoons butter in a small pot over low heat. | 5. Wrap each asparagus spear with a slice of ham. Arrange on a serving plate; drizzle melted butter on top.",274kcal,21g,11g,58mg,755mg,10g,5g,5g,15g,31mg,68mg,6mg,671mg
Easy Mochi,https://www.allrecipes.com/recipe/193307/easy-mochi/,8,30m,5m,1h 35m,"1 cup sweetened red bean paste | 1 cup glutinous rice flour | 1 teaspoon green tea powder (matcha) | 1 cup water | 0.25 cup white sugar | 0.5 cup cornstarch, for rolling out the dough","2. Gather all ingredients. | 3. Wrap red bean paste in aluminum foil and place in the freezer until solid, at least 1 hour. | 4. Mix glutinous rice flour and green tea powder thoroughly in a microwave-safe bowl. | 5. Stir in water, then sugar; mix until smooth. | 6. Cover the bowl with plastic wrap and microwave for 3 minutes 30 seconds. | 7. Meanwhile, remove red bean paste from the freezer and divide into 8 equal balls. Set aside. | 8. Remove rice flour mixture from the microwave. Stir and heat, covered, for another 15 to 30 seconds. | 9. Dust a work surface with cornstarch. Roll about 2 tablespoons of hot rice flour mixture into a ball. Flatten the ball and place one ball of frozen red bean paste in the center. Pinch and press the dough around the bean paste until completely covered. | 10. Sprinkle with additional cornstarch and place mochi, seam-side down, in a paper muffin liner to prevent sticking. | 11. Repeat Step 6 to make remaining mochi. | 12. Enjoy!",183kcal,0g,not provided,not provided,82mg,43g,1g,not provided,3g,not provided,not provided,not provided,not provided
Indian Chicken Curry,https://www.allrecipes.com/recipe/46822/indian-chicken-curry-ii/,4,20m,25m,45m,"3 tablespoons olive oil | 1 small onion, chopped | 2 cloves garlic, minced | 3 tablespoons curry powder | 1 teaspoon ground cinnamon | 1 teaspoon paprika | 1 bay leaf | 0.5 teaspoon grated fresh ginger root | 0.5 teaspoon white sugar | salt to taste | 2 skinless, boneless chicken breast halves - cut into bite-size pieces | 1 tablespoon tomato paste | 1 cup plain yogurt | 0.75 cup coconut milk | 0.5 lemon, juiced | 0.5 teaspoon cayenne pepper","2. Heat olive oil in a skillet over medium heat. Sauté onion until lightly browned. | 3. Stir in garlic, curry powder, cinnamon, paprika, bay leaf, ginger, sugar, and salt. Continue stirring for 2 minutes. | 4. Add chicken pieces, tomato paste, yogurt, and coconut milk. Bring to a boil, reduce heat, and simmer for 20 to 25 minutes. | 5. Remove bay leaf, and stir in lemon juice and cayenne pepper. Simmer 5 more minutes. | 6. Serve hot and enjoy!",347kcal,23g,11g,54mg,96mg,14g,4g,7g,24g,13mg,164mg,3mg,not provided
Instant Pot Filipino Chicken Adobo,https://www.allrecipes.com/recipe/277700/instant-pot-filipino-chicken-adobo/,4,5m,30m,40m,"0.5 cup distilled white vinegar | 0.25 cup soy sauce | 2 tablespoons minced garlic | 1 tablespoon olive oil | 1 tablespoon brown sugar | 1 teaspoon black peppercorns, roughly cracked | 2 bay leaves | 1 large onion, sliced | 1.5 pounds bone-in, skin-on chicken thighs | 1 tablespoon chopped scallions","2. Whisk together vinegar, soy sauce, garlic, olive oil, brown sugar, and crushed peppercorns in a medium bowl until sugar is dissolved. Stir in bay leaves. | 3. Line the bottom of a multi-functional pressure cooker (such as Instant Pot) with onion slices. Place chicken thighs over onion and pour vinegar mixture over the top. Close and lock the lid. | 4. Select high pressure according to manufacturer&#39;s instructions; set the timer for 10 minutes. Allow 10 minutes for pressure to build. | 5. Line a baking sheet with aluminum foil. | 6. Release pressure using the quick-release method according to manufacturer&#39;s instructions, about 5 minutes. Unlock and remove the lid. Using tongs, transfer chicken thighs to the prepared baking sheet, skin-side up. Select Sauté function and cook until sauce thickens, 3 to 5 minutes. | 7. Set an oven rack about 6 inches from the heat source and preheat the oven&#39;s broiler to high. | 8. Cook chicken under the preheated broiler until skin is crispy, 6 to 8 minutes. Transfer chicken to a serving plate and spoon sauce over the top. Garnish with scallions.",352kcal,21g,5g,106mg,1001mg,9g,1g,5g,30g,4mg,34mg,2mg,363mg
Sweet and Sour Pork,https://www.allrecipes.com/recipe/31144/sweet-and-sour-pork-iii/,4,30m,30m,2h 0m,"1 pound pork butt, cut into 1 inch cubes | 1 teaspoon soy sauce | 1 teaspoon salt | 0.25 teaspoon white sugar | 1 egg white | 2 green onions, chopped | 1 quart vegetable oil for frying | 0.5 cup cornstarch | 1 tablespoon vegetable oil | 3 stalks celery, cut into 1/2 inch pieces | 1 medium green bell pepper, cut into 1 inch pieces | 1 medium onion, cut into wedges | 1 pinch white sugar, or to taste | salt to taste | 1.25 cups water, divided | 0.75 cup white sugar | 0.33333334326744 cup apple cider vinegar | 0.25 cup ketchup | 0.5 teaspoon soy sauce | 0.25 teaspoon salt | 1 (8 ounce) can pineapple chunks, undrained | 2 tablespoons cornstarch","2. Gather all ingredients. | 3. Place cubed pork in a medium bowl and season with soy sauce, salt, and sugar for marinade. | 4. Add egg white and green onions and mix until well-combined. Cover and place in the refrigerator for at least 1 hour. | 5. Heat 1 quart oil to 365 degrees F (185 degrees C) in a large, heavy saucepan or deep fryer. Coat pork with cornstarch. | 6. Fry in hot oil until evenly browned, about 10 minutes. Drain on paper towels and set aside. | 7. Heat oil for vegetables in a wok over medium heat. Stir in celery, bell pepper, and onion; cook until tender, about 5 minutes. Season with pinch of sugar and salt. Remove from heat and set aside. | 8. Mix 1 cup water, 3/4 cup sugar, apple cider vinegar, ketchup, soy sauce, and salt in a large saucepan; bring to a boil over high heat. | 9. Stir in cooked pork, celery mixture, and pineapple chunks with juice. | 10. Return to a boil, then mix in remaining 1/4 cup water and cornstarch. Cook until thickened and warmed through, about 2 minutes.",663kcal,35g,7g,43mg,1085mg,75g,2g,52g,14g,36mg,57mg,2mg,517mg
German Rouladen,https://www.allrecipes.com/recipe/25194/german-rouladen/,6,20m,1h 10m,1h 30m,"1.5 pounds flank steak | German stone ground mustard, to taste | 0.5 pound thick sliced bacon | 2 large onions, sliced | 1 (16 ounce) jar dill pickle slices | 2 tablespoons butter | 2.5 cups water | 1 cube beef bouillon","2. Cut the flank steak into thin filets; about 1/4 inch thick and 3 inches wide. | 3. Generously spread one side of each filet with mustard to taste. Place bacon, onions and pickle slices on each filet and form into a roll. Use string or toothpicks to hold the roll together. | 4. Heat a skillet over medium heat and melt butter. Place the rolls in the butter and saute until browned. | 5. Pour in 2 1/2 cups of water and add the bouillon cube; stirring to dissolve the bouillon cube. Simmer the rolls for about an hour.",264kcal,17g,8g,59mg,1450mg,8g,2g,4g,19g,4mg,23mg,2mg,405mg
Shrimp with Lobster Sauce,https://www.allrecipes.com/recipe/57716/shrimp-with-lobster-sauce/,4,5m,20m,25m,"1.5 teaspoons cornstarch | 2 teaspoons cooking sherry | 1 pound medium shrimp - peeled and deveined | 0.25 cup vegetable oil | 2 cloves garlic, minced | 0.25 pound ground pork | 1 cup water | 2 tablespoons soy sauce | 0.25 teaspoon sugar | 0.5 teaspoon salt | 0.25 cup cold water | 1.5 tablespoons cornstarch | 1 large egg, beaten","2. Dissolve 1 1/2 teaspoons cornstarch in sherry in a medium bowl. Add shrimp and toss to coat. | 3. Heat oil in a wok over medium-high heat. Add shrimp and stir-fry until pink, 3 to 5 minutes. Use a slotted spoon to transfer shrimp to a plate; leave as much oil in the wok as possible. | 4. Add garlic to the wok and stir-fry for a few seconds, then add ground pork. Stir-fry until pork is no longer pink, 3 to 5 minutes. | 5. Mix 1 cup water, soy sauce, sugar, and salt together in a small bowl; pour into the wok and stir to combine. Bring to a boil, then cover, reduce the heat to medium, and simmer for about 2 minutes. | 6. Whisk 1/4 cup cold water and 1 1/2 tablespoons cornstarch together in a small bowl; pour into the wok. Add shrimp and bring to a simmer. Drizzle beaten egg into the wok, stirring quickly as it cooks. Serve immediately.",308kcal,20g,4g,237mg,989mg,5g,0g,0g,26g,3mg,52mg,3mg,274mg
Butterkuchen,https://www.allrecipes.com/recipe/17402/butterkuchen/,24,1h 30m,30m,2h 0m,2 (.25 ounce) packages dry yeast | 0.5 cup water | 0.75 cup milk | 0.5 cup white sugar | 1 teaspoon salt | 0.5 cup butter | 4 cups all-purpose flour | 3 eggs | 0.5 cup butter | 1 cup white sugar | 0.5 teaspoon ground cinnamon,"2. Butter a 9x13 inch pan and set aside. In a small mixing bowl, dissolve yeast in warm water. Let stand until creamy, about 10 minutes. Place milk, 1/2 cup sugar, salt and 1/2 cup butter in saucepan. Heat until sugar dissolves and butter melts. Cool to lukewarm. Add dissolved yeast and set aside. | 3. In large bowl combine flour, eggs and yeast mixture. Stir until smooth and blended. Pour into a buttered 9x13 inch pan, spreading dough evenly. Let rise in warm place for 45 minutes. Meanwhile, preheat oven to 375 degrees F (190 degrees C). | 4. In a small bowl, combine 1/2 cup butter, 1 cup sugar and 1/2 teaspoon cinnamon. mix together and sprinkle over the dough. Bake in preheated oven for 30 minutes, or until the top is golden and syrupy.",207kcal,9g,5g,44mg,164mg,29g,1g,13g,4g,not provided,19mg,1mg,56mg
Wiener Schnitzel,https://www.allrecipes.com/recipe/78117/wienerschnitzel/,4,15m,15m,1h 30m,1.5 pounds veal cutlets | 0.5 cup all-purpose flour | 2 large eggs | 3 tablespoons grated Parmesan cheese | 2 tablespoons milk | 1 teaspoon minced parsley | 0.5 teaspoon salt | 0.25 teaspoon pepper | 1 pinch ground nutmeg | 1 cup dry bread crumbs | 6 tablespoons butter | 4 slices lemon,"2. Place veal cutlets between 2 sheets of heavy plastic on a solid, level surface. Firmly pound cutlets with the smooth side of a meat mallet to a 1/4-inch thickness. Dip cutlets in flour to coat; shake off excess. | 3. Beat eggs, Parmesan cheese, milk, parsley, salt, pepper, and nutmeg together in a shallow bowl until combined. Place bread crumbs on a plate. | 4. Dip each cutlet into the egg mixture, then press in bread crumbs to coat. Place coated cutlets on a plate and refrigerate for 1 hour to overnight. | 5. Melt butter in a large skillet over medium heat. Cook breaded cutlets in butter until browned, about 3 minutes per side. Transfer cutlets to a serving platter and pour pan juices over them. Garnish with lemon slices.",515kcal,29g,16g,230mg,782mg,34g,2g,2g,29g,not provided,not provided,not provided,not provided
Cucumber and Avocado Sushi,https://www.allrecipes.com/recipe/99204/cucumber-and-avocado-sushi/,6,35m,25m,1h 5m,"1.25 cups water | 1 cup uncooked glutinous white rice (sushi rice) | 3 tablespoons rice vinegar | 1 pinch salt | 4 sheets nori (dry seaweed) | 0.5 medium cucumber, sliced into thin strips | 1 medium avocado - peeled, pitted and sliced","2. Combine water and rice in a saucepan and bring to a boil. Cover, reduce the heat to low, and simmer until rice is tender and water has been absorbed, about 20 minutes. Remove from the heat, stir in vinegar and salt, and set aside to cool for at least 5 minutes. | 3. Cover a bamboo sushi mat with plastic wrap to keep rice from sticking. Place one nori sheet over the plastic. Spread rice evenly onto nori sheet, leaving about a 1/2 inch uncovered at the bottom. Arrange cucumber and avocado across the center of the rice. Lift the mat, roll over cucumber and avocado once, and press down. Unroll, then roll again towards the uncovered end of the nori to make a long roll. Seal roll with a little water if necessary. Repeat to make remaining rolls. | 4. Use a sharp, wet knife to slice each roll into 6 pieces.",171kcal,5g,1g,not provided,6mg,29g,3g,1g,3g,5mg,11mg,1mg,217mg
My Big Fat Greek Salad,https://www.allrecipes.com/recipe/267974/my-big-fat-greek-salad/,4,20m,not provided,1h 10m,"2 large English cucumbers | 1 pinch kosher salt | 2 cups cherry tomatoes | 0.25 red onion | 0.5 red bell pepper | 0.5 cup pitted Kalamata olives | 0.5 cup pitted green olives | 2 tablespoons minced fresh oregano | salt and freshly ground black pepper to taste | 1 pinch cayenne pepper, or to taste | 0.25 cup red wine vinegar, or to taste | 0.33333334326744 cup olive oil, or to taste | 1 (4 ounce) package feta cheese, diced, divided | 1 teaspoon minced fresh oregano, or to taste","2. Peel off a few strips of cucumber skin using a channel knife, creating a striped pattern. Cut cucumbers in half crosswise. Cut each half into quarters before cutting into 1/4- to 1/2-inch slices. Place into a colander; toss with some kosher salt and let sit for 10 to 15 minutes. | 3. Meanwhile, cut cherry tomatoes in half. Rinse cucumbers; drain thoroughly for 10 to 15 minutes more. | 4. While cucumbers are draining, slice onion thinly. Cut bell pepper into strips. Turn knife diagonally and cut strips into diamond-shaped pieces. Slice Kalamata and green olives. | 5. Combine cucumbers, tomatoes, onion, bell pepper, olives, and 2 tablespoons oregano in a bowl. Season with salt, black pepper, and cayenne. Sprinkle in vinegar and toss thoroughly. Drizzle in olive oil. Add about 2/3 of the feta cheese and toss again. Cover with plastic wrap and refrigerate for 30 to 60 minutes. | 6. Give the salad another mix. Taste and season as desired. Scatter remaining feta cheese on top and garnish with remaining oregano.",352kcal,32g,8g,25mg,1250mg,13g,3g,2g,6g,39mg,195mg,1mg,472mg
Pork and Chicken Adobo,https://www.allrecipes.com/recipe/76455/pork-and-chicken-adobo/,4,20m,55m,3h 15m,"1.25 pounds boneless pork loin roast, cut into 2-inch pieces | 1.25 pounds boneless, skinless chicken thighs, trimmed and cut into 2-inch pieces | 2 tablespoons crushed garlic | 2 bay leaves, torn | freshly ground black pepper | 1 cup white vinegar | 0.25 cup soy sauce | 1 tablespoon vegetable oil | 2 cloves garlic, smashed","2. Place pork and chicken into a stock pot. Rub with crushed garlic and torn bay leaf, season lightly with pepper, and coat with vinegar and soy sauce. Cover, and marinate in the refrigerator at least 2 hours or overnight. | 3. Bring meat and marinating liquid to a boil in a cast iron casserole or Dutch oven. Reduce heat to a simmer and cook until meat is tender, about 30 minutes. If necessary, add water to prevent sauce from drying out. | 4. Strain liquid from meat and set aside; discard bay leaves. Heat 1 tablespoon oil in a large skillet over medium-high heat. Brown the pork and chicken on all sides; reduce heat and stir in remaining 2 cloves of smashed garlic. Cook and stir for 2 minutes more. Pour in reserved cooking liquid, and continue simmering until sauce is slightly thickened. Serve hot.",551kcal,37g,11g,186mg,2214mg,4g,1g,0g,49g,6mg,50mg,not provided,655mg
Halloumi Cheese Fingers,https://www.allrecipes.com/recipe/166667/halloumi-cheese-fingers/,2,5m,5m,10m,"0.5 tablespoon olive oil | 6 ounces halloumi cheese, cut into 1/2 inch thick sticks | 2 teaspoons fresh lemon juice | 0.25 teaspoon dried oregano | black pepper to taste","2. Gather all ingredients. | 3. Heat olive oil in a skillet over medium heat. Add halloumi sticks and cook until the cheese turns light golden brown, 1 to 2 minutes. | 4. Sprinkle with lemon juice, oregano, and pepper to serve.",299kcal,25g,13g,64mg,936mg,3g,0g,0g,18g,3mg,6mg,0mg,16mg
"Velveting Chicken Breast, Chinese Restaurant Style",https://www.allrecipes.com/recipe/261452/velveting-chicken-breast-chinese-restaurant-style/,4,10m,10m,50m,"1 large egg white | 1 tablespoon Chinese rice vinegar | 1 tablespoon cornstarch | 1 teaspoon kosher salt | 1 pound skinless, boneless chicken breast, thinly sliced | 8 cups water | 1 tablespoon peanut oil","2. Whisk together egg white, vinegar, cornstarch, and salt in a large bowl until smooth. Add sliced chicken; mix to coat thoroughly. Cover with plastic wrap and marinate in the refrigerator for 30 minutes. | 3. Bring water and oil to a boil in a pot over high heat. Reduce heat to medium. | 4. Remove chicken from the marinade and shake off excess; discard remaining marinade. Add chicken to boiling water and cook until just white on the outside but not completely cooked through, about 1 minute. | 5. Drain chicken and finish cooking in a hot oiled wok or skillet until no longer pink in the center and the juices run clear, or store parboiled chicken in the refrigerator in a sealed container until ready to use, up to a few hours.",156kcal,6g,1g,58mg,556mg,2g,not provided,0g,23g,not provided,25mg,1mg,160mg
Filipino Lumpia,https://www.allrecipes.com/recipe/32010/filipino-lumpia/,6,1h 0m,10m,1h 10m,1 (12 ounce) package lumpia wrappers | 1 pound ground beef | 0.5 pound ground pork | 0.33333334326744 cup finely chopped onion | 0.33333334326744 cup finely chopped green bell pepper | 0.33333334326744 cup finely chopped carrot | 1 quart oil for frying,"2. Thaw lumpia wrappers if frozen. Lay several wrappers on a clean, dry surface and cover with a damp towel to prevent wrappers from drying out. | 3. Mix beef, pork, onion, green pepper, and carrot together in a medium bowl. Place about 2 tablespoons of meat mixture along center of wrapper. Do not overstuff wrappers or they will burn before meat is cooked. Fold one edge of wrapper over filling. Fold outer edges in slightly, then roll into a closed cylinder. Wet finger with water and moisten outer edge to seal. Repeat with remaining wrappers and filling, keeping finished lumpia covered to prevent drying. | 4. Heat oil in a 9-inch skillet on medium to medium-high heat until oil reaches 365 to 375 degrees F (170 to 175 degrees C). Fry 3 to 4 lumpia at a time, turning in oil until nicely browned, about 2 to 3 minutes per side. Drain on paper towels. | 5. Cut each lumpia into thirds for parties, and serve with banana ketchup, if you like.",550kcal,31g,8g,75mg,60mg,43g,1g,1g,25g,8mg,17mg,2mg,273mg
Kheer (Rice Pudding),https://www.allrecipes.com/recipe/74203/kheer-rice-pudding/,4,5m,30m,35m,"2 cups coconut milk | 2 cups milk | 3 tablespoons white sugar | 0.5 cup basmati rice | 0.25 cup raisins | 0.5 teaspoon ground cardamom | 0.5 teaspoon rose water | 0.25 cup sliced almonds, toasted | 0.25 cup chopped pistachio nuts","2. Bring coconut milk, milk, and sugar to a boil in a large saucepan over medium heat. Add rice, reduce the heat to low, and simmer until mixture thickens and rice is tender, about 20 minutes. | 3. Stir in raisins, cardamom, and rose water; cook for a few more minutes. Ladle into serving bowls and garnish with almonds and pistachios.",513kcal,33g,24g,10mg,99mg,48g,3g,22g,11g,2mg,195mg,4mg,627mg
Perfect Pot Stickers,https://www.allrecipes.com/recipe/261153/perfect-pot-stickers/,6,25m,5m,1h 0m,"1 pound ground pork | 4 cloves minced garlic | 0.5 cup finely chopped green onions | 3 tablespoons very finely minced fresh ginger | 2 tablespoons soy sauce | 1 teaspoon soy sauce | 1 teaspoon sesame oil | 1 pinch cayenne pepper | 1.5 cups finely chopped green cabbage | 2.5 cups all-purpose flour, or more as needed | 0.75 teaspoon kosher salt | 1 cup hot water, about 130 -150 F (55-65 C) | 0.25 cup seasoned rice vinegar | 0.25 cup soy sauce | 6 tablespoons vegetable oil for frying, or as needed - divided | 8 tablespoons water for steaming, divided","2. To make the filling: Place ground pork, green onions, garlic, ginger, 2 tablespoon plus 1 teaspoon soy sauce, sesame oil, and cayenne in a mixing bowl. Top with chopped green cabbage. Mix with fork until thoroughly combined. Tamp down lightly; cover with plastic. Refrigerate until chilled, about an hour. | 3. To make the dough: Place 2 ½ cups of flour and kosher salt in a mixing bowl. Slowly pour in hot water. Stir with a wooden spoon until mixture forms a shaggy dough. Flour your hands and transfer dough to a work surface. Knead dough until it becomes smooth and elastic, about 3 to 5 minutes. If dough seems too sticky, sprinkle with a bit more flour, up to an additional 1/2 cup, and continue to knead. Wrap dough ball in plastic, and let it rest about 30 minutes. | 4. When dough has rested, divide into 4 equal pieces. Cover 3 pieces with a dish cloth while you work the first piece. Roll into a small log about the thickness of a thumb, about 3/4 inch. Divide each log into 6 equal pieces. Roll each piece into a thin 3 ½-inch circle on a lightly floured surface to form the pot sticker wrappers. Repeat with the remaining dough pieces. | 5. Lightly moisten the edges of a wrapper with your wet finger. Place a small scoop of the ground pork mixture onto the center of a wrapper. Fold up the 2 sides and pinch together in the center. Pinch together the remaining edges, forming &#34;pleats&#34; along one side. Tap the pot sticker on the work surface to slightly flatten the bottom; form a slight curve in it so it stands upright in the pan. Transfer to a well-floured plate. Repeat with remaining dough and filling. | 6. To make the dipping sauce: Mix seasoned rice vinegar and soy sauce together in a small mixing bowl. Set aside. | 7. Heat oil in skillet over medium-high heat. Place about 6 or 7 pot stickers in the hot oil, flat-side down. Cook until bottoms are golden brown, about 2 minutes. Drizzle in water and quickly cover the pan; steam for 3 minutes. Uncover; reduce heat to medium. Continue cooking until water evaporates and bottoms are browned and crunchy, 1 or 2 minutes. Transfer to a warm serving dish. Repeat with remaining pot stickers. | 8. Serve dumplings with dipping sauce.",439kcal,19g,6g,55mg,1453mg,46g,2g,4g,20g,not provided,not provided,not provided,not provided
Taramosalata,https://www.allrecipes.com/recipe/259371/taramosalata/,6,15m,not provided,20m,"13 ounces bread, crust removed | cold water to cover | 0.5 cup olive oil | 1 small onion, roughly chopped | 1 large lemon, juiced | 1 cup tarama (cured carp, cod, or mullet roe)","2. Place bread in a bowl, cover with water and let sit until the bread is well soaked, 5 to 10 minutes. Drain water from the bowl and squeeze all of the excess water from the bread. | 3. Combine bread, olive oil, onion, and lemon juice in a food processor; process until smooth. Add tarama and process until well combined.",383kcal,23g,4g,140mg,456mg,35g,3g,3g,13g,21mg,118mg,3mg,189mg
Greek Lentil Soup (Fakes),https://www.allrecipes.com/recipe/137650/greek-lentil-soup-fakes/,4,10m,1h 0m,1h 10m,"8 ounces brown lentils | 0.25 cup olive oil | 1 medium onion, minced | 1 large carrot, chopped | 1 tablespoon minced garlic | 1 quart water | 2 bay leaves | 1 teaspoon dried oregano | 1 pinch crushed dried rosemary | 1 tablespoon tomato paste | salt and ground black pepper to taste | 1 teaspoon olive oil, or to taste | 1 teaspoon red wine vinegar, or to taste","2. Place lentils in a large saucepan; add enough water to cover by 1 inch. Bring water to a boil and cook for 10 minutes; drain. | 3. Heat olive oil in a saucepan over medium heat. Add onion, carrot, and garlic; cook and stir until onion has softened and turned translucent, about 5 minutes. Pour in lentils, then add 1 quart water, bay leaves, oregano, and rosemary. Bring to a boil. Cover and reduce heat to medium-low; simmer for 10 minutes. | 4. Stir in tomato paste; season with salt and pepper. Cover and simmer, stirring occasionally, until lentils have softened, 30 to 40 minutes. Add additional water if soup becomes too thick. Drizzle with olive oil and red wine vinegar to serve.",357kcal,16g,2g,not provided,57mg,40g,19g,4g,16g,8mg,64mg,5mg,701mg
My Mango Lassi,https://www.allrecipes.com/recipe/264349/my-mango-lassi/,2,10m,not provided,10m,"1.5 cups mangos - peeled, seeded, chopped, and chilled | 1.5 cups plain yogurt | 0.5 cup cold milk | 2 tablespoons heavy cream | 2 tablespoons confectioners' sugar | 0.5 teaspoon ground cardamom","2. Combine mangos, yogurt, milk, cream, confectioners&#39; sugar, and cardamom in a blender; blend until smooth and frothy. Pour into glasses and serve immediately.",228kcal,10g,6g,36mg,160mg,24g,0g,23g,12g,2mg,419mg,0mg,538mg
Pan De Sal I,https://www.allrecipes.com/recipe/16151/pan-de-sal-i/,20,not provided,not provided,0m,2 cups warm water (110 degrees F/45 degrees C) | 2 teaspoons active dry yeast | 0.33333334326744 cup white sugar | 0.25 cup vegetable oil | 1.5 teaspoons salt | 6 cups all-purpose flour,"2. Put the warm water in a small mixing bowl and add the yeast and 1 teaspoon of the sugar; stir to dissolve. Let stand until creamy, about 10 minutes. | 3. In a large mixing bowl, combine the remaining 15 teaspoons of sugar and the oil and mix until smooth. Add the salt, 1 cup of flour and the yeast mixture; stir well. Add the remaining 5 cups flour, 1/2 cup at a time, until the dough pulls away from the sides of the bowl. | 4. Turn the dough onto a lightly floured surface and knead until smooth, supple and elastic; about 10 minutes. Lightly oil a large mixing bowl, place the dough in it and turn to coat the dough with oil. Cover with a damp towel or plastic wrap and let sit in a warm place until the dough has doubled in volume; about 1 hour. | 5. Turn the dough onto a lightly floured surface and divide into 4 equal pieces. Form each piece into a cylinder and roll out until the &#39;log&#39; is 1/2 inch in diameter. Using a sharp knife, cut each &#39;log&#39; into 1/2 inch pieces. Place the pieces, flat side down, onto two lightly greased baking sheets. Gently press each roll down to flatten. | 6. Preheat oven to 375 degrees F (190 degrees C). | 7. Cover the rolls with a damp cloth and let rise until doubled in volume, about 30 minutes. | 8. Bake at 375 degrees F (190 degrees C) until golden brown, about 20 minutes.",175kcal,3g,0g,not provided,176mg,32g,1g,3g,4g,not provided,7mg,2mg,49mg
German Currywurst,https://www.allrecipes.com/recipe/24676/german-currywurst/,4,10m,20m,30m,3 (15 ounce) cans tomato sauce | 1 pound kielbasa | 2 tablespoons chili sauce | 0.5 teaspoon onion salt | 1 tablespoon white sugar | 1 teaspoon ground black pepper | 1 pinch paprika | Curry powder to taste,"2. Preheat oven to Broil/Grill. | 3. Pour tomato sauce into a large saucepan, then stir in the chili sauce, onion salt, sugar and pepper. Let simmer over medium heat, occasionally stirring; bring to a gentle boil and reduce heat to low. Simmer another 5 minutes. | 4. Meanwhile, broil/grill kielbasa sausage for 3 to 4 minutes each side, or until cooked through. Slice into pieces 1/4 inch to 1/2 inch thick. | 5. Pour tomato sauce mixture over sausage, then sprinkle all with paprika and curry powder and serve.",451kcal,32g,11g,75mg,3019mg,26g,5g,18g,18g,24mg,67mg,5mg,1432mg
Biko,https://www.allrecipes.com/recipe/151155/biko/,12,15m,45m,11h 0m,"4 cups uncooked glutinous white rice | 6 cups cold water | 1 (14 ounce) can coconut milk, divided | 1.3333333730698 cups white sugar | 1.3333333730698 cups brown sugar | 3 tablespoons coconut preserves (such as Phil Supreme®)","2. Soak rice overnight in the water. | 3. Preheat oven to 350 degrees F (175 degrees C). Grease a 9x13 inch baking pan. | 4. Cook the soaked rice over medium heat in a saucepan with the soaking water, 1/2 can of coconut milk, and white sugar, stirring constantly, until tender and thickened, about 20 minutes. Pour into the prepared baking pan. | 5. Stir together the brown sugar, remaining 1/2 can of coconut milk, and coconut preserves in a small saucepan, and bring to a boil. Pour the mixture carefully over the rice. | 6. Bake in the preheated oven until the topping thickens, about 25 minutes. Cool completely; cut into squares to serve.",463kcal,10g,6g,not provided,17mg,90g,2g,38g,5g,0mg,43mg,2mg,142mg
Indian-Style Seekh Kebab,https://www.allrecipes.com/recipe/33252/indian-style-sheekh-kabab/,8,15m,10m,2h 25m,"2 pounds lean ground lamb | 2 medium onions, finely chopped | 0.5 cup fresh mint leaves, finely chopped | 0.5 cup cilantro, finely chopped | 1 tablespoon ginger paste | 1 tablespoon green chile paste | 2 teaspoons ground cumin | 2 teaspoons ground coriander | 2 teaspoons paprika | 2 teaspoons salt | 1 teaspoon cayenne pepper | 8 skewers | 0.25 cup vegetable oil for brushing, or as needed","2. Mix ground lamb, onions, mint, cilantro, ginger paste, and chile paste together in a large bowl. Season with cumin, coriander, paprika, salt, and cayenne. Cover and chill in the refrigerator for 2 hours. Soak skewers in cold water. | 3. Divide lamb mixture into 8 equal portions; mold portions onto skewers to form a sausage shape. Refrigerate skewers until you are ready to grill. | 4. Preheat an outdoor grill for high heat and brush the grate liberally with oil. | 5. Cook skewers on the preheated grill, turning frequently, until nicely browned on all sides and meat is no longer pink in the center, about 10 minutes. An instant-read thermometer inserted into the center should read at least 160 degrees F (71 degrees C).",311kcal,23g,8g,76mg,665mg,6g,1g,2g,20g,5mg,41mg,2mg,383mg
Vegetarian Moussaka,https://www.allrecipes.com/recipe/25311/vegetarian-moussaka/,8,30m,1h 35m,2h 35m,"1 eggplant, thinly sliced | 1 teaspoon salt, or more as needed | 1 tablespoon olive oil, or more as needed | 1 large zucchini, thinly sliced | 2 potatoes, thinly sliced | 1 onion, sliced | 1 clove garlic, chopped | 1 tablespoon white vinegar | 1 (14.5 ounce) can whole peeled tomatoes, chopped | 0.5 (14.5 ounce) can lentils, drained with liquid reserved | 2 tablespoons chopped fresh parsley | 1 teaspoon dried oregano | ground black pepper to taste | 1 cup crumbled feta cheese | 1.25 cups milk | 2 tablespoons all-purpose flour | 1.5 tablespoons butter | 1 pinch ground nutmeg | ground black pepper to taste | 1 large egg, beaten | 0.25 cup grated Parmesan cheese","2. Sprinkle eggplant slices with salt; set aside for 30 minutes. Rinse and pat dry with paper towels. | 3. Preheat the oven to 375 degrees F (190 degrees C). | 4. Heat olive oil in a large skillet over medium-high heat. Cook eggplant and zucchini in hot oil until lightly browned, about 3 minutes per side. Remove with a slotted spoon to drain on a paper towel-lined plate, reserving as much oil as possible in the skillet. | 5. Add more oil to the skillet if needed and let it get hot. Cook potato slices in hot oil until browned, 3 to 5 minutes per side. Remove with a slotted spoon to drain on a paper towel-lined plate, again reserving oil in the skillet. | 6. Sauté onion and garlic in reserved oil until lightly browned, 5 to 7 minutes. Pour in vinegar, bring to a boil, and reduce heat to medium-low; cook until liquid is reduced in volume and thick. Stir in tomatoes, lentils, 1/2 of the juice from lentils, parsley, and oregano. Season with salt and black pepper. Cover, reduce heat to medium-low, and simmer for 15 minutes. | 7. Layer about 1/3 of the eggplant, 1/3 of the zucchini, 1/2 of the potatoes, and 1/2 of the feta in a 9x13-inch baking dish. Pour 1/2 of the tomato mixture over vegetables; repeat layering, finishing with a layer of eggplant and zucchini. | 8. Cover and bake in the preheated oven for 25 minutes. | 9. Meanwhile, make the sauce: Stir milk, flour, and butter for together in a small saucepan; bring to a low boil, whisking constantly, until thick and smooth. Season with nutmeg and black pepper. Remove from heat, cool for 5 minutes, and stir in beaten egg. | 10. Pour sauce over vegetables and top with Parmesan cheese. Continue baking, uncovered, until sauce is bubbly and top is lightly brown, 25 to 30 minutes.",240kcal,12g,6g,58mg,426mg,26g,5g,9g,10g,17mg,241mg,2mg,785mg
Japanese-Style Ginger Salad Dressing,https://www.allrecipes.com/recipe/24381/japanese-ginger-salad-dressing/,12,5m,not provided,5m,"0.25 cup soy sauce | 1 lemon, juiced | 3 cloves garlic, minced | 3 tablespoons minced fresh ginger root | 2 teaspoons honey | 1 teaspoon prepared Dijon-style mustard | ground black pepper to taste | 1 cup olive oil","2. Whisk soy sauce, lemon juice, garlic, ginger, honey, mustard, and pepper together in a small bowl until thoroughly combined. Add oil in a steady stream, whisking constantly until incorporated into the dressing. Pour into a glass jar and chill until serving.",170kcal,18g,3g,not provided,312mg,3g,1g,1g,1g,7mg,8mg,0mg,34mg
Traditional Gyro Meat,https://www.allrecipes.com/recipe/173420/traditional-gyro-meat/,10,15m,1h 0m,2h 15m,"0.5 onion, cut into chunks | 1 pound ground lamb | 1 pound ground beef | 1 tablespoon minced garlic | 1 teaspoon dried oregano | 1 teaspoon ground cumin | 1 teaspoon dried marjoram | 1 teaspoon ground dried rosemary | 1 teaspoon ground dried thyme | 1 teaspoon ground black pepper | 0.25 teaspoon sea salt | cooking spray","2. Gather all ingredients. | 3. Pulse onion in a food processor until finely chopped, about 5 (1-second) pulses. Scoop onions onto the center of a towel, gather up the towel ends, and squeeze to remove liquid. | 4. Combine onions, lamb, beef, garlic, oregano, cumin, marjoram, rosemary, thyme, pepper, and salt in a large bowl. Mix with your hands until well combined. Cover and refrigerate 1 to 2 hours to allow the flavors to blend. Preheat the oven to 325 degrees F (165 degrees C). Evenly coat a 9x5-inch loaf pan with cooking spray. | 5. Working in 2 batches if necessary, place meat mixture into a food processor and pulse until finely chopped and the texture feels tacky, about 1 minute. | 6. Transfer mixture into prepared loaf pan, and pack down to make sure there are no air pockets. Line a medium roasting pan with a damp kitchen towel. Place the loaf pan in the center of the towel-lined roasting pan, and transfer it into the preheated oven. Carefully pour boiling water into the roasting pan until it comes halfway up the sides of the loaf pan. | 7. Bake in the preheated oven until gyro meat is no longer pink in the center, about 1 hour to 1 hour 25 minutes. An instant-read thermometer inserted into the center should read at least 160 degrees F (70 degrees C). | 8. Pour off any accumulated fat, and allow to cool slightly before slicing thinly and serving. | 9. Serve and enjoy!",258kcal,17g,7g,84mg,396mg,1g,0g,0g,24g,not provided,not provided,not provided,not provided
Real Hummus,https://www.allrecipes.com/recipe/26921/real-hummus/,20,15m,not provided,15m,"2 cloves garlic | 1 (19 ounce) can garbanzo beans, half the liquid reserved | 4 tablespoons lemon juice | 2 tablespoons tahini | 1 teaspoon salt | 2 tablespoons olive oil | black pepper to taste","2. Chop garlic in a blender. | 3. Pour chickpeas into the blender, reserving about 1 tablespoon for garnish. Add reserved liquid, lemon juice, tahini, and salt to taste; blend until creamy and well mixed. | 4. Transfer mixture to a medium serving bowl. Drizzle olive oil and sprinkle pepper over the top. Garnish with reserved chickpeas.",54kcal,3g,0g,not provided,199mg,7g,1g,0g,2g,3mg,16mg,1mg,58mg
Simply Guacamole,https://www.allrecipes.com/recipe/163625/simply-guacamole/,20,25m,not provided,25m,"5 avocados - peeled, pitted, and mashed | 2 tablespoons fresh lemon juice | 0.75 cup minced green onion | 0.5 cup minced fresh cilantro | salt and pepper, to taste",2. Stir together the avocado and lemon juice in a serving bowl; add the green onion and cilantro; mix well. Season with salt and pepper. Serve immediately or store covered in refrigerator with avocado pits in the bowl to keep from browning.,82kcal,7g,1g,not provided,5mg,5g,4g,1g,1g,7mg,10mg,0mg,262mg
Filipino Avocado Milkshake,https://www.allrecipes.com/recipe/139425/filipino-avocado-milkshake/,2,5m,not provided,5m,"1 medium avocado - peeled, pitted, and cubed | 1.3333333730698 cups milk | 1 scoop vanilla ice cream | 5 cubes ice | 3 tablespoons white sugar | 1 teaspoon fresh lemon or lime juice","2. Combine avocado, milk, ice cream, ice, sugar, and lemon juice in a blender. Purée until smooth.",337kcal,19g,5g,18mg,84mg,38g,7g,29g,8g,12mg,218mg,1mg,757mg
Greek Tzatziki,https://www.allrecipes.com/recipe/145409/greek-tzatziki/,40,15m,not provided,15m,"1 (32 ounce) container plain low-fat yogurt | 0.5 English cucumber with peel, grated | 2 tablespoons fresh lemon juice | 2 tablespoons extra-virgin olive oil | 1 clove garlic, pressed | 3 tablespoons chopped fresh dill | 1 tablespoon salt, or to taste | 1 tablespoon freshly ground black pepper, or to taste | 2 teaspoons grated lemon zest","2. Gather all ingredients. | 3. Combine yogurt, grated cucumber, lemon juice, olive oil, and garlic together in a large bowl. | 4. Add dill, salt, pepper, and lemon zest; mix until smooth. | 5. Pour into a serving dish. Garnish with fresh dill.",22kcal,1g,0g,1mg,191mg,2g,0g,2g,1g,1mg,43mg,0mg,59mg
Vegetarian Korma,https://www.allrecipes.com/recipe/60598/vegetarian-korma/,4,25m,30m,55m,"1.5 tablespoons vegetable oil | 1 small onion, diced | 4 cloves garlic, minced | 1 teaspoon minced fresh ginger root | 4 carrots, cubed | 2 potatoes, cubed | 1 (4 ounce) can tomato sauce | 3 tablespoons ground unsalted cashews | 1 fresh jalapeno pepper, seeded and sliced | 1.5 tablespoons curry powder | 2 teaspoons salt | 1 cup heavy cream | 1 cup frozen green peas | 0.5 green bell pepper, chopped | 0.5 red bell pepper, chopped | 1 bunch fresh cilantro for garnish","2. Gather all ingredients. | 3. Heat oil in a skillet over medium heat. Add onion; cook and stir until tender, about 2 to 3 minutes. Stir in garlic and ginger; cook and stir until fragrant, about 1 minute. | 4. Stir in carrots, potatoes, tomato sauce, cashews, and jalapeño. Season with curry powder and salt; cook and stir until potatoes are tender, about 10 minutes. | 5. Stir in cream, peas, green bell pepper, and red bell pepper; reduce heat to low, cover, and simmer for 10 minutes. Garnish with cilantro to serve.",462kcal,31g,15g,82mg,1434mg,41g,8g,9g,9g,73mg,120mg,4mg,1088mg
Goan Pork Vindaloo,https://www.allrecipes.com/recipe/217331/goan-pork-vindaloo/,8,35m,1h 30m,10h 5m,"16 dried Kashmiri chile peppers, stemmed and seeded | 1 (1 inch) piece cinnamon stick, broken into pieces | 1 teaspoon cumin seeds | 0.5 teaspoon whole black peppercorns | 0.5 teaspoon ground turmeric | 6 whole cloves | 1 tablespoon white vinegar | salt to taste | 2 pounds boneless pork loin roast, trimmed and cut into 1-inch cubes | 0.25 cup vegetable oil | 4 medium onions, chopped | 10 cloves garlic, minced, or more to taste | 1 (2 inch) piece fresh ginger root, minced | 2 cups boiling water | 0.25 cup white vinegar | 2 green chile peppers, seeded and cut into strips","2. Grind Kashmiri chiles, cinnamon stick, cumin seeds, peppercorns, turmeric, and cloves with a mortar and pestle or electric coffee grinder until smooth. Mix in 1 tablespoon white vinegar to create a smooth paste; season with salt. | 3. Place pork in a large glass or ceramic bowl. Add spice paste and toss until pork is evenly coated. Cover and marinate in the refrigerator, 8 hours to overnight. | 4. When ready to cook, heat oil in a Dutch oven over medium-high heat. Add onions, garlic, and ginger; cook and stir until golden brown, about 10 minutes. Add pork and all marinade; cook, stirring frequently, until pork has firmed up, about 5 minutes. Pour in boiling water and bring to a simmer. Reduce the heat, then cover and cook until pork is tender, about 40 minutes. | 5. Stir in vinegar and green chiles; continue to cook, uncovered, until green chiles have softened and vindaloo has thickened, about 30 more minutes. Season with salt as necessary before serving.",264kcal,16g,5g,54mg,51mg,9g,2g,3g,20g,33mg,46mg,1mg,454mg
Crispy Orange Beef,https://www.allrecipes.com/recipe/57966/crispy-orange-beef/,6,20m,50m,1h 40m,"1.5 pounds beef top sirloin, thinly sliced | 2 cups water | 1 cup long grain rice | 0.33333334326744 cup white sugar | 0.33333334326744 cup rice wine vinegar | 2 tablespoons frozen orange juice concentrate | 1 tablespoon soy sauce | 1 teaspoon salt | 2 cups oil for frying | 0.25 cup cornstarch | 3 tablespoons grated fresh ginger | 1.5 tablespoons minced garlic | 2 teaspoons orange zest | 8 broccoli florets, lightly steamed or blanched","2. Gather all ingredients. | 3. Lay beef in a single layer on a baking sheet lined with paper towels. Allow to dry in the refrigerator for 30 minutes. | 4. Meanwhile, bring water and rice to a boil in a medium saucepan. | 5. Reduce heat to medium-low, cover, and simmer until rice is tender, about 20 minutes. | 6. Mix together sugar, rice vinegar, orange juice concentrate, soy sauce, and salt in a small bowl. Set aside. | 7. Heat oil in a wok over medium-high heat. Toss dried beef in cornstarch to coat. | 8. Fry coated beef in hot oil in small batches until crispy and golden brown; set aside. Drain oil from the wok, leaving about 1 tablespoon. | 9. Add ginger, garlic, and orange zest to remaining oil in wok. | 10. Cook and stir briefly until fragrant. Pour in soy sauce mixture; bring to a boil and cook until thick and syrupy, about 5 minutes. | 11. Stir in fried beef and cook until heated through. | 12. Serve hot over steamed rice and garnish with broccoli.",507kcal,19g,5g,61mg,651mg,59g,6g,17g,27g,189mg,122mg,5mg,983mg
Chicken Katsu,https://www.allrecipes.com/recipe/72068/chicken-katsu/,4,15m,10m,25m,"4 skinless, boneless chicken breast halves - pounded to 1/2 inch thickness | salt and pepper to taste | 2 tablespoons all-purpose flour | 1 egg, beaten | 1 cup panko bread crumbs | 1 cup oil for frying, or as needed","2. Gather all ingredients. | 3. Season chicken breasts on both sides with salt and pepper. | 4. Place flour, beaten egg, and panko crumbs into separate shallow dishes. | 5. Coat chicken breasts in flour, shaking off any excess; dip into egg, and then press into panko crumbs until well coated on both sides. | 6. Heat oil in a large skillet over medium-high heat. Place chicken in the hot oil, and fry until golden brown, 3 or 4 minutes per side. Transfer to a paper towel-lined plate to drain. | 7. Serve and enjoy.",297kcal,11g,2g,118mg,251mg,22g,0g,0g,31g,not provided,not provided,not provided,not provided
Crispy Vegetable Pakoras,https://www.allrecipes.com/recipe/23595/crispy-vegetable-pakoras/,6,20m,15m,35m,"1 cup chickpea flour | 2 cloves garlic, crushed | 1 teaspoon salt | 0.5 teaspoon ground coriander | 0.5 teaspoon ground turmeric | 0.5 teaspoon chili powder | 0.5 teaspoon garam masala | 0.75 cup water | 1 quart oil for deep frying | 0.5 head cauliflower florets | 2 medium onions, sliced into rings","2. Sift chickpea flour into a medium bowl; mix in garlic, salt, coriander, turmeric, chili powder, and garam masala. Make a well in the center; gradually pour water into the well and mix to form a thick, smooth batter. | 3. Heat oil in a large heavy saucepan over medium-high heat to 375 degrees F (190 degrees C). | 4. While the oil is heating, dip cauliflower florets and onion rings in batter to coat. | 5. Working in small batches, fry battered vegetables in hot oil until golden brown, about 4 to 5 minutes. Drain on paper towels before serving.",217kcal,16g,2g,not provided,406mg,16g,3g,4g,5g,26mg,39mg,2mg,215mg
Buchi,https://www.allrecipes.com/recipe/212935/buchi/,10,30m,45m,1h 15m,"1.25 cups water, divided | 3.5 ounces green mung beans | 0.5 cup white sugar | 2 cups glutinous rice flour | 2 tablespoons white sugar | 0.125 teaspoon salt | 1 quart cooking oil","2. Combine 1 cup water and mung beans in a pot and bring to a boil; cook over medium heat until beans are very tender, about 30 minutes. Mash beans thoroughly, then stir in 1/2 cup sugar until well combined; set aside. | 3. Mix together rice flour, remaining 1/4 cup water, 2 tablespoons sugar, and salt in a large bowl; knead just enough to form a ball. Divide dough into small pieces and roll into balls. Flatten each dough ball, then spoon 1 tablespoon mashed bean mixture into the middle of dough. Wrap dough around bean mixture and pinch edges to seal. | 4. Heat oil in a deep fryer or large saucepan to 350 degrees F (175 degrees C). Fry balls in batches in hot oil until golden brown, 5 to 10 minutes per batch. Drain on paper towels and serve hot.",243kcal,9g,1g,not provided,44mg,38g,1g,13g,2g,not provided,6mg,0mg,27mg
Filipino Chicken Sopas,https://www.allrecipes.com/recipe/263557/filipino-chicken-sopas/,6,10m,1h 10m,1h 20m,"6 cups water, or more as needed | 0.5 onion, chopped | 1 pound bone-in chicken thighs, skin removed | 1 teaspoon garlic powder | 1 teaspoon onion powder | 2 carrots, diced | 2 tablespoons fish sauce, or more to taste | 4 teaspoons chicken bouillon granules | 0.5 teaspoon ground black pepper | 0.5 (16 ounce) package elbow macaroni | 0.5 cup evaporated milk | 3 tablespoons butter | 1 pinch salt and ground black pepper to taste","2. Combine water and onion in a pot and bring to a boil. Add chicken, garlic powder, and onion powder. Bring back to a boil and reduce heat to medium-low. Simmer broth until chicken thighs are tender, about 30 minutes. | 3. Remove chicken and add carrots to the broth. Stir in 2 tablespoons fish sauce, chicken bouillon, and black pepper. | 4. Shred chicken meat and discard bones; return meat to the broth and simmer until carrots are tender, about 10 minutes. Add macaroni; cook until tender, about 20 minutes, adding more water if needed. Stir in evaporated milk and butter; simmer until butter is melted. Add more fish sauce and season with salt and pepper to taste. Pour soup into serving bowls.",345kcal,14g,6g,68mg,769mg,35g,2g,6g,20g,3mg,95mg,2mg,389mg
Chicken Tikka Masala,https://www.allrecipes.com/recipe/45736/chicken-tikka-masala/,4,30m,50m,2h 20m,"1 cup yogurt | 1 tablespoon lemon juice | 4 teaspoons ground cumin, divided | 1 teaspoon ground cinnamon | 2 teaspoons cayenne pepper | 2 teaspoons freshly ground black pepper | 1 tablespoon minced fresh ginger | 2 teaspoons salt, divided, or more to taste | 3 boneless skinless chicken breasts, cut into bite-size pieces | 4 long skewers | 1 tablespoon butter | 1 clove garlic, minced | 1 jalapeno pepper, finely chopped | 2 teaspoons paprika | 1 (8 ounce) can tomato sauce | 1 cup heavy cream | 0.25 cup chopped fresh cilantro","2. Gather all ingredients. | 3. Combine yogurt, lemon juice, 2 teaspoons cumin, cinnamon, cayenne, black pepper, ginger, and 1 teaspoon salt in a large bowl. | 4. Stir in chicken, cover, and refrigerate for 1 hour. | 5. Preheat a grill for high heat. Lightly oil the grill grate. Thread chicken onto skewers, and discard marinade. | 6. Grill until juices run clear, about 5 minutes on each side. | 7. Melt butter in a large heavy skillet over medium heat. Sauté garlic and jalapeño for 1 minute. Season with remaining 2 teaspoons cumin, paprika, and remaining 1 teaspoon salt. Stir in tomato sauce and cream. Simmer on low heat until sauce thickens, about 20 minutes. | 8. Add grilled chicken, and simmer for 10 minutes. | 9. Transfer to a serving platter, and garnish with fresh cilantro. Serve over rice.",404kcal,29g,17g,143mg,1592mg,13g,3g,7g,25g,11mg,206mg,3mg,660mg
Quick Chinese-Style Vermicelli (Rice Noodles),https://www.allrecipes.com/recipe/41761/quick-chinese-style-vermicelli-rice-noodles/,4,5m,10m,15m,"1 (8 ounce) package dried rice noodles | 2 tablespoons vegetable oil | 1 clove garlic, minced | 1 tablespoon soy sauce | 0.5 tablespoon chili sauce | salt and pepper to taste | 1 green onion, chopped","2. Fill a large pot with water and bring to a rolling boil; stir in rice noodles and return to a boil. Cook until al dente, 2 to 3 minutes; try not to overcook as they will become mushy. Drain. | 3. Heat oil in a large skillet over medium heat. Add garlic and sauté until tender. Stir in noodles; season with soy sauce, chili sauce, salt, and pepper. Sprinkle with chopped green onion.",271kcal,7g,1g,not provided,357mg,48g,1g,0g,2g,1mg,15mg,1mg,47mg
Fried Cabbage and Egg Noodles,https://www.allrecipes.com/recipe/206120/fried-cabbage-and-egg-noodles/,4,5m,15m,20m,"1 (16 ounce) package egg noodles | 1 stick butter | 1 medium head green cabbage, chopped | salt and pepper to taste","2. Bring a large pot of lightly salted water to a boil. Add egg noodles and cook until the pasta is tender yet firm to the bite, about 5 minutes; drain. | 3. Meanwhile, melt butter in a large skillet over low heat. Add cabbage and season with salt and pepper. Cover and cook until the cabbage begins to brown, 5 to 7 minutes. Add cooked noodles; cook and stir until the noodles begin to brown, about 5 minutes.",690kcal,28g,16g,155mg,228mg,93g,9g,9g,19g,83mg,137mg,6mg,666mg
Peach Bellini,https://www.allrecipes.com/recipe/228767/peach-bellini/,1,5m,not provided,5m,0.25 cup pureed peaches | 4 fluid ounces champagne | 1 peach slice,2. Gather all ingredients. | 3. Pour peach puree into a fluted glass; top with Prosecco or Champagne. | 4. Garnish with a slice of peach. Enjoy!,131kcal,not provided,not provided,not provided,11mg,11g,not provided,9g,0g,56mg,25mg,1mg,160mg
General Tso&#39;s Chicken,https://www.allrecipes.com/recipe/91499/general-tsaos-chicken-ii/,6,25m,25m,50m,"4 cups vegetable oil for frying | 1 large egg | 1.5 pounds skinless, boneless chicken thighs, cut into 1 1/2-inch pieces | 1 teaspoon salt | 1 teaspoon white sugar | 1 pinch white pepper | 1 cup cornstarch | 2 tablespoons vegetable oil | 3 tablespoons chopped green onion | 1 clove garlic, minced | 6 dried whole red chilies | 1 strip orange zest | 0.5 cup white sugar | 0.25 cup soy sauce | 3 tablespoons chicken broth | 2 tablespoons peanut oil | 1 tablespoon rice vinegar | 2 teaspoons sesame oil | 0.25 teaspoon ground ginger | 2 teaspoons cornstarch | 0.25 cup water","2. Heat vegetable oil in a deep fryer or large saucepan to 375 degrees F (190 degrees C). | 3. Whisk egg in large mixing bowl. Add chicken, salt, sugar, and pepper; mix well. Mix in cornstarch, a little bit at a time, until chicken is well coated. | 4. Working in batches, carefully drop one piece of chicken at a time into the hot oil. Fry until chicken turns golden brown and begins to float, about 3 minutes. Remove chicken to a plate and allow to cool as you fry the next batch. | 5. Once all of the chicken has been fried, refry the chicken, starting with the batch that was cooked first. Fry each batch until chicken turns deep golden brown, about 2 minutes more. Drain on a paper towel-lined plate. | 6. To make the sauce: Heat vegetable oil in a wok or large skillet over high heat. Stir in green onion, garlic, whole chiles, and orange zest. Cook and stir until garlic turns golden and chiles brighten, 1 to 2 minutes. | 7. Add sugar, soy sauce, chicken broth, peanut oil, rice vinegar, sesame oil, and ginger; bring to a boil and cook for 3 minutes. Whisk 2 teaspoons of cornstarch in water until dissolved. Stir into the boiling sauce. Return to a boil and cook until the sauce thickens and is no longer cloudy from the cornstarch, about 1 minute. | 8. Stir chicken into the boiling sauce. Reduce heat to low and cook until chicken is heated through and has absorbed some of the sauce, about 3 minutes.",634kcal,37g,6g,101mg,1192mg,55g,1g,18g,24g,not provided,not provided,not provided,not provided
Sinigang na Bangus (Filipino Milkfish in Tamarind Broth),https://www.allrecipes.com/recipe/262439/sinigang-na-bangus-filipino-milkfish-in-tamarind-broth/,5,20m,15m,35m,"5 cups water | 2 onions, sliced | 2 tomatoes, sliced | 1 pound milkfish (bangus), cut into 5 pieces | 2 small eggplants, sliced 1/8-inch thick | 1 cup fresh green beans, cut into 1-inch pieces | 2 white radishes (labanos), sliced | 5 pods okra, sliced | 3 small green chile peppers | 1 cup watercress (kangkong) leaves and stems | 0.5 cup tamarind powder | 1 pinch salt to taste","2. Pour water into a pot. Add onions and tomatoes, cover, and bring to a boil. Add milkfish, eggplants, beans, radishes, okra, and green chile peppers. Boil for 5 minutes. Stir in watercress and tamarind powder. Cover, reduce heat, and season with salt. Boil for 5 minutes until fish is cooked through.",291kcal,7g,0g,47mg,126mg,38g,9g,10g,23g,89mg,131mg,2mg,1154mg
Sweet Potato Tempura,https://www.allrecipes.com/recipe/245693/sweet-potato-tempura/,4,20m,15m,35m,"2 large eggs | 0.75 cup ice water | 3 tablespoons ice water | 0.75 cup all-purpose flour | 1 tablespoon all-purpose flour | 0.5 teaspoon salt | 2 cups oil for frying | 1 large sweet potato, scrubbed and sliced into 1/8-inch slices | 0.25 cup rice wine | 0.25 cup soy sauce","2. Make the tempura: Beat eggs in a large bowl until frothy. Stir in 3/4 cup plus 3 tablespoons ice water, 3/4 cup plus 1 tablespoon flour, and salt until just incorporated; batter should still be very lumpy. | 3. Heat oil in a deep-fryer or large saucepan to 350 degrees F (175 degrees C). Set a wire rack over several layers of paper towels. | 4. Dry sweet potato slices with paper towels. Dip three slices into batter, letting excess batter drip back into the bowl. Fry in the preheated oil until golden brown, about 2 minutes per side. Use a slotted spoon to transfer sweet potatoes to the wire rack. Repeat to dip and fry remaining sweet potatoes. | 5. Make the dipping sauce: Whisk rice wine and soy sauce together in a small bowl. Serve with tempura.",315kcal,14g,2g,93mg,1269mg,36g,3g,4g,8g,2mg,44mg,2mg,339mg
Oyakodon (Japanese Chicken and Egg Rice Bowl),https://www.allrecipes.com/recipe/128589/oyakodon-japanese-chicken-and-egg-rice-bowl/,4,10m,30m,40m,"1 tablespoon olive oil | 4 skinless, boneless chicken thighs, cut into small pieces | 1 onion, cut in half and sliced | 2 cups dashi stock, made with dashi powder | 0.25 cup soy sauce | 3 tablespoons mirin (Japanese rice wine) | 3 tablespoons brown sugar | 4 large eggs | 4 cups hot cooked white rice","2. Heat oil in a large skillet over medium heat. Add chicken and cook until beginning to brown, about 5 minutes. Add onion; cook and stir until onion is translucent, about 5 minutes. | 3. Pour in stock, then whisk in soy sauce, mirin, and brown sugar; stir until sugar dissolves. Bring to a boil, then lower heat and simmer until slightly reduced, about 10 minutes. | 4. Whisk eggs in a bowl until well-beaten, then pour into the hot stock mixture. Cover the skillet, reduce the heat, and steam until egg is cooked, about 5 minutes. Remove from the heat. | 5. Divide rice among 4 deep soup bowls and top with equal amounts of the soup mixture.",688kcal,15g,4g,208mg,1226mg,98g,2g,17g,35g,4mg,80mg,3mg,510mg
Beef Asado,https://www.allrecipes.com/recipe/212913/beef-asado/,6,25m,1h 40m,2h 5m,"1 (4 pound) beef chuck roast, quartered | salt and pepper to taste | 2 tablespoons cooking oil | 1 onion, diced | 2 cloves garlic, crushed | 2 large tomatoes, chopped | 1 onion, quartered | 1 (5 ounce) jar pitted Manzanilla olives | 2 beef bouillon cubes | 2 bay leaves | 1 tablespoon whole peppercorns, crushed | 0.5 cup ketchup | 1 large red bell pepper, sliced | 4 small potatoes, peeled and quartered | 1 tablespoon corn flour | 1 teaspoon water","2. Season beef with salt and black pepper; set aside. | 3. Heat 2 tablespoons oil in a skillet over medium heat; add diced onion and garlic. Cook until softened, about 5 minutes; transfer to a 6-quart pot. Brown beef chunks in the skillet, individually, on all sides; place in the pot. | 4. Add tomatoes, quartered onion, olives with brine, bouillon cubes, bay leaves, and crushed peppercorns to the pot; bring to a boil. Stir in ketchup; reduce heat to medium-low and simmer 1 hour. | 5. Remove beef from the pot; set aside. Add bell pepper to the pot; simmer 30 minutes. | 6. Meanwhile, heat remaining 2 tablespoons oil in the skillet; add potatoes. Cook until golden brown; transfer to the pot. | 7. Slice beef against the grain; add to the pot. Stir and cook, 5 minutes. Whisk corn flour and water together in a small bowl; stir into sauce to thicken if its too thin.",639kcal,38g,14g,138mg,1194mg,35g,5g,10g,40g,71mg,72mg,6mg,1148mg
Yakisoba Chicken,https://www.allrecipes.com/recipe/8628/yakisoba-chicken/,6,15m,15m,30m,"0.5 teaspoon sesame oil | 1 tablespoon canola oil | 2 tablespoons chile paste | 2 cloves garlic, chopped | 4 skinless, boneless chicken breast halves - cut into 1 inch cubes | 0.5 cup soy sauce | 1 onion, sliced lengthwise into eighths | 0.5 medium head cabbage, coarsely chopped | 2 carrots, coarsely chopped | 8 ounces soba noodles, cooked and drained","2. In a large skillet combine sesame oil, canola oil and chili paste; stir-fry 30 seconds. Add garlic and stir fry an additional 30 seconds. Add chicken and 1/4 cup of the soy sauce and stir fry until chicken is no longer pink, about 5 minutes. Remove mixture from pan, set aside, and keep warm. | 3. In the emptied pan combine the onion, cabbage, and carrots. Stir-fry until cabbage begins to wilt, 2 to 3 minutes. Stir in the remaining soy sauce, cooked noodles, and the chicken mixture to pan and mix to blend. Serve and enjoy!",295kcal,5g,1g,46mg,1621mg,41g,3g,6g,26g,32mg,69mg,3mg,566mg
Moo Shu Pork,https://www.allrecipes.com/recipe/175631/mu-shu-pork/,8,15m,15m,1h 0m,"2 tablespoons soy sauce | 2 tablespoons white wine | 1 teaspoon sesame oil | 2 teaspoons cornstarch | 1 pound pork tenderloin, cut into thin strips | 1.75 ounces dried shiitake mushrooms | 0.5 cup sliced green onions | 3 tablespoons minced garlic | 2 tablespoons peeled and minced fresh ginger | 1 head napa cabbage | 3 tablespoons soy sauce | 3 tablespoons white wine | 0.5 teaspoon cornstarch | 0.5 teaspoon white sugar | 0.25 teaspoon ground black pepper | 1 tablespoon vegetable oil, plus more if needed | 1 teaspoon sesame oil | 2 large eggs, beaten | 2 tablespoons white wine | 1 cup hoisin sauce | 1 tablespoon soy sauce | 1 teaspoon sesame oil | 16 frozen Chinese moo shu pancakes, thawed and warmed","2. Gather the ingredients. | 3. Place 2 tablespoons of soy sauce, 2 tablespoons of white wine, 1 teaspoon of sesame oil, and 2 teaspoons of cornstarch in a non-reactive bowl; stir until smooth. Stir pork into marinade until thoroughly coated; refrigerate for 30 minutes to an hour. | 4. Meanwhile, pour hot water over mushrooms in a bowl; set aside to soften for 15 to 20 minutes. Drain mushrooms; pat dry, remove any hard stem pieces, and finely chop. Combine mushrooms, green onions, garlic, and ginger in a bowl; set aside. | 5. Remove outer leaves from napa cabbage; tear green leafy portions from the central stalks of the leaves. Slice stalks into thin 1-inch pieces. Finely chop green leafy portions, and set aside the sliced stems and chopped leaves in separate bowls. | 6. Combine 3 tablespoons of soy sauce, 3 tablespoons of white wine, 1/2 teaspoon of cornstarch, sugar, and ground black pepper in a small bowl; set aside. | 7. Heat vegetable oil and 1 teaspoon of sesame oil in a wok over medium-high heat. Add marinated pork; cook and stir until cooked through and edges have begun to brown, about 5 minutes. Transfer pork to a bowl. | 8. Pour beaten eggs into the hot wok, adding more vegetable oil if necessary; cook and stir until eggs are scrambled, firm, and well-broken up, about 2 minutes. Stir in mushroom mixture; cook and stir 1 to 2 minutes. Add napa cabbage stem pieces; cook and stir until hot but still crunchy, about 1 minute. Add chopped cabbage leaves and 2 tablespoons of white wine; cook and stir until hot, about 1 minute. Add cooked pork and reserved cornstarch mixture. Stir everything together until slightly thickened and hot, about 2 minutes. | 9. Mix hoisin sauce, 1 tablespoon of soy sauce, and 1 teaspoon of sesame oil in a small bowl until thoroughly combined. | 10. To serve, spread about 1 tablespoon of hoisin mixture on each pancake, top with about 1/2 cup of the pork mixture, roll, and serve.",355kcal,8g,2g,72mg,1244mg,53g,4g,12g,17g,not provided,not provided,not provided,not provided
German Zwiebelkuchen (Onion Pie),https://www.allrecipes.com/recipe/24674/german-zwiebelkuchen-onion-pie/,12,1h 0m,1h 0m,2h 0m,"6 pounds onions, sliced | 4 slices bacon | 1 (16 ounce) container sour cream | 4 egg | 2 tablespoons all-purpose flour | 0.5 teaspoon salt | 0.5 teaspoon caraway seed | 1 package pastry double crust pie","2. Preheat the oven to 425 degrees F (220 degrees C). Line a 15x10-inch pan or large pizza pan with prepared dough, making sure dough extends up sides of pan. | 3. Sauté onion in a skillet until translucent and pour cooked onion into a large mixing bowl. Place bacon in a large, deep skillet. Cook over medium high heat until evenly brown. Drain, chop and add to onion; mix well. | 4. Stir in sour cream. Beat eggs enough to break up yolks, then mix in to pie mixture. Add flour to thicken mixture (onions will create a lot of water), then add salt. Mix well and pour mixture into prepared pan. Sprinkle top with caraway seed. | 5. Bake in preheated oven until onions start to turn golden brown on top, about 1 hour.",441kcal,26g,10g,93mg,415mg,43g,5g,12g,10g,13mg,117mg,2mg,540mg
Filipino Chicken Salad,https://www.allrecipes.com/recipe/212932/filipino-chicken-salad/,12,20m,30m,1h 20m,"1 skinless, boneless chicken breast | 0.66666668653488 cup elbow macaroni | 1 (20 ounce) can pineapple chunks, drained | 2 (1.5 ounce) boxes raisins | 2 stalks celery, sliced | 1 apple, cored and diced | 1 carrot, diced | 1 cup mayonnaise | 1 teaspoon white sugar | 1 teaspoon seasoned salt","2. Bring a pot of water to a simmer over low heat; add chicken breast and cook until no longer pink in the center and juices run clear, about 30 minutes. An instant-read thermometer inserted into the center should read at least 165 degrees F (74 degrees C). Transfer chicken to a plate; cool before shredding into a large bowl. | 3. While chicken cooks, fill a large pot of lightly salted water to a rolling boil. Stir in macaroni and return to a boil. Cook macaroni uncovered, stirring occasionally, until tender yet firm to the bite, about 8 minutes. Drain and rinse with cool water to halt the cooking process until cool to the touch. Add to bowl with chicken. | 4. Add pineapple, raisins, celery, apple, and carrot to the bowl; toss to combine. Gently stir in mayonnaise, sugar, and seasoned salt until evenly coated. Refrigerate at least 30 minutes before serving.",225kcal,15g,2g,12mg,196mg,21g,1g,13g,3g,6mg,20mg,1mg,182mg
German Marble Cake,https://www.allrecipes.com/recipe/7807/german-marble-cake/,14,not provided,not provided,0m,1 cup butter | 1.5 cups white sugar | 4 eggs | 1 cup milk | 1 teaspoon almond extract | 3.25 cups all-purpose flour | 1 tablespoon baking powder | 0.125 teaspoon salt | 0.25 cup unsweetened cocoa powder | 3 tablespoons dark rum,"2. Preheat oven to 350 degrees F (175 degrees C). Grease and flour one 10 inch tube pan. | 3. In a large bowl, cream the butter with the sugar. Beat in the eggs, then the milk and almond extract. | 4. In another bowl, stir together the flour, baking powder and salt. Beat the flour mixture into the creamed mixture. Turn half of the batter into another bowl and stir in the cocoa and rum. | 5. Layer the light and dark batters by large spoonfuls and then swirl slightly with a knife. | 6. Bake the cake in at 350 degree F (175 degree C) for about 70 minutes, or until it tests done with a toothpick. Transfer to a rack to cool. Makes about 14 to 16 servings.",346kcal,15g,9g,89mg,247mg,46g,1g,22g,6g,not provided,96mg,2mg,104mg
Paneer Tikka Masala,https://www.allrecipes.com/recipe/240652/paneer-tikka-masala/,6,20m,40m,1h 0m,"0.25 cup butter | 1 pound paneer, cut into 1/2-inch cubes | 2 medium onions, finely chopped | 1 medium green bell pepper, chopped | 2 medium jalapeno peppers, chopped | 1 tablespoon ground cashews | 1 teaspoon garlic paste | 1 teaspoon ginger paste | 1 teaspoon cayenne pepper | 1 teaspoon ground cumin | 1 teaspoon ground coriander | 1 teaspoon garam masala | 1 (16 ounce) can tomato sauce | 1 pint half-and-half | 1 teaspoon salt, or to taste","2. Gather all ingredients. | 3. Melt butter in a skillet over medium heat. Add paneer cubes; cook and stir until golden, about 5 minutes. | 4. Add onions, bell pepper, jalapeños, ground cashews, garlic paste, ginger paste, cayenne pepper, cumin, coriander, and garam masala; cook and stir until well combined and fragrant, about 1 minute. | 5. Mix tomato sauce, half-and-half, and salt into paneer mixture; simmer until thickened, about 30 minutes.",323kcal,23g,14g,66mg,1225mg,17g,3g,6g,14g,28mg,176mg,2mg,576mg
Traditional Springerle,https://www.allrecipes.com/recipe/150123/traditional-springerle/,48,30m,30m,9h 0m,cooking spray | 1.5 tablespoons crushed anise seeds | 3.5 cups all-purpose flour | 1 teaspoon baking powder | 2 cups sugar | 4 eggs | 0.5 teaspoon vanilla extract | 0.25 cup confectioners' sugar,"2. Spray 4 cookie sheets with cooking spray; sprinkle with anise seeds and set aside until needed. | 3. Mix flour and baking powder together in a large bowl until well blended. Place sugar, eggs, and vanilla in a separate large bowl; beat with an electric mixer until light and frothy, 5 to 8 minutes. Gradually stir flour mixture into egg mixture to form a thick dough. | 4. Working with handfuls of dough at a time, roll out onto a lightly floured surface until 1/4 inch thick. Lightly sift confectioners&#39; sugar over dough. Place springerle molds onto dough; press down hard and evenly until the mold&#39;s design registers in dough. Remove the mold. Use a small knife to cut around each cookie, and place them 2 inches apart on the prepared cookie sheets. Repeat, until all dough has been used. Cover cookies with a lightweight cotton cloth, and allow to dry for 8 hours, or overnight. The designs will remain embossed in the cookies. | 5. When ready to bake, preheat the oven to 250 degrees F (120 degrees C). | 6. Bake cookies in preheated oven until tops are pale brown and cookies are set, 25 to 30 minutes. Transfer to a wire rack to cool completely. Store in an airtight container.",75kcal,1g,0g,16mg,16mg,16g,0g,9g,2g,not provided,not provided,not provided,not provided
Filipino-Style Congee (Lugaw),https://www.allrecipes.com/recipe/258064/filipino-style-congee-lugaw/,4,25m,51m,1h 16m,"5 cups water | 2 cups uncooked white rice | 3 tablespoons vegetable oil | 1 whole head garlic, minced | 1 tablespoon sliced ginger | 2 tablespoons sliced onion | 2 skinless, boneless chicken breasts, cut into cubes | 1 tablespoon fish sauce, or to taste | ground black pepper to taste | 1 teaspoon annatto powder | 2 hard-boiled eggs, peeled, or to taste | 2 tablespoons chopped spring onions, or to taste","2. Bring water and rice to a boil in a large pot. Cook, stirring constantly, until rice is soft, about 25 minutes. | 3. Heat vegetable oil in a saucepan over medium heat. Cook and stir garlic in the hot oil until golden brown, 5 minutes. Transfer half of the garlic to a small bowl. | 4. Stir ginger into the garlic remaining in the saucepan; cook and stir until fragrant, about 1 minute. Add onion; cook and stir until softened, about 5 minutes. Add chicken; season with fish sauce and pepper. Cook and stir until chicken is no longer pink in the center, about 5 minutes. | 5. Stir chicken mixture into the rice. Dust annatto powder over rice using a strainer; stir until dissolved. Add hard-boiled eggs. Simmer on low, stirring constantly, until rice reaches a porridge-like consistency, about 5 minutes. Remove from heat and stir in spring onions. | 6. Garnish bowls of congee with reserved fried garlic.",552kcal,15g,3g,135mg,348mg,80g,2g,1g,22g,6mg,84mg,5mg,766mg
Avgolemono Soup,https://www.allrecipes.com/recipe/241873/avgolemono-soup/,6,25m,2h 10m,2h 35m,"1 (3 pound) whole chicken | 1 onion, chopped | 2 ribs celery, chopped | 1 carrot, chopped | 2 bay leaves | 2 teaspoons salt, or more to taste | 0.25 teaspoon dried oregano leaves | 3 quarts cold water | 2 cups finely diced onion | 2 tablespoons extra-virgin olive oil | 0.66666668653488 cup arborio rice, or more to taste | 2 large eggs | 0.5 teaspoon ground black pepper | 1 pinch cayenne pepper | 0.5 cup fresh lemon juice","2. Gather all ingredients. | 3. Place chicken, 1 chopped onion, celery, carrot, bay leaves, salt, and oregano in a large pot. Pour water over the top; bring to a boil, reduce heat to medium-low, and simmer, skimming foam as necessary, until chicken is falling off the bone, 60 to 90 minutes. An instant-read thermometer inserted into the thickest part of the thigh, near the bone, should read 165 degrees F (74 degrees C). | 4. Transfer chicken to a large bowl to cool. Strain all vegetables from simmering broth, discard vegetables, and return broth to the pot. | 5. Chop chicken meat into bite-sized pieces and set aside. | 6. Combine 2 cups diced onion, olive oil, and a pinch of salt in a large skillet over medium heat. Cook and stir onion mixture until onion is soft, sweet, and golden, 7 to 10 minutes. | 7. Stir onion mixture into broth in the pot and set over medium-low heat; add Arborio rice and a pinch of salt. Bring to a simmer; cook, stirring occasionally, until rice is very tender and broth flavors combine, about 45 minutes. | 8. Whisk together eggs, black pepper, and cayenne pepper in a medium bowl; whisk in lemon juice until combined. Slowly pour 1 cup broth mixture into egg mixture, whisking constantly. | 9. Whisk another 1 cup broth mixture into egg mixture, then pour egg mixture into the pot. Stir well. | 10. Add chopped chicken and cook until heated through, about 5 minutes more. | 11. Serve hot and enjoy!",485kcal,22g,6g,161mg,926mg,33g,3g,5g,37g,18mg,77mg,2mg,493mg
Bob&#39;s Stuffed Banana Peppers,https://www.allrecipes.com/recipe/23074/bobs-stuffed-banana-peppers/,8,30m,1h 30m,2h 0m,"8 banana peppers | 2 tablespoons butter | 0.5 cup chopped onion | 0.5 cup chopped celery | 1 (28 ounce) can crushed tomatoes | 1 (8 ounce) can tomato sauce | 2 cloves garlic, minced | 2.5 teaspoons salt, divided | 1 teaspoon dried basil | 1 teaspoon dried oregano | 0.5 teaspoon ground black pepper, divided | 0.5 cup grated Parmesan cheese | 1 large egg | 1 teaspoon Worcestershire sauce | 1 pound hot Italian sausage | 1 pound mild Italian sausage | 1.5 cups bread crumbs","2. Cut off the tops of peppers. Remove ribs and seeds; rinse peppers. Chop edible portion of the tops; set aside. | 3. Bring a large pot of salted water to a boil. Add peppers, reduce heat, and simmer until tender but still firm, about 5 minutes. Drain and set aside. | 4. Heat butter in a medium skillet over medium heat. Sauté reserved chopped pepper, onion, and celery in hot butter until tender, 3 to 5 minutes. Stir in crushed tomatoes, tomato sauce, and garlic. Season with 1 ½ teaspoons salt, basil, oregano, and ¼ teaspoon black pepper. Simmer uncovered for 10 minutes. | 5. Preheat the oven to 350 degrees F (175 degrees C). | 6. Meanwhile, combine Parmesan cheese, egg, Worcestershire sauce, 1 remaining teaspoon salt, and remaining ¼ teaspoon black pepper in a large bowl. Mix in hot sausage, mild sausage, bread crumbs, and 1 cup tomato sauce mixture until well combined. | 7. Fill each pepper with sausage mixture using a piping bag or sausage stuffer. Place in a 3-quart casserole dish; pour remaining tomato sauce mixture over peppers. | 8. Bake uncovered in the preheated oven until sauce is bubbly and sausage is cooked through, about 1 hour.",593kcal,43g,16g,123mg,2125mg,29g,5g,4g,25g,53mg,189mg,5mg,893mg
Philippine Longanisa de Eugenio (Sweet Sausage),https://www.allrecipes.com/recipe/138109/philippine-longanisa-de-eugenio-sweet-sausage/,12,45m,28m,97h 13m,"0.5 cup white sugar | 4.5 teaspoons fine salt | 1 teaspoon dried oregano | 0.5 teaspoon ground pepper | 0.5 teaspoon curing salt (Prague powder #1) | 0.25 teaspoon ground ginger | 2 pounds ground pork | 1 pound coarse ground pork back fat | 1 tablespoon minced garlic | 0.25 cup distilled white vinegar | Hog casing, rinsed well","2. Stir sugar, salt, oregano, black pepper, curing salt, and ginger together in a small bowl until combined; set aside. | 3. Combine ground pork, ground pork fat, and garlic in a large bowl; sprinkle with sugar mixture. Pour in vinegar; mix thoroughly. | 4. Rinse hog casing very well until all salt or brine is gone; tie a knot at one end of the casing, then thread the other end onto a sausage stuffing tube. Stuff the casing with the pork sausage mixture, twisting the filled casing every 2 1/2 to 4 inches to form links. Once all sausage mixture has been used, tie a knot at the end of the last link. | 5. Tie ends of each sausage link tightly using fine cotton kitchen twine, then cut between each link to separate. Transfer links to a glass or plastic container. Cover; allow to mature in the refrigerator for 4 days, after which point they may be frozen. | 6. To cook longanisa, fill a skillet with 1/2 to 3/4 inches water; add thawed sausage links. Simmer over medium-high heat until water evaporates, about 20 minutes. Uncover, and allow sausages to fry in their own fat until golden brown, about 8 minutes more.",496kcal,44g,16g,71mg,1011mg,9g,0g,8g,15g,1mg,17mg,1mg,220mg
German Lebkuchen,https://www.allrecipes.com/recipe/25827/german-lebkuchen/,36,20m,10m,8h 30m,"0.75 cup brown sugar | 0.5 cup honey | 0.5 cup dark molasses | 1 egg | 3 cups sifted all-purpose flour | 1.25 teaspoons ground nutmeg | 1.25 teaspoons ground cinnamon | 0.5 teaspoon ground cloves | 0.5 teaspoon ground allspice | 0.5 teaspoon baking soda | 0.5 cup slivered almonds | 0.5 cup candied mixed fruit peel, finely chopped | 1 egg white, beaten | 1 tablespoon lemon juice | 0.5 teaspoon lemon zest | 1.5 cups sifted confectioners' sugar","2. Gather all ingredients. | 3. Beat brown sugar, honey, and egg in a large bowl with an electric mixer until smooth; stir in molasses. | 4. Combine flour, nutmeg, cinnamon, cloves, allspice, and baking soda in a separate bowl; stir into the molasses mixture to form a sticky dough. Stir in almonds and candied fruit peel. Cover dough and chill overnight. | 5. Preheat the oven to 400 degrees F (200 degrees C). Grease or line cookie sheets. Roll out dough on a lightly floured surface to a thickness of 1/4 inch. | 6. Cut into 2x3-inch rectangles. Place cookies 1 ½ inches apart on prepared cookie sheets. | 7. Bake in the preheated oven until lightly browned, about 10 to 12 minutes. | 8. While the cookies are baking, make the glaze: Stir egg white, lemon juice, and lemon zest together in a small bowl. Mix in confectioners&#39; sugar until smooth. | 9. Brush glaze over cookies while they are still warm. | 10. Transfer cookies to a wire rack to cool and set completely before storing in a single layer in airtight containers.",120kcal,1g,0g,5mg,24mg,27g,1g,15g,2g,not provided,not provided,not provided,not provided
Kung Pao Chicken,https://www.allrecipes.com/recipe/9027/kung-pao-chicken/,4,30m,30m,1h 30m,"2 tablespoons cornstarch, dissolved in 2 tablespoons water | 2 tablespoons white wine, divided | 2 tablespoons soy sauce, divided | 2 tablespoons sesame oil, divided | 1 pound skinless, boneless chicken breast halves - cut into chunks | 1 ounce hot chile paste | 2 teaspoons brown sugar | 1 teaspoon distilled white vinegar | 1 (8 ounce) can water chestnuts | 4 ounces chopped peanuts | 4 green onions, chopped | 1 tablespoon chopped garlic","2. Gather all ingredients. | 3. Combine water and cornstarch in a cup; set aside. | 4. Combine 1 tablespoon wine, 1 tablespoon soy sauce, 1 tablespoon sesame oil, and 1 tablespoon cornstarch/water mixture in a large glass bowl. Add chicken pieces and toss to coat. Cover the dish and refrigerate for about 30 minutes. | 5. Combine remaining 1 tablespoon wine, 1 tablespoon soy sauce, 1 tablespoon sesame oil, and remaining cornstarch/water mixture in a medium bowl. Whisk in chili paste, brown sugar, and vinegar. Add water chestnuts, peanuts, green onions, and garlic and toss to coat. | 6. Transfer water chestnut mixture to a medium skillet. Heat slowly over medium heat until aromatic. | 7. Meanwhile, transfer chicken from marinade into a large skillet; cook over medium-high heat, stirring, until chicken is cooked through and juices run clear. | 8. Combine water chestnut mixture and sautéed chicken together in one skillet. Adjust heat and simmer together until sauce thickens.",437kcal,23g,4g,66mg,596mg,25g,4g,7g,34g,not provided,not provided,not provided,not provided
Greek Lemon Chicken Soup,https://www.allrecipes.com/recipe/12963/greek-lemon-chicken-soup/,16,20m,30m,50m,"8 cups chicken broth | 0.5 cup fresh lemon juice | 0.5 cup shredded carrots | 0.5 cup finely chopped onion | 0.5 cup finely chopped celery | 6 tablespoons chicken soup base | 0.25 teaspoon ground white pepper | 0.25 cup margarine | 0.25 cup all-purpose flour | 8 egg yolks | 1 cup cooked white rice | 1 cup diced, cooked chicken meat | 16 slices lemon","2. Gather the ingredients. | 3. Combine chicken broth, lemon juice, carrots, onions, celery, soup base, and white pepper in a large pot. Bring to a boil over high heat, then reduce heat and simmer for 15 to 20 minutes, or until the vegetables are tender. | 4. Blend butter and flour in a small bowl; gradually stir into soup mixture. Simmer, stirring frequently, for 8 to 10 minutes. | 5. Meanwhile, beat egg yolks in a bowl until light in color. Gradually whisk in some hot soup, using a ladle to pour in a thin stream while whisking the egg yolks vigorously. Add egg mixture to the pot in same manner, and heat through. | 6. Add rice and chicken; cook until warmed through. Ladle hot soup into bowls and garnish with lemon slices.",124kcal,7g,2g,110mg,1237mg,9g,1g,2g,8g,15mg,34mg,1mg,197mg
Sesame-Seared Tuna,https://www.allrecipes.com/recipe/71698/sesame-seared-tuna/,4,10m,1m,11m,0.25 cup soy sauce | 2 tablespoons sesame oil | 1 tablespoon mirin (Japanese sweet wine) | 1 tablespoon honey | 1 tablespoon rice wine vinegar | 0.5 cup sesame seeds | 4 (6 ounce) tuna steaks | 1 tablespoon olive oil | wasabi paste,"2. Gather all ingredients. | 3. Stir together soy sauce, sesame oil, mirin, and honey in a small bowl. | 4. Pour half into a separate small bowl, stir in rice wine vinegar, and set it aside as a dipping sauce. | 5. Spread sesame seeds out on a plate. Coat tuna steaks with remaining soy sauce mixture, then press into sesame seeds to coat. | 6. Heat olive oil in a cast iron skillet over high heat until very hot. Place steaks in the pan; sear for about 30 seconds on each side. | 7. Serve with dipping sauce and wasabi paste.",422kcal,21g,3g,77mg,1046mg,13g,2g,6g,44g,1mg,207mg,not provided,879mg
Lemon Chicken Orzo Soup,https://www.allrecipes.com/recipe/233968/lemon-chicken-orzo-soup/,12,20m,30m,50m,"8 ounces orzo pasta | 1 teaspoon olive oil | 3 medium carrots, chopped, or more to taste | 3 ribs celery, chopped | 1 medium onion, chopped | 2 cloves garlic, minced | 0.5 teaspoon dried thyme | 0.5 teaspoon dried oregano | salt and ground black pepper to taste | 1 bay leaf | 3 (32 ounce) cartons fat-free, low-sodium chicken broth | 0.5 cup fresh lemon juice | 1 lemon, zested | 8 ounces cooked chicken breast, chopped | 1 (8 ounce) package baby spinach leaves | 1 lemon, sliced for garnish | 0.25 cup grated Parmesan cheese","2. Gather the ingredients. | 3. Bring a large pot of lightly salted water to a boil. Stir in orzo and return to a boil. Cook pasta uncovered until partially cooked through but not yet soft, about 5 minutes; drain and rinse with cold water until cooled completely. | 4. Meanwhile, heat olive oil in a large pot over medium heat. Add carrots, celery, and onion; cook and stir until vegetables begin to soften and onion becomes translucent, about 5 minutes. Add garlic; cook and stir until fragrant, about 1 minute more. Season mixture with thyme, oregano, bay leaf, salt, and black pepper; continue cooking another 30 seconds before pouring chicken broth into the pot. | 5. Bring broth to a boil. Partially cover the pot, reduce heat to medium-low, and simmer until vegetables are just tender, about 10 minutes. | 6. Stir orzo, lemon juice, and lemon zest into broth; add chicken. Cook until chicken and orzo are heated through, about 5 minutes. Add baby spinach; cook until spinach wilts into broth and orzo is tender, 2 to 3 minutes. | 7. Ladle soup into bowls; garnish with lemon slices and Parmesan cheese. | 8. Enjoy!",167kcal,4g,2g,20mg,187mg,22g,3g,4g,12g,not provided,not provided,not provided,not provided
Paksiw na Pata (Pig&#39;s Feet Stew),https://www.allrecipes.com/recipe/213001/paksiw-na-pata-pigs-feet-stew/,5,10m,1h 10m,1h 20m,"3.25 pounds pig's feet, rinsed and patted dry | 1.5 cups vinegar | 1.5 cups water | 0.33333334326744 cup soy sauce | 1 onion, diced | 2 cloves garlic, crushed | 1 tablespoon whole black peppercorns, crushed | 1 tablespoon white sugar | 3 bay leaves | salt to taste","2. Combine pig&#39;s feet, vinegar, water, soy sauce, onion, garlic, peppercorns, sugar, bay leaves, and salt in a stockpot. Bring to a boil. Allow to boil, 2 to 3 minutes. | 3. Reduce the heat to medium-low. Simmer, stirring occasionally, until meat is tender, pulls away easily from bones, and liquid thickens, about 1 hour. Serve hot over rice, if desired.",342kcal,21g,6g,138mg,1092mg,9g,1g,5g,30g,4mg,23mg,2mg,165mg
Chi Chi Dango,https://www.allrecipes.com/recipe/31400/chi-chi-dango-mochi/,36,15m,1h 0m,1h 45m,"cooking spray | 1 pound mochiko (glutinous rice flour) | 2.5 cups white sugar | 1 teaspoon baking powder | 2 cups water | 1 (14 ounce) can coconut milk | 1 teaspoon vanilla extract | 0.25 teaspoon red food color | 0.25 cup potato starch, or as needed","2. Gather all ingredients. Preheat the oven to 350 degrees F (175 degrees C). Grease a 9x13-inch pan with cooking spray. | 3. Whisk mochiko, sugar, and baking powder together in a bowl. | 4. Combine water, coconut milk, vanilla, and food coloring in a medium bowl. Blend in dry ingredients, then pour into the prepared pan. Cover with foil. | 5. Bake in the preheated oven for 1 hour. Remove from the oven and let cool completely, 30 minutes to 1 hour. | 6. Dust a work surface with potato starch. Invert the pan onto the work surface. Use a plastic knife to cut into 36 squares.",125kcal,3g,2g,not provided,12mg,25g,0g,not provided,1g,0mg,10mg,0mg,34mg
Chewy Coconut Bibingka (Filipino Rice Cake),https://www.allrecipes.com/recipe/269034/chewy-coconut-bibingka-filipino-rice-cake/,24,15m,45m,1h 20m,"1 (13.5 ounce) can coconut milk | 1 (14 ounce) can sweetened condensed milk | 1 stick butter, melted | 4 eggs | 2 (12 ounce) jars macapuno strings in heavy syrup | 2.5 cups sweet rice flour (mochiko) | 1 cup packed brown sugar | 1 tablespoon vanilla extract","2. Preheat the oven to 350 degrees F (175 degrees C). Butter a 12x17-inch rimmed baking sheet. | 3. Beat condensed milk, coconut milk, and melted butter together in a large mixing bowl until combined. Add eggs, 1 at a time, and beat until combined. Add macapuno, 1 jar at a time, and beat until combined. Gradually beat in mochiko flour. Beat in brown sugar; beat in vanilla extract. Pour batter onto the prepared baking sheet. | 4. Bake in the preheated oven until top is golden brown and sides are slightly dark brown, 45 to 50 minutes. | 5. Allow to cool, about 20 minutes, before loosening the sides and cutting into squares.",304kcal,10g,7g,47mg,70mg,50g,1g,18g,4g,1mg,65mg,1mg,126mg
Hot Tamale Pie,https://www.allrecipes.com/recipe/220414/hot-tamale-pie/,8,20m,1h 5m,1h 25m,"cooking spray | 2 pounds ground beef | 2 cups diced poblano peppers | 1 (16 ounce) jar salsa | 1 teaspoon salt | 1 teaspoon ground dried chipotle pepper | 0.5 teaspoon dried oregano | 2 (8.5 ounce) boxes dry corn muffin mix (such as Jiffy®) | 2 eggs | 0.66666668653488 cup milk, divided | 8 ounces frozen corn, thawed | 4 ounces shredded Cheddar cheese, divided | 4 ounces shredded Monterey Jack cheese, divided","2. Gather the ingredients. Preheat the oven to 350 degrees F (175 degrees C). Spray a 9x13-inch casserole dish with cooking spray. | 3. Cook and stir ground beef in a Dutch oven over medium-high heat until meat starts to brown and release its juices, about 5 minutes. Reduce the heat to medium and stir in poblano peppers, salsa, salt, dried chipotle pepper, and oregano. Cook and stir until beef is crumbly and no longer pink, about 10 minutes. | 4. Meanwhile, whisk one package corn muffin mix in a large bowl with one egg and 1/3 cup of milk until combined; spread into the prepared baking dish. Sprinkle corn over top, followed by 1/2 of the Cheddar and 1/2 of the Montery Jack. Spread beef mixture over the cheeses. | 5. Mix remaining corn muffin mix, egg, milk, Cheddar, and Monterey Jack in a bowl; carefully spread over beef mixture to within 1/2 inch of the edges of the dish. | 6. Bake in the preheated oven until golden brown, 50 to 60 minutes. | 7. Serve and enjoy.",640kcal,32g,14g,146mg,1556mg,54g,7g,5g,35g,29mg,304mg,4mg,680mg
Cassava Cake,https://www.allrecipes.com/recipe/212941/cassava-cake/,10,20m,1h 5m,2h 25m,"2 cups grated, peeled yuca | 1 (14 ounce) can coconut milk | 1 (14 ounce) can sweetened condensed milk | 1 (12 ounce) can evaporated milk | 2 large eggs, beaten","2. Gather all ingredients. Preheat the oven to 350 degrees F (175 degrees C). | 3. Stir yuca, coconut milk, condensed milk, evaporated milk, and eggs together in a bowl until thoroughly combined. | 4. Pour into a 2-quart baking dish. | 5. Bake in the preheated oven until set, about 1 hour. Turn the broiler on and bake until top of cake is browned, 2 to 3 minutes. Cool completely in the refrigerator before serving, about 1 hour.",329kcal,16g,12g,60mg,111mg,42g,1g,26g,8g,11mg,219mg,2mg,460mg
Pastitsio,https://www.allrecipes.com/recipe/23159/pastitsio-ii/,10,20m,1h 30m,2h 0m,"2 tablespoons butter | 1 large onion, chopped | 1 clove garlic, crushed | 1.5 pounds lean ground beef | 1 (15-ounce) can crushed tomatoes | 0.5 cup dry red wine | 0.5 cup vegetable broth | 0.25 cup tomato paste | 2 tablespoons chopped fresh parsley | 1 cinnamon stick | 1 whole clove | salt and pepper to taste | 1 pound dry ziti pasta | 4 tablespoons butter | 0.25 cup grated Parmesan cheese | 1 dash ground nutmeg | salt and pepper to taste | 1/4 teaspoon pepper | 3 large eggs, lightly beaten | 0.5 cup butter | 0.5 cup all-purpose flour | 3 cups milk | 0.25 teaspoon ground nutmeg | 1/4 teaspoon salt | 1/4 teaspoon freshly ground black pepper | 0.25 cup grated Parmesan cheese | 1 large egg, lightly beaten | 1 egg yolk","2. Gather all ingredients. Preheat the oven to 350 degrees F (175 degrees C). Grease a 9x13-inch casserole dish. | 3. Make the meat sauce: Melt butter in a skillet over medium heat. Add onion and garlic; cook and stir gently until onion is soft, 3 to 5 minutes. Increase heat and add ground beef; cook and stir until browned and crumbly, about 5 minutes. Stir in tomatoes, wine, broth, tomato paste, parsley, cinnamon, salt, pepper, and clove. Cover and simmer over low heat for 20 minutes. | 4. Meanwhile prepare the pasta: Bring a large pot of lightly salted water to a boil. Add pasta and cook until tender yet firm to the bite, 8 to 10 minutes. Drain. | 5. Pour melted butter, 1/4 cup grated cheese, nutmeg, salt, and pepper over pasta; toss well and cool briefly. Add 2 eggs and toss again; set aside. | 6. Make the béchamel: Melt butter in a saucepan over medium-low heat. Add flour; cook and stir for 2 minutes. Pour in milk and bring to a boil, stirring constantly. Season with nutmeg, salt, and pepper. Cool slightly before stirring in 1 cup grated cheese, beaten egg, and egg yolk. Then stir 1/2 cup of béchamel sauce into meat sauce. | 7. To assemble pastitsio: Arrange pasta in the bottom of the prepared baking dish so that all of the noodles are nicely lined up and are as level as possible for a great visual effect when serving. Spoon meat sauce over pasta; top with remaining béchamel sauce, spreading evenly. Sprinkle remaining 1/2 cup grated cheese on top. | 8. Bake in the preheated oven until bubbling and golden brown on top, about 50 minutes. | 9. Let stand for 10 minutes before cutting into squares.",556kcal,36g,19g,208mg,940mg,22g,2g,8g,34g,not provided,not provided,not provided,not provided
Paneer,https://www.allrecipes.com/recipe/73715/paneer/,6,30m,20m,2h 50m,1 gallon milk | 1 quart buttermilk | 1 cup canola oil for frying,"2. Pour milk into a large pot and bring to a boil over medium heat; watch carefully to prevent milk from boiling over. When milk begins to boil, pour buttermilk into the pot in a steady stream, stirring constantly. The milk will separate into curds and water. | 3. Line a colander with cheesecloth. Pour milk mixture through the cheesecloth, reserving some of the strained liquid. Let milk mixture sit in the colander until curds are settled and dripping stops, about 2 hours. | 4. Transfer strained curds to a food processor. Process until smooth and mixture can be formed into a ball. Add some of the reserved liquid and process again if mixture is too dry. The consistency should resemble firm ricotta cheese. | 5. Turn cheese out onto a clean surface and knead until smooth. Form into a ball and wrap in plastic. Refrigerate until needed. | 6. To cook paneer, heat oil in a large, heavy skillet over medium-high heat. Cut paneer into bite-sized pieces. Fry in hot oil until very pale golden brown, about 1 minute. Drain on a paper towel-lined plate.",421kcal,18g,10g,58mg,437mg,38g,not provided,38g,27g,3mg,946mg,0mg,1217mg
Quark (Homemade Cheese),https://www.allrecipes.com/recipe/240584/quark-homemade-cheese/,4,5m,15m,16h 20m,2 cups milk | 0.5 cup buttermilk,"2. Bring milk to a simmer in a saucepan; remove from heat and cool to room temperature. | 3. Whisk buttermilk into milk; let sit at room temperature, 8 hours to overnight. Strain mixture through cheesecloth over a bowl in the refrigerator, 8 hours to overnight.",73kcal,3g,2g,11mg,82mg,7g,not provided,7g,5g,1mg,178mg,0mg,229mg
Traditional Filipino Lumpia,https://www.allrecipes.com/recipe/35151/traditional-filipino-lumpia/,15,40m,25m,1h 10m,"1 tablespoon vegetable oil | 1 pound ground pork | 0.5 cup chopped onion | 2 cloves garlic, crushed | 0.5 cup minced carrots | 0.5 cup chopped green onions | 0.5 cup thinly sliced green cabbage | 2 tablespoons chopped fresh cilantro | 1 teaspoon ground black pepper | 1 teaspoon salt | 1 teaspoon garlic powder | 1 teaspoon soy sauce | 30 lumpia wrappers | 2 cups vegetable oil for frying, or as needed","2. Gather all ingredients. | 3. Heat 1 tablespoon vegetable oil in a wok or large skillet over high heat. Add pork; cook and stir until crumbly and no longer pink, 5 to 7 minutes. Remove pork from the pan and set aside. Drain grease from the pan, leaving just a thin coating. | 4. Add onion and garlic to the pan; cook and stir until fragrant, about 2 minutes. | 5. Stir in cooked pork, carrots, green onions, cabbage, and cilantro. Season with pepper, salt, garlic powder, and soy sauce. Remove from the heat, and set aside until cool enough to handle, about 5 minutes. | 6. To assemble lumpia: Place 3 heaping tablespoons of filling diagonally near one corner of a lumpia wrapper, leaving a 1 ½ inch space at both ends. | 7. Fold the side along the length of the filling over the filling, tuck in both ends, and roll neatly and tightly to close. | 8. Moisten the other side of the wrapper with water to seal the edge. Transfer to a plate and cover with plastic wrap to retain moisture. Repeat to assemble remaining lumpia. | 9. Heat 1/2 inch vegetable oil in a heavy skillet over medium heat for 5 minutes. | 10. Slide 3 to 4 lumpia into the hot oil, making sure the seams are facing down. Fry, turning occasionally, until all sides are golden brown, 1 to 2 minutes. Transfer to a paper towel-lined plate to drain. Repeat to fry remaining lumpia. | 11. Serve immediately. Enjoy!",168kcal,11g,3g,23mg,288mg,11g,1g,1g,7g,not provided,not provided,not provided,not provided
Famous Chicken Adobo,https://www.allrecipes.com/recipe/128699/famous-chicken-adobo/,6,15m,45m,1h 0m,"2 tablespoons vegetable oil | 1 (3 pound) chicken, cut into pieces | 1 large onion, quartered and sliced | 2 tablespoons minced garlic | 0.66666668653488 cup low sodium soy sauce | 0.33333334326744 cup white vinegar | 1 tablespoon garlic powder | 2 teaspoons black pepper | 1 bay leaf","2. Heat vegetable oil in a large skillet over medium-high heat. Cook chicken pieces until golden brown, 2 to 3 minutes per side. Transfer chicken to a plate and set aside. | 3. Add onion and garlic to the skillet; cook until softened and brown, about 3 to 5 minutes. | 4. Pour in soy sauce and vinegar and season with garlic powder, black pepper, and bay leaf. | 5. Return chicken to pan, increase heat to high, and bring to a boil. Reduce heat to medium-low, cover, and simmer until chicken is tender and cooked through, 35 to 40 minutes.",361kcal,22g,6g,97mg,1040mg,7g,1g,2g,33g,3mg,35mg,3mg,392mg
Light and Easy Greek Potato Salad,https://www.allrecipes.com/recipe/223380/light-and-easy-greek-potato-salad/,8,30m,25m,1h 25m,"12 red potatoes | 0.25 cup chopped green onion | 0.25 cup olive oil | 0.25 cup red wine vinegar | 1.5 teaspoons fresh lemon juice | 0.5 teaspoon garlic powder | 0.5 teaspoon onion powder | 0.5 teaspoon coarse salt, or to taste | 0.5 teaspoon ground black pepper, or to taste | 0.25 teaspoon dried oregano | 0.25 teaspoon white sugar | 0.25 teaspoon dried rosemary, crumbled | 1 pinch ground red pepper","2. Place red potatoes into a large pot and cover with salted water; bring to a boil. Reduce heat to medium-low and simmer until tender, about 25 minutes. Drain and chill in freezer until cold, about 30 minutes. | 3. Slice potatoes into chunks and place in a large salad bowl; toss potatoes with green onion. | 4. Whisk olive oil, red wine vinegar, lemon juice, garlic powder, onion powder, salt, black pepper, oregano, sugar, rosemary, and red pepper in a bowl. Pour dressing over potatoes and toss to caot. Serve immediately or chill until serving time.",105kcal,7g,1g,not provided,150mg,10g,1g,1g,1g,6mg,11mg,1mg,283mg
Chinese Broccoli,https://www.allrecipes.com/recipe/128750/chinese-broccoli/,4,10m,10m,20m,"1 bunch Gai Lan (Chinese broccoli), trimmed | 3 tablespoons hoisin sauce | 2 tablespoons white sugar | 2 tablespoons soy sauce | 1 tablespoon cornstarch | 1 tablespoon rice vinegar | 1 tablespoon sesame oil | 2 cloves garlic, minced | 1 teaspoon minced fresh ginger root","2. Gather all ingredients. | 3. Bring a large pot of lightly salted water to a boil. Cook Chinese broccoli in boiling water, uncovered, until just tender, about 4 minutes. | 4. Drain and place in a shallow bowl. | 5. Whisk together hoisin sauce, sugar, soy sauce, cornstarch, rice vinegar, sesame oil, garlic, and ginger in a small saucepan over medium heat until sauce is thickened and no longer cloudy, 5 to 7 minutes. | 6. Pour sauce over broccoli; toss to coat and serve.",101kcal,4g,1g,0mg,634mg,15g,1g,10g,1g,7mg,32mg,0mg,115mg
Kwek Kwek (Filipino Street Food),https://www.allrecipes.com/recipe/259294/kwek-kwek-filipino-street-food/,12,20m,20m,1h 0m,12 quail eggs | 0.25 cup rice vinegar | 0.25 cup ketchup | 0.25 cup brown sugar | 2 teaspoons soy sauce | 0.5 cup water | 1 drop yellow food coloring | 1 drop red food coloring | 1 cup all-purpose flour | salt and freshly ground black pepper to taste | oil for deep frying | 0.25 cup cornstarch | bamboo skewer,"2. Place eggs in a saucepan and cover with water. Bring to a boil, reduce heat to medium, cover, and cook for 4 minutes. Remove from heat and let stand, covered, for 2 minutes. Rinse eggs in cold water and cool to room temperature; peel. | 3. Combine rice vinegar, ketchup, brown sugar, and soy sauce in a saucepan. Cook and stir over medium until sugar has dissolved, about 5 minutes. Let cool. | 4. Prepare batter by adding red and yellow food coloring to the water to get a deep orange color. Combine flour, salt, and pepper in a bowl; pour in orange water and stir until there are no lumps. | 5. Heat oil in a wok to 375 degrees F (190 degrees C). | 6. Gently roll eggs in cornstarch to coat and shake off excess cornstarch. Dip into orange batter so they are fully covered. Poke eggs with the bamboo skewer and drop gently into the hot oil. Deep fry until the batter is crispy, about 2 minutes per side. Remove eggs with a slotted spoon and drain on paper towels.",150kcal,9g,1g,76mg,133mg,16g,0g,6g,2g,1mg,13mg,1mg,50mg
Famous Japanese Restaurant-Style Salad Dressing,https://www.allrecipes.com/recipe/15177/famous-japanese-restaurant-style-salad-dressing/,14,10m,not provided,10m,0.5 cup minced onion | 0.5 cup peanut oil | 0.33333334326744 cup rice wine vinegar | 2 tablespoons water | 2 tablespoons minced fresh ginger root | 2 tablespoons minced celery | 2 tablespoons ketchup | 4 teaspoons soy sauce | 2 teaspoons white sugar | 2 teaspoons lemon juice | 0.5 teaspoon minced garlic | 0.5 teaspoon salt | 0.25 teaspoon ground black pepper,"2. Gather all ingredients. | 3. Combine minced onion, peanut oil, rice vinegar, water, ginger, celery, ketchup, soy sauce, sugar, lemon juice, garlic, salt, and pepper in a blender. | 4. Blend until all ingredients are well-pureed, about 30 seconds. | 5. Serve and enjoy!",82kcal,8g,1g,not provided,314mg,3g,0g,3g,0g,1mg,3mg,0mg,28mg
Greek Salad,https://www.allrecipes.com/recipe/14373/greek-salad-i/,6,20m,not provided,20m,"1 head romaine lettuce- rinsed, dried and chopped | 1 cucumber, sliced | 2 large tomatoes, chopped | 1 (6 ounce) can pitted black olives | 1 green bell pepper, chopped | 1 red bell pepper, chopped | 1 red onion, thinly sliced | 1 cup crumbled feta cheese | 6 tablespoons olive oil | 1 lemon, juiced | 1 teaspoon dried oregano | ground black pepper to taste","2. Combine romaine, cucumber, tomatoes, olives, bell peppers, and red onion in a large bowl; sprinkle with feta cheese. | 3. Whisk olive oil, lemon juice, oregano, and black pepper together in a small bowl. Pour dressing over salad, toss well to combine, and serve. | 4. Pour dressing over salad, toss well to combine, and serve.",265kcal,22g,6g,22mg,538mg,14g,5g,6g,6g,79mg,201mg,2mg,483mg
Sweet Lamb Curry,https://www.allrecipes.com/recipe/174437/sweet-lamb-curry/,6,30m,1h 30m,2h 0m,"3 tablespoons all-purpose flour | salt and black pepper to taste | 3.5 pounds cubed lamb stew meat | 6 tablespoons butter, divided | 2 large onion, chopped | 1 large Granny Smith apple - peeled, cored, and cubed | 1 cup chicken stock | 0.5 cup raisins | 3 tablespoons curry powder | 2 tablespoons brown sugar | 1 tablespoon lemon juice","2. Place flour in a resealable plastic bag; season with salt and black pepper. Add lamb to the bag; shake until evenly coated with flour. | 3. Melt 3 tablespoons butter in a large pot over medium-high heat. Add lamb, in batches; cook until golden brown on all sides, about 5 minutes per batch. Set aside. | 4. Reduce heat to medium; add remaining 3 tablespoons butter. Stir in onions; cook until softened and translucent, about 5 minutes. Stir in apple, chicken stock, raisins, brown sugar, curry powder, and browned lamb; bring to a boil over medium-high heat. Reduce heat to medium-low, cover, and simmer until lamb is very tender, 1 to 1 ½ hours. Stir in lemon juice; cook 2 minutes.",577kcal,26g,12g,203mg,375mg,30g,3g,19g,56g,7mg,68mg,6mg,1033mg
Chicken Makhani (Indian Butter Chicken),https://www.allrecipes.com/recipe/45957/chicken-makhani-indian-butter-chicken/,4,10m,25m,35m,"2 tablespoons peanut oil, divided | 1 shallot, finely chopped | 0.25 white onion, chopped | 2 tablespoons butter | 1 tablespoon ginger garlic paste | 2 teaspoons lemon juice | 2 teaspoons garam masala, divided | 1 teaspoon chili powder | 1 teaspoon ground cumin | 1 bay leaf | 1 cup tomato puree | 1 cup half-and-half | 0.25 cup plain yogurt | 1 pinch salt and ground black pepper to taste | 1 pound boneless, skinless chicken thighs, cut into bite-size pieces | 0.25 teaspoon cayenne pepper, or to taste | 1 tablespoon cornstarch | 0.25 cup water","2. Heat 1 tablespoon oil in a large saucepan over medium-high heat. Sauté shallot and onion until soft and translucent, about 5 minutes. | 3. Stir in butter, ginger-garlic paste, lemon juice, 1 teaspoon garam masala, chili powder, cumin, and bay leaf. Cook and stir for 1 minute. Add tomato sauce, and cook for 2 minutes, continuing to frequently stir. | 4. Stir in half-and-half and yogurt. Reduce heat to low, and simmer for 10 minutes, frequently stirring. Season with salt and pepper. Remove from heat and set aside. | 5. Heat remaining 1 tablespoon oil in a large heavy skillet over medium heat. Cook chicken until lightly browned, about 10 minutes. | 6. Reduce heat, and season with remaining 1 teaspoon garam masala and cayenne. Stir in a few spoonfuls of sauce, and simmer until liquid has reduced, and chicken is no longer pink. Add cooked chicken into sauce and stir together. | 7. Dissolve cornstarch into water, then mix into the sauce. Cook for 5 to 10 minutes, or until thickened. | 8. Serve over rice with naan.",408kcal,28g,11g,107mg,523mg,16g,2g,5g,23g,12mg,135mg,3mg,625mg
Homemade Sushi,https://www.allrecipes.com/recipe/24228/sushi-roll/,8,40m,25m,1h 5m,"1.333 cups water | 0.66666668653488 cup uncooked short-grain white rice | 3 tablespoons rice vinegar | 3 tablespoons white sugar | 1.5 teaspoons salt | 4 sheets nori seaweed sheets | 0.5 pound imitation crabmeat, flaked | 1 avocado - peeled, pitted, and sliced | 0.5 cucumber, peeled, cut into small strips | 2 tablespoons pickled ginger","2. Gather all ingredients. Preheat the oven to 300 degrees F (150 degrees C). | 3. Bring water to a boil in a medium pot; stir in rice. Reduce heat to medium-low, cover, and simmer until rice is tender and water has been absorbed, 20 to 25 minutes. | 4. Mix rice vinegar, sugar, and salt in a small bowl. Gently stir into cooked rice in the pot and set aside. | 5. Lay nori sheets on a baking sheet. | 6. Heat nori in the preheated oven until warm, 1 to 2 minutes. | 7. Center 1 nori sheet on a bamboo sushi mat. Use wet hands to spread a thin layer of rice on top. Arrange 1/4 of the crabmeat, avocado, cucumber, and pickled ginger over rice in a line down the center. | 8. Lift one end of the mat and roll it tightly over filling to make a complete roll. Repeat with remaining ingredients. | 9. Use a wet, sharp knife to cut each roll into 4 to 6 slices.",152kcal,4g,1g,6mg,703mg,26g,2g,7g,4g,3mg,12mg,1mg,186mg
Chef John&#39;s Miso Soup,https://www.allrecipes.com/recipe/8533278/chef-johns-miso-soup/,4,20m,20m,1h 20m,"6 cups cold water | 0.5 ounce dried kombu (dried kelp) | 2 cups lightly packed dried bonito flakes | 7 ounces silken tofu, drained and cut into 1/2-inch cubes | 4 tablespoons white miso | 2 tablespoons red miso | dried wakame seaweed flakes | shredded wakame or hijiki seaweed (soaked in water until soft) | 2 green onions, thinly sliced, plus more to garnish","2. Gather all ingredients. | 3. Pour cold water into a saucepan. Add kombu and soak for 30 minutes. | 4. Set pan on the stove over medium heat, and wait until water just starts to simmer. Turn off heat, and remove kombu with a strainer. Squeeze out any liquid back into the pan, and discard kombu. | 5. Turn heat back on to med-high, and bring to a simmer. Stir bonito flakes into the simmering liquid, and turn off the heat. Let sit for 10 minutes, before staining and reserving the liquid, also known as the &#34;dashi.&#34; | 6. Pour dashi into a saucepan over medium heat. Add pre-soaked, shredded seaweed, soy sauce, and green onions. Bring to a simmer, and reduce heat to low. Place a small strainer over the pan, and add miso pastes. Submerge strainer halfway down into the hot dashi, and stir slowly until all the miso has dissolved and passed through into the soup. | 7. Stir in tofu, and continue cooking on low until tofu is heated through, about 2 minutes. Taste and season with more soy sauce if needed. | 8. Serve immediately with sliced green onions on top.",80kcal,1g,0g,not provided,927mg,11g,1g,not provided,7g,not provided,not provided,not provided,43mg
Adobong Pusit (Squid Adobo),https://www.allrecipes.com/recipe/212923/adobong-pusit-squid-adobo/,5,10m,35m,45m,"2.25 pounds squid, cleaned | 0.5 cup white vinegar | 0.5 cup water | salt and ground black pepper to taste | 2 tablespoons olive oil | 1 small onion, minced | 2 cloves garlic, minced | 1 tomato, chopped | 1 tablespoon soy sauce","2. Combine squid, vinegar, and water in a small pot over medium heat; season with salt and pepper. Simmer for 10 minutes. | 3. Meanwhile, heat olive oil in a saucepan over medium heat; cook and stir onion and garlic in hot oil until softened, 5 to 7 minutes. Stir in tomato and soy sauce. | 4. Pour squid mixture into tomato mixture and bring to a simmer; cook for 20 minutes.",198kcal,7g,1g,not provided,215mg,3g,1g,1g,28g,5mg,86mg,3mg,103mg
Chicken Madras,https://www.allrecipes.com/recipe/262542/authentic-chicken-madras/,4,20m,40m,1h 0m,"5 tablespoons cooking oil | 3 whole cloves | 2 cardamom pods | 2 large onions, finely chopped | 3 green chile peppers, with seeds, chopped | 4 cloves garlic, crushed | 1 (1 inch) piece ginger, minced | 1 teaspoon ground red chili pepper, or to taste | 1 teaspoon ground turmeric | 0.5 teaspoon ground cumin | 0.5 teaspoon ground coriander | salt to taste | 1.5 pounds skinless, boneless chicken breasts, cut into bite-sized pieces | 0.25 cup water | 0.5 (14 ounce) can tomato puree | 1 teaspoon ground nutmeg | 1 teaspoon garam masala | 0.5 cup chopped fresh cilantro, or more to taste","2. Heat oil in a large nonstick pan over medium heat. Add cloves and cardamom pods and wait until they sizzle, about 1 minute. Add onions and sauté until dark brown, 7 to 10 minutes. Add chile peppers, garlic, and ginger; cook and stir until fragrant, about 30 seconds. Add ground chili pepper, turmeric, cumin, coriander, and salt. Cook, stirring frequently, until blended in, about 1 minute more. | 3. Stir in chicken and water; cook, stirring constantly, until water is incorporated, 2 to 3 minutes. Stir in tomato puree and nutmeg. Cover and cook until chicken is no longer pink in the center and the juices run clear, about 20 minutes. | 4. Ladle into bowls and sprinkle garam masala over top. Garnish with cilantro.",423kcal,22g,4g,97mg,335mg,18g,4g,8g,38g,96mg,75mg,4mg,824mg
Pinakbet,https://www.allrecipes.com/recipe/212994/pinakbet/,6,15m,30m,45m,"3 tablespoons olive oil | 1 onion, chopped | 2 cloves garlic, minced | 0.5 pound pork loin, chopped | 0.5 pound peeled and deveined prawns | salt and pepper to taste | 1 tomato, chopped | 0.25 pound zucchini, seeded and cut into bite-size pieces | 0.25 pound fresh okra, ends trimmed | 0.25 pound fresh green beans, trimmed | 0.25 pound eggplant, cut into bite-size pieces | 1 small bitter melon, cut into bite-size pieces","2. Heat oil in a large pot over medium heat; stir in onion and garlic and cook until tender, about 5 minutes. | 3. Add pork; cook and stir until browned, 5 to 7 minutes. | 4. Add prawns; cook and stir until they turn pink, about 5 minutes. | 5. Stir in tomato; season with salt and pepper, cover and simmer for 5 minutes. | 6. Stir in zucchini, okra, green beans, eggplant, and bitter melon; cover and cook until the vegetables are tender, about 10 minutes.",184kcal,10g,2g,75mg,111mg,9g,3g,4g,14g,23mg,56mg,2mg,445mg
