ingredient,disease,effect,reason
acacia honey,diabetes,negative,"A form of sugar that will raise blood glucose levels, despite having a slightly lower glycemic index than table sugar."
achiote,diabetes,neutral,
achiote seed,diabetes,neutral,
active dry yeast,diabetes,neutral,
adobo sauce,diabetes,negative,"Often high in sodium and may contain added sugars, which can negatively impact blood pressure and blood sugar control."
adobo seasoning,diabetes,negative,"Typically high in sodium, which can contribute to high blood pressure, a common comorbidity with diabetes."
aji amarillo,diabetes,positive,Low in carbohydrates and calories; capsaicin may have metabolic benefits.
aji amarillo chile paste,diabetes,neutral,"While the pepper is positive, pastes can contain added salt or sugar. Effect is neutral without knowing the specific formulation."
aji amarillo chili paste,diabetes,neutral,"While the pepper is positive, pastes can contain added salt or sugar. Effect is neutral without knowing the specific formulation."
aji amarillo pepper,diabetes,positive,Low in carbohydrates and calories; capsaicin may have metabolic benefits.
aji chile,diabetes,positive,Low in carbohydrates and calories; capsaicin may have metabolic benefits.
aji dulce pepper,diabetes,positive,Low in carbohydrates and a good source of vitamins without significantly impacting blood sugar.
aji pepper,diabetes,positive,Low in carbohydrates and calories; capsaicin may have metabolic benefits.
ajies dulce pepper,diabetes,positive,Low in carbohydrates and a good source of vitamins without significantly impacting blood sugar.
ale,diabetes,negative,"Contains carbohydrates and alcohol, which can negatively affect blood sugar control and management."
aleppo chile,diabetes,positive,Low in carbohydrates and calories; capsaicin may have metabolic benefits.
aleppo chili flake,diabetes,positive,Low in carbohydrates and calories; capsaicin may have metabolic benefits.
aleppo pepper flake,diabetes,positive,Low in carbohydrates and calories; capsaicin may have metabolic benefits.
aleppo red pepper flake,diabetes,positive,Low in carbohydrates and calories; capsaicin may have metabolic benefits.
all purpose flour,diabetes,very negative,"A refined carbohydrate with a high glycemic index, causing a rapid spike in blood sugar levels."
allspice,diabetes,neutral,
allspice berry,diabetes,neutral,
almond,diabetes,positive,"High in healthy fats, fiber, and magnesium, which can help improve blood sugar control and insulin sensitivity."
almond extract,diabetes,neutral,
almond flour,diabetes,positive,"A low-carbohydrate, high-fiber alternative to traditional flour, which has a minimal impact on blood sugar."
almond half,diabetes,positive,"High in healthy fats, fiber, and magnesium, which can help improve blood sugar control and insulin sensitivity."
almond meal,diabetes,positive,"A low-carbohydrate, high-fiber alternative to traditional flour, which has a minimal impact on blood sugar."
almond milk,diabetes,positive,"Unsweetened versions are very low in carbohydrates and calories, making it a good milk alternative that doesn't raise blood sugar."
almond paste,diabetes,very negative,"Very high in sugar and carbohydrates, which will cause a significant spike in blood glucose."
almond sliver,diabetes,positive,"High in healthy fats, fiber, and magnesium, which can help improve blood sugar control and insulin sensitivity."
aluminum foil,diabetes,neutral,Not a food ingredient.
amaretto liqueur,diabetes,very negative,"High in sugar and contains alcohol, both of which can severely disrupt blood sugar control."
american cheese,diabetes,negative,"Highly processed and often high in sodium and unhealthy fats, which are not ideal for heart health, a concern for people with diabetes."
ancho chile pepper,diabetes,positive,Low in carbohydrates and calories; capsaicin may have metabolic benefits.
ancho chili powder,diabetes,neutral,
anchovy,diabetes,positive,"Excellent source of protein and omega-3 fatty acids, which are beneficial for heart health and do not raise blood sugar."
anchovy fillet,diabetes,positive,"Excellent source of protein and omega-3 fatty acids, which are beneficial for heart health and do not raise blood sugar."
angostura bitter,diabetes,neutral,"Used in negligible amounts, so it has no significant impact on blood sugar."
anise extract,diabetes,neutral,
anise oil,diabetes,neutral,
anise seed,diabetes,neutral,
anise seed powder,diabetes,neutral,
annatto powder,diabetes,neutral,
annatto seed,diabetes,neutral,
apple,diabetes,positive,"Contains fiber and vitamins; when eaten in moderation, the fiber helps slow the absorption of its natural sugars."
apple brandy,diabetes,negative,"Contains alcohol and likely sugar, which can negatively affect blood sugar control."
apple cider,diabetes,negative,"High in natural sugars with little fiber, leading to a quick rise in blood sugar levels."
apple cider vinegar,diabetes,positive,May help improve insulin sensitivity and lower post-meal blood sugar levels.
apple juice,diabetes,very negative,"A concentrated source of sugar with no fiber, causing a rapid and significant spike in blood sugar."
apple pie filling,diabetes,very negative,"Extremely high in added sugars and refined carbohydrates, which will cause a very large spike in blood sugar."
applesauce,diabetes,negative,"Often contains added sugar and is a processed form of fruit with less fiber than a whole apple, leading to a faster rise in blood sugar."
apricot,diabetes,positive,"A whole fruit containing fiber, which helps slow the absorption of its natural sugars."
apricot jam,diabetes,very negative,"Extremely high in added sugars, causing a rapid and significant spike in blood sugar."
apricot jelly,diabetes,very negative,"Extremely high in added sugars, causing a rapid and significant spike in blood sugar."
apricot preserve,diabetes,very negative,"Extremely high in added sugars, causing a rapid and significant spike in blood sugar."
arborio rice,diabetes,negative,A high-glycemic index refined carbohydrate that can cause a rapid spike in blood sugar.
artichoke heart,diabetes,positive,"High in fiber and low in calories, which can help with blood sugar regulation."
arugula,diabetes,positive,"A non-starchy leafy green, very low in carbohydrates and rich in nutrients."
asafoetida powder,diabetes,neutral,
asiago cheese,diabetes,negative,"High in saturated fat and sodium, which can increase cardiovascular risk, a major concern for people with diabetes."
asian fish sauce,diabetes,negative,"Extremely high in sodium, which can contribute to high blood pressure."
asian five spice powder,diabetes,neutral,
asian pear,diabetes,positive,"A whole fruit containing fiber, which helps slow the absorption of its natural sugars."
asparagus,diabetes,positive,"A non-starchy vegetable, high in fiber and nutrients with minimal impact on blood sugar."
asturian fabada bean,diabetes,positive,"Beans are an excellent source of fiber and protein, which help moderate blood sugar levels."
avocado,diabetes,positive,"Rich in healthy monounsaturated fats and fiber, which helps improve insulin sensitivity and manage blood sugar."
baby bella mushroom,diabetes,positive,A low-carbohydrate vegetable with beneficial nutrients.
baby bok choy,diabetes,positive,"A non-starchy vegetable, very low in carbohydrates and rich in nutrients."
baby carrot,diabetes,positive,A source of fiber and nutrients; a good carbohydrate choice in moderation.
baby corn ear,diabetes,positive,A non-starchy vegetable with a low impact on blood sugar.
baby pea,diabetes,positive,"Contains fiber and protein, but is a starchy vegetable, so portion control is important."
baby potato,diabetes,negative,A starchy vegetable with a high glycemic index that can cause significant spikes in blood sugar.
baby red potato,diabetes,negative,A starchy vegetable with a high glycemic index that can cause significant spikes in blood sugar.
baby spinach leaf,diabetes,positive,"A non-starchy leafy green, very low in carbohydrates and packed with nutrients."
bacon,diabetes,very negative,"Processed meat high in saturated fat and sodium, which significantly increases cardiovascular risk."
bacon dripping,diabetes,very negative,"Pure saturated fat and sodium, which significantly increases cardiovascular risk."
bacon strip,diabetes,very negative,"Processed meat high in saturated fat and sodium, which significantly increases cardiovascular risk."
bakers ammonia,diabetes,neutral,
baking potato,diabetes,negative,A starchy vegetable with a high glycemic index that can cause significant spikes in blood sugar.
baking powder,diabetes,neutral,
baking soda,diabetes,neutral,
balsamic vinegar,diabetes,positive,"Can improve insulin sensitivity and has a minimal effect on blood sugar, provided it has no added sugar."
bamboo shoot,diabetes,positive,"A low-carbohydrate, high-fiber vegetable."
bamboo skewer,diabetes,neutral,
banana,diabetes,negative,"Higher in sugar and carbohydrates compared to other fruits, which can cause a more significant rise in blood sugar."
banana extract,diabetes,neutral,
banana pepper,diabetes,positive,A non-starchy vegetable with a low impact on blood sugar.
barbecue sauce,diabetes,very negative,"Typically loaded with added sugars and sodium, causing a sharp spike in blood sugar."
barberry,diabetes,negative,"Often sold dried, making it a concentrated source of sugar. Unsweetened forms may have benefits, but are less common."
basil,diabetes,positive,"A herb that adds flavor without adding salt, sugar, or significant calories."
basil leaf,diabetes,positive,"A herb that adds flavor without adding salt, sugar, or significant calories."
basmati rice,diabetes,negative,"A refined carbohydrate that raises blood sugar; while its glycemic index is lower than other white rices, portion control is crucial."
bavarian style sauerkraut,diabetes,negative,"While fermented cabbage is healthy, commercially prepared sauerkraut is typically very high in sodium."
bay leaf,diabetes,neutral,
bay powder,diabetes,neutral,
bean,diabetes,positive,"Excellent source of plant-based protein and fiber, which helps stabilize blood sugar levels."
bean sprout,diabetes,positive,"A low-carbohydrate, nutrient-dense vegetable."
bean thread,diabetes,negative,"Made from refined starch, these noodles are high in carbohydrates and can cause a rapid increase in blood sugar."
beef,diabetes,negative,"Can be high in saturated fat, which increases the risk of heart disease, a common complication of diabetes. Lean cuts are a better choice."
beef base,diabetes,negative,A concentrated flavoring agent that is typically very high in sodium.
beef birria,diabetes,negative,"Typically made with fatty cuts of beef (like chuck or short rib), increasing saturated fat intake, which can worsen insulin resistance."
beef bouillon,diabetes,negative,"Extremely high in sodium, which can negatively impact blood pressure, a common concern for people with diabetes."
beef bouillon cube,diabetes,negative,"Extremely high in sodium, which can negatively impact blood pressure, a common concern for people with diabetes."
beef bouillon granule,diabetes,negative,"Extremely high in sodium, which can negatively impact blood pressure, a common concern for people with diabetes."
beef broth,diabetes,negative,Often very high in sodium. Low-sodium versions are a better choice.
beef chuck,diabetes,negative,"A fattier cut of beef, high in saturated fat which can contribute to insulin resistance and cardiovascular risk."
beef chuck roast,diabetes,negative,"A fattier cut of beef, high in saturated fat which can contribute to insulin resistance and cardiovascular risk."
beef consomme,diabetes,negative,Often very high in sodium. Low-sodium versions are a better choice.
beef cube steak,diabetes,neutral,
beef eye of round roast,diabetes,neutral,
beef fat,diabetes,very negative,"Pure saturated fat, which can worsen insulin resistance and significantly increase cardiovascular risk."
beef flank steak,diabetes,neutral,
beef gravy,diabetes,negative,Typically contains refined carbohydrates (flour/starch) and high amounts of sodium and fat.
beef oxtail,diabetes,negative,Very high in saturated fat and cholesterol.
beef pot roast,diabetes,negative,"Often made with fattier cuts like chuck, contributing significant saturated fat."
beef ravioli,diabetes,very negative,The pasta is a refined carbohydrate that can cause a rapid and significant spike in blood sugar.
beef rib eye steak,diabetes,negative,"A very fatty, marbled cut of beef, high in saturated fat."
beef roast,diabetes,negative,"This is a general term, but roasts are often made from fattier cuts high in saturated fat."
beef round,diabetes,neutral,
beef round steak,diabetes,neutral,
beef rump roast,diabetes,negative,"A moderately fatty cut of beef, contributing to saturated fat intake."
beef short rib,diabetes,negative,Very high in saturated fat.
beef shoulder,diabetes,negative,"A fattier cut of beef, high in saturated fat."
beef sirloin,diabetes,neutral,
beef sirloin steak,diabetes,neutral,
beef skirt steak,diabetes,neutral,
beef soup bone,diabetes,neutral,
beef steak,diabetes,neutral,
beef stew meat,diabetes,negative,"Usually from fattier cuts like chuck, increasing saturated fat intake."
beef stock,diabetes,negative,Often very high in sodium. Low-sodium versions are a better choice.
beef tenderloin,diabetes,neutral,
beef tenderloin steak,diabetes,neutral,
beef tongue,diabetes,negative,Very high in fat and cholesterol.
beef top round steak,diabetes,neutral,
beef top sirloin,diabetes,neutral,
beef top sirloin steak,diabetes,neutral,
beef tri tip,diabetes,neutral,
beer,diabetes,very negative,"Contains carbohydrates and alcohol, which can cause unpredictable blood sugar fluctuations (both highs and lows) and provides empty calories."
beet,diabetes,positive,Source of fiber and nitrates which can help manage blood pressure. Should be consumed in moderation due to natural sugar content.
belacan,diabetes,negative,"Extremely high in sodium, which is detrimental for blood pressure control, a key aspect of diabetes management."
belacan shrimp paste,diabetes,negative,"Extremely high in sodium, which is detrimental for blood pressure control, a key aspect of diabetes management."
bell pepper,diabetes,positive,"A non-starchy vegetable, low in carbs and high in fiber, vitamins, and antioxidants."
birds eye chile,diabetes,positive,"Contains capsaicin which may have anti-inflammatory and metabolic benefits, with negligible impact on blood sugar."
bitter melon,diabetes,positive,Well-known for containing compounds that can help lower blood glucose levels.
bitter orange marinade,diabetes,negative,Prepared marinades are often high in hidden sugars and sodium.
bitter,diabetes,negative,"Assuming cocktail bitters, which contain alcohol and sometimes sugar, both of which can negatively affect blood sugar control."
bittersweet chocolate,diabetes,negative,"Still contains a significant amount of sugar and fat, despite having some antioxidant benefits from cocoa. Should be consumed in very small portions."
black bean,diabetes,positive,"High in plant-based protein and soluble fiber, which helps to slow carbohydrate absorption and stabilize blood sugar levels."
black bean paste,diabetes,negative,Typically very high in sodium and often contains added sugars or starches as fillers.
black bean sauce,diabetes,negative,Typically very high in sodium and often contains added sugars or starches as fillers.
black cardamom,diabetes,neutral,
black cardamom pod,diabetes,neutral,
black cardamom seed,diabetes,neutral,
black cumin,diabetes,positive,Some studies suggest it may help improve blood sugar control and insulin sensitivity.
black cumin seed,diabetes,positive,Some studies suggest it may help improve blood sugar control and insulin sensitivity.
black garbanzo bean,diabetes,positive,"High in fiber and protein, which helps stabilize blood sugar levels."
black italian olive,diabetes,positive,A good source of healthy monounsaturated fats and low in carbohydrates.
black mustard seed,diabetes,neutral,
black olive,diabetes,positive,A good source of healthy monounsaturated fats and low in carbohydrates.
black pepper,diabetes,neutral,
black peppercorn,diabetes,neutral,
black sesame seed,diabetes,positive,"Contains fiber, healthy fats, and magnesium, which can aid in blood sugar management."
black soy sauce,diabetes,negative,"Can be high in sodium and may contain added sugars, which can impact blood pressure and blood sugar."
black tea,diabetes,positive,Contains flavonoids that may improve insulin sensitivity; should be consumed unsweetened.
black tea leaf,diabetes,positive,Contains flavonoids that may improve insulin sensitivity; should be consumed unsweetened.
black treacle,diabetes,very negative,A concentrated form of sugar that will cause a rapid and significant spike in blood sugar.
blackberry,diabetes,positive,High in fiber and antioxidants with a relatively low glycemic impact.
blood sausage,diabetes,negative,"Highly processed meat, often high in saturated fat, sodium, and carb-based fillers."
blue food coloring,diabetes,neutral,
blueberry,diabetes,positive,"Rich in fiber and antioxidants (anthocyanins), which can improve insulin sensitivity."
bok choy,diabetes,positive,"A non-starchy vegetable, very low in carbohydrates and calories."
bologna slice,diabetes,negative,"Highly processed meat, high in sodium and unhealthy saturated fats."
bone in beef shank,diabetes,neutral,
boneless chuck roast,diabetes,neutral,
boneless country style pork rib,diabetes,negative,"Can be high in saturated fat, which can affect insulin resistance and heart health."
bonito flake,diabetes,neutral,
bonito shaving,diabetes,neutral,
boston lettuce,diabetes,positive,"A non-starchy vegetable, very low in carbohydrates and calories."
bourbon whiskey,diabetes,negative,Alcohol can interfere with blood sugar control and liver function.
braising liquid,diabetes,neutral,
brandy,diabetes,negative,Alcohol can interfere with blood sugar control and liver function.
brandy based orange liqueur,diabetes,very negative,"Contains both alcohol and a high concentration of sugar, leading to significant blood sugar spikes."
branzino,diabetes,positive,Excellent source of lean protein and heart-healthy omega-3 fatty acids.
bratwurst,diabetes,negative,"Processed meat, typically high in sodium and unhealthy saturated fats."
bratwurst sausage,diabetes,negative,"Processed meat, typically high in sodium and unhealthy saturated fats."
bread,diabetes,negative,"Typically made from refined flour, which is high in carbohydrates and can cause rapid blood sugar spikes."
bread crumb,diabetes,negative,"Made from refined bread, they are a source of simple carbohydrates that can raise blood sugar."
bread dough,diabetes,negative,A source of refined carbohydrates that will raise blood sugar when cooked and consumed.
bread flour,diabetes,negative,"A refined, high-carbohydrate flour that will significantly raise blood sugar levels."
bread machine yeast,diabetes,neutral,
breast chop,diabetes,neutral,
broccoli,diabetes,positive,"A non-starchy vegetable high in fiber, which helps slow sugar absorption."
broccoli floret,diabetes,positive,"A non-starchy vegetable high in fiber, which helps slow sugar absorption."
broccoli in cheese sauce,diabetes,negative,"While broccoli is good, the cheese sauce is often high in saturated fat, sodium, and carb-based thickeners."
broth,diabetes,neutral,
brown gravy mix,diabetes,negative,Usually contains refined starches and high levels of sodium.
brown lentil,diabetes,positive,"High in fiber and protein with a low glycemic index, promoting stable blood sugar."
brown rice,diabetes,neutral,
brown sugar,diabetes,very negative,A form of sugar that causes a rapid and significant spike in blood sugar.
browning,diabetes,neutral,
browning sauce,diabetes,negative,"Typically contains added sugars, caramel color, and high levels of sodium, which can negatively impact blood sugar and blood pressure."
brushing,diabetes,neutral,
bulgur,diabetes,positive,"A whole grain with a low glycemic index and high fiber content, which helps manage blood sugar levels."
bulgur wheat,diabetes,positive,"A whole grain with a low glycemic index and high fiber content, which helps manage blood sugar levels."
butter,diabetes,negative,"High in saturated fat, which can contribute to insulin resistance and cardiovascular issues, common concerns for diabetics."
butter bean,diabetes,positive,"Rich in fiber and protein, which helps slow down sugar absorption and improve blood glucose control."
butter flavoring,diabetes,neutral,
butter flavored shortening,diabetes,very negative,"Often contains hydrogenated oils (trans fats) and high levels of saturated fat, which are detrimental to cardiovascular health and can worsen insulin resistance."
buttermilk,diabetes,neutral,"Can be part of a balanced diet in moderation, but contains carbohydrates from lactose. Low-fat versions are preferable."
butternut squash,diabetes,positive,"A good source of fiber and vitamins with a lower glycemic index than many other starchy vegetables, suitable in moderation."
button mushroom,diabetes,positive,"Low in calories and carbohydrates, and provides vitamins and minerals without impacting blood sugar."
cabbage,diabetes,positive,"A low-carbohydrate, high-fiber vegetable that can help regulate blood sugar and is rich in nutrients."
cabbage leaf,diabetes,positive,"A low-carbohydrate, high-fiber vegetable that can help regulate blood sugar and is rich in nutrients."
cabernet sauvignon wine,diabetes,negative,"Alcohol can interfere with blood sugar control and medication, posing risks of both high and low blood sugar."
cacao powder,diabetes,positive,"Unsweetened cacao is rich in flavonoids, which may improve insulin sensitivity and cardiovascular health."
cachaca,diabetes,negative,A distilled spirit (alcohol) that can interfere with blood sugar control and medication.
cacho de cabra pepper,diabetes,positive,Low in carbohydrates and calories; capsaicin may have a modest beneficial effect on blood glucose.
cake flour,diabetes,very negative,"A highly refined carbohydrate with a high glycemic index, causing rapid spikes in blood sugar levels."
calabresa,diabetes,negative,"A processed meat high in sodium and saturated fat, which can increase the risk of heart disease and high blood pressure."
calamari ring,diabetes,neutral,"A source of lean protein. However, it is often breaded and fried, which would make it negative."
canadian bacon,diabetes,negative,"A processed meat that is typically high in sodium, which can contribute to high blood pressure."
candied cherry,diabetes,very negative,"Extremely high in added sugar, causing a sharp and significant spike in blood glucose levels."
candied citron,diabetes,very negative,"Extremely high in added sugar, causing a sharp and significant spike in blood glucose levels."
candied lemon peel,diabetes,very negative,"Extremely high in added sugar, causing a sharp and significant spike in blood glucose levels."
candied mixed fruit peel,diabetes,very negative,"Extremely high in added sugar, causing a sharp and significant spike in blood glucose levels."
candied orange peel,diabetes,very negative,"Extremely high in added sugar, causing a sharp and significant spike in blood glucose levels."
candlenut,diabetes,neutral,"High in fat, but mostly unsaturated. Typically used in small quantities as a thickener."
candy sprinkle,diabetes,very negative,"Composed almost entirely of sugar, leading to a rapid and unhealthy increase in blood sugar."
cane vinegar,diabetes,positive,Vinegar may help improve insulin sensitivity and lower the glycemic response to a meal.
cannellini bean,diabetes,positive,"An excellent source of plant-based protein and fiber, which helps to stabilize blood sugar levels."
canola oil,diabetes,neutral,"A source of monounsaturated and polyunsaturated fats, which are preferable to saturated fats."
caper,diabetes,negative,"Very high in sodium due to being packed in brine, which can negatively affect blood pressure."
caraway seed,diabetes,neutral,
carbonated water,diabetes,neutral,
cardamom,diabetes,positive,Some studies suggest it may help lower blood sugar and improve insulin sensitivity.
cardamom flavored extract,diabetes,neutral,
cardamom pod,diabetes,positive,Some studies suggest it may help lower blood sugar and improve insulin sensitivity.
cardamom seed,diabetes,positive,Some studies suggest it may help lower blood sugar and improve insulin sensitivity.
carrot,diabetes,positive,"A non-starchy vegetable rich in fiber and beta-carotene, with a low glycemic load."
carrot matchstick,diabetes,positive,"A non-starchy vegetable rich in fiber and beta-carotene, with a low glycemic load."
cashew,diabetes,positive,"Contains healthy monounsaturated fats and magnesium, but should be eaten in moderation due to calorie density."
cashew half,diabetes,positive,"Contains healthy monounsaturated fats and magnesium, but should be eaten in moderation due to calorie density."
cassava flour,diabetes,negative,"A starchy, high-carbohydrate flour with a high glycemic index that can cause significant blood sugar spikes."
catfish fillet,diabetes,positive,"A good source of lean protein and omega-3 fatty acids, which are beneficial for heart health and do not raise blood sugar."
cauliflower,diabetes,positive,"A very low-carbohydrate, high-fiber vegetable that is versatile and has a minimal impact on blood sugar."
cayenne,diabetes,positive,"Contains capsaicin, which may have a modest beneficial effect on blood glucose and metabolism."
cayenne pepper,diabetes,positive,"Contains capsaicin, which may have a modest beneficial effect on blood glucose and metabolism."
celery,diabetes,positive,"Extremely low in calories and carbohydrates, high in fiber and water content, making it excellent for blood sugar management."
celery rib,diabetes,positive,"Extremely low in calories and carbohydrates, high in fiber and water content, making it excellent for blood sugar management."
celery salt,diabetes,negative,"High in sodium, which can contribute to high blood pressure, a common comorbidity with diabetes."
celery seed,diabetes,positive,"Low in carbs and calories, may have anti-inflammatory properties beneficial for diabetes management."
celery stalk,diabetes,positive,"Very low in carbohydrates and high in fiber, which helps regulate blood sugar levels."
cellophane noodle,diabetes,negative,"High in refined carbohydrates with a high glycemic index, which can cause rapid spikes in blood sugar."
chai tea bag,diabetes,positive,"When brewed without sugar, it's a calorie-free beverage. Spices like cinnamon in chai may help improve insulin sensitivity."
chamoy,diabetes,very negative,"Typically very high in added sugar and sodium, which can significantly raise blood sugar and blood pressure."
champagne,diabetes,negative,Alcohol can interfere with blood sugar control and medication. It also contains carbohydrates and empty calories.
champagne vinegar,diabetes,positive,"Contains acetic acid, which may help improve insulin sensitivity and lower blood sugar response after meals."
chana dal,diabetes,positive,"A low-glycemic-index legume, high in fiber and protein, which helps manage blood sugar levels effectively."
charcoal,diabetes,neutral,
chayote squash,diabetes,positive,A non-starchy vegetable that is low in calories and carbohydrates and a good source of fiber.
cheddar cheese,diabetes,negative,"Very low in carbohydrates but high in saturated fat, which should be limited to protect heart health, a common concern with diabetes."
cheese curd,diabetes,negative,"Low in carbohydrates but high in saturated fat and often sodium, which are concerns for cardiovascular health."
cheese ravioli,diabetes,very negative,"Made with refined flour pasta and cheese, resulting in a high-carbohydrate, high-saturated-fat meal that can significantly raise blood sugar."
cheese sauce,diabetes,very negative,"Usually high in saturated fat, sodium, and refined carbohydrates from thickeners, negatively impacting blood sugar and heart health."
cheesecloth,diabetes,neutral,
cherry,diabetes,positive,"Contains fiber and beneficial antioxidants. Has a lower glycemic index than many other fruits, making it a good choice in moderation."
cherry tomato,diabetes,positive,"A non-starchy vegetable, low in carbohydrates and calories, and a good source of vitamins and fiber."
chestnut,diabetes,negative,"Higher in carbohydrates and starch compared to other nuts, which can impact blood sugar levels if not eaten in moderation."
chicken,diabetes,positive,"An excellent source of lean protein with no carbohydrates, which helps with satiety and does not raise blood sugar."
chicken base,diabetes,negative,"Typically very high in sodium, which can contribute to high blood pressure."
chicken bone,diabetes,neutral,
chicken bouillon,diabetes,negative,"Extremely high in sodium, which can negatively affect blood pressure."
chicken bouillon granule,diabetes,negative,"Extremely high in sodium, which can negatively affect blood pressure."
chicken breast,diabetes,positive,"A very lean source of protein with no carbohydrates, ideal for blood sugar control and weight management."
chicken breast half,diabetes,positive,"A very lean source of protein with no carbohydrates, ideal for blood sugar control and weight management."
chicken breast meat,diabetes,positive,"A very lean source of protein with no carbohydrates, ideal for blood sugar control and weight management."
chicken breast tenderloin,diabetes,positive,"A very lean source of protein with no carbohydrates, ideal for blood sugar control and weight management."
chicken broth,diabetes,negative,"Commercial versions are often very high in sodium, which is a concern for blood pressure management."
chicken chunk,diabetes,negative,"Often processed with high amounts of added sodium; if breaded, it also contains refined carbohydrates."
chicken drumette,diabetes,negative,"Part of the chicken wing, it has a high skin-to-meat ratio, making it high in saturated fat."
chicken drumstick,diabetes,neutral,
chicken gizzard,diabetes,positive,"A lean source of protein and rich in nutrients like vitamin B12, with minimal impact on blood sugar."
chicken leg,diabetes,neutral,
chicken leg quarter,diabetes,neutral,
chicken liver,diabetes,positive,"Nutrient-dense and high in protein with virtually no carbs, making it beneficial for blood sugar control."
chicken meat,diabetes,positive,"An excellent source of lean protein with no carbohydrates, which helps with satiety and does not raise blood sugar."
chicken part,diabetes,neutral,
chicken piece,diabetes,neutral,
chicken soup base,diabetes,negative,"Typically very high in sodium, which can contribute to high blood pressure."
chicken stock,diabetes,negative,"Commercial versions are often very high in sodium, which is a concern for blood pressure management."
chicken tender,diabetes,positive,"A very lean source of protein with no carbohydrates, ideal for blood sugar control and weight management."
chicken thigh,diabetes,neutral,
chicken wing,diabetes,negative,High in saturated fat due to the skin. Often prepared by frying and coating in sugary or high-sodium sauces.
chicken wing drumette,diabetes,negative,"Part of the chicken wing, it has a high skin-to-meat ratio, making it high in saturated fat."
chickpea,diabetes,positive,"A low-glycemic-index legume, high in fiber and protein, which helps slow digestion and stabilize blood sugar."
chickpea flour,diabetes,positive,"A lower-glycemic, higher-fiber, and higher-protein alternative to refined wheat flour."
chile flake,diabetes,positive,"Adds flavor without sugar, salt, or calories. Capsaicin may have minor metabolic benefits."
chile garlic sauce,diabetes,negative,Commercial varieties often contain significant amounts of added sugar and sodium.
chile padi,diabetes,positive,"Adds flavor without sugar, salt, or calories. Capsaicin may have minor metabolic benefits."
chile paste,diabetes,negative,"Many commercial preparations contain high amounts of added sugar, oil, and sodium."
chile pepper,diabetes,positive,"Contains capsaicin, which may improve insulin sensitivity and has anti-inflammatory properties."
chile powder,diabetes,positive,"Contains capsaicin from ground chiles, which may help regulate blood sugar levels."
chile sauce,diabetes,negative,"Often contains high amounts of added sugar and sodium, which can negatively impact blood sugar and blood pressure."
chilean sea bass fillet,diabetes,positive,"Excellent source of lean protein and omega-3 fatty acids, which are beneficial for heart health, with no impact on blood sugar."
chili bean paste,diabetes,negative,"Typically very high in sodium, which can contribute to high blood pressure, a common comorbidity with diabetes."
chili garlic sauce,diabetes,negative,"Usually contains added sugar and high levels of sodium, which can affect blood sugar and blood pressure."
chili lime seasoning,diabetes,neutral,
chili oil,diabetes,neutral,
chili pepper,diabetes,positive,"Contains capsaicin, which may improve insulin sensitivity and has anti-inflammatory properties."
chili powder,diabetes,positive,"Contains capsaicin from ground chiles, which may help regulate blood sugar levels."
chili sauce,diabetes,negative,"Often contains high amounts of added sugar and sodium, which can negatively impact blood sugar and blood pressure."
chili seasoning mix,diabetes,negative,Often high in sodium and may contain added sugars or refined starches as fillers.
chinese barbequed pork,diabetes,very negative,"Typically made with a glaze high in sugar and sodium, leading to a significant blood sugar spike."
chinese broccoli,diabetes,positive,"A non-starchy vegetable, high in fiber and nutrients, which helps regulate blood sugar."
chinese cabbage,diabetes,positive,"A low-carbohydrate, high-fiber vegetable that has a minimal impact on blood sugar."
chinese chive,diabetes,positive,A low-carbohydrate vegetable with beneficial nutrients.
chinese cooking wine,diabetes,neutral,
chinese egg noodle,diabetes,very negative,"Made from refined flour, causing a rapid and significant spike in blood sugar levels."
chinese egg noodle nest,diabetes,very negative,"Made from refined flour, causing a rapid and significant spike in blood sugar levels."
chinese eggplant,diabetes,positive,"A non-starchy vegetable, high in fiber, which can help manage blood sugar levels."
chinese five spice powder,diabetes,positive,"A sugar-free spice blend; contains cinnamon, which may help improve insulin sensitivity."
chinese hot prepared mustard,diabetes,neutral,
chinese moo shu pancake,diabetes,negative,"Made from refined white flour, which is a high-glycemic carbohydrate that can raise blood glucose."
chinese rice vinegar,diabetes,positive,Vinegar may help improve insulin sensitivity and lower the glycemic response to a meal.
chinese rice wine,diabetes,neutral,
chinese roasted pork,diabetes,negative,"Very high in saturated fat, which can negatively impact heart health and may contribute to insulin resistance."
chipotle chile powder,diabetes,positive,"Contains capsaicin, which may help with blood sugar regulation and inflammation."
chipotle chili powder,diabetes,positive,"Contains capsaicin, which may help with blood sugar regulation and inflammation."
chipotle mayonnaise,diabetes,negative,"Often contains added sugars and is high in fat and calories, which should be limited."
chipotle pepper,diabetes,positive,"Contains capsaicin, which may improve insulin sensitivity."
chive,diabetes,positive,A low-carbohydrate herb that adds flavor without impacting blood sugar.
chocolate chip,diabetes,very negative,"High in sugar and fat, causing a sharp increase in blood sugar."
chocolate mix,diabetes,very negative,"Extremely high in sugar, leading to a rapid and significant blood sugar spike."
chocolate sprinkle,diabetes,very negative,"Primarily made of sugar, which will cause a rapid spike in blood glucose."
chocolate wafer cookie,diabetes,very negative,"A processed food high in refined flour, sugar, and unhealthy fats, leading to a large blood sugar spike."
chorizo,diabetes,negative,"A processed meat high in saturated fat and sodium, which are risk factors for heart disease."
chorizo de bilbao,diabetes,negative,"A processed meat high in saturated fat and sodium, which are risk factors for heart disease."
chorizo sausage,diabetes,negative,"A processed meat high in saturated fat and sodium, which are risk factors for heart disease."
chourico,diabetes,negative,"A processed meat high in saturated fat and sodium, which can negatively impact cardiovascular health."
chourico sausage,diabetes,negative,"A processed meat high in saturated fat and sodium, which can negatively impact cardiovascular health."
chow mein noodle,diabetes,very negative,"Made from refined flour and often fried, resulting in a high load of carbohydrates and unhealthy fats that spike blood sugar."
chutney,diabetes,very negative,"Typically very high in sugar from fruit and added sweeteners, causing a significant rise in blood sugar."
ciabatta sandwich roll,diabetes,very negative,"Made from refined white flour, which has a high glycemic index and causes a rapid spike in blood sugar."
cider vinegar,diabetes,positive,Acetic acid in vinegar can help improve insulin sensitivity and moderate blood sugar spikes after meals.
cilantro,diabetes,positive,"A nutrient-dense, low-carbohydrate herb that adds flavor without affecting blood sugar."
cilantro leaf,diabetes,positive,"A nutrient-dense, low-carbohydrate herb that adds flavor without affecting blood sugar."
cilantro stem,diabetes,positive,"A nutrient-dense, low-carbohydrate herb that adds flavor without affecting blood sugar."
cinnamon,diabetes,positive,May help lower blood sugar levels and improve insulin sensitivity.
cinnamon stick,diabetes,positive,May help lower blood sugar levels and improve insulin sensitivity.
cinnamon sugar,diabetes,very negative,"Primarily consists of sugar, which directly and rapidly raises blood glucose levels."
citric acid,diabetes,neutral,
clam,diabetes,positive,"Excellent source of lean protein with no carbohydrates, which helps manage blood sugar levels."
clarified butter,diabetes,negative,"A pure saturated fat, which should be limited to manage cardiovascular risk associated with diabetes."
clove,diabetes,positive,A spice containing antioxidants that may help improve insulin sensitivity.
club soda,diabetes,neutral,
coarse salt,diabetes,negative,"High sodium intake can contribute to high blood pressure, a significant risk for people with diabetes."
cocoa,diabetes,positive,"Unsweetened cocoa is rich in flavonoids, which can improve insulin sensitivity and heart health."
cocoa mix,diabetes,very negative,"Typically very high in added sugar, which causes rapid spikes in blood glucose."
cocoa powder,diabetes,positive,"Unsweetened cocoa powder is rich in flavonoids, which can improve insulin sensitivity and heart health."
coconut,diabetes,negative,"High in saturated fat, which should be limited to manage cardiovascular risk associated with diabetes."
coconut cream,diabetes,negative,"Very high in saturated fat, which can negatively impact heart health."
coconut extract,diabetes,neutral,
coconut flake,diabetes,negative,"High in saturated fat. Sweetened versions also contain added sugar, which spikes blood glucose."
coconut flavored rum,diabetes,very negative,"Contains alcohol, which can cause unpredictable blood sugar fluctuations, and is high in added sugar."
coconut flour,diabetes,positive,"High in fiber and lower in carbohydrates than traditional flours, leading to a smaller impact on blood sugar."
coconut milk,diabetes,negative,"High in saturated fat, which should be limited to manage cardiovascular risk."
coconut milk powder,diabetes,negative,"A concentrated source of saturated fat, which should be limited to protect heart health."
coconut oil,diabetes,negative,"Very high in saturated fat, which is linked to increased cardiovascular risk."
coconut preserve,diabetes,very negative,"Extremely high in added sugar, causing a sharp and significant rise in blood sugar levels."
coconut sugar,diabetes,very negative,"It is a form of sugar that significantly raises blood glucose levels, similar to regular table sugar."
coconut water,diabetes,negative,Contains natural sugars and carbohydrates that can raise blood sugar levels.
cod,diabetes,positive,"An excellent source of lean protein and omega-3 fatty acids, which support heart health and do not raise blood sugar."
cod fish,diabetes,positive,"An excellent source of lean protein and omega-3 fatty acids, which support heart health and do not raise blood sugar."
cod fillet,diabetes,positive,"An excellent source of lean protein and omega-3 fatty acids, which support heart health and do not raise blood sugar."
coffee,diabetes,positive,Unsweetened coffee contains antioxidants and may improve insulin sensitivity over the long term.
coffee bean,diabetes,positive,Source of coffee's beneficial compounds; rich in antioxidants.
coffee flavored liqueur,diabetes,very negative,"High in both sugar and alcohol, which can cause significant and unpredictable blood sugar spikes."
cola,diabetes,very negative,A sugar-sweetened beverage that causes a rapid and severe spike in blood glucose levels.
cola flavored carbonated beverage,diabetes,very negative,A sugar-sweetened beverage that causes a rapid and severe spike in blood glucose levels.
colby longhorn cheese,diabetes,neutral,
coleslaw mix,diabetes,positive,"Composed of non-starchy vegetables like cabbage and carrots, which are high in fiber and low in carbohydrates."
collard green,diabetes,positive,"A non-starchy, leafy green vegetable that is high in fiber and nutrients, with a minimal impact on blood sugar."
colored sprinkle,diabetes,very negative,"Made almost entirely of sugar, causing a rapid spike in blood glucose."
condensed beef broth,diabetes,negative,"Often very high in sodium, which can contribute to high blood pressure."
condensed cream of chicken soup,diabetes,negative,"Usually high in sodium, refined carbohydrates, and unhealthy fats."
condensed cream of mushroom soup,diabetes,negative,"Typically high in sodium, refined carbohydrates, and unhealthy fats."
condensed milk,diabetes,very negative,"Extremely high in added sugar, leading to a very sharp increase in blood sugar."
condensed tomato soup,diabetes,negative,Frequently contains high levels of added sugar and sodium.
confectioners sugar,diabetes,very negative,"A form of pure, refined sugar that is rapidly absorbed and causes a significant blood sugar spike."
cooking oil,diabetes,neutral,
cooking sherry,diabetes,negative,"Contains alcohol, which can affect blood sugar, and is often very high in sodium."
cooking spray,diabetes,neutral,
cooking wine,diabetes,negative,"Contains alcohol, which can affect blood sugar, and is typically very high in sodium."
coriander,diabetes,positive,"Some studies suggest it may help lower blood sugar levels, and it adds flavor without calories or sodium."
coriander powder,diabetes,positive,"Some studies suggest it may help lower blood sugar levels, and it adds flavor without calories or sodium."
coriander seed,diabetes,positive,"Some studies suggest it may help lower blood sugar levels, and it adds flavor without calories or sodium."
corn,diabetes,negative,A starchy vegetable high in carbohydrates that can significantly raise blood sugar levels if not portion-controlled.
corn flour,diabetes,very negative,A refined starch with a high glycemic index that can cause a rapid and significant spike in blood sugar.
corn husk,diabetes,neutral,
corn kernel,diabetes,negative,A starchy vegetable high in carbohydrates that can significantly raise blood sugar levels if not portion-controlled.
corn oil,diabetes,neutral,
corn syrup,diabetes,very negative,"A pure, processed sugar that causes a very rapid and significant spike in blood glucose."
corn tortilla,diabetes,negative,A carbohydrate source that will raise blood sugar. Portion control is essential.
corned beef,diabetes,negative,"Processed meat that is very high in sodium and saturated fat, which are concerns for heart health."
corned beef brisket,diabetes,negative,"Processed meat that is very high in sodium and saturated fat, which are concerns for heart health."
cornflakes cereal,diabetes,negative,"A highly processed, high-glycemic-index carbohydrate that will cause a rapid spike in blood sugar."
cornichon,diabetes,positive,Very low in carbohydrates and calories. The vinegar may also have a slight blood sugar-stabilizing effect.
cornmeal,diabetes,negative,A refined carbohydrate that will raise blood sugar.
cornstarch,diabetes,negative,"A pure, refined starch that acts like sugar in the body and will raise blood glucose quickly."
cottage cheese,diabetes,positive,"High in protein, which helps with satiety and has a minimal impact on blood sugar."
country style pork rib,diabetes,negative,"A fatty cut of meat, high in saturated fat, which is a concern for heart health."
couscous,diabetes,negative,Typically made from refined wheat; a carbohydrate that will raise blood sugar.
cover,diabetes,neutral,
crab meat,diabetes,positive,An excellent source of lean protein with virtually no carbohydrates.
cranberry,diabetes,positive,Fresh cranberries are low in sugar and high in fiber and antioxidants.
cranberry juice,diabetes,very negative,"Typically loaded with added sugar, causing a rapid blood sugar spike. Lacks the fiber of the whole fruit."
cranberry sauce,diabetes,very negative,Usually made with a very large amount of added sugar.
cream,diabetes,negative,"High in saturated fat, a concern for cardiovascular health, which is often linked with diabetes."
cream cheese,diabetes,negative,"High in saturated fat, a concern for cardiovascular health."
cream of coconut,diabetes,very negative,Extremely high in both added sugar and saturated fat.
cream of tartar,diabetes,neutral,
cream of wheat cereal,diabetes,negative,A refined wheat product that is a high-carbohydrate food and will raise blood sugar.
creme fraiche,diabetes,negative,"High in saturated fat, similar to cream."
crescent roll,diabetes,negative,"Made from refined white flour, a simple carbohydrate that will raise blood sugar."
crescent roll dough,diabetes,negative,"Made from refined white flour, a simple carbohydrate that will raise blood sugar."
crystallized ginger,diabetes,very negative,"Ginger that has been candied in sugar, making it extremely high in sugar."
cuban bread,diabetes,negative,"A type of white bread made from refined flour, which will cause a significant blood sugar spike."
cube,diabetes,neutral,
cube steak,diabetes,positive,"A lean source of protein, which has minimal impact on blood sugar and promotes satiety."
cucumber,diabetes,positive,"Very low in carbohydrates and high in water content, making it great for hydration without affecting blood sugar."
culantro,diabetes,neutral,
cultured buttermilk,diabetes,neutral,
cumin,diabetes,neutral,
cumin seed,diabetes,neutral,
curing salt,diabetes,negative,"Extremely high in sodium, which is a major concern for blood pressure and heart health."
currant,diabetes,negative,"A dried fruit with a high concentration of sugar, which can raise blood glucose."
curry leaf,diabetes,neutral,
curry paste,diabetes,negative,Can be high in sodium and may contain added sugar or high-fat ingredients.
curry powder,diabetes,neutral,
custard powder,diabetes,negative,"Primarily cornstarch, a refined carbohydrate that will raise blood sugar."
daikon,diabetes,positive,"A non-starchy vegetable, low in carbohydrates and a good source of fiber."
daikon radish,diabetes,positive,"A non-starchy vegetable, low in carbohydrates and a good source of fiber."
damask rose petal,diabetes,neutral,
danish butter,diabetes,negative,"High in saturated fat, a concern for cardiovascular health."
dark brown sugar,diabetes,very negative,"Functions identically to white sugar, causing a rapid and significant blood sugar spike."
dark chocolate,diabetes,positive,"In moderation (70%+ cocoa), it is lower in sugar and contains antioxidants that may improve insulin sensitivity."
dark chocolate chip,diabetes,negative,"While better than milk chocolate, chips are still typically high in sugar and fat."
dark corn syrup,diabetes,very negative,"A pure, processed sugar that causes a very rapid and significant spike in blood glucose."
dark raisin,diabetes,negative,"A dried fruit with a high concentration of sugar, which can raise blood glucose."
dark rum,diabetes,negative,Alcohol can interfere with blood sugar management and liver function. It should be consumed with caution and in moderation.
dark soy sauce,diabetes,negative,"High in sodium, which can contribute to high blood pressure, a common comorbidity with diabetes."
dashi granule,diabetes,negative,"Extremely high in sodium, which can increase blood pressure."
dashi kombu,diabetes,positive,A type of seaweed that is low in calories and carbohydrates and provides minerals and some fiber.
dashi stock,diabetes,negative,"Can be very high in sodium, especially when made from instant granules, which can affect blood pressure."
date,diabetes,very negative,"Extremely high in sugar and has a high glycemic index, causing rapid spikes in blood sugar."
date paste,diabetes,very negative,"A concentrated source of sugar with a very high glycemic index, leading to sharp blood sugar increases."
deep frying,diabetes,very negative,"This cooking method adds significant amounts of unhealthy fats and calories, increasing insulin resistance and cardiovascular risk."
deli roast pork loin,diabetes,negative,"A processed meat that is typically very high in sodium, which can raise blood pressure."
dende oil,diabetes,negative,"A type of palm oil high in saturated fat, which can negatively impact cholesterol levels and cardiovascular health."
diakon radish,diabetes,positive,"A non-starchy vegetable, low in calories and carbohydrates and a good source of fiber."
diamond crystal,diabetes,negative,"This is a brand of salt (sodium chloride), and excessive intake can lead to high blood pressure."
diced tomato,diabetes,positive,"A non-starchy vegetable, low in carbohydrates and a good source of vitamins and fiber. Choose no-salt-added versions."
diet lemon lime soda,diabetes,neutral,
dijon mustard,diabetes,neutral,
dijon style mustard,diabetes,neutral,
dill,diabetes,neutral,
dill pickle,diabetes,negative,"Extremely high in sodium, which can contribute to high blood pressure."
dill pickle juice,diabetes,negative,"A concentrated source of sodium, which can negatively impact blood pressure."
dill pickle slice,diabetes,negative,"Extremely high in sodium, which can contribute to high blood pressure."
dill pickle spear,diabetes,negative,"Extremely high in sodium, which can contribute to high blood pressure."
dill seed,diabetes,neutral,
dill weed,diabetes,neutral,
dinner roll dough,diabetes,very negative,"Made from refined flour, which is high in carbohydrates and has a high glycemic index, causing a rapid rise in blood sugar."
distilled white vinegar,diabetes,positive,May help improve insulin sensitivity and lower the glycemic response of a meal.
double crust pie pastry,diabetes,very negative,"High in refined carbohydrates and unhealthy fats, leading to significant blood sugar spikes and poor cardiovascular outcomes."
dragon fruit,diabetes,positive,"Contains fiber and antioxidants, and has a relatively low glycemic index compared to other tropical fruits."
dried apricot,diabetes,very negative,"A concentrated source of sugar with a high glycemic index, causing a rapid spike in blood sugar."
dried bonito flake,diabetes,neutral,
dried chourico sausage,diabetes,negative,"A processed meat high in saturated fat and sodium, which are detrimental to cardiovascular health."
dried coconut,diabetes,negative,Often contains added sugar; even unsweetened versions are very high in saturated fat.
dried purple corn,diabetes,negative,A starchy grain high in carbohydrates that can significantly raise blood sugar levels.
dried red chili flake,diabetes,neutral,
dry corn muffin mix,diabetes,very negative,"A highly processed mix of refined flour, cornmeal, and sugar, which will cause a very rapid and high spike in blood sugar."
dry egg noodle,diabetes,negative,"Made from refined flour, a high-carbohydrate food that will raise blood sugar levels."
dry kidney bean,diabetes,positive,"Excellent source of soluble fiber and protein, which helps stabilize blood sugar levels and has a low glycemic index."
dry milk powder,diabetes,negative,A concentrated source of lactose (milk sugar) and carbohydrates that can raise blood sugar.
dry mushroom gravy mix,diabetes,negative,"Highly processed and typically very high in sodium and refined starches, which can raise blood pressure and blood sugar."
dry mustard,diabetes,neutral,
dry onion soup mix,diabetes,very negative,"Extremely high in sodium, which significantly impacts blood pressure, a major concern for people with diabetes."
dry red wine,diabetes,neutral,
dry white wine,diabetes,neutral,
dry yeast,diabetes,neutral,
duck blood,diabetes,neutral,
duck breast half,diabetes,negative,"High in saturated fat, especially with the skin on, which can negatively affect cholesterol levels."
duck fat,diabetes,negative,"A pure fat that is high in saturated fat and calories, contributing to cardiovascular risk."
duck leg,diabetes,negative,"High in saturated fat, particularly with the skin, which can negatively affect cholesterol levels."
dulce de leche,diabetes,very negative,"A milk-based caramel that is extremely high in sugar, causing a severe spike in blood sugar."
dumpling wrapper,diabetes,negative,"Made from refined white flour, which is high in carbohydrates and will raise blood sugar."
dungeness crab,diabetes,positive,"An excellent source of lean protein with zero carbohydrates, which does not raise blood sugar."
durian,diabetes,negative,"High in calories, sugar, and carbohydrates compared to most fruits, and can cause a significant increase in blood sugar."
dusting,diabetes,neutral,
edible flower,diabetes,neutral,
egg,diabetes,positive,"Excellent source of protein with minimal carbohydrates, which helps with blood sugar control and satiety."
egg noodle,diabetes,negative,A refined carbohydrate that can cause a rapid spike in blood sugar levels.
egg roll wrapper,diabetes,negative,"Made from refined flour, which is a simple carbohydrate that can quickly raise blood sugar."
egg substitute,diabetes,positive,"Typically made from egg whites, it's a low-fat, low-cholesterol source of protein with no carbs."
egg white,diabetes,positive,"A pure source of protein with no carbohydrates or fat, excellent for blood sugar management."
egg yolk,diabetes,neutral,"Contains protein and fats but no carbs. While it contains cholesterol, in moderation it does not negatively impact blood sugar."
eggnog,diabetes,very negative,"Extremely high in sugar and fat, which can cause a very large and rapid spike in blood sugar."
eggplant,diabetes,positive,"A non-starchy vegetable, low in calories and carbohydrates and high in fiber, which helps regulate blood sugar."
elbow macaroni,diabetes,negative,A refined pasta product high in carbohydrates that can lead to a significant increase in blood sugar.
elephant garlic,diabetes,neutral,"Used in small amounts for flavor, it has a negligible effect on blood sugar."
elk steak,diabetes,positive,A very lean source of high-quality protein with no carbohydrates.
emmental cheese,diabetes,neutral,High in protein and fat with minimal carbs. Should be consumed in moderation due to saturated fat content.
empanada dough,diabetes,negative,"Made from refined flour and fat, it is high in carbohydrates that can spike blood sugar."
empanada pastry disc,diabetes,negative,"Made from refined flour and fat, it is high in carbohydrates that can spike blood sugar."
empanada pastry round,diabetes,negative,"Made from refined flour and fat, it is high in carbohydrates that can spike blood sugar."
english cucumber,diabetes,positive,"A non-starchy vegetable with high water content, very low in carbohydrates and calories."
english mustard,diabetes,neutral,Typically contains negligible carbohydrates and sugar; used in small quantities.
english walnut,diabetes,positive,"Excellent source of healthy omega-3 fats, fiber, and protein, which can improve blood sugar control and heart health."
enoki mushroom,diabetes,positive,"Low in calories and carbohydrates, and a good source of fiber and B vitamins."
evaporated milk,diabetes,negative,A concentrated source of lactose (milk sugar) that can raise blood sugar more than regular milk.
extra virgin olive oil,diabetes,positive,A healthy monounsaturated fat that can help improve insulin sensitivity and has anti-inflammatory benefits.
farina,diabetes,negative,"A refined wheat cereal with a high glycemic index, causing a rapid rise in blood sugar."
farina cereal,diabetes,negative,"A refined wheat cereal with a high glycemic index, causing a rapid rise in blood sugar."
farmers cheese,diabetes,neutral,A good source of protein with very few carbohydrates. Consume in moderation.
fava bean,diabetes,positive,"A good source of plant-based protein and fiber, which helps to slow digestion and prevent blood sugar spikes."
fennel seed,diabetes,positive,"Rich in fiber and antioxidants, it may help improve blood sugar control when used regularly."
fenugreek,diabetes,positive,Contains soluble fiber and compounds that can help slow sugar absorption and improve insulin function.
fenugreek leaf,diabetes,positive,"Like the seeds, the leaves are high in fiber and may help in managing blood sugar levels."
fenugreek seed,diabetes,positive,Well-studied for its ability to lower blood sugar levels and improve glucose tolerance.
fermented black bean,diabetes,positive,"Good source of protein and fiber. However, often prepared in high-sodium sauces, which should be limited."
fermented soybean,diabetes,positive,"Products like tempeh and natto are excellent sources of protein, fiber, and probiotics with minimal impact on blood sugar."
feta cheese,diabetes,negative,"Very high in sodium, which is a concern for blood pressure and cardiovascular health, risks that are already elevated in people with diabetes."
fettuccine pasta,diabetes,negative,A refined carbohydrate that is digested quickly and can cause a sharp increase in blood sugar levels.
fettuccini noodle,diabetes,negative,A refined carbohydrate that is digested quickly and can cause a sharp increase in blood sugar levels.
fiddlehead fern,diabetes,positive,"A non-starchy vegetable that is a good source of fiber, vitamins, and antioxidants."
filling,diabetes,neutral,This term is too generic to classify; its effect depends entirely on the specific ingredients used.
fines herb,diabetes,positive,"A mix of herbs that adds flavor without adding calories, carbs, or sodium."
fire roasted diced tomato,diabetes,positive,"Tomatoes are a non-starchy fruit, low in carbs and a good source of vitamins and lycopene. Check labels for added sugar."
firm silken tofu,diabetes,positive,An excellent plant-based protein source that is very low in carbohydrates.
firm tofu,diabetes,positive,An excellent plant-based protein source that is very low in carbohydrates.
fish sauce,diabetes,negative,"Extremely high in sodium, which can contribute to high blood pressure, a common comorbidity with diabetes."
fish stock,diabetes,negative,"Often very high in sodium, which can negatively impact blood pressure and cardiovascular health."
five spice powder,diabetes,neutral,A blend of spices used for flavor that has a negligible effect on blood sugar.
flank steak,diabetes,positive,"A lean source of protein with zero carbohydrates, which helps with satiety and blood sugar stability."
flat iron steak,diabetes,positive,"A lean source of protein with zero carbohydrates, which helps with satiety and blood sugar stability."
flat leaf italian parsley,diabetes,positive,Adds flavor and nutrients like Vitamin K with negligible calories or carbohydrates.
flat leaf parsley,diabetes,positive,Adds flavor and nutrients like Vitamin K with negligible calories or carbohydrates.
flat rice noodle,diabetes,negative,A refined carbohydrate with a high glycemic index that can cause a rapid spike in blood sugar.
flaxseed meal,diabetes,positive,"High in fiber and omega-3 fatty acids, which helps slow sugar absorption and improve insulin sensitivity."
flaxseed oil,diabetes,positive,"Rich in omega-3 fatty acids, which can reduce inflammation and improve insulin sensitivity."
flour,diabetes,negative,"Typically refers to refined white flour, a simple carbohydrate that is quickly digested and causes rapid spikes in blood sugar."
flour tortilla,diabetes,negative,"Usually made from refined flour, causing a significant and rapid increase in blood sugar levels."
foil,diabetes,neutral,
food coloring,diabetes,neutral,
french baguette,diabetes,very negative,"Made from highly refined white flour with a very high glycemic index, causing a sharp and rapid spike in blood sugar."
french bread,diabetes,very negative,"Made from highly refined white flour, leading to a rapid and significant rise in blood sugar."
french bread baguette,diabetes,very negative,"Made from highly refined white flour with a very high glycemic index, causing a sharp and rapid spike in blood sugar."
french cut green bean,diabetes,positive,"A non-starchy vegetable, high in fiber and low in calories, which helps manage blood sugar."
french fry,diabetes,very negative,"High in refined carbohydrates and unhealthy fats from deep frying, leading to blood sugar spikes and increased insulin resistance."
french green lentil,diabetes,positive,"High in fiber and protein with a low glycemic index, promoting stable blood sugar levels."
french sandwich roll,diabetes,very negative,"Made from refined white flour, causing a rapid and significant rise in blood sugar."
french style green bean,diabetes,positive,"A non-starchy vegetable, high in fiber and low in calories, which helps manage blood sugar."
french fried onion,diabetes,negative,"Coated in flour and deep-fried, adding refined carbs and unhealthy fats that can negatively impact blood sugar."
fresh ginger,diabetes,positive,Contains compounds that may improve insulin sensitivity and have anti-inflammatory effects.
freshly ground black pepper,diabetes,neutral,
fresno chile,diabetes,positive,Low in carbohydrates and calories; capsaicin may have a modest beneficial effect on blood sugar.
fresno chile pepper,diabetes,positive,Low in carbohydrates and calories; capsaicin may have a modest beneficial effect on blood sugar.
fried pork skin,diabetes,negative,"Very high in unhealthy saturated fats and sodium, which are detrimental to cardiovascular health, a key concern for diabetics."
fried shallot,diabetes,negative,"The frying process adds unhealthy fats and calories, which can contribute to insulin resistance."
frozen puff pastry,diabetes,very negative,"Made with refined flour and high amounts of unhealthy fats, causing a significant blood sugar spike and contributing to insulin resistance."
fruit cocktail,diabetes,very negative,"Usually canned in heavy syrup, which is extremely high in added sugar and causes a rapid spike in blood glucose."
fruit jam,diabetes,very negative,"Very high in concentrated sugar, leading to a rapid and significant increase in blood sugar."
fruit preserve,diabetes,very negative,"Very high in concentrated sugar, leading to a rapid and significant increase in blood sugar."
fruity red wine,diabetes,negative,"Alcohol can interfere with blood sugar management, and sweeter wines contain more sugar, posing a risk for hyperglycemia."
frying,diabetes,negative,"This cooking method adds significant amounts of unhealthy fats and calories, promoting inflammation and insulin resistance."
full fat plain greek yogurt,diabetes,positive,"High in protein, which helps stabilize blood sugar and increase satiety. Choose unsweetened varieties."
furikake seasoning,diabetes,neutral,"Used in small amounts; while it can contain some sugar and salt, the overall impact is typically negligible."
gai lan,diabetes,positive,"A non-starchy, leafy green vegetable high in fiber and nutrients, which helps manage blood sugar."
galangal,diabetes,neutral,
galangal powder,diabetes,neutral,
gandule,diabetes,positive,"Pigeon peas are a legume rich in fiber and protein, which helps to slow digestion and prevent blood sugar spikes."
garam masala,diabetes,neutral,
garbanzo bean,diabetes,positive,"High in fiber and protein with a low glycemic index, which helps to regulate blood sugar levels effectively."
garlic,diabetes,positive,May improve cardiovascular health and has been shown in some studies to have a modest blood sugar-lowering effect.
garlic basil spread,diabetes,neutral,"Effect depends on the base ingredients (e.g., oil vs. cream cheese), but is generally low in carbohydrates."
garlic chili sauce,diabetes,negative,"Frequently contains high amounts of added sugar, which can cause a rapid increase in blood sugar."
garlic clove,diabetes,positive,May improve cardiovascular health and has been shown in some studies to have a modest blood sugar-lowering effect.
garlic marinade,diabetes,negative,"Often contains hidden sugars, salt, and oils that can negatively affect blood sugar and blood pressure."
garlic paste,diabetes,positive,"Concentrated garlic, which may offer cardiovascular and modest blood sugar benefits without added sugar or salt."
garlic powder,diabetes,positive,"A concentrated form of garlic, which may offer cardiovascular and modest blood sugar benefits."
garlic salt,diabetes,negative,"High in sodium, which can increase blood pressure, a common comorbidity with diabetes."
gelatin,diabetes,neutral,Unsweetened gelatin is protein-based and has no impact on blood sugar.
german bologna block,diabetes,negative,"A processed meat high in sodium and unhealthy fats, which can negatively impact heart health, a major concern for people with diabetes."
german stone ground mustard,diabetes,positive,"Low in calories and carbohydrates, it adds flavor without impacting blood sugar."
ghee,diabetes,neutral,"Pure fat, so it doesn't raise blood sugar, but it is high in saturated fat and should be used in moderation."
gin,diabetes,negative,"Alcohol can cause unpredictable blood sugar fluctuations, including dangerous hypoglycemia, and can interfere with diabetes medications."
ginger,diabetes,positive,Contains compounds that may improve insulin sensitivity and have anti-inflammatory effects.
ginger garlic paste,diabetes,positive,"Combines ginger and garlic, both of which have anti-inflammatory properties and may offer modest benefits for blood sugar control."
ginger paste,diabetes,positive,Ginger may help lower blood sugar levels and improve insulin sensitivity.
ginger root,diabetes,positive,May help lower blood sugar levels and improve insulin sensitivity due to its anti-inflammatory properties.
gingersnap cookie,diabetes,very negative,"High in refined sugar and flour, which can cause a rapid spike in blood sugar levels."
gluten free all purpose baking flour,diabetes,negative,Often made from high-glycemic refined starches like rice or potato flour that can raise blood sugar quickly.
glutinous rice flour,diabetes,very negative,"Has a very high glycemic index, leading to a rapid and significant increase in blood sugar."
glutinous sweet rice,diabetes,very negative,"Has a very high glycemic index, causing a sharp spike in blood sugar levels."
glutinous sticky white rice,diabetes,very negative,"A refined grain with a very high glycemic index, which rapidly increases blood sugar."
glutinous white rice,diabetes,very negative,"A refined grain with a very high glycemic index, which rapidly increases blood sugar."
goat cheese,diabetes,neutral,
goat meat,diabetes,positive,"A good source of lean protein, which helps with satiety and has a minimal impact on blood sugar."
goat stew meat,diabetes,positive,"A good source of lean protein, which helps with satiety and has a minimal impact on blood sugar."
gochugaru,diabetes,positive,"Contains capsaicin, which may have a modest beneficial effect on blood sugar control. Very low in carbs."
gochujang,diabetes,negative,"Typically contains added sugars, such as corn syrup or rice syrup, which can raise blood sugar."
gold potato,diabetes,negative,A starchy vegetable with a moderate to high glycemic index that can significantly raise blood sugar if not portion-controlled.
golden mushroom soup,diabetes,negative,"Canned soups often contain added starches, sugars, and high levels of sodium."
golden raisin,diabetes,negative,A concentrated source of sugar and carbohydrates that can quickly raise blood sugar levels.
golden syrup,diabetes,very negative,"A form of liquid sugar that is rapidly absorbed, causing a very sharp spike in blood sugar."
gouda cheese,diabetes,neutral,
graham cracker,diabetes,negative,"Made from refined flour and contains added sugar, leading to a rise in blood sugar."
graham cracker crumb,diabetes,negative,"Made from refined flour and contains added sugar, leading to a rise in blood sugar."
graham cracker crust,diabetes,very negative,"High in refined carbohydrates from the crackers and added sugar, causing a significant blood sugar spike."
gram flour,diabetes,positive,"Has a lower glycemic index and is higher in protein and fiber compared to refined wheat flour, leading to a slower rise in blood sugar."
granny smith apple,diabetes,positive,"Lower in sugar than many other apple varieties and a good source of fiber, which helps moderate blood sugar levels."
granulated onion,diabetes,neutral,
granulated sugar,diabetes,very negative,Pure refined sugar that causes a rapid and significant spike in blood sugar levels.
grape leaf,diabetes,positive,Low in calories and carbohydrates and a good source of fiber.
grape tomato,diabetes,positive,"A non-starchy vegetable, low in carbohydrates and calories, with a minimal effect on blood sugar."
grapefruit juice,diabetes,negative,"Lacks fiber and contains concentrated fruit sugars, leading to a rapid increase in blood sugar. Can also interact with medications."
grapeseed oil,diabetes,neutral,
great northern bean,diabetes,positive,"High in fiber and protein with a low glycemic index, which helps to stabilize blood sugar levels."
greek black olive,diabetes,positive,A good source of healthy monounsaturated fats and very low in carbohydrates.
greek oregano,diabetes,neutral,
greek seasoning,diabetes,neutral,
greek style yogurt,diabetes,positive,"High in protein, which can help with satiety and blood sugar control. Choose plain, unsweetened varieties."
greek yogurt,diabetes,positive,"High in protein, which can help with satiety and blood sugar control. Choose plain, unsweetened varieties."
green apple,diabetes,positive,"A good source of fiber and generally lower in sugar than red apples, helping to moderate blood sugar response."
green banana,diabetes,positive,"Contains a higher amount of resistant starch and less sugar than ripe bananas, leading to a slower rise in blood sugar."
green bean,diabetes,positive,"A non-starchy vegetable that is high in fiber and low in carbohydrates, having a minimal impact on blood sugar."
green bell pepper,diabetes,positive,"A non-starchy vegetable, low in carbohydrates and calories, with a minimal effect on blood sugar."
green cabbage,diabetes,positive,"A non-starchy vegetable that is high in fiber and low in carbohydrates, having a minimal impact on blood sugar."
green cardamom,diabetes,neutral,
green chile,diabetes,positive,"Low in carbohydrates and contains capsaicin, which may have modest benefits for blood sugar management."
green chile paste,diabetes,neutral,
green chile pepper,diabetes,positive,"Low in carbohydrates and contains capsaicin, which may have modest benefits for blood sugar management."
green curry paste,diabetes,neutral,
green garlic,diabetes,positive,"Like mature garlic, it may have properties that help improve insulin sensitivity and manage blood sugar."
green gel food coloring,diabetes,neutral,
green grape,diabetes,negative,Contains a significant amount of natural sugar and can raise blood sugar levels if not eaten in very small portions.
green lentil,diabetes,positive,"Excellent source of fiber and protein with a low glycemic index, promoting stable blood sugar levels."
green mango,diabetes,positive,"Lower in sugar and higher in fiber than ripe mango, resulting in a smaller impact on blood sugar."
green mung bean,diabetes,positive,"High in fiber and protein, which helps regulate blood sugar levels."
green olive,diabetes,positive,"Rich in healthy monounsaturated fats and low in carbs, but should be eaten in moderation due to high sodium from brining."
green onion,diabetes,positive,"A low-calorie, low-carb, non-starchy vegetable that adds flavor without impacting blood sugar."
green onion top,diabetes,positive,"A low-calorie, low-carb, non-starchy vegetable that adds flavor without impacting blood sugar."
green papaya,diabetes,positive,Lower in sugar than ripe papaya and a good source of fiber.
green pea,diabetes,neutral,
green pepper,diabetes,positive,"A low-carb, high-fiber, non-starchy vegetable rich in vitamins."
green plantain,diabetes,negative,"High in starchy carbohydrates, which can significantly raise blood sugar levels."
green tea powder,diabetes,positive,Rich in antioxidants (catechins) that may improve insulin sensitivity and metabolic health.
grill,diabetes,neutral,
grill seasoning,diabetes,negative,"Often very high in sodium, which can contribute to high blood pressure, a common concern with diabetes."
ground beef,diabetes,neutral,
ground black pepper,diabetes,neutral,
ground cumin,diabetes,positive,A spice that may have beneficial effects on blood sugar control and adds flavor without salt or sugar.
ground lamb,diabetes,neutral,
ground pork,diabetes,neutral,
gruyere cheese,diabetes,neutral,
guava paste,diabetes,very negative,"Highly concentrated in sugar, which will cause a rapid and significant spike in blood sugar."
habanero pepper,diabetes,positive,"Contains capsaicin, which may have a modest positive effect on metabolism, and is very low in carbs."
half and half,diabetes,neutral,
half and half cream,diabetes,neutral,
halloumi cheese,diabetes,negative,"Very high in sodium, which can increase blood pressure, and high in saturated fat."
ham,diabetes,negative,A processed meat that is typically very high in sodium and may contain added sugars.
ham bone,diabetes,negative,Adds significant amounts of sodium and saturated fat to dishes.
ham hock,diabetes,negative,"High in sodium and saturated fat, contributing to risks of high blood pressure and heart disease."
hard boiled egg,diabetes,positive,"High-quality protein source with zero carbs, which helps with satiety and does not raise blood sugar."
hash brown potato,diabetes,negative,"Made from starchy potatoes and often fried, leading to a high carbohydrate and fat content that can spike blood sugar."
hazelnut,diabetes,positive,"Good source of healthy fats, fiber, and protein, which can help manage blood sugar and improve heart health."
heavy cream,diabetes,neutral,
heavy whipping cream,diabetes,neutral,
herbes de provence,diabetes,neutral,
herring fillet,diabetes,positive,"An oily fish rich in omega-3 fatty acids, which are beneficial for heart health, a key concern for people with diabetes."
hibiscus petal,diabetes,positive,"Often consumed as a tea, which may help lower blood pressure and has antioxidant properties."
hickory flavored liquid smoke,diabetes,negative,Can be high in sodium and other additives.
hijiki seaweed,diabetes,positive,A good source of dietary fiber and minerals with minimal impact on blood sugar.
hoagie roll,diabetes,very negative,"Typically made from refined white flour, which is high in carbohydrates and has a high glycemic index, causing rapid blood sugar spikes."
hog casing,diabetes,neutral,
hoisin sauce,diabetes,very negative,"Very high in sugar and sodium, which can significantly raise blood sugar and blood pressure."
hominy,diabetes,negative,"A starchy, high-carbohydrate food that can significantly raise blood sugar levels."
honey,diabetes,very negative,A form of simple sugar that will cause a rapid and significant spike in blood sugar levels.
honey ham,diabetes,very negative,"A processed meat that is high in sodium and also contains added sugar (honey), negatively impacting both blood pressure and blood sugar."
horseradish,diabetes,neutral,
hot chile paste,diabetes,negative,Often contains significant amounts of added sugar and sodium.
hot chile pepper,diabetes,positive,"Contains capsaicin, which may have a modest positive effect on metabolism, and is very low in carbs."
hot chocolate mix,diabetes,very negative,"Typically very high in sugar, causing a sharp increase in blood glucose levels."
hot italian sausage,diabetes,negative,"A processed meat high in saturated fat and sodium, which are risk factors for heart disease."
hot pepper,diabetes,positive,"Contains capsaicin, which may have a modest positive effect on metabolism, and is very low in carbs."
hot pepper flake,diabetes,positive,"A good way to add flavor and capsaicin without adding calories, carbs, or sodium."
hot pepper sauce,diabetes,negative,"Often very high in sodium, and some varieties contain added sugar."
hot red pepper,diabetes,positive,"Contains capsaicin, which may have a modest positive effect on metabolism, and is very low in carbs."
hot sauce,diabetes,neutral,
hummus,diabetes,positive,"Made from chickpeas, it is high in fiber and protein with a low glycemic index, which helps manage blood sugar."
hungarian hot paprika,diabetes,neutral,
hungarian sweet paprika,diabetes,neutral,
ice,diabetes,neutral,
ice cube,diabetes,neutral,
iceberg lettuce,diabetes,positive,"Very low in carbohydrates and calories, high in water and fiber, making it great for adding volume to meals without impacting blood sugar."
icing sugar,diabetes,very negative,"A form of pure, refined sugar that causes a rapid and significant spike in blood glucose levels."
imitation crab,diabetes,negative,"Contains added starches and sugar, which are high-glycemic carbohydrates that can raise blood sugar."
imitation crab meat,diabetes,negative,"Contains added starches and sugar, which are high-glycemic carbohydrates that can raise blood sugar."
instant chocolate pudding mix,diabetes,very negative,"Extremely high in sugar and refined starches, causing a sharp increase in blood sugar levels."
instant coffee granule,diabetes,neutral,
instant coffee powder,diabetes,neutral,
instant dry milk powder,diabetes,negative,A concentrated source of lactose (milk sugar) and carbohydrates that can raise blood sugar levels.
instant nonfat dry milk,diabetes,negative,A concentrated source of lactose (milk sugar) and carbohydrates that can raise blood sugar levels.
instant vanilla pudding mix,diabetes,very negative,"Extremely high in sugar and refined starches, causing a sharp increase in blood sugar levels."
instant yeast,diabetes,neutral,
italian cheese blend,diabetes,neutral,"Low in carbohydrates, but can be high in saturated fat and sodium; should be consumed in moderation."
italian flat leaf parsley,diabetes,neutral,
italian flat leaf parsley leaf,diabetes,neutral,
italian herb seasoning,diabetes,neutral,
italian hot sausage link,diabetes,negative,"A processed meat, typically high in saturated fat and sodium, which are linked to cardiovascular risks for diabetics."
italian parsley,diabetes,neutral,
italian plum,diabetes,neutral,"Contains natural sugar but also fiber, which slows sugar absorption. Best consumed in moderation."
italian prune plum,diabetes,neutral,"Contains natural sugar but also fiber, which slows sugar absorption. Best consumed in moderation."
italian sausage,diabetes,negative,"A processed meat, typically high in saturated fat and sodium, which are linked to cardiovascular risks for diabetics."
italian seasoning,diabetes,neutral,
italian style crushed tomato,diabetes,neutral,"Tomatoes are healthy, but prepared versions can contain added sugar and sodium. Check labels."
italian style salad dressing,diabetes,negative,"Often contains high amounts of added sugar, unhealthy fats, and sodium."
italian tomato,diabetes,positive,"Low in carbohydrates and calories, a good source of vitamins and fiber."
italian vegetable salad,diabetes,positive,"Vegetables are high in fiber and nutrients. However, the effect depends on the dressing used."
jaa jang myun noodle,diabetes,negative,"Typically made from refined wheat flour, which is a high-glycemic carbohydrate that can spike blood sugar."
jalapeno chile pepper,diabetes,positive,Very low in carbs and calories. Capsaicin may have minor metabolic benefits.
jalapeno pepper,diabetes,positive,Very low in carbs and calories. Capsaicin may have minor metabolic benefits.
jamaican curry powder,diabetes,neutral,
jamaican style curry powder,diabetes,neutral,
japanese mayonnaise,diabetes,negative,Often contains more sugar than American mayonnaise and is high in fat.
japanese purple sweet potato,diabetes,positive,High in fiber and antioxidants with a lower glycemic index than regular potatoes. Should be eaten in moderation.
jasmine rice,diabetes,negative,A refined white rice with a high glycemic index that can cause a rapid increase in blood sugar.
jellyfish,diabetes,neutral,
jerk paste,diabetes,negative,"Can be high in sugar and sodium, which should be limited in a diabetic diet."
jerk sauce,diabetes,negative,Often contains significant amounts of sugar and sodium.
jerk seasoning,diabetes,neutral,"Typically a dry spice blend with minimal impact, but check labels for added sugar."
jerk seasoning mix,diabetes,neutral,"Typically a dry spice blend with minimal impact, but check labels for added sugar."
jicama,diabetes,positive,"A low-calorie, low-carbohydrate root vegetable that is high in fiber, making it excellent for blood sugar control."
juice,diabetes,very negative,"A concentrated source of sugar without the fiber of whole fruit, leading to rapid blood sugar spikes."
juniper berry,diabetes,neutral,
kabob skewer,diabetes,neutral,"This is a cooking utensil, not a food ingredient."
kaiser roll,diabetes,negative,"Made from refined white flour, a high-glycemic carbohydrate that quickly raises blood sugar."
kalamata olive,diabetes,positive,Low in carbohydrates and a good source of healthy monounsaturated fats. Monitor sodium content.
kale,diabetes,positive,"Low in carbohydrates and calories, high in fiber and nutrients, which helps manage blood sugar levels."
kashmiri chile pepper,diabetes,positive,A spice that adds flavor without carbs or sugar. Capsaicin may have metabolic benefits.
kasseri cheese,diabetes,neutral,Low in carbohydrates but can be high in saturated fat and sodium. Best consumed in moderation.
kecap manis,diabetes,very negative,"A sweet soy sauce with a very high sugar content, which will cause a rapid spike in blood sugar."
kefir,diabetes,positive,"Unsweetened kefir is a good source of probiotics and protein, which can improve gut health and insulin sensitivity."
ketchup,diabetes,negative,"Typically contains significant amounts of added sugar and sodium, which negatively impact blood sugar and blood pressure."
key lime juice,diabetes,positive,"Low in sugar and calories, adds flavor without impacting blood sugar levels."
kidney bean,diabetes,positive,"High in fiber and protein with a low glycemic index, leading to slow, steady glucose release."
kielbasa,diabetes,negative,"A processed meat high in sodium and saturated fat, which are risk factors for heart disease, a common complication of diabetes."
kielbasa sausage,diabetes,negative,"A processed meat high in sodium and saturated fat, which are risk factors for heart disease, a common complication of diabetes."
kimchi,diabetes,positive,"Low-calorie, high-fiber, and rich in probiotics, which can improve gut health and insulin sensitivity. Check for added sugar."
kiwi,diabetes,positive,A good source of fiber and vitamin C. Its fiber content helps moderate its effect on blood sugar when eaten in moderation.
kluski noodle,diabetes,negative,"Made from refined flour, these noodles are high in carbohydrates and have a high glycemic index, causing blood sugar spikes."
kohlrabi bulb,diabetes,positive,"A non-starchy vegetable that is low in carbohydrates and high in fiber, making it excellent for blood sugar control."
kombu,diabetes,positive,A type of seaweed that is very low in calories and carbohydrates and a good source of minerals.
korean chile paste,diabetes,negative,"Often contains added sugar, corn syrup, or other sweeteners that can raise blood sugar levels."
korean chile powder,diabetes,positive,A pure spice with no added sugar; capsaicin may offer metabolic benefits.
korean chili pepper flake,diabetes,positive,A pure spice with no added sugar; capsaicin may offer metabolic benefits.
korean dang myun noodle,diabetes,negative,These are starch-based noodles (glass noodles) with a high glycemic index that can cause a rapid increase in blood sugar.
korean fish cake,diabetes,negative,"A processed food that often contains starch, sugar, and high levels of sodium."
korean red chile flake,diabetes,positive,A pure spice with no added sugar; capsaicin may offer metabolic benefits.
korean red pepper flake,diabetes,positive,A pure spice with no added sugar; capsaicin may offer metabolic benefits.
korean red pepper powder,diabetes,positive,A pure spice with no added sugar; capsaicin may offer metabolic benefits.
korean soy bean paste,diabetes,positive,"Fermented food rich in protein and probiotics, with a low carbohydrate content. Should be used in moderation due to high sodium."
korean style short rib,diabetes,negative,"The 'Korean style' marinade is typically very high in sugar and sodium, which negatively impacts blood sugar and blood pressure."
kosher salt,diabetes,neutral,"Contains no carbohydrates but should be used in moderation to manage blood pressure, a common concern with diabetes."
lager beer,diabetes,negative,"Contains carbohydrates and alcohol, which can interfere with blood sugar control and medication effectiveness."
lamb,diabetes,neutral,A source of protein with no carbohydrates. The health impact depends on the cut's fat content and preparation method.
lamb chop,diabetes,neutral,A source of protein with no carbohydrates. Trimming visible fat is recommended.
lamb loin chop,diabetes,positive,"A lean source of protein with no carbohydrates, which helps with satiety without spiking blood sugar."
lamb meat,diabetes,neutral,A source of protein with no carbohydrates. The health impact depends on the cut's fat content and preparation method.
lamb shank,diabetes,neutral,A source of protein with no carbohydrates. Preparation method is key to managing fat content.
lamb shoulder,diabetes,neutral,"A source of protein with no carbohydrates, but it is a fattier cut. Portion control and trimming fat are important."
lamb stew meat,diabetes,neutral,A source of protein with no carbohydrates. Choose lean pieces and trim visible fat.
lard,diabetes,negative,"High in saturated fat, which can contribute to insulin resistance and increase the risk of heart disease."
lasagna noodle,diabetes,negative,"Made from refined flour, these noodles are high in carbohydrates and will cause a significant rise in blood sugar."
lavash bread,diabetes,negative,"Typically made from refined flour, it is high in carbohydrates and can cause a rapid spike in blood sugar."
lavender flower,diabetes,neutral,"Used in very small quantities for flavor, with no significant impact on blood sugar or nutrition."
lean beef,diabetes,positive,A lean source of protein that does not raise blood sugar and helps with satiety.
lean beef rib eye steak,diabetes,neutral,"A source of protein, but rib eye is a naturally fattier cut. Portion control is important."
lean ground beef,diabetes,positive,A lean source of protein that does not raise blood sugar and helps with satiety.
lean pork,diabetes,positive,A lean source of protein that does not raise blood sugar and helps with satiety.
leek,diabetes,positive,"A low-carbohydrate, high-fiber vegetable that supports good blood sugar control."
leg of lamb,diabetes,positive,"A lean source of protein when trimmed of visible fat, which does not impact blood sugar."
lemon,diabetes,positive,"Very low in sugar and adds flavor without calories or carbs, helping to reduce the need for sugary or salty seasonings."
lemon basil,diabetes,neutral,An herb used for flavoring with no significant nutritional impact on blood sugar.
lemon extract,diabetes,neutral,A flavoring agent with negligible calories or carbohydrates.
lemon flavored rum,diabetes,negative,"Contains alcohol, which can affect blood sugar, and flavored varieties often contain added sugars."
lemon flavored soda,diabetes,very negative,"A sugar-sweetened beverage that provides a large, rapid dose of sugar, causing a severe blood sugar spike."
lemon grass,diabetes,neutral,An herb used for flavoring with no significant nutritional impact on blood sugar.
lemon juice,diabetes,positive,Very low in sugar and can help lower the glycemic index of a meal.
lemon lime soda,diabetes,very negative,"Extremely high in sugar, causing a rapid and significant spike in blood sugar."
lemon peel,diabetes,neutral,
lemon pepper,diabetes,neutral,
lemon pepper seasoning,diabetes,neutral,
lemon rind,diabetes,neutral,
lemon slice,diabetes,neutral,
lemon wedge,diabetes,neutral,
lemon zest,diabetes,neutral,
lemonade concentrate,diabetes,very negative,A highly concentrated source of sugar that will cause a very rapid blood sugar spike.
lemongrass,diabetes,neutral,
lemongrass paste,diabetes,neutral,
lentil,diabetes,positive,"High in fiber and protein with a low glycemic index, which helps stabilize blood sugar levels."
lettuce,diabetes,positive,A non-starchy vegetable that is very low in carbohydrates and high in fiber.
lettuce leaf,diabetes,positive,A non-starchy vegetable that is very low in carbohydrates and high in fiber.
light beer,diabetes,negative,"Contains carbohydrates and alcohol, which can interfere with blood sugar management."
light brown sugar,diabetes,very negative,A form of pure sugar that causes a rapid and significant spike in blood sugar.
light corn syrup,diabetes,very negative,"A pure liquid sugar that is absorbed very quickly, causing a severe blood sugar spike."
light cream,diabetes,negative,"High in saturated fat, which can contribute to insulin resistance and cardiovascular disease risk."
light rum,diabetes,negative,Alcohol can cause unpredictable blood sugar fluctuations (both high and low) and should be consumed with caution.
light soy sauce,diabetes,neutral,
lima bean,diabetes,positive,"A good source of fiber and protein, which helps moderate blood sugar. Portion control is important due to its starch content."
lime,diabetes,positive,Very low in sugar and can help lower the glycemic index of a meal.
lime juice,diabetes,positive,Very low in sugar and can help lower the glycemic index of a meal.
lime peel,diabetes,neutral,
lime slice,diabetes,neutral,
lime wedge,diabetes,neutral,
lime zest,diabetes,neutral,
lingonberry,diabetes,positive,Rich in fiber and antioxidants. Best consumed in moderation due to natural sugar content.
linguica,diabetes,negative,"A processed meat high in sodium and saturated fat, which increases risk for heart disease."
linguica sausage,diabetes,negative,"A processed meat high in sodium and saturated fat, which increases risk for heart disease."
linguine,diabetes,negative,"Made from refined flour, a simple carbohydrate that can cause a rapid rise in blood sugar."
linguine pasta,diabetes,negative,"Made from refined flour, a simple carbohydrate that can cause a rapid rise in blood sugar."
liquid smoke,diabetes,neutral,
liquid smoke flavoring,diabetes,neutral,
liquor,diabetes,negative,Alcohol can cause unpredictable blood sugar fluctuations (both high and low) and can interfere with diabetes medications.
llautias,diabetes,negative,"A type of sweet bread or pastry, which is high in refined carbohydrates and sugar."
lobster,diabetes,positive,"An excellent source of lean protein with no carbohydrates, so it does not raise blood sugar."
lobster meat,diabetes,positive,"An excellent source of lean protein with no carbohydrates, so it does not raise blood sugar."
lobster tail,diabetes,positive,"An excellent source of lean protein with no carbohydrates, so it does not raise blood sugar."
long grain basmati rice,diabetes,negative,A refined carbohydrate that raises blood sugar. Portion control is crucial.
long grain brown rice,diabetes,positive,"A whole grain rich in fiber, which slows digestion and helps prevent blood sugar spikes."
long grain rice,diabetes,negative,"Typically refers to white rice, a refined carbohydrate that can cause a rapid rise in blood sugar."
long grain white rice,diabetes,negative,A refined carbohydrate with a high glycemic index that rapidly raises blood sugar.
longhorn cheese,diabetes,negative,"While low in carbs, it is high in saturated fat, which can negatively impact heart health, a major concern for people with diabetes."
low sodium soy sauce,diabetes,neutral,
lumpia wrapper,diabetes,negative,"Made from refined flour, which acts like sugar in the body and can raise blood glucose."
luncheon meat,diabetes,negative,"Highly processed and typically high in sodium and unhealthy fats, increasing cardiovascular risk."
lutefisk,diabetes,positive,Plain fish is an excellent source of lean protein with no carbohydrates.
macadamia nut,diabetes,positive,"High in healthy monounsaturated fats and fiber, with very few carbohydrates, making them excellent for blood sugar control."
macapuno,diabetes,very negative,"Typically sold preserved in heavy syrup, making it extremely high in sugar."
macapuno string,diabetes,very negative,"Typically sold preserved in heavy syrup, making it extremely high in sugar."
macaroni,diabetes,negative,A refined carbohydrate that can cause significant spikes in blood sugar. Whole wheat versions are a better choice.
mace,diabetes,neutral,
mackerel,diabetes,positive,"An oily fish rich in omega-3 fatty acids, which are beneficial for heart health and may help reduce inflammation."
madras curry powder,diabetes,positive,A blend of spices that adds flavor without sugar or significant calories. Some spices may have anti-inflammatory benefits.
mahlab,diabetes,neutral,
mahleb,diabetes,neutral,
makrut lime leaf,diabetes,neutral,
malt vinegar,diabetes,positive,Some studies suggest vinegar can help improve insulin sensitivity and lower the glycemic response to a meal.
mandarin orange peel,diabetes,neutral,
mango nectar,diabetes,very negative,"A sugar-sweetened beverage with a high concentration of sugar and no fiber, leading to rapid blood sugar spikes."
manzanilla olive,diabetes,positive,A good source of healthy monounsaturated fats and low in carbohydrates. Be mindful of sodium content from brine.
maple syrup,diabetes,very negative,A concentrated form of sugar that will cause a rapid and significant increase in blood sugar levels.
maraschino cherry,diabetes,very negative,"Preserved in a high-sugar syrup, making it essentially a candy with a very high sugar content."
margarine,diabetes,negative,"Often contains unhealthy trans fats or saturated fats, which can increase the risk of heart disease."
marjoram,diabetes,neutral,
marsala,diabetes,neutral,
marzipan,diabetes,very negative,"Extremely high in sugar, essentially a confectionary paste that will cause a large blood sugar spike."
masa harina,diabetes,negative,A starchy carbohydrate that will raise blood sugar. Portion control is essential.
masala curry powder,diabetes,positive,A blend of spices that adds flavor without sugar or significant calories. Some spices may have anti-inflammatory benefits.
mascarpone cheese,diabetes,negative,"Very high in saturated fat, which should be limited to manage cardiovascular risk associated with diabetes."
matzo cake meal,diabetes,negative,A refined carbohydrate with a high glycemic index that can quickly raise blood sugar levels.
matzo meal,diabetes,negative,A refined carbohydrate with a high glycemic index that can quickly raise blood sugar levels.
mayonnaise,diabetes,neutral,
mayonnaise style sandwich spread,diabetes,negative,"Typically contains more added sugar and fillers than regular mayonnaise, contributing to carbohydrate intake."
mcintosh apple,diabetes,positive,"Contains fiber and vitamins. The fiber helps slow the absorption of its natural sugars, making it a good fruit choice in moderation."
meat tenderizer,diabetes,negative,"Often very high in sodium, which can contribute to high blood pressure, a common comorbidity with diabetes."
meatball,diabetes,negative,"Often made with high-fat meats and breadcrumbs (refined carbs), which can negatively impact both blood sugar and heart health."
meatloaf mix,diabetes,negative,"Typically a blend of high-fat ground meats, increasing saturated fat intake."
medium grain rice,diabetes,negative,A refined carbohydrate with a high glycemic index that is quickly digested and causes a rapid rise in blood sugar.
medium grain white rice,diabetes,negative,A refined carbohydrate with a high glycemic index that is quickly digested and causes a rapid rise in blood sugar.
medjool date,diabetes,negative,"Very high in concentrated natural sugars, leading to a significant increase in blood sugar if not eaten in very small portions."
metal skewer,diabetes,neutral,
mexican cheese blend,diabetes,negative,"Typically high in saturated fat and sodium, which should be limited for cardiovascular health."
mexican oregano,diabetes,neutral,
miami style sazon seasoning,diabetes,negative,"Typically very high in sodium, which can contribute to high blood pressure."
mild cheddar cheese,diabetes,negative,"High in saturated fat and sodium, which should be consumed in moderation to protect heart health."
mild italian sausage,diabetes,negative,"A processed meat that is typically high in saturated fat and sodium, both of which should be limited for heart health."
mild italian sausage link,diabetes,negative,"A processed meat that is typically high in saturated fat and sodium, both of which should be limited for heart health."
milk,diabetes,neutral,
milk cracker crumb,diabetes,negative,"A refined carbohydrate, similar to breadcrumbs, that will raise blood sugar levels."
milkfish,diabetes,positive,"A good source of lean protein and healthy fats, which has a minimal impact on blood sugar."
millet,diabetes,positive,"A whole grain rich in fiber, which helps to slow down digestion and prevent rapid blood sugar spikes compared to refined grains."
miniature cocktail sausage,diabetes,negative,"A highly processed meat product, typically high in sodium, unhealthy fats, and sometimes added sugars."
miniature marshmallow,diabetes,very negative,"Composed almost entirely of sugar and corn syrup, causing a very sharp and rapid spike in blood sugar."
mint,diabetes,neutral,
mint leaf,diabetes,neutral,
mint sprig,diabetes,neutral,
mirin,diabetes,negative,A sweet cooking wine with a high sugar content that contributes to the overall carbohydrate load of a meal.
miso paste,diabetes,positive,"Low glycemic index and contains probiotics, but can be high in sodium."
mixed berry,diabetes,positive,"Low glycemic index, high in fiber and antioxidants which help manage blood sugar."
mixed candied fruit,diabetes,very negative,"Extremely high in added sugar, causing a rapid and significant spike in blood sugar."
mixed color bell pepper,diabetes,positive,"Non-starchy vegetable, low in carbs and high in fiber and vitamins."
mixed fruit,diabetes,positive,Good source of fiber and vitamins; portion control is important due to natural sugar content.
mixed herb,diabetes,positive,Adds flavor without calories or carbs and contains beneficial antioxidants.
mixed spice,diabetes,positive,Adds flavor without calories or carbs; some spices like cinnamon may help regulate blood sugar.
mixed vegetable,diabetes,positive,Excellent source of fiber and nutrients with a low impact on blood sugar.
mixed wild mushroom,diabetes,positive,"Low in carbohydrates and calories, with a low glycemic index."
mochiko,diabetes,negative,A refined starch (sweet rice flour) with a high glycemic index that can cause blood sugar spikes.
mojo marinade,diabetes,neutral,
molasses,diabetes,very negative,A concentrated form of sugar that will cause a rapid and large increase in blood sugar.
monkfish,diabetes,positive,Excellent source of lean protein with no carbohydrates.
monosodium glutamate,diabetes,neutral,
monterey jack cheese,diabetes,neutral,
montreal style steak seasoning,diabetes,neutral,
morcilla sausage,diabetes,negative,"High in saturated fat, sodium, and often contains high-glycemic fillers like rice."
mozzarella cheese,diabetes,neutral,
multicolored candy sprinkle,diabetes,very negative,"Composed almost entirely of sugar, causing a sharp spike in blood glucose."
mung bean,diabetes,positive,"High in fiber and protein with a low glycemic index, aiding in blood sugar control."
mung bean sprout,diabetes,positive,Very low in carbohydrates and high in fiber and water.
muscatel wine,diabetes,negative,A sweet wine high in sugar; alcohol can also unpredictably affect blood sugar levels.
mushroom,diabetes,positive,"Low in carbohydrates and calories, with a low glycemic index."
mushroom cap,diabetes,positive,"Low in carbohydrates and calories, with a low glycemic index."
mussel,diabetes,positive,Excellent source of lean protein with no carbohydrates.
mustard,diabetes,neutral,
mustard green,diabetes,positive,"A non-starchy leafy green, very low in carbs and high in nutrients."
mustard oil,diabetes,positive,"A source of healthy monounsaturated fats, which are beneficial for heart health."
mustard powder,diabetes,neutral,
mustard seed,diabetes,neutral,
napa cabbage,diabetes,positive,A low-carbohydrate vegetable rich in fiber and water.
navel orange,diabetes,positive,A whole fruit that provides fiber to slow sugar absorption; best consumed in moderation.
navy bean,diabetes,positive,"Excellent source of fiber and protein, which helps to stabilize blood sugar levels."
new potato,diabetes,negative,A starchy vegetable that raises blood sugar; requires strict portion control.
new york strip steak,diabetes,negative,"High in saturated fat; high intake of red meat is associated with cardiovascular risks, a concern for diabetics."
non dairy creamer,diabetes,negative,Often contains added sugars (like corn syrup solids) and unhealthy hydrogenated fats.
nonfat evaporated milk,diabetes,negative,Contains a concentrated amount of lactose (milk sugar) which can raise blood sugar.
nonfat plain yogurt,diabetes,positive,"Good source of protein with no added sugar, which helps manage blood sugar."
noodle,diabetes,negative,"Typically made from refined flour, which is a high-glycemic carbohydrate that can spike blood sugar."
nori,diabetes,positive,"Very low in calories and carbohydrates, and a good source of minerals."
nori seaweed,diabetes,positive,"Very low in calories and carbohydrates, and a good source of minerals."
nori seaweed sheet,diabetes,positive,"Very low in calories and carbohydrates, and a good source of minerals."
nuoc mam,diabetes,neutral,
nut,diabetes,positive,"High in healthy fats, fiber, and protein, which helps improve blood sugar control."
nutmeg,diabetes,neutral,
oat,diabetes,positive,"Rich in soluble fiber (beta-glucan), which can improve insulin sensitivity and lower blood sugar."
oatmeal,diabetes,positive,"Rich in soluble fiber (beta-glucan), which can improve insulin sensitivity and lower blood sugar (when unsweetened)."
octopus,diabetes,positive,Excellent source of lean protein with no carbohydrates.
oil,diabetes,neutral,
okra,diabetes,positive,"High in soluble fiber, which can help slow digestion and stabilize blood sugar levels."
okra pod,diabetes,positive,High in soluble fiber which can help stabilize blood sugar levels.
olive,diabetes,positive,Rich in healthy monounsaturated fats and low in carbohydrates.
olive oil,diabetes,positive,Excellent source of monounsaturated fats which can improve insulin sensitivity.
onion,diabetes,positive,Low glycemic index and contains beneficial compounds that may help regulate blood sugar.
onion powder,diabetes,neutral,
onion salt,diabetes,negative,"High in sodium, which can increase blood pressure, a common risk for people with diabetes."
orange,diabetes,positive,A whole fruit containing fiber that slows sugar absorption; should be eaten in moderation.
orange bell pepper,diabetes,positive,Low in carbohydrates and high in fiber and vitamins.
orange blossom,diabetes,neutral,
orange blossom honey,diabetes,very negative,A form of sugar that will cause a rapid increase in blood sugar levels.
orange blossom water,diabetes,neutral,
orange flower water,diabetes,neutral,
orange gel food coloring,diabetes,negative,Often contains sugar or corn syrup as a primary ingredient.
orange juice,diabetes,very negative,"A concentrated source of sugar without the beneficial fiber of the whole fruit, causing rapid blood sugar spikes."
orange juice concentrate,diabetes,very negative,A highly concentrated form of sugar that will cause a very rapid spike in blood sugar.
orange liqueur,diabetes,very negative,"Contains both high amounts of sugar and alcohol, which negatively impact blood sugar control."
orange peel,diabetes,neutral,
orange zest,diabetes,neutral,
oregano,diabetes,neutral,
oregano leaf,diabetes,neutral,
orzo pasta,diabetes,negative,A refined carbohydrate that is quickly digested and can cause a significant spike in blood sugar.
oxtail,diabetes,negative,"High in saturated fat, which can contribute to insulin resistance and cardiovascular disease, a major risk for diabetics."
oyster sauce,diabetes,negative,Typically high in sodium and often contains added sugar.
palm oil,diabetes,negative,"High in saturated fat, which can negatively impact heart health and insulin sensitivity."
palm sugar,diabetes,very negative,A form of sugar that will cause a rapid increase in blood sugar levels.
panang curry paste,diabetes,negative,Often contains high levels of sodium and added sugar.
pandan leaf,diabetes,neutral,
pandan paste,diabetes,negative,Typically contains a significant amount of added sugar.
paneer,diabetes,neutral,
panko bread crumb,diabetes,negative,A refined carbohydrate that can cause a rapid increase in blood sugar.
panko crumb,diabetes,negative,A refined carbohydrate that can cause a rapid increase in blood sugar.
panquehue cheese,diabetes,neutral,
paprika,diabetes,neutral,
parmesan cheese,diabetes,neutral,
parmigiano reggiano,diabetes,neutral,
parmigiano reggiano cheese,diabetes,neutral,
parsley,diabetes,neutral,
parsley leaf,diabetes,neutral,
parsnip,diabetes,negative,A starchy vegetable with a higher carbohydrate content that can raise blood sugar if not portioned carefully.
partridge breast half,diabetes,positive,A lean source of protein which does not raise blood sugar and promotes satiety.
passata,diabetes,positive,"Made from tomatoes, which are low in carbs and high in nutrients; check labels for added sugar or salt."
passion fruit,diabetes,positive,Low glycemic index and a good source of dietary fiber.
pasta,diabetes,negative,"Typically made from refined flour, it is high in carbohydrates that can cause significant blood sugar spikes."
pasta sauce,diabetes,negative,Commercially prepared sauces are often high in added sugar and sodium.
pastry,diabetes,very negative,"Made with refined flour and unhealthy fats, causing a sharp spike in blood sugar and contributing to poor cardiovascular health."
pastry double crust pie,diabetes,very negative,"Extremely high in refined carbohydrates, sugar, and unhealthy fats."
pastry flour,diabetes,very negative,A highly refined carbohydrate that will cause a rapid spike in blood sugar.
pate,diabetes,negative,"Often high in saturated fat and sodium, which are concerns for cardiovascular health in diabetics."
pea,diabetes,neutral,
pea pod,diabetes,positive,Low in carbohydrates and a good source of fiber.
peach,diabetes,positive,"A whole fruit containing fiber, which helps to moderate blood sugar levels. Best consumed in moderation due to natural sugar content."
peach flavored vodka,diabetes,very negative,"Contains alcohol and high amounts of added sugar, which can cause unpredictable and dangerous blood sugar fluctuations."
peach schnapps,diabetes,very negative,"A liqueur with a very high sugar content and alcohol, which can sharply raise blood sugar."
peach slice,diabetes,positive,"A whole fruit containing fiber, which helps to moderate blood sugar levels. Assumes no added sugar."
peanut,diabetes,positive,"Good source of healthy fats, protein, and fiber with a low glycemic index, promoting satiety and stable blood sugar."
peanut butter,diabetes,positive,Good source of healthy fats and protein. Choose natural varieties without added sugar or hydrogenated oils.
peanut oil,diabetes,neutral,"Primarily fat, so it does not directly impact blood sugar. Should be used in moderation."
peanut sauce,diabetes,negative,"Typically high in added sugar, sodium, and sometimes unhealthy fats."
pear,diabetes,positive,"A whole fruit containing fiber, which helps to moderate blood sugar levels."
pear juice,diabetes,negative,"Lacks the fruit's natural fiber, leading to a concentrated source of sugar that can cause rapid blood sugar spikes."
pearl barley,diabetes,positive,"A whole grain with a low glycemic index and high in soluble fiber, which helps slow sugar absorption."
pearl couscous,diabetes,negative,A refined pasta product that can cause blood sugar to spike more quickly than whole grains.
pearl onion,diabetes,positive,"A non-starchy vegetable, low in carbohydrates and calories."
pearl sugar,diabetes,very negative,A form of refined sugar that will rapidly and significantly raise blood sugar.
pecan,diabetes,positive,Excellent source of healthy fats and fiber with very few carbohydrates.
pecan half,diabetes,positive,Excellent source of healthy fats and fiber with very few carbohydrates.
pecorino romano cheese,diabetes,neutral,"Very low in carbohydrates, but high in sodium and saturated fat. Best consumed in moderation."
pectin,diabetes,positive,A type of soluble fiber that can slow sugar absorption and improve blood glucose control.
penne,diabetes,negative,"Typically made from refined white flour, which has a high glycemic index and can cause blood sugar spikes."
penne pasta,diabetes,negative,"Typically made from refined white flour, which has a high glycemic index and can cause blood sugar spikes."
pepper,diabetes,positive,Refers to bell peppers (a non-starchy vegetable) or ground pepper (adds flavor without calories or carbs).
pepper jack cheese,diabetes,neutral,"Very low in carbohydrates, but high in sodium and saturated fat. Best consumed in moderation."
pepper sauce,diabetes,negative,Often high in sodium and may contain added sugar.
peppercorn,diabetes,positive,"Adds flavor without calories, sugar, or sodium and contains antioxidants."
pepperoni,diabetes,negative,"A processed meat high in sodium and saturated fat, which are risk factors for heart disease."
persian cucumber,diabetes,positive,"A non-starchy vegetable, very low in carbohydrates and calories."
persian lime,diabetes,positive,Adds flavor with minimal sugar and is a good source of vitamin C.
persian rose petal,diabetes,neutral,
petite diced tomato,diabetes,positive,Tomatoes are a non-starchy vegetable rich in vitamins and antioxidants. Check for no-salt-added versions.
petite pea,diabetes,positive,"While a starchy vegetable, peas provide fiber and protein, leading to a moderate glycemic index. Best in controlled portions."
pho ga soup seasoning,diabetes,negative,Seasoning packets are typically extremely high in sodium and may contain added sugar.
phyllo dough,diabetes,negative,"Made from refined white flour, which acts like sugar in the body and can spike blood glucose."
picante sauce,diabetes,negative,Often contains added sugar and high levels of sodium.
pickle,diabetes,negative,"Very high in sodium, which can increase blood pressure, a common concern for people with diabetes."
pickled ginger,diabetes,negative,Often preserved in a solution containing sugar and salt.
pickled mustard cabbage,diabetes,negative,Typically very high in sodium due to the pickling process.
pickling spice,diabetes,neutral,
pie crust,diabetes,very negative,"Made with refined flour and unhealthy fats, causing a sharp spike in blood sugar and providing empty calories."
pie crust mix,diabetes,very negative,"A mix of refined flour and unhealthy fats, which will spike blood sugar."
pie shell,diabetes,very negative,"Made with refined flour and unhealthy fats, causing a sharp spike in blood sugar."
pigs foot,diabetes,negative,"Very high in saturated fat and cholesterol, which is not a heart-healthy choice."
piloncillo,diabetes,very negative,A form of unrefined cane sugar; it is still sugar and will significantly raise blood glucose.
pimento,diabetes,positive,"A type of red pepper, low in carbohydrates and a good source of vitamins."
pimento stuffed green olive,diabetes,negative,"Olives are brined and thus very high in sodium, which can raise blood pressure."
pimento stuffed olive,diabetes,negative,"Olives are brined and thus very high in sodium, which can raise blood pressure."
pimiento pepper,diabetes,positive,"A type of red pepper, low in carbohydrates and a good source of vitamins."
pimiento stuffed green olive,diabetes,negative,"Olives are brined and thus very high in sodium, which can raise blood pressure."
pimiento stuffed olive,diabetes,negative,"Olives are brined and thus very high in sodium, which can raise blood pressure."
pina colada drink mix,diabetes,very negative,Extremely high in sugar with no nutritional value.
pine nut,diabetes,positive,"Good source of healthy fats, protein, and minerals with few carbohydrates."
pineapple,diabetes,negative,Contains natural sugars that raise blood sugar levels. Best consumed in moderation as the whole fruit for its fiber content.
pineapple chunk,diabetes,negative,Contains natural sugars that raise blood sugar levels. Best consumed in moderation as the whole fruit for its fiber content.
pineapple juice,diabetes,very negative,"A concentrated source of sugar without the fiber of the whole fruit, causing a rapid blood sugar spike."
pineapple preserve,diabetes,very negative,"Very high in added sugar, which will cause a significant spike in blood sugar."
pineapple ring,diabetes,negative,Contains natural sugars that raise blood sugar levels. Best consumed in moderation as the whole fruit for its fiber content.
pineapple tidbit,diabetes,negative,Contains natural sugars that raise blood sugar levels. Best consumed in moderation as the whole fruit for its fiber content.
pink food coloring,diabetes,neutral,
pink himalayan salt,diabetes,neutral,
pinot noir wine,diabetes,negative,Alcohol can interfere with blood sugar control and diabetes medications.
pinto bean,diabetes,positive,"High in fiber and protein with a low glycemic index, which helps stabilize blood sugar."
pisco,diabetes,negative,Alcohol can interfere with blood sugar control and diabetes medications.
pistachio,diabetes,positive,"Rich in healthy fats, fiber, and protein, which helps manage blood sugar levels."
pistachio nut,diabetes,positive,"Rich in healthy fats, fiber, and protein, which helps manage blood sugar levels."
pita bread,diabetes,negative,"Typically made from refined flour, a high-glycemic carbohydrate that can rapidly increase blood sugar."
pita bread round,diabetes,negative,"Typically made from refined flour, a high-glycemic carbohydrate that can rapidly increase blood sugar."
pita round,diabetes,negative,"Typically made from refined flour, a high-glycemic carbohydrate that can rapidly increase blood sugar."
pizza crust,diabetes,very negative,"Typically made from highly refined flour, leading to a significant and rapid spike in blood sugar."
pizza dough,diabetes,very negative,"Made from highly refined flour, which will cause a significant spike in blood sugar when cooked and eaten."
pizza sauce,diabetes,negative,"Frequently contains added sugars, which contribute to higher blood sugar levels."
plain low fat yogurt,diabetes,positive,Unsweetened yogurt is a good source of protein with a low glycemic index.
plain yogurt,diabetes,positive,Unsweetened yogurt is a good source of protein with a low glycemic index.
plantain,diabetes,negative,"A starchy vegetable high in carbohydrates that significantly raises blood sugar, especially when ripe."
plantain leaf,diabetes,neutral,
plum,diabetes,positive,"A low-glycemic fruit rich in fiber, which helps moderate blood sugar response."
plum preserve,diabetes,very negative,"Very high in added sugar, which will cause a significant spike in blood sugar."
plum tomato,diabetes,positive,"A non-starchy vegetable, low in carbohydrates and calories."
poblano pepper,diabetes,positive,"A non-starchy vegetable, very low in carbohydrates and high in fiber."
poi,diabetes,negative,"A starchy food made from taro root, which is high in carbohydrates and will raise blood sugar."
polenta,diabetes,negative,A high-glycemic carbohydrate that can cause a rapid increase in blood sugar levels.
polish kielbasa,diabetes,negative,"Processed meat high in sodium and saturated fat, which can worsen insulin resistance and increase heart disease risk."
polish sausage,diabetes,negative,"Processed meat high in sodium and saturated fat, which can worsen insulin resistance and increase heart disease risk."
polskie ogorki,diabetes,neutral,
pomegranate juice,diabetes,very negative,"A concentrated source of sugar without the fiber of the whole fruit, causing a rapid blood sugar spike."
pomegranate molasses,diabetes,very negative,"A concentrated syrup, extremely high in sugar."
pomegranate seed,diabetes,positive,"Contains fiber and antioxidants, which help moderate the impact of its natural sugar on blood glucose."
pomegranate syrup,diabetes,very negative,"High in added sugar, which will cause a sharp rise in blood sugar."
poppy seed,diabetes,neutral,
porcini mushroom,diabetes,positive,"A non-starchy vegetable, low in carbohydrates and a good source of fiber."
pork,diabetes,neutral,
pork back fat,diabetes,negative,"High in saturated fat, which can contribute to insulin resistance and cardiovascular disease."
pork backfat,diabetes,negative,"High in saturated fat, which can contribute to insulin resistance and cardiovascular disease."
pork belly,diabetes,negative,"Very high in saturated fat, which can worsen insulin resistance and increase heart disease risk."
pork breakfast chop,diabetes,negative,"A fatty cut of pork, high in saturated fat which can worsen insulin resistance."
pork butt,diabetes,negative,"A fatty cut of pork, high in saturated fat which can worsen insulin resistance."
pork butt roast,diabetes,negative,"A fatty cut of pork, high in saturated fat which can worsen insulin resistance."
pork chop,diabetes,neutral,
pork cutlet,diabetes,neutral,
pork loin,diabetes,positive,A very lean source of protein that does not raise blood sugar and has minimal saturated fat.
pork loin chop,diabetes,positive,A lean source of protein that does not raise blood sugar and has minimal saturated fat.
pork loin roast,diabetes,positive,A lean source of protein that does not raise blood sugar and has minimal saturated fat.
pork roast,diabetes,neutral,"Lean cuts are a good protein source, but fatty cuts are high in saturated fat. Preparation and portion size are key."
pork sausage,diabetes,negative,"Typically high in saturated fat, sodium, and processed ingredients, which are risk factors for heart disease."
pork shank,diabetes,neutral,"A source of protein, but can be high in fat. Portion control and trimming visible fat are important."
pork shoulder,diabetes,negative,"A fatty cut of pork, high in saturated fat which can worsen insulin resistance and heart disease risk."
pork shoulder roast,diabetes,negative,"A fatty cut of pork, high in saturated fat which can worsen insulin resistance and heart disease risk."
pork sirloin,diabetes,positive,A lean cut of pork that is an excellent source of protein with minimal impact on blood sugar.
pork sirloin roast,diabetes,positive,A lean cut of pork that is an excellent source of protein with minimal impact on blood sugar.
pork sparerib,diabetes,negative,Very high in saturated fat and often served with sugary sauces.
pork steak,diabetes,neutral,Health impact depends on the cut; lean cuts are positive while fatty cuts are negative.
pork stew meat,diabetes,negative,"Often from fatty cuts like pork shoulder, making it high in saturated fat."
pork tenderloin,diabetes,positive,"A very lean cut of pork, providing high-quality protein without excess saturated fat."
port wine,diabetes,negative,"Contains both alcohol and sugar, which can cause unpredictable blood sugar fluctuations."
port wine flavored gelatin mix,diabetes,very negative,"Primarily composed of sugar and artificial ingredients, causing a rapid spike in blood sugar."
portobello mushroom,diabetes,positive,"Low in carbohydrates and calories, a good source of fiber and nutrients, with no impact on blood sugar."
portobello mushroom cap,diabetes,positive,"Low in carbohydrates and calories, a good source of fiber and nutrients, with no impact on blood sugar."
portuguese chourico sausage,diabetes,negative,"A processed meat high in sodium and saturated fat, increasing cardiovascular risk."
portuguese hot pepper sauce,diabetes,neutral,"Typically low in sugar and carbs, but can be high in sodium. Use in moderation."
portuguese linguica sausage,diabetes,negative,"A processed meat high in sodium and saturated fat, increasing cardiovascular risk."
portuguese sausage,diabetes,negative,Generally refers to processed meats high in sodium and saturated fat.
potato,diabetes,negative,A starchy vegetable with a high glycemic index that can cause significant spikes in blood sugar levels.
potato cooking water,diabetes,neutral,
potato flake,diabetes,very negative,"Highly processed, dehydrated potato with a very high glycemic index, leading to a rapid blood sugar spike."
potato flour,diabetes,negative,"A refined starch that acts like white flour, causing a rapid rise in blood sugar."
potato starch,diabetes,very negative,"A pure, refined starch that is rapidly digested and causes a sharp spike in blood sugar."
poultry seasoning,diabetes,neutral,
powdered milk,diabetes,negative,Contains concentrated milk sugar (lactose) which can raise blood sugar levels.
prawn,diabetes,positive,"An excellent source of lean protein with virtually no carbohydrates, helping with satiety without affecting blood sugar."
processed american cheese,diabetes,negative,"High in sodium, unhealthy fats, and additives, contributing to cardiovascular risk."
processed cheese sauce,diabetes,very negative,"Highly processed, often containing starches, unhealthy fats, and high sodium, with a negative impact on blood sugar and heart health."
provolone cheese,diabetes,neutral,Low in carbs but high in saturated fat and sodium; should be consumed in moderation.
prune,diabetes,negative,A dried fruit with concentrated sugars that can raise blood sugar levels quickly despite its fiber content.
puff pastry,diabetes,very negative,"Made from refined white flour and high amounts of saturated fat, causing a sharp blood sugar spike and being detrimental to heart health."
puff pastry sheet,diabetes,very negative,"Made from refined white flour and high amounts of saturated fat, causing a sharp blood sugar spike and being detrimental to heart health."
pulled pork,diabetes,negative,Typically made from fatty pork shoulder and often served with sugary sauces.
pumpkin,diabetes,positive,"A non-starchy vegetable, low in calories and high in fiber, which helps regulate blood sugar."
pumpkin puree,diabetes,positive,"Unsweetened pumpkin puree is low in carbs and high in fiber, making it a good choice for blood sugar management."
purple daikon radish,diabetes,positive,A non-starchy vegetable that is low in carbs and high in fiber.
purple food coloring,diabetes,neutral,
purple onion,diabetes,positive,Low glycemic index and contains beneficial plant compounds that may help with blood sugar control.
purslane,diabetes,positive,"A nutrient-dense leafy green, low in carbs and a good source of omega-3 fatty acids."
quail egg,diabetes,positive,A great source of protein and healthy fats with no carbohydrates.
quark,diabetes,positive,"High in protein and typically low in carbohydrates and fat, making it an excellent choice for blood sugar control."
queijo coalho cheese curd,diabetes,neutral,High in protein but also in saturated fat and sodium. Best consumed in moderation.
queso chanco,diabetes,neutral,"A source of protein, but high in saturated fat and sodium. Best consumed in moderation."
queso fresco,diabetes,positive,"A lower-fat, lower-sodium cheese that provides protein without a significant amount of saturated fat."
quick cooking oat,diabetes,neutral,"While a source of fiber, it is more processed and has a higher glycemic index than less processed oats like steel-cut or rolled."
quick rise yeast,diabetes,neutral,
quince,diabetes,neutral,A fruit containing fiber and natural sugar. Its impact on blood sugar depends on portion size and preparation.
quince paste,diabetes,very negative,"Extremely high in added sugar, causing a very rapid and significant spike in blood sugar."
quinoa,diabetes,positive,"A whole grain with a good balance of protein, fiber, and complex carbohydrates, leading to a slower, more gradual rise in blood sugar."
rabbit,diabetes,positive,A lean source of protein that does not raise blood sugar and supports muscle health.
radish,diabetes,positive,"A non-starchy, high-fiber vegetable with a minimal impact on blood sugar."
raisin,diabetes,negative,"High in concentrated sugar and carbohydrates, which can cause a rapid spike in blood sugar levels."
ramen noodle,diabetes,negative,"Typically made from refined flour, high in carbohydrates with a high glycemic index, leading to blood sugar spikes."
rapeseed oil,diabetes,positive,"A source of healthy unsaturated fats, which can support heart health without impacting blood sugar."
raspberry,diabetes,positive,"High in fiber and antioxidants with a relatively low glycemic index, helping to manage blood sugar."
raspberry flavored soda water,diabetes,neutral,"If unsweetened or sweetened with zero-calorie sweeteners, it does not directly impact blood sugar levels."
raspberry jam,diabetes,very negative,"Very high in added sugar, causing a sharp and significant rise in blood sugar."
recao,diabetes,neutral,
recaito,diabetes,positive,"A low-carbohydrate flavoring base made from vegetables and herbs, adding nutrients without affecting blood sugar."
red bean curd,diabetes,positive,Low in carbohydrates and a good source of plant-based protein.
red bean paste,diabetes,very negative,"Typically contains a very high amount of added sugar, leading to a rapid spike in blood sugar."
red bell pepper,diabetes,positive,"A non-starchy vegetable, low in carbohydrates and high in vitamins and fiber."
red cabbage,diabetes,positive,"A low-carbohydrate, high-fiber vegetable rich in antioxidants."
red candied cherry,diabetes,very negative,"Extremely high in added sugar and syrup, causing a severe blood sugar spike."
red caviar,diabetes,positive,Rich in protein and healthy omega-3 fatty acids with no carbohydrates.
red chile,diabetes,positive,"Low in carbohydrates and contains capsaicin, which may have metabolic benefits."
red chile flake,diabetes,positive,Adds flavor without carbohydrates or sugar.
red chile paste,diabetes,neutral,"Generally low in sugar, but some brands may have added sugar; check labels."
red chile pepper,diabetes,positive,"Low in carbohydrates and contains capsaicin, which may have metabolic benefits."
red chile powder,diabetes,positive,"Adds flavor without carbohydrates, sugar, or significant calories."
red chile sauce,diabetes,negative,"Often contains added sugars and sodium, which can negatively impact blood sugar and blood pressure."
red chili pepper,diabetes,positive,"Low in carbohydrates and contains capsaicin, which may have metabolic benefits."
red chili powder,diabetes,positive,"Adds flavor without carbohydrates, sugar, or significant calories."
red cooking wine,diabetes,neutral,
red currant,diabetes,positive,A fruit with a good fiber content and a lower sugar impact compared to many other fruits.
red currant jam,diabetes,very negative,"Very high in added sugar, causing a sharp and significant rise in blood sugar."
red curry paste,diabetes,positive,"A flavorful paste made from spices and herbs, generally low in sugar and carbohydrates."
red food color,diabetes,neutral,
red food coloring,diabetes,neutral,
red grape,diabetes,negative,"Contains natural sugars and has a higher glycemic impact than berries, requiring portion control."
red kidney bean,diabetes,positive,"High in fiber and protein, which helps slow down carbohydrate absorption and stabilize blood sugar."
red lentil,diabetes,positive,"Excellent source of fiber and protein, leading to a slow, steady release of glucose."
red miso,diabetes,positive,A fermented food low in carbohydrates that provides protein and probiotics.
red onion,diabetes,positive,A low-carbohydrate vegetable that adds flavor and beneficial plant compounds.
red pepper,diabetes,positive,"A non-starchy vegetable, low in carbohydrates and high in vitamins and fiber."
red pepper flake,diabetes,positive,Adds flavor without carbohydrates or sugar.
red potato,diabetes,negative,A starchy vegetable with a moderate-to-high glycemic index that can significantly raise blood sugar levels.
red skinned potato,diabetes,negative,A starchy vegetable with a moderate-to-high glycemic index that can significantly raise blood sugar levels.
red snapper,diabetes,positive,An excellent source of lean protein and healthy fats with no carbohydrates.
red table wine,diabetes,neutral,Alcohol can have complex effects on blood sugar; dry wine is low in carbs but should be consumed in moderation.
red thai curry paste,diabetes,positive,"A flavorful paste made from spices and herbs, generally low in sugar and carbohydrates."
red wine,diabetes,neutral,Alcohol can have complex effects on blood sugar; dry wine is low in carbs but should be consumed in moderation.
red wine vinegar,diabetes,positive,"Contains acetic acid, which may help improve insulin sensitivity and lower post-meal blood sugar response."
refrigerated pie crust,diabetes,very negative,"Made with refined white flour and unhealthy fats, it is high in carbohydrates and can cause a large blood sugar spike."
rennet tablet,diabetes,neutral,
rhubarb,diabetes,positive,Very low in sugar and carbohydrates and a good source of fiber.
rib eye steak,diabetes,neutral,"High in protein which is beneficial, but also high in saturated fat, which should be limited for heart health."
rice,diabetes,very negative,"Assuming white rice, it is a refined carbohydrate with a high glycemic index that causes a rapid, significant spike in blood sugar."
rice cereal,diabetes,very negative,"A highly processed refined grain, often with added sugar, leading to a very fast and high spike in blood sugar."
rice flour,diabetes,negative,"A highly refined carbohydrate with a high glycemic index, which can cause rapid blood sugar spikes."
rice noodle,diabetes,negative,"Made from refined rice flour, these noodles are high in carbohydrates and can quickly raise blood sugar levels."
rice paper wrapper,diabetes,negative,"Made from refined rice flour, it is a source of carbohydrates that can raise blood sugar."
rice soup,diabetes,negative,"Primarily composed of rice, a high-glycemic carbohydrate that can easily be over-consumed and spike blood sugar."
rice stick noodle,diabetes,negative,"A refined carbohydrate with a high glycemic index, leading to blood sugar spikes."
rice vermicelli,diabetes,negative,"A refined carbohydrate with a high glycemic index, leading to blood sugar spikes."
rice vermicelli noodle,diabetes,negative,"A refined carbohydrate with a high glycemic index, leading to blood sugar spikes."
rice vinegar,diabetes,neutral,
rice wine,diabetes,negative,"Contains alcohol and carbohydrates, which can unpredictably affect blood sugar levels and interact with diabetes medications."
rice wine vinegar,diabetes,neutral,
rice wrapper,diabetes,negative,"Made from refined rice flour, it is a source of carbohydrates that can raise blood sugar."
ricotta cheese,diabetes,positive,"Low in carbohydrates and a good source of protein, which has a minimal impact on blood sugar."
rigatoni pasta,diabetes,negative,"Typically made from refined flour, it is a high-carbohydrate food that can significantly raise blood sugar."
ripe olive,diabetes,positive,"Low in carbohydrates and high in healthy monounsaturated fats, which are beneficial for heart health."
roast beef,diabetes,positive,"A source of protein with no carbohydrates, which does not raise blood sugar. Choose lean cuts."
roasted red bell pepper,diabetes,positive,"A non-starchy vegetable, low in carbohydrates and high in fiber and vitamins."
roasted red pepper,diabetes,positive,"A non-starchy vegetable, low in carbohydrates and high in fiber and vitamins."
rock salt,diabetes,neutral,
rock sugar,diabetes,very negative,A form of pure sugar that causes a very rapid and significant spike in blood sugar levels.
rolled oat,diabetes,positive,"A whole grain high in soluble fiber, which helps slow down sugar absorption and improve blood sugar control."
roma plum tomato,diabetes,positive,"A non-starchy vegetable, low in carbohydrates and a good source of vitamins and fiber."
roma tomato,diabetes,positive,"A non-starchy vegetable, low in carbohydrates and a good source of vitamins and fiber."
romaine lettuce,diabetes,positive,"A non-starchy vegetable, very low in calories and carbohydrates, with a negligible effect on blood sugar."
romaine lettuce leaf,diabetes,positive,"A non-starchy vegetable, very low in calories and carbohydrates, with a negligible effect on blood sugar."
romano,diabetes,positive,"A cheese that is very low in carbohydrates and high in protein, having a minimal impact on blood sugar."
romano cheese,diabetes,positive,"A cheese that is very low in carbohydrates and high in protein, having a minimal impact on blood sugar."
rose extract,diabetes,neutral,
rose petal,diabetes,neutral,
rose petal powder,diabetes,neutral,
rose water,diabetes,neutral,
rosemary,diabetes,neutral,
rotelle pasta,diabetes,negative,"Typically made from refined flour, it is a high-carbohydrate food that can significantly raise blood sugar."
rotini pasta,diabetes,negative,"Typically made from refined flour, it is a high-carbohydrate food that can significantly raise blood sugar."
round steak,diabetes,positive,"A lean source of protein with no carbohydrates, which does not raise blood sugar."
rum,diabetes,negative,"Alcohol can interfere with blood sugar control and liver function, potentially causing dangerous lows or highs."
rum cream liqueur,diabetes,very negative,"High in both sugar and alcohol, causing a rapid blood sugar spike and interfering with blood sugar management."
rum flavored extract,diabetes,neutral,
rum flavoring,diabetes,neutral,
rump roast,diabetes,positive,"A source of protein with no carbohydrates, which does not raise blood sugar. Choose lean preparations."
russet potato,diabetes,negative,A starchy vegetable with a high glycemic index that can cause significant blood sugar spikes.
rutabaga,diabetes,positive,"A root vegetable that is lower in carbohydrates and higher in fiber compared to potatoes, having a more moderate effect on blood sugar."
rye flake,diabetes,positive,"A whole grain high in fiber, which helps slow sugar absorption and manage blood sugar levels."
rye flour,diabetes,negative,"While potentially better than white flour, it is still a concentrated source of carbohydrates that can raise blood sugar. Whole-grain rye is a better choice."
saffron,diabetes,neutral,
saffron powder,diabetes,neutral,
saffron thread,diabetes,neutral,
sage,diabetes,neutral,
sake,diabetes,negative,"A rice wine containing both alcohol and carbohydrates, which can negatively and unpredictably impact blood sugar control."
salam leaf,diabetes,neutral,
salami,diabetes,negative,"While low in carbs, it is high in saturated fat and sodium, which increase the risk of heart disease, a common complication of diabetes."
salmon,diabetes,positive,"Excellent source of omega-3 fatty acids and lean protein, which are beneficial for heart health and do not spike blood sugar."
salmon fillet,diabetes,positive,"Excellent source of omega-3 fatty acids and lean protein, which are beneficial for heart health and do not spike blood sugar."
salsa,diabetes,positive,Typically low-carb and made from vegetables. Choose varieties with no added sugar and low sodium.
salt,diabetes,negative,"High sodium intake is linked to high blood pressure, a significant risk for people with diabetes."
salt beef,diabetes,very negative,"Highly processed meat, extremely high in sodium and saturated fat, which are detrimental to cardiovascular health."
salt pork,diabetes,very negative,"Extremely high in sodium and saturated fat, increasing the risk of high blood pressure and heart disease."
saltine cracker,diabetes,negative,"Made from refined flour with a high glycemic index, which can cause rapid blood sugar spikes. Often high in sodium."
sambal oelek,diabetes,neutral,
sardine,diabetes,positive,Rich in heart-healthy omega-3 fatty acids and protein. Choose options packed in water or olive oil.
sashimi grade tuna,diabetes,positive,An excellent source of lean protein and omega-3 fatty acids.
sauce,diabetes,negative,"A general term, but many commercial sauces are very high in hidden sugars and sodium, which negatively impact blood sugar and blood pressure."
sauerkraut,diabetes,positive,Low in carbs and a good source of fiber and probiotics. Monitor sodium content in commercial brands.
sausage,diabetes,very negative,"Processed meat that is typically very high in saturated fat and sodium, increasing cardiovascular risk."
sausage casing,diabetes,neutral,
savory,diabetes,neutral,
savoy cabbage,diabetes,positive,"A non-starchy vegetable, low in carbohydrates and high in fiber and nutrients."
sazon seasoning,diabetes,negative,Commercial blends are often very high in sodium.
scallion,diabetes,positive,A non-starchy vegetable that adds flavor with negligible calories or carbs.
scallop,diabetes,positive,A lean source of protein with minimal carbohydrates or fat.
scotch bonnet chile,diabetes,positive,Adds flavor with negligible calories or carbs and may have metabolic benefits.
scotch bonnet chile pepper,diabetes,positive,Adds flavor with negligible calories or carbs and may have metabolic benefits.
scotch bonnet hot sauce,diabetes,negative,Commercial hot sauces can be very high in sodium and may contain added sugar.
scotch bonnet pepper,diabetes,positive,Adds flavor with negligible calories or carbs and may have metabolic benefits.
sea bass,diabetes,positive,A good source of lean protein and omega-3 fatty acids.
sea bass fillet,diabetes,positive,A good source of lean protein and omega-3 fatty acids.
sea salt,diabetes,negative,Has the same effect as regular salt on blood pressure; high sodium intake is a risk for people with diabetes.
sea scallop,diabetes,positive,A lean source of protein with minimal carbohydrates or fat.
seafood seasoning,diabetes,negative,Typically very high in sodium.
seafood stock,diabetes,negative,Commercial versions are often very high in sodium.
seasoned rice vinegar,diabetes,negative,The term 'seasoned' indicates that sugar and salt have been added.
seasoned salt,diabetes,negative,Very high in sodium by definition.
seasoning salt,diabetes,negative,Very high in sodium by definition.
self rising cornmeal,diabetes,negative,A refined carbohydrate that will raise blood sugar levels. Also contains added sodium.
self rising flour,diabetes,very negative,A refined white flour with a high glycemic index that causes a rapid spike in blood sugar. Also contains added sodium.
seltzer water,diabetes,neutral,
semi sweet chocolate chip,diabetes,negative,"Contains a significant amount of sugar and saturated fat, which negatively impacts blood sugar control."
semisweet baking chocolate,diabetes,negative,"Contains a significant amount of sugar and saturated fat, which negatively impacts blood sugar control."
semisweet chocolate,diabetes,negative,"Contains a significant amount of sugar and saturated fat, which negatively impacts blood sugar control."
semisweet chocolate bar,diabetes,negative,"Contains a significant amount of sugar and saturated fat, which negatively impacts blood sugar control."
semisweet chocolate chip,diabetes,negative,"Contains a significant amount of sugar and saturated fat, which negatively impacts blood sugar control."
semolina,diabetes,negative,A refined wheat product with a high carbohydrate content that can raise blood sugar levels.
semolina flour,diabetes,negative,A refined wheat product with a high carbohydrate content that can raise blood sugar levels.
serrano,diabetes,positive,A chili pepper that adds flavor with negligible calories or carbs.
serrano chile,diabetes,positive,Adds flavor with negligible calories or carbs.
serrano chile pepper,diabetes,positive,Adds flavor with negligible calories or carbs.
serrano ham,diabetes,negative,"A cured meat that is very high in sodium, which can increase blood pressure."
serrano pepper,diabetes,positive,Adds flavor with negligible calories or carbs.
sesame oil,diabetes,positive,"A source of healthy unsaturated fats, beneficial for heart health when used in moderation."
sesame seed,diabetes,positive,"A good source of healthy fats, protein, and fiber, which can help moderate blood sugar."
sesame seed hamburger bun,diabetes,very negative,"Typically made from refined white flour with a high glycemic index, causing a rapid blood sugar spike."
seville orange marmalade,diabetes,very negative,"Extremely high in added sugar, which causes a rapid and significant spike in blood glucose levels."
shallot,diabetes,positive,"A low-carb, low-calorie vegetable that adds flavor without sodium or sugar, and contains beneficial antioxidants."
shaoxing rice wine,diabetes,negative,"Contains alcohol, which can cause unpredictable blood sugar fluctuations and may interact with diabetes medications."
sheeps milk feta cheese,diabetes,negative,"High in saturated fat and sodium, which can negatively impact heart health and blood pressure, both of which are concerns for people with diabetes."
sherry,diabetes,negative,An alcoholic beverage that can interfere with blood sugar control and medication.
sherry vinegar,diabetes,neutral,
sherry wine,diabetes,negative,An alcoholic beverage that can interfere with blood sugar control and medication.
shichimi togarashi,diabetes,neutral,
shiitake mushroom,diabetes,positive,"A low-carbohydrate, non-starchy vegetable rich in fiber and nutrients, which helps in blood sugar management."
shoestring potato stick,diabetes,very negative,"Highly processed, fried, and made from refined carbohydrates. They are high in unhealthy fats, sodium, and will cause a sharp spike in blood sugar."
short grain brown rice,diabetes,positive,A whole grain with a lower glycemic index than white rice; its fiber content helps slow sugar absorption.
short grain rice,diabetes,negative,"Typically refers to white rice, a refined carbohydrate with a high glycemic index that can cause rapid blood sugar spikes."
short grain white rice,diabetes,negative,A refined carbohydrate with a high glycemic index that can cause rapid blood sugar spikes.
shortening,diabetes,very negative,"A solid fat high in unhealthy saturated and/or trans fats, which are detrimental to cardiovascular health."
shrimp,diabetes,positive,"An excellent source of lean protein with virtually no carbohydrates, making it great for blood sugar control."
shrimp paste,diabetes,negative,"Extremely high in sodium, which can contribute to high blood pressure, a common comorbidity with diabetes."
sichuan pepper,diabetes,neutral,
silken tofu,diabetes,positive,"A good source of plant-based protein, low in carbohydrates, and beneficial for blood sugar management."
silver tequila,diabetes,negative,An alcoholic beverage that can interfere with blood sugar control and medication.
simple syrup,diabetes,very negative,"A solution of pure sugar and water, it will cause an immediate and severe spike in blood glucose."
sirloin,diabetes,positive,"A lean cut of beef that is a good source of protein without carbohydrates, supporting stable blood sugar levels."
sirloin steak,diabetes,positive,"A lean cut of beef that is a good source of protein without carbohydrates, supporting stable blood sugar levels."
sirloin tip,diabetes,positive,"A lean cut of beef that is a good source of protein without carbohydrates, supporting stable blood sugar levels."
skewer,diabetes,neutral,
skinless chicken breast,diabetes,positive,"An excellent source of lean protein with no carbs, ideal for managing blood sugar levels."
skirt steak,diabetes,negative,"A fattier cut of beef, higher in saturated fat compared to leaner cuts like sirloin."
small shrimp,diabetes,positive,"An excellent source of lean protein with virtually no carbohydrates, making it great for blood sugar control."
small white bean,diabetes,positive,"High in fiber and plant-based protein, which helps to slow digestion and prevent blood sugar spikes."
smelt,diabetes,positive,A fatty fish that is a good source of protein and heart-healthy omega-3 fatty acids.
smoked ham,diabetes,negative,A processed meat that is typically high in sodium and may contain added sugars or nitrates.
smoked ham hock,diabetes,negative,"Very high in saturated fat and sodium, which are detrimental to cardiovascular health."
smoked paprika,diabetes,neutral,
smoked pork chop,diabetes,negative,"A processed meat, often high in sodium and saturated fat."
smoked salmon,diabetes,positive,Rich in heart-healthy omega-3 fatty acids and protein. Choose lower-sodium options when possible.
smoked sausage,diabetes,very negative,"Highly processed meat, typically very high in sodium, unhealthy fats, and preservatives."
smoked tempeh bacon,diabetes,positive,"A plant-based source of protein and fiber, generally lower in saturated fat than traditional bacon."
snap pea,diabetes,positive,"A non-starchy vegetable high in fiber and nutrients, with a minimal impact on blood sugar."
snow pea,diabetes,positive,"A non-starchy vegetable high in fiber and nutrients, with a minimal impact on blood sugar."
snow pea pod,diabetes,positive,"A non-starchy vegetable high in fiber and nutrients, with a minimal impact on blood sugar."
soba noodle,diabetes,positive,"Made from buckwheat, which has a lower glycemic index and more fiber than noodles made from refined wheat."
soaked in cold water,diabetes,neutral,
soaked in water,diabetes,neutral,
sofrito,diabetes,neutral,
sofrito sauce,diabetes,negative,Commercially prepared versions can be high in sodium and may contain added sugars.
soft brown sugar,diabetes,very negative,A form of sugar that will cause a rapid and high spike in blood glucose levels.
solid white tuna,diabetes,positive,An excellent source of lean protein and omega-3 fatty acids. Best when packed in water.
sour cherry,diabetes,positive,A fruit with a relatively low glycemic index and anti-inflammatory properties. Portion control is important.
sour cherry preserve,diabetes,very negative,"Contains a very high amount of added sugar, which will cause a sharp spike in blood glucose."
sour cream,diabetes,negative,"High in saturated fat, which can impact heart health. Low-fat or fat-free options are better alternatives."
sour manioc starch,diabetes,negative,A highly refined starch (tapioca) with a high glycemic index that can cause sharp spikes in blood sugar.
soy based liquid seasoning,diabetes,negative,"Typically very high in sodium, which can impact blood pressure and cardiovascular health, a key concern for diabetics."
soy milk,diabetes,positive,"Unsweetened soy milk is low in carbohydrates and a good source of plant-based protein, having a minimal impact on blood sugar."
soy sauce,diabetes,negative,"Very high in sodium, which can contribute to high blood pressure, a common comorbidity with diabetes."
soy sauce flavored ramen noodle,diabetes,very negative,Contains refined carbohydrates that rapidly raise blood sugar and very high levels of sodium.
soybean sprout,diabetes,positive,"Low in carbohydrates and a good source of fiber, which helps regulate blood sugar."
spaghetti,diabetes,negative,"Typically made from refined flour, which is a high-carbohydrate food that can significantly raise blood sugar levels."
spanish chorizo,diabetes,negative,"A processed meat high in saturated fat and sodium, which can negatively impact heart health."
spanish chorizo sausage,diabetes,negative,"A processed meat high in saturated fat and sodium, which can negatively impact heart health."
spanish chorizo sausage link,diabetes,negative,"A processed meat high in saturated fat and sodium, which can negatively impact heart health."
spanish octopus,diabetes,positive,"A lean source of protein with virtually no carbohydrates, which does not raise blood sugar levels."
spanish olive,diabetes,positive,"Rich in healthy monounsaturated fats, which are beneficial for heart health. Should be consumed in moderation due to sodium from brining."
spanish onion,diabetes,positive,"A low-carbohydrate, high-fiber vegetable that has a minimal impact on blood sugar."
spanish peanut,diabetes,positive,"Provides healthy fats, protein, and fiber, which can help manage blood sugar levels when eaten in moderation."
spanish serrano ham,diabetes,negative,"A cured meat that is very high in sodium, which can negatively affect blood pressure and cardiovascular health."
spanish smoked paprika,diabetes,neutral,
spanish style chorizo,diabetes,negative,"A processed meat high in saturated fat and sodium, which can negatively impact heart health."
spanish style olive,diabetes,positive,"Rich in healthy monounsaturated fats, which are beneficial for heart health. Should be consumed in moderation due to sodium from brining."
spanish yellow rice mix,diabetes,very negative,"Contains refined white rice, which spikes blood sugar, and seasoning packets that are typically very high in sodium."
sparkling mineral water,diabetes,neutral,
sparkling water,diabetes,neutral,
spelt flour,diabetes,negative,"While a whole grain, it is a concentrated source of carbohydrates that will raise blood sugar levels."
spicy brown mustard,diabetes,neutral,
spinach,diabetes,positive,"A non-starchy vegetable, extremely low in carbohydrates and high in fiber and nutrients, making it excellent for blood sugar control."
split pea,diabetes,positive,"High in fiber and protein, which helps slow digestion and prevent rapid blood sugar spikes."
sponge cake,diabetes,very negative,"Made with refined flour and large amounts of sugar, causing a rapid and significant spike in blood sugar."
spray,diabetes,neutral,
spring garlic,diabetes,positive,A low-carbohydrate vegetable that adds flavor without impacting blood sugar.
spring onion,diabetes,positive,A low-carbohydrate vegetable that adds flavor without impacting blood sugar.
spring roll wrapper,diabetes,negative,"Made from refined flour, these are high in simple carbohydrates that can quickly raise blood sugar."
spring water,diabetes,neutral,
sprinkle,diabetes,very negative,"Typically made of pure sugar, offering no nutritional value and causing a sharp rise in blood sugar."
squid,diabetes,positive,"A lean source of protein with no carbohydrates, so it does not raise blood sugar."
sriracha hot sauce,diabetes,negative,"Often contains added sugar and sodium, which can negatively impact blood sugar control and blood pressure."
sriracha sauce,diabetes,negative,"Often contains added sugar and sodium, which can negatively impact blood sugar control and blood pressure."
star anise,diabetes,neutral,
star anise pod,diabetes,neutral,
steelhead trout fillet,diabetes,positive,An excellent source of lean protein and heart-healthy omega-3 fatty acids with no carbohydrates.
stewed tomato,diabetes,negative,"Canned and stewed versions often contain added sugar and sodium, which are detrimental to diabetes management."
straw mushroom,diabetes,positive,A low-carbohydrate vegetable that is a good source of nutrients and has a minimal effect on blood sugar.
strawberry,diabetes,positive,"A low-glycemic fruit rich in fiber and antioxidants, which helps moderate its effect on blood sugar."
strawberry flavored syrup,diabetes,very negative,"Typically high in sugar or high-fructose corn syrup, causing a very rapid spike in blood sugar."
strawberry jam,diabetes,very negative,"Contains a high concentration of added sugar, which leads to a rapid increase in blood glucose levels."
string,diabetes,neutral,
sucralose sweetener,diabetes,positive,"A zero-calorie artificial sweetener that does not raise blood sugar levels, serving as a safe sugar substitute."
sugar,diabetes,very negative,"Directly and rapidly raises blood glucose levels, and is a primary substance to limit for diabetes management."
sugar based curing mixture,diabetes,very negative,"Contains high amounts of sugar and sodium, which are absorbed by the food and negatively impact blood sugar and blood pressure."
sugar crystal,diabetes,very negative,A form of pure sugar that will cause a rapid and significant spike in blood sugar.
sugar snap pea,diabetes,positive,"A good source of fiber, which helps to slow the absorption of its natural carbohydrates, leading to a moderate effect on blood sugar."
sultana raisin,diabetes,negative,"A dried fruit with a high concentration of natural sugar, which can cause a rapid increase in blood sugar levels."
sumac,diabetes,neutral,
sumac powder,diabetes,positive,Contains antioxidants and some studies suggest it may help lower blood sugar levels.
sun dried tomato,diabetes,positive,Low in carbohydrates and a good source of fiber and antioxidants.
sunflower oil,diabetes,neutral,
sunflower seed kernel,diabetes,positive,"Good source of healthy fats, fiber, and protein, which helps stabilize blood sugar."
sunflower seed oil,diabetes,neutral,
superfine sugar,diabetes,very negative,A refined sugar that causes a rapid and significant spike in blood glucose levels.
sushi rice,diabetes,negative,A refined carbohydrate with a high glycemic index that can cause sharp increases in blood sugar.
swanson chicken broth,diabetes,negative,"Often very high in sodium, which can negatively impact blood pressure, a common concern for people with diabetes."
swedish anchovy,diabetes,negative,"Very high in sodium, which can contribute to high blood pressure."
swedish arrack punsch,diabetes,very negative,"Contains both alcohol and high amounts of sugar, which can severely disrupt blood sugar control."
sweet bread roll,diabetes,very negative,"Made with refined flour and added sugar, leading to a rapid spike in blood sugar levels."
sweet cherry,diabetes,positive,"Contains fiber and antioxidants with a relatively low glycemic index, making it a good fruit choice in moderation."
sweet chili sauce,diabetes,very negative,"Very high in sugar content, which will cause a significant and rapid rise in blood sugar."
sweet corn,diabetes,negative,A starchy vegetable high in carbohydrates that can raise blood sugar levels if not eaten in moderation.
sweet corn kernel,diabetes,negative,A starchy vegetable high in carbohydrates that can raise blood sugar levels if not eaten in moderation.
sweet manioc starch,diabetes,very negative,A highly refined starch with a high glycemic index that can cause a rapid spike in blood sugar.
sweet onion,diabetes,positive,Low in carbohydrates and a good source of fiber and beneficial plant compounds.
sweet paprika,diabetes,neutral,
sweet pea,diabetes,positive,"Good source of fiber and protein, which helps to moderate its impact on blood sugar."
sweet potato,diabetes,positive,"A good source of fiber and nutrients with a lower glycemic index than white potatoes, leading to a slower rise in blood sugar."
sweet potato noodle,diabetes,negative,"Made from refined sweet potato starch, these noodles are high in carbohydrates and can raise blood sugar quickly."
sweet potato vermicelli,diabetes,negative,"Made from refined sweet potato starch, these noodles are high in carbohydrates and can raise blood sugar quickly."
sweet red chili sauce,diabetes,very negative,"Very high in sugar content, which will cause a significant and rapid rise in blood sugar."
sweet rice flour,diabetes,very negative,A highly refined flour with a very high glycemic index that causes a rapid spike in blood sugar.
sweet soy sauce,diabetes,very negative,"Contains a very high amount of added sugar, in addition to sodium, which will significantly raise blood sugar."
sweet spanish onion,diabetes,positive,Low in carbohydrates and a good source of fiber and beneficial plant compounds.
sweet thai basil,diabetes,positive,"Adds flavor without calories, carbs, or sodium, and contains beneficial plant compounds."
sweet yellow onion,diabetes,positive,Low in carbohydrates and a good source of fiber and beneficial plant compounds.
sweetened condensed milk,diabetes,very negative,"Extremely high in added sugar, causing a severe and rapid spike in blood glucose."
swiss chard,diabetes,positive,"A non-starchy, leafy green vegetable that is very low in carbohydrates and high in fiber and nutrients."
swiss cheese,diabetes,neutral,
szechuan peppercorn,diabetes,neutral,
table cream,diabetes,neutral,
taco seasoning mix,diabetes,negative,"Commercial mixes often contain added sugar, fillers, and high levels of sodium."
tahini,diabetes,positive,"Low in carbohydrates and a good source of healthy fats, protein, and fiber."
tahini paste,diabetes,positive,"Low in carbohydrates and a good source of healthy fats, protein, and fiber."
tamari,diabetes,negative,"Very high in sodium, which can negatively impact blood pressure."
tamari sauce,diabetes,negative,"Very high in sodium, which can negatively impact blood pressure."
tamarind concentrate,diabetes,neutral,
tamarind juice,diabetes,neutral,
tamarind paste,diabetes,neutral,
tamarind powder,diabetes,neutral,
tamarind soup base,diabetes,negative,Likely to be a processed product high in sodium and potentially added sugars.
tandoori masala,diabetes,neutral,
tangerine,diabetes,positive,A good source of fiber and vitamin C with a relatively low glycemic index.
tangerine zest,diabetes,positive,"Adds flavor without adding sugar, calories, or sodium."
tapioca flour,diabetes,very negative,A highly refined starch with a high glycemic index that causes a rapid spike in blood sugar.
tapioca starch,diabetes,very negative,A highly refined starch with a high glycemic index that causes a rapid spike in blood sugar.
tarama,diabetes,negative,Very high in sodium due to the curing process.
tarragon,diabetes,positive,"Adds flavor without calories, carbs, or sodium."
tart shell,diabetes,negative,"Made with refined flour and often sugar, which can cause blood sugar spikes."
tea biscuit,diabetes,negative,"High in refined carbohydrates and sugar, leading to increased blood glucose."
tempeh,diabetes,positive,"High in protein and fiber with low carbohydrates, which helps stabilize blood sugar levels."
tempura batter mix,diabetes,negative,"Made from refined flour, which has a high glycemic index and can raise blood sugar."
tequila,diabetes,negative,"Alcohol can interfere with blood sugar control and diabetes medications, potentially causing hypoglycemia."
teriyaki sauce,diabetes,negative,"Contains high amounts of sugar and sodium, which can lead to blood sugar spikes and affect blood pressure."
texas toast thick sliced bread,diabetes,negative,"Made from refined white flour and served in large portions, leading to a significant spike in blood sugar."
textured vegetable protein,diabetes,positive,"A high-protein, low-carbohydrate food that can help with blood sugar management."
thai basil,diabetes,neutral,
thai basil leaf,diabetes,neutral,
thai bird chile pepper,diabetes,neutral,
thai chile,diabetes,neutral,
thai chile pepper,diabetes,neutral,
thai fish sauce,diabetes,negative,"Very high in sodium, which can increase blood pressure, a common concern for individuals with diabetes."
thai green chile,diabetes,neutral,
thai red curry paste,diabetes,neutral,
thin rice noodle,diabetes,negative,"Made from refined rice flour, these noodles are high in carbohydrates and have a high glycemic index, causing rapid blood sugar increases."
thousand island salad dressing,diabetes,negative,"Often high in sugar, unhealthy fats, and sodium."
thyme,diabetes,neutral,
thyme leaf,diabetes,neutral,
tiger prawn,diabetes,positive,"A lean source of protein with no carbohydrates, which does not raise blood sugar levels."
tilapia,diabetes,positive,"A lean source of protein with no carbohydrates, beneficial for a diabetes-friendly diet."
tilapia fillet,diabetes,positive,"A lean source of protein with no carbohydrates, beneficial for a diabetes-friendly diet."
toenjang,diabetes,negative,"Extremely high in sodium, which is a concern for blood pressure management in people with diabetes."
tofu,diabetes,positive,A plant-based protein that is low in carbohydrates and helps in managing blood sugar.
tom yum paste,diabetes,negative,"Typically very high in sodium, which can negatively impact blood pressure."
tomato,diabetes,positive,"A non-starchy vegetable, low in carbohydrates and calories, and a good source of vitamins and fiber."
tomato juice,diabetes,negative,"Lacks the fiber of whole tomatoes and is often high in added sodium, leading to a quicker blood sugar response."
tomato paste,diabetes,neutral,
tomato puree,diabetes,neutral,
tomato sauce,diabetes,negative,Canned or jarred versions often contain significant amounts of added sugar and sodium.
tomato soup,diabetes,negative,Commercially prepared versions are typically high in added sugar and sodium.
toothpick,diabetes,neutral,
top round steak,diabetes,positive,"A lean source of protein with no carbohydrates, which helps with satiety and blood sugar control."
top sirloin steak,diabetes,positive,"A lean source of protein with no carbohydrates, which helps with satiety and blood sugar control."
triple sec,diabetes,very negative,"A liqueur with a very high sugar content, which will cause a rapid and significant spike in blood sugar."
tsaoko,diabetes,neutral,
tuna,diabetes,positive,"Rich in protein and healthy omega-3 fatty acids, with no carbs to affect blood sugar."
tuna steak,diabetes,positive,"Rich in protein and healthy omega-3 fatty acids, with no carbs to affect blood sugar."
turbinado sugar,diabetes,very negative,"A form of sugar that has the same negative impact on blood sugar levels as regular sugar, causing a sharp spike."
turkey,diabetes,positive,"A lean source of protein with no carbohydrates, ideal for blood sugar management."
turkey carcass,diabetes,neutral,
turkey hot dog,diabetes,negative,"A processed meat product, often high in sodium and unhealthy fats, which are detrimental to cardiovascular health."
turkey leg,diabetes,positive,A good source of protein with no carbohydrates.
turkish bay leaf,diabetes,neutral,
turmeric,diabetes,positive,"Contains curcumin, which has anti-inflammatory properties and may help improve insulin sensitivity."
turmeric root,diabetes,positive,"Contains curcumin, which has anti-inflammatory properties and may help improve insulin sensitivity."
turnip,diabetes,positive,"A non-starchy root vegetable, lower in carbohydrates and higher in fiber than potatoes, making it a good choice for blood sugar control."
tzatziki sauce,diabetes,positive,"Typically made with Greek yogurt, which is high in protein, and is a healthy choice if made without added sugars."
ube,diabetes,negative,A starchy vegetable high in carbohydrates that can significantly raise blood sugar levels if not consumed in moderation.
udon noodle,diabetes,negative,"Made from refined wheat flour, which is high in carbohydrates and can cause a rapid spike in blood sugar."
unbleached all purpose flour,diabetes,negative,A refined carbohydrate that is quickly digested and can cause a sharp increase in blood sugar levels.
unbleached flour,diabetes,negative,A refined carbohydrate that is quickly digested and can cause a sharp increase in blood sugar levels.
unflavored gelatin,diabetes,neutral,
unsalted butter,diabetes,neutral,"Primarily fat, which does not directly raise blood sugar. However, it is high in saturated fat and should be consumed in moderation."
unsweetened baking chocolate,diabetes,positive,"Low in sugar and contains flavonoids, which may improve insulin sensitivity. Should be consumed in moderation due to fat content."
unsweetened chocolate,diabetes,positive,"Low in sugar and contains flavonoids, which may improve insulin sensitivity. Should be consumed in moderation due to fat content."
unsweetened cocoa,diabetes,positive,"Rich in flavonoids and fiber with no added sugar, which can help with blood sugar control and insulin sensitivity."
unsweetened cocoa powder,diabetes,positive,"Rich in flavonoids and fiber with no added sugar, which can help with blood sugar control and insulin sensitivity."
unsweetened coconut flake,diabetes,neutral,"Contains fiber and fat which can slow sugar absorption, but should be used in moderation due to calorie and saturated fat content."
unsweetened flaked coconut,diabetes,neutral,"Contains fiber and fat which can slow sugar absorption, but should be used in moderation due to calorie and saturated fat content."
vanilla,diabetes,neutral,
vanilla bean,diabetes,neutral,
vanilla bean ice cream,diabetes,very negative,"Very high in sugar and saturated fat, causing a significant and rapid spike in blood sugar."
vanilla custard powder,diabetes,negative,"Typically contains cornstarch and added sugar, which are refined carbohydrates that can raise blood sugar."
vanilla extract,diabetes,neutral,
vanilla ice cream,diabetes,very negative,"Very high in sugar and saturated fat, causing a significant and rapid spike in blood sugar."
vanilla powder,diabetes,negative,"Often contains added sugar or maltodextrin as a bulking agent, which can raise blood sugar."
vanilla pudding mix,diabetes,very negative,"High in sugar and refined starches, leading to a rapid increase in blood sugar."
vanilla rum,diabetes,negative,"Contains alcohol, which can unpredictably affect blood sugar, and is often sweetened with added sugar."
vanilla sugar,diabetes,very negative,"It is primarily sugar, which directly and rapidly increases blood sugar levels."
veal,diabetes,neutral,
veal cutlet,diabetes,neutral,
veal stock,diabetes,neutral,
vegan butter,diabetes,neutral,"Primarily fat, which does not directly raise blood sugar. Composition varies, so check for hydrogenated oils."
vegan margarine,diabetes,neutral,"Primarily fat, which does not directly raise blood sugar. Composition varies, so check for hydrogenated oils."
vegan white cheese,diabetes,neutral,
vegetable bouillon,diabetes,neutral,
vegetable bouillon powder,diabetes,neutral,
vegetable broth,diabetes,neutral,
vegetable juice,diabetes,negative,"Lacks the fiber of whole vegetables and can be high in natural sugars, leading to a quick rise in blood sugar."
vegetable oil,diabetes,neutral,
vegetable shortening,diabetes,negative,"A highly processed fat that can contain trans fats, which are detrimental to cardiovascular health, a key concern for people with diabetes."
vegetable stock,diabetes,neutral,
vegetarian fish sauce,diabetes,neutral,
vietnamese fish sauce,diabetes,neutral,
vietnamese style rice noodle,diabetes,negative,"Made from refined rice flour, a high-glycemic carbohydrate that can cause a rapid spike in blood sugar."
vine ripened tomato,diabetes,positive,"A non-starchy vegetable, low in carbohydrates and a good source of fiber and nutrients."
vinegar,diabetes,positive,Studies suggest it may help improve insulin sensitivity and lower the blood sugar response to a meal.
vino seco,diabetes,neutral,"Dry wine is low in sugar, but alcohol can have unpredictable effects on blood sugar and should be consumed in moderation."
violet food coloring,diabetes,neutral,
vodka,diabetes,neutral,"Contains no carbohydrates, but alcohol can have unpredictable effects on blood sugar and should be consumed in moderation."
wakame,diabetes,positive,A type of seaweed that is low in calories and carbohydrates but rich in fiber and nutrients.
wakame seaweed flake,diabetes,positive,Low in calories and carbohydrates but rich in fiber and nutrients.
walleye fillet,diabetes,positive,Excellent source of lean protein and omega-3 fatty acids with no carbohydrates.
walnut,diabetes,positive,"Rich in healthy fats, fiber, and protein, which can help improve blood sugar control and insulin sensitivity."
walnut half,diabetes,positive,"Rich in healthy fats, fiber, and protein, which can help improve blood sugar control and insulin sensitivity."
walnut piece,diabetes,positive,"Rich in healthy fats, fiber, and protein, which can help improve blood sugar control and insulin sensitivity."
wasabi paste,diabetes,neutral,"Used in very small amounts; commercial versions may contain starch, but the impact is typically negligible."
water,diabetes,positive,"Essential for hydration and overall health, helps manage blood sugar levels, and contains no calories or sugar."
water chestnut,diabetes,positive,"Good source of fiber and has a low glycemic index, helping to manage blood sugar levels."
watercress,diabetes,positive,"A non-starchy vegetable, very low in carbohydrates and calories, with a minimal impact on blood sugar."
watermelon,diabetes,neutral,
wax bean,diabetes,positive,"A non-starchy vegetable, high in fiber and low in carbohydrates, which helps regulate blood sugar."
waxy potato,diabetes,negative,A starchy vegetable with a moderate glycemic index that can raise blood sugar levels; portion control is crucial.
wedge,diabetes,negative,"Typically made from potato, a starchy vegetable, and often fried, increasing fat and calories which can negatively impact blood sugar and heart health."
well,diabetes,neutral,
wheat,diabetes,positive,"In its whole form, it is a good source of fiber, which slows down the absorption of sugar and helps control blood glucose levels."
wheat germ,diabetes,positive,"Rich in fiber, vitamins, and healthy fats, which can help improve glycemic control and heart health."
whipped cream,diabetes,very negative,"High in saturated fat and typically contains large amounts of added sugar, contributing to insulin resistance and high blood sugar."
whipped topping,diabetes,very negative,"Usually high in sugar, unhealthy fats (like hydrogenated oils), and empty calories, which can sharply increase blood sugar."
whipping cream,diabetes,negative,"Very high in saturated fat, which can contribute to insulin resistance and cardiovascular issues, a common complication of diabetes."
whiskey,diabetes,negative,"Alcohol can interfere with blood sugar control and diabetes medications, potentially causing dangerous hypoglycemia or hyperglycemia."
white anchovy,diabetes,positive,"Excellent source of lean protein and omega-3 fatty acids, which have no impact on blood sugar and support heart health."
white asparagus,diabetes,positive,"A non-starchy vegetable, low in carbohydrates and high in fiber, with minimal effect on blood sugar."
white balsamic vinegar,diabetes,positive,Vinegar may help improve insulin sensitivity and lower the glycemic response to a meal.
white bean,diabetes,positive,"High in plant-based protein and fiber, which helps to slow digestion and stabilize blood sugar levels."
white bread,diabetes,very negative,"A refined carbohydrate with a high glycemic index and little fiber, causing a rapid spike in blood sugar levels."
white chocolate,diabetes,very negative,"Extremely high in sugar and saturated fat with no nutritional benefits, leading to sharp increases in blood sugar."
white cornmeal,diabetes,negative,"A refined carbohydrate that is digested quickly, leading to a significant rise in blood sugar levels."
white fish fillet,diabetes,positive,"A great source of lean protein with no carbohydrates, which does not raise blood sugar and supports muscle health."
white flour,diabetes,very negative,"A highly refined carbohydrate stripped of fiber and nutrients, causing a very rapid and high spike in blood sugar."
white miso,diabetes,positive,"A fermented food with a low glycemic index; may offer probiotic benefits, but should be used in moderation due to sodium content."
white mushroom,diabetes,positive,"A non-starchy vegetable, very low in calories and carbohydrates, having a negligible effect on blood sugar."
white onion,diabetes,positive,A low-carbohydrate vegetable that adds flavor without impacting blood sugar levels.
white pea bean,diabetes,positive,"A legume rich in fiber and protein, which helps to manage blood sugar by slowing down carbohydrate absorption."
white peach,diabetes,neutral,
white pepper,diabetes,neutral,
white peppercorn,diabetes,neutral,
white potato,diabetes,negative,A starchy vegetable with a high glycemic index that can cause a rapid increase in blood sugar levels.
white radish,diabetes,positive,"A non-starchy root vegetable, low in carbohydrates and high in fiber, making it a good choice for blood sugar management."
white rice,diabetes,very negative,A refined grain with a high glycemic index that is quickly digested and causes a sharp spike in blood sugar.
white rum,diabetes,negative,"Alcohol can interfere with blood sugar control and diabetes medications, potentially causing dangerous hypoglycemia or hyperglycemia."
white sandwich bread,diabetes,very negative,"A refined carbohydrate with a high glycemic index and little fiber, causing a rapid spike in blood sugar levels."
white sesame seed,diabetes,positive,"Good source of healthy fats, fiber, and magnesium, which can help improve insulin sensitivity."
white sugar,diabetes,very negative,A simple sugar with no nutritional value that causes a very rapid and significant spike in blood sugar levels.
white vinegar,diabetes,positive,Vinegar may help improve insulin sensitivity and lower the glycemic response to a meal.
white wine,diabetes,negative,"Contains alcohol and sugar, which can disrupt blood sugar control and add empty calories."
white wine vinegar,diabetes,positive,Vinegar may help improve insulin sensitivity and lower the glycemic response to a meal.
whitefish fillet,diabetes,positive,"A great source of lean protein with no carbohydrates, which does not raise blood sugar and supports muscle health."
whole beef rib,diabetes,negative,"High in saturated fat, which can contribute to insulin resistance and increase the risk of heart disease."
whole chicken,diabetes,positive,A good source of lean protein (especially without the skin) that does not raise blood sugar and promotes satiety.
whole milk,diabetes,negative,"Contains saturated fat, which can negatively impact heart health and insulin sensitivity. Lower-fat milk is a better choice."
whole milk mozzarella cheese,diabetes,negative,"High in saturated fat, which can contribute to cardiovascular issues. Part-skim versions are a better option."
whole rye flour,diabetes,positive,"A whole grain flour that is typically high in fiber and has a lower glycemic index than refined flours, leading to better blood sugar control."
whole wheat berry,diabetes,positive,"An intact whole grain, extremely high in fiber, which significantly slows down sugar absorption and helps manage blood glucose."
whole wheat bread,diabetes,positive,"Made from whole grains, it provides fiber that helps slow the rise in blood sugar compared to white bread."
whole wheat bread crumb,diabetes,positive,"Made from whole wheat, providing more fiber than white bread crumbs for better blood sugar management."
whole wheat flour,diabetes,positive,"A whole grain flour that retains fiber and nutrients, resulting in a slower, more moderate impact on blood sugar than white flour."
wide egg noodle,diabetes,negative,"Usually made from refined white flour, which has a high glycemic index and can cause a rapid increase in blood sugar."
wild duck,diabetes,positive,A lean source of protein which helps with satiety and does not raise blood sugar levels.
wildflower honey,diabetes,very negative,A simple sugar that causes a rapid and significant spike in blood glucose levels.
wine vinegar,diabetes,positive,May help improve insulin sensitivity and lower the glycemic response of a meal.
wonton wrapper,diabetes,negative,"Made from refined flour, a high-glycemic carbohydrate that can quickly raise blood sugar."
wood chip,diabetes,neutral,
wood chunk,diabetes,neutral,
wood ear mushroom,diabetes,positive,"Low in carbohydrates and calories, and a good source of fiber, which helps regulate blood sugar."
wood fungus mushroom,diabetes,positive,"Low in carbohydrates and calories, and a good source of fiber, which helps regulate blood sugar."
wood skewer,diabetes,neutral,
worcestershire sauce,diabetes,negative,"Often contains added sugar and high levels of sodium, which should be limited."
xylitol,diabetes,positive,A sugar substitute with a very low glycemic index that does not significantly impact blood sugar levels.
yautia,diabetes,negative,A starchy root vegetable high in carbohydrates that can significantly raise blood sugar.
yeast,diabetes,neutral,
yeasted puff pastry,diabetes,very negative,"Made with refined flour and high amounts of fat, causing a large spike in blood sugar and being detrimental to heart health."
yellow bell pepper,diabetes,positive,"A non-starchy vegetable, low in carbohydrates and high in fiber and vitamins."
yellow cake mix,diabetes,very negative,"Extremely high in refined sugar and white flour, causing a very rapid and high spike in blood sugar."
yellow chili pepper,diabetes,positive,Low in carbohydrates and calories; capsaicin may have metabolic benefits.
yellow food coloring,diabetes,neutral,
yellow lentil,diabetes,positive,"A complex carbohydrate rich in fiber and protein, leading to a slow, gradual rise in blood sugar."
yellow onion,diabetes,positive,A low-carbohydrate vegetable that adds flavor and contains beneficial plant compounds.
yellow plantain,diabetes,negative,"A starchy fruit that is high in carbohydrates and sugar, which can raise blood sugar levels, especially when ripe."
yellow saffron rice,diabetes,negative,"Typically made with white rice, a refined carbohydrate with a high glycemic index that can spike blood sugar."
yellow split pea,diabetes,positive,"A complex carbohydrate rich in fiber and protein, which helps manage blood sugar levels."
yellow squash,diabetes,positive,"A non-starchy vegetable, low in carbohydrates and a good source of fiber."
yellow tomato,diabetes,positive,A low-carbohydrate fruit with beneficial vitamins and antioxidants.
yogurt,diabetes,positive,"Plain, unsweetened yogurt is a good source of protein and probiotics, which can be beneficial for blood sugar control."
yuca,diabetes,very negative,"A very starchy root vegetable with a high carbohydrate content and high glycemic index, causing a significant blood sugar spike."
yuca cassava root,diabetes,very negative,"A very starchy root vegetable with a high carbohydrate content and high glycemic index, causing a significant blood sugar spike."
yukon gold potato,diabetes,negative,A starchy vegetable high in carbohydrates that can cause a significant rise in blood sugar levels.
zaatar,diabetes,positive,"A spice blend that adds flavor without calories, carbohydrates, or sugar, and contains beneficial herbs."
zapallo squash,diabetes,positive,"A starchy vegetable that also contains a good amount of fiber, leading to a more moderate impact on blood sugar than other starches."
ziti pasta,diabetes,negative,"Typically made from refined flour, a high-glycemic carbohydrate that can cause a rapid increase in blood sugar."
zucchini,diabetes,positive,A non-starchy vegetable that is very low in carbohydrates and high in fiber.
acacia honey,cardiovascular disease,negative,"A source of free sugars, which can increase triglycerides and other cardiovascular risk factors when consumed in excess."
achiote,cardiovascular disease,neutral,
achiote seed,cardiovascular disease,neutral,
active dry yeast,cardiovascular disease,neutral,
adobo sauce,cardiovascular disease,negative,"Typically very high in sodium, which can raise blood pressure, a major risk factor for cardiovascular disease."
adobo seasoning,cardiovascular disease,negative,"A salt-based seasoning, making it very high in sodium, which can raise blood pressure."
aji amarillo,cardiovascular disease,positive,"Contains capsaicin and antioxidants, which may improve blood flow and reduce inflammation."
aji amarillo chile paste,cardiovascular disease,negative,"Processed pastes are often very high in added sodium, a risk factor for high blood pressure."
aji amarillo chili paste,cardiovascular disease,negative,"Processed pastes are often very high in added sodium, a risk factor for high blood pressure."
aji amarillo pepper,cardiovascular disease,positive,"Contains capsaicin and antioxidants, which may improve blood flow and reduce inflammation."
aji chile,cardiovascular disease,positive,"Chili peppers contain capsaicin, which has anti-inflammatory properties and may support heart health."
aji dulce pepper,cardiovascular disease,positive,A good source of vitamins and antioxidants with anti-inflammatory benefits.
aji pepper,cardiovascular disease,positive,"Chili peppers contain capsaicin, which has anti-inflammatory properties and may support heart health."
ajies dulce pepper,cardiovascular disease,positive,A good source of vitamins and antioxidants with anti-inflammatory benefits.
ale,cardiovascular disease,negative,"Excessive alcohol consumption can lead to high blood pressure, heart failure, and increased triglycerides."
aleppo chile,cardiovascular disease,positive,"Contains capsaicin and antioxidants, which may improve blood flow and reduce inflammation."
aleppo chili flake,cardiovascular disease,positive,"Contains capsaicin and antioxidants, which may improve blood flow and reduce inflammation."
aleppo pepper flake,cardiovascular disease,positive,"Contains capsaicin and antioxidants, which may improve blood flow and reduce inflammation."
aleppo red pepper flake,cardiovascular disease,positive,"Contains capsaicin and antioxidants, which may improve blood flow and reduce inflammation."
all purpose flour,cardiovascular disease,negative,"A refined carbohydrate that lacks fiber and can contribute to higher blood sugar and triglycerides, increasing heart disease risk."
allspice,cardiovascular disease,neutral,
allspice berry,cardiovascular disease,neutral,
almond,cardiovascular disease,positive,"Rich in monounsaturated fats, fiber, and vitamin E, which help lower LDL (bad) cholesterol and support heart health."
almond extract,cardiovascular disease,neutral,
almond flour,cardiovascular disease,positive,"Made from ground almonds, it retains heart-healthy fats and nutrients and is a better alternative to refined flour."
almond half,cardiovascular disease,positive,"Rich in monounsaturated fats, fiber, and vitamin E, which help lower LDL (bad) cholesterol and support heart health."
almond meal,cardiovascular disease,positive,"Made from ground almonds, it retains heart-healthy fats and nutrients and is a better alternative to refined flour."
almond milk,cardiovascular disease,neutral,"Unsweetened versions are low in saturated fat and calories, but also low in most beneficial nutrients. Its impact is largely neutral."
almond paste,cardiovascular disease,negative,"Very high in added sugar, which is a significant risk factor for cardiovascular disease."
almond sliver,cardiovascular disease,positive,"Rich in monounsaturated fats, fiber, and vitamin E, which help lower LDL (bad) cholesterol and support heart health."
aluminum foil,cardiovascular disease,neutral,
amaretto liqueur,cardiovascular disease,negative,"Contains both alcohol and high amounts of sugar, which are risk factors for cardiovascular disease."
american cheese,cardiovascular disease,very negative,"Highly processed and very high in both sodium and saturated fat, which contribute to high blood pressure and high cholesterol."
ancho chile pepper,cardiovascular disease,positive,"Contains capsaicin and antioxidants, which have anti-inflammatory properties beneficial for heart health."
ancho chili powder,cardiovascular disease,positive,"Contains capsaicin and antioxidants, which have anti-inflammatory properties beneficial for heart health."
anchovy,cardiovascular disease,positive,"Excellent source of heart-healthy omega-3 fatty acids, which can lower triglycerides and blood pressure. Often high in sodium, so use in moderation."
anchovy fillet,cardiovascular disease,positive,"Excellent source of heart-healthy omega-3 fatty acids, which can lower triglycerides and blood pressure. Often high in sodium, so use in moderation."
angostura bitter,cardiovascular disease,neutral,
anise extract,cardiovascular disease,neutral,
anise oil,cardiovascular disease,neutral,
anise seed,cardiovascular disease,neutral,
anise seed powder,cardiovascular disease,neutral,
annatto powder,cardiovascular disease,neutral,
annatto seed,cardiovascular disease,neutral,
apple,cardiovascular disease,positive,"High in soluble fiber (pectin) and flavonoids, which help lower cholesterol and reduce heart disease risk."
apple brandy,cardiovascular disease,negative,Excessive alcohol consumption is a significant risk factor for high blood pressure and other cardiovascular problems.
apple cider,cardiovascular disease,negative,"Typically high in sugar without the fiber of whole apples, contributing to increased cardiovascular risk."
apple cider vinegar,cardiovascular disease,positive,Some studies suggest it may help lower cholesterol and blood pressure in moderation as part of a healthy diet.
apple juice,cardiovascular disease,negative,"A concentrated source of sugar without the beneficial fiber of whole fruit, linked to negative cardiovascular outcomes."
apple pie filling,cardiovascular disease,very negative,"Extremely high in added sugar and often contains refined starches, contributing to multiple cardiovascular risk factors."
applesauce,cardiovascular disease,positive,A good source of fiber and potassium. Choose unsweetened varieties to avoid added sugars.
apricot,cardiovascular disease,positive,"Rich in fiber, potassium, and antioxidants, which help manage blood pressure and cholesterol."
apricot jam,cardiovascular disease,negative,"Typically very high in added sugar, which can contribute to weight gain, inflammation, and elevated triglycerides."
apricot jelly,cardiovascular disease,negative,"Typically very high in added sugar, which can contribute to weight gain, inflammation, and elevated triglycerides."
apricot preserve,cardiovascular disease,negative,"Typically very high in added sugar, which can contribute to weight gain, inflammation, and elevated triglycerides."
arborio rice,cardiovascular disease,negative,"A refined carbohydrate with a high glycemic index, which can negatively impact blood sugar and triglyceride levels."
artichoke heart,cardiovascular disease,positive,"Excellent source of fiber and potassium, which support blood pressure and cholesterol management."
arugula,cardiovascular disease,positive,"A leafy green rich in dietary nitrates, which can help lower blood pressure."
asafoetida powder,cardiovascular disease,neutral,
asiago cheese,cardiovascular disease,negative,"High in sodium and saturated fat, which can increase blood pressure and LDL (bad) cholesterol."
asian fish sauce,cardiovascular disease,negative,"Extremely high in sodium, which can significantly raise blood pressure."
asian five spice powder,cardiovascular disease,neutral,
asian pear,cardiovascular disease,positive,"Provides dietary fiber and potassium, which are beneficial for blood pressure and heart health."
asparagus,cardiovascular disease,positive,"Contains fiber, folate, and potassium, which support heart health by managing blood pressure and homocysteine levels."
asturian fabada bean,cardiovascular disease,positive,"All beans are high in soluble fiber, which helps lower LDL (bad) cholesterol."
avocado,cardiovascular disease,positive,"Rich in heart-healthy monounsaturated fats and potassium, which help lower bad cholesterol and blood pressure."
baby bella mushroom,cardiovascular disease,positive,"Provides potassium and fiber, and is low in sodium, supporting healthy blood pressure."
baby bok choy,cardiovascular disease,positive,A leafy green vegetable rich in vitamins and minerals that support overall cardiovascular health.
baby carrot,cardiovascular disease,positive,"A source of fiber and antioxidants like beta-carotene, which are beneficial for heart health."
baby corn ear,cardiovascular disease,positive,A vegetable that provides fiber and is low in fat and sodium.
baby pea,cardiovascular disease,positive,"Rich in fiber and plant-based protein, which can help manage cholesterol and blood pressure."
baby potato,cardiovascular disease,positive,"A good source of potassium, which helps regulate blood pressure. Best consumed with the skin on."
baby red potato,cardiovascular disease,positive,"A good source of potassium, which helps regulate blood pressure. Best consumed with the skin on."
baby spinach leaf,cardiovascular disease,positive,"Rich in nitrates, potassium, and magnesium, which help lower blood pressure and support heart function."
bacon,cardiovascular disease,very negative,"Extremely high in saturated fat and sodium, and is a processed meat linked to increased cardiovascular disease risk."
bacon dripping,cardiovascular disease,very negative,"A concentrated source of saturated fat and sodium, which significantly raises LDL cholesterol and blood pressure."
bacon strip,cardiovascular disease,very negative,"Extremely high in saturated fat and sodium, and is a processed meat linked to increased cardiovascular disease risk."
bakers ammonia,cardiovascular disease,neutral,
baking potato,cardiovascular disease,positive,"Excellent source of potassium, which is crucial for managing blood pressure."
baking powder,cardiovascular disease,negative,"Contains sodium, which can contribute to high blood pressure when consumed in excess."
baking soda,cardiovascular disease,negative,"Is a source of sodium (sodium bicarbonate), which can contribute to high blood pressure."
balsamic vinegar,cardiovascular disease,positive,Contains antioxidants and may help improve cholesterol levels and blood pressure.
bamboo shoot,cardiovascular disease,positive,"High in fiber and potassium, which are beneficial for blood pressure and cholesterol management."
bamboo skewer,cardiovascular disease,neutral,
banana,cardiovascular disease,positive,"Very high in potassium, a key mineral for controlling blood pressure."
banana extract,cardiovascular disease,neutral,
banana pepper,cardiovascular disease,positive,"A vegetable providing vitamins and capsaicin, which may have modest benefits for circulation."
barbecue sauce,cardiovascular disease,negative,"Usually high in both added sugar and sodium, which can negatively impact blood pressure and triglycerides."
barberry,cardiovascular disease,positive,"Contains berberine, a compound that may help lower cholesterol and blood sugar levels."
basil,cardiovascular disease,positive,Rich in antioxidants and anti-inflammatory compounds that support cardiovascular health.
basil leaf,cardiovascular disease,positive,Rich in antioxidants and anti-inflammatory compounds that support cardiovascular health.
basmati rice,cardiovascular disease,negative,A refined carbohydrate that can raise blood sugar levels; whole grain alternatives are better for heart health.
bavarian style sauerkraut,cardiovascular disease,negative,"While fermented, it is typically extremely high in sodium, which can significantly raise blood pressure."
bay leaf,cardiovascular disease,neutral,
bay powder,cardiovascular disease,neutral,
bean,cardiovascular disease,positive,"Excellent source of soluble fiber, which actively lowers LDL (bad) cholesterol, and potassium."
bean sprout,cardiovascular disease,positive,A low-calorie vegetable that provides fiber and nutrients without sodium or unhealthy fats.
bean thread,cardiovascular disease,neutral,A refined starch noodle with minimal fiber or nutrients; its impact is minor compared to other refined grains.
beef,cardiovascular disease,negative,"Can be high in saturated fat, which raises LDL (bad) cholesterol. Lean cuts in moderation are a better choice."
beef base,cardiovascular disease,negative,"A concentrated flavoring that is typically very high in sodium, which contributes to high blood pressure."
beef birria,cardiovascular disease,negative,"Typically made with fatty cuts of beef, high in saturated fat and sodium, which can increase cholesterol and blood pressure."
beef bouillon,cardiovascular disease,very negative,"Extremely high in sodium, which is a major contributor to high blood pressure."
beef bouillon cube,cardiovascular disease,very negative,"Extremely high in sodium, which is a major contributor to high blood pressure."
beef bouillon granule,cardiovascular disease,very negative,"Extremely high in sodium, which is a major contributor to high blood pressure."
beef broth,cardiovascular disease,negative,"Commercial versions are typically very high in sodium, which can raise blood pressure."
beef chuck,cardiovascular disease,negative,"A fatty cut of red meat, high in saturated fat which can raise LDL ('bad') cholesterol levels."
beef chuck roast,cardiovascular disease,negative,"A fatty cut of red meat, high in saturated fat which can raise LDL ('bad') cholesterol levels."
beef consomme,cardiovascular disease,very negative,"Typically extremely high in sodium, which is a major contributor to high blood pressure."
beef cube steak,cardiovascular disease,negative,"A cut of red meat; while often lean, red meat consumption is associated with increased cardiovascular risk."
beef eye of round roast,cardiovascular disease,negative,"A lean cut of red meat; while lower in saturated fat, high consumption of red meat is linked to cardiovascular risk."
beef fat,cardiovascular disease,very negative,"Primarily composed of saturated fat, which directly contributes to elevated LDL ('bad') cholesterol and atherosclerosis."
beef flank steak,cardiovascular disease,negative,"A lean cut of red meat; while lower in saturated fat, high consumption of red meat is linked to cardiovascular risk."
beef gravy,cardiovascular disease,very negative,Typically very high in both saturated fat (from drippings) and sodium.
beef oxtail,cardiovascular disease,negative,"A very fatty and gelatinous cut of meat, high in saturated fat."
beef pot roast,cardiovascular disease,negative,"Often made with fatty cuts of beef (like chuck), making it high in saturated fat."
beef ravioli,cardiovascular disease,negative,"A processed food, typically high in sodium, saturated fat, and refined carbohydrates."
beef rib eye steak,cardiovascular disease,very negative,"A heavily marbled cut of beef, making it extremely high in saturated fat."
beef roast,cardiovascular disease,negative,"A general term for red meat, which is high in saturated fat and linked to increased cardiovascular risk."
beef round,cardiovascular disease,negative,"A lean cut of red meat; while lower in saturated fat, high consumption of red meat is linked to cardiovascular risk."
beef round steak,cardiovascular disease,negative,"A lean cut of red meat; while lower in saturated fat, high consumption of red meat is linked to cardiovascular risk."
beef rump roast,cardiovascular disease,negative,"A moderately fatty cut of red meat, high in saturated fat."
beef short rib,cardiovascular disease,very negative,"A very fatty cut of beef, extremely high in saturated fat."
beef shoulder,cardiovascular disease,negative,"A moderately fatty cut of red meat, high in saturated fat."
beef sirloin,cardiovascular disease,negative,"A lean cut of red meat; while lower in saturated fat, high consumption of red meat is linked to cardiovascular risk."
beef sirloin steak,cardiovascular disease,negative,"A lean cut of red meat; while lower in saturated fat, high consumption of red meat is linked to cardiovascular risk."
beef skirt steak,cardiovascular disease,negative,"A moderately fatty cut of red meat, high in saturated fat."
beef soup bone,cardiovascular disease,negative,Contributes saturated fat from marrow and is used to make high-sodium broths.
beef steak,cardiovascular disease,negative,"A general term for red meat, which is high in saturated fat and linked to increased cardiovascular risk."
beef stew meat,cardiovascular disease,negative,"Often from fatty cuts like chuck, making it high in saturated fat."
beef stock,cardiovascular disease,negative,"Commercial versions are typically very high in sodium, which can raise blood pressure."
beef tenderloin,cardiovascular disease,negative,"A very lean cut of red meat; while lower in saturated fat, high consumption of red meat is linked to cardiovascular risk."
beef tenderloin steak,cardiovascular disease,negative,"A very lean cut of red meat; while lower in saturated fat, high consumption of red meat is linked to cardiovascular risk."
beef tongue,cardiovascular disease,very negative,Extremely high in saturated fat and cholesterol.
beef top round steak,cardiovascular disease,negative,"A very lean cut of red meat; while lower in saturated fat, high consumption of red meat is linked to cardiovascular risk."
beef top sirloin,cardiovascular disease,negative,"A lean cut of red meat; while lower in saturated fat, high consumption of red meat is linked to cardiovascular risk."
beef top sirloin steak,cardiovascular disease,negative,"A lean cut of red meat; while lower in saturated fat, high consumption of red meat is linked to cardiovascular risk."
beef tri tip,cardiovascular disease,negative,"A moderately lean cut of red meat; while lower in saturated fat, high consumption of red meat is linked to cardiovascular risk."
beer,cardiovascular disease,negative,"Excessive alcohol consumption can lead to high blood pressure, heart failure, and increased triglycerides."
beet,cardiovascular disease,positive,"Rich in dietary nitrates, which can help lower blood pressure and improve blood flow."
belacan,cardiovascular disease,very negative,"A fermented shrimp paste that is extremely high in sodium, a major contributor to high blood pressure."
belacan shrimp paste,cardiovascular disease,very negative,"A fermented shrimp paste that is extremely high in sodium, a major contributor to high blood pressure."
bell pepper,cardiovascular disease,positive,"Excellent source of potassium, fiber, and antioxidants like vitamin C, which support heart health."
birds eye chile,cardiovascular disease,positive,"Contains capsaicin, which may help improve circulation and reduce cholesterol."
bitter melon,cardiovascular disease,positive,"Studies suggest it may help lower cholesterol and blood sugar levels, both of which are risk factors for heart disease."
bitter orange marinade,cardiovascular disease,negative,"Bitter orange contains synephrine, which can increase heart rate and blood pressure. Marinades are also often high in sodium."
bitter,cardiovascular disease,neutral,
bittersweet chocolate,cardiovascular disease,positive,"Rich in flavanols (especially with >70% cocoa), which can help lower blood pressure and improve blood vessel function."
black bean,cardiovascular disease,positive,"High in soluble fiber, which helps lower cholesterol, and rich in heart-healthy minerals like magnesium and potassium."
black bean paste,cardiovascular disease,negative,"Often prepared with high amounts of sodium, which can increase blood pressure."
black bean sauce,cardiovascular disease,very negative,"Commercially prepared sauces are typically extremely high in sodium, a major contributor to high blood pressure."
black cardamom,cardiovascular disease,positive,Contains antioxidants and has been studied for potential benefits in lowering blood pressure.
black cardamom pod,cardiovascular disease,positive,Contains antioxidants and has been studied for potential benefits in lowering blood pressure.
black cardamom seed,cardiovascular disease,positive,Contains antioxidants and has been studied for potential benefits in lowering blood pressure.
black cumin,cardiovascular disease,positive,"Studies suggest it may help lower blood pressure, cholesterol, and inflammation."
black cumin seed,cardiovascular disease,positive,"Studies suggest it may help lower blood pressure, cholesterol, and inflammation."
black garbanzo bean,cardiovascular disease,positive,"A legume high in fiber, which helps lower cholesterol and supports heart health."
black italian olive,cardiovascular disease,negative,"While a source of monounsaturated fats, olives are typically cured in brine, making them very high in sodium, a risk factor for high blood pressure."
black mustard seed,cardiovascular disease,positive,Contains heart-healthy omega-3 fatty acids (ALA) and anti-inflammatory compounds.
black olive,cardiovascular disease,negative,"While a source of monounsaturated fats, olives are typically cured in brine, making them very high in sodium, a risk factor for high blood pressure."
black pepper,cardiovascular disease,positive,"Contains piperine, an antioxidant that may help manage cholesterol levels and reduce inflammation."
black peppercorn,cardiovascular disease,positive,"Contains piperine, an antioxidant that may help manage cholesterol levels and reduce inflammation."
black sesame seed,cardiovascular disease,positive,"Rich in healthy fats, fiber, and minerals like magnesium that support blood pressure control."
black soy sauce,cardiovascular disease,very negative,"Extremely high in sodium, which is a primary driver of high blood pressure and cardiovascular strain."
black tea,cardiovascular disease,positive,"Contains flavonoids, which are antioxidants linked to improved cholesterol levels and better blood vessel function."
black tea leaf,cardiovascular disease,positive,"Contains flavonoids, which are antioxidants linked to improved cholesterol levels and better blood vessel function."
black treacle,cardiovascular disease,negative,"A concentrated form of added sugar. High sugar intake is linked to increased triglycerides, inflammation, and heart disease risk."
blackberry,cardiovascular disease,positive,Rich in fiber and heart-protective antioxidants called anthocyanins.
blood sausage,cardiovascular disease,very negative,"A processed meat that is typically very high in saturated fat, cholesterol, and sodium, all major risk factors for cardiovascular disease."
blue food coloring,cardiovascular disease,neutral,
blueberry,cardiovascular disease,positive,"High in anthocyanins, antioxidants known to help lower blood pressure and improve blood vessel elasticity."
bok choy,cardiovascular disease,positive,"A nutrient-dense, low-calorie leafy green vegetable that is a key component of a heart-healthy diet."
bologna slice,cardiovascular disease,very negative,"A highly processed meat, very high in sodium, saturated fat, and preservatives linked to heart disease."
bone in beef shank,cardiovascular disease,negative,"Red meat is a source of saturated fat, and high consumption is associated with an increased risk of cardiovascular disease."
boneless chuck roast,cardiovascular disease,negative,"Red meat is a source of saturated fat, and high consumption is associated with an increased risk of cardiovascular disease."
boneless country style pork rib,cardiovascular disease,negative,"Often a fatty cut of pork, high in saturated fat, which is a risk factor for heart disease."
bonito flake,cardiovascular disease,positive,"A source of heart-healthy omega-3 fatty acids, which can help reduce triglycerides and inflammation."
bonito shaving,cardiovascular disease,positive,"A source of heart-healthy omega-3 fatty acids, which can help reduce triglycerides and inflammation."
boston lettuce,cardiovascular disease,positive,"A low-calorie, nutrient-dense leafy green vegetable, which is a key component of a heart-healthy diet."
bourbon whiskey,cardiovascular disease,negative,"Excessive alcohol intake is a risk factor for high blood pressure, heart failure, and stroke."
braising liquid,cardiovascular disease,neutral,"Effect is entirely dependent on its composition (e.g., high-sodium broth vs. vegetable-based)."
brandy,cardiovascular disease,negative,"Excessive alcohol intake is a risk factor for high blood pressure, heart failure, and stroke."
brandy based orange liqueur,cardiovascular disease,negative,"Contains both alcohol and high amounts of added sugar, which are risk factors for cardiovascular disease."
branzino,cardiovascular disease,positive,"A lean fish that provides protein and omega-3 fatty acids, which are beneficial for heart health."
bratwurst,cardiovascular disease,very negative,"A processed sausage, typically very high in saturated fat and sodium, strongly linked to cardiovascular disease."
bratwurst sausage,cardiovascular disease,very negative,"A processed sausage, typically very high in saturated fat and sodium, strongly linked to cardiovascular disease."
bread,cardiovascular disease,negative,"Typically refers to refined white bread, which lacks fiber and can negatively impact blood sugar and heart health risk factors."
bread crumb,cardiovascular disease,negative,"Typically made from refined white bread, which lacks fiber and can negatively impact blood sugar and heart health risk factors."
bread dough,cardiovascular disease,negative,"Typically made from refined white flour, which lacks fiber and can negatively impact blood sugar and heart health risk factors."
bread flour,cardiovascular disease,negative,"A refined flour that lacks the fiber and nutrients of whole grains, which are protective for the heart."
bread machine yeast,cardiovascular disease,neutral,
breast chop,cardiovascular disease,negative,"Assumed to be a cut of meat (e.g., pork, lamb) which contains saturated fat, a risk factor for heart disease."
broccoli,cardiovascular disease,positive,"High in fiber, vitamins, and antioxidants that are protective against heart disease."
broccoli floret,cardiovascular disease,positive,"High in fiber, vitamins, and antioxidants that are protective against heart disease."
broccoli in cheese sauce,cardiovascular disease,very negative,The high saturated fat and sodium content of the cheese sauce negates the benefits of the broccoli and is detrimental to heart health.
broth,cardiovascular disease,negative,"Commercially prepared broths are typically very high in sodium, a major risk factor for high blood pressure."
brown gravy mix,cardiovascular disease,very negative,"A highly processed product, extremely high in sodium and often containing unhealthy fats and refined starches."
brown lentil,cardiovascular disease,positive,"Excellent source of heart-healthy fiber, plant-based protein, and potassium."
brown rice,cardiovascular disease,positive,"A whole grain rich in fiber, which is linked to a lower risk of heart disease compared to refined grains."
brown sugar,cardiovascular disease,negative,"An added sugar, which contributes to inflammation, high triglycerides, and increased cardiovascular risk."
browning,cardiovascular disease,negative,"Typically a sauce (e.g., Kitchen Bouquet) that is very high in sodium and additives."
browning sauce,cardiovascular disease,negative,"Typically high in sodium, which can increase blood pressure."
brushing,cardiovascular disease,neutral,
bulgur,cardiovascular disease,positive,"A whole grain rich in fiber, which helps lower cholesterol and improve heart health."
bulgur wheat,cardiovascular disease,positive,"A whole grain rich in fiber, which helps lower cholesterol and improve heart health."
butter,cardiovascular disease,very negative,"High in saturated fat, which raises LDL (bad) cholesterol levels, a major risk factor for heart disease."
butter bean,cardiovascular disease,positive,"A legume rich in soluble fiber and potassium, which help lower cholesterol and blood pressure."
butter flavoring,cardiovascular disease,neutral,
butter flavored shortening,cardiovascular disease,very negative,"High in saturated and/or trans fats, which significantly raise LDL (bad) cholesterol and increase heart disease risk."
buttermilk,cardiovascular disease,neutral,Modern cultured buttermilk is typically low in fat; its impact is minimal.
butternut squash,cardiovascular disease,positive,"High in potassium, fiber, and antioxidants, which support healthy blood pressure and overall heart health."
button mushroom,cardiovascular disease,positive,"Low in calories and sodium, and provides potassium and fiber, which are beneficial for heart health."
cabbage,cardiovascular disease,positive,"Rich in fiber, vitamins, and antioxidants, which can help reduce inflammation and lower cholesterol."
cabbage leaf,cardiovascular disease,positive,"Rich in fiber, vitamins, and antioxidants, which can help reduce inflammation and lower cholesterol."
cabernet sauvignon wine,cardiovascular disease,neutral,"The effects of alcohol are complex; while moderate red wine intake is linked to some benefits, excessive alcohol is harmful."
cacao powder,cardiovascular disease,positive,"Unsweetened cacao is rich in flavonoids, which can help lower blood pressure and improve blood flow."
cachaca,cardiovascular disease,negative,"Alcohol can raise blood pressure and triglyceride levels, and excessive intake is a risk factor for heart disease."
cacho de cabra pepper,cardiovascular disease,positive,"Contains capsaicin, which may have benefits for circulation and cholesterol levels."
cake flour,cardiovascular disease,negative,"A refined carbohydrate, which can contribute to elevated triglycerides and other risk factors when consumed in excess."
calabresa,cardiovascular disease,very negative,"A processed meat high in sodium and saturated fat, both of which are major risk factors for high blood pressure and heart disease."
calamari ring,cardiovascular disease,neutral,"A source of lean protein, but its health impact depends heavily on preparation (e.g., fried vs. grilled)."
canadian bacon,cardiovascular disease,negative,"A processed meat that is high in sodium, which can contribute to high blood pressure."
candied cherry,cardiovascular disease,negative,"High in added sugar, which contributes to risk factors like high triglycerides, inflammation, and obesity."
candied citron,cardiovascular disease,negative,"High in added sugar, which contributes to risk factors like high triglycerides, inflammation, and obesity."
candied lemon peel,cardiovascular disease,negative,"High in added sugar, which contributes to risk factors like high triglycerides, inflammation, and obesity."
candied mixed fruit peel,cardiovascular disease,negative,"High in added sugar, which contributes to risk factors like high triglycerides, inflammation, and obesity."
candied orange peel,cardiovascular disease,negative,"High in added sugar, which contributes to risk factors like high triglycerides, inflammation, and obesity."
candlenut,cardiovascular disease,neutral,
candy sprinkle,cardiovascular disease,negative,"Composed almost entirely of sugar, which contributes to various cardiovascular risk factors."
cane vinegar,cardiovascular disease,neutral,
cannellini bean,cardiovascular disease,positive,"A legume rich in soluble fiber, potassium, and magnesium, which help lower cholesterol and blood pressure."
canola oil,cardiovascular disease,positive,"High in monounsaturated fats and a source of omega-3s, which can help lower LDL (bad) cholesterol."
caper,cardiovascular disease,negative,"Typically preserved in brine, making them very high in sodium, which can raise blood pressure."
caraway seed,cardiovascular disease,positive,A source of antioxidants and fiber; can be used to flavor food in place of salt.
carbonated water,cardiovascular disease,neutral,
cardamom,cardiovascular disease,positive,Contains antioxidants and may have properties that help lower blood pressure.
cardamom flavored extract,cardiovascular disease,neutral,
cardamom pod,cardiovascular disease,positive,Contains antioxidants and may have properties that help lower blood pressure.
cardamom seed,cardiovascular disease,positive,Contains antioxidants and may have properties that help lower blood pressure.
carrot,cardiovascular disease,positive,"Excellent source of potassium, fiber, and antioxidants, which support healthy blood pressure and heart function."
carrot matchstick,cardiovascular disease,positive,"Excellent source of potassium, fiber, and antioxidants, which support healthy blood pressure and heart function."
cashew,cardiovascular disease,positive,"Source of heart-healthy monounsaturated fats, which can help improve cholesterol levels. Best consumed unsalted."
cashew half,cardiovascular disease,positive,"Source of heart-healthy monounsaturated fats, which can help improve cholesterol levels. Best consumed unsalted."
cassava flour,cardiovascular disease,negative,"A refined starch that can negatively impact blood sugar and triglyceride levels, which are risk factors for heart disease."
catfish fillet,cardiovascular disease,positive,"A source of lean protein and some omega-3 fatty acids, which are beneficial for heart health."
cauliflower,cardiovascular disease,positive,"Rich in fiber, vitamins, and antioxidants, which help reduce inflammation and support overall heart health."
cayenne,cardiovascular disease,positive,"Contains capsaicin, which may help improve circulation, reduce blood pressure, and lower cholesterol."
cayenne pepper,cardiovascular disease,positive,"Contains capsaicin, which may help improve circulation, reduce blood pressure, and lower cholesterol."
celery,cardiovascular disease,positive,Contains potassium and compounds that may help lower blood pressure; it is also low in calories.
celery rib,cardiovascular disease,positive,Contains potassium and compounds that may help lower blood pressure; it is also low in calories.
celery salt,cardiovascular disease,very negative,"Primarily composed of salt (sodium), which significantly contributes to high blood pressure, a major risk factor for cardiovascular disease."
celery seed,cardiovascular disease,positive,Contains compounds like phthalides that may help relax artery walls and lower blood pressure.
celery stalk,cardiovascular disease,positive,"Good source of fiber and potassium, which help manage blood pressure."
cellophane noodle,cardiovascular disease,neutral,
chai tea bag,cardiovascular disease,positive,"Black tea contains flavonoids, which are antioxidants beneficial for heart health. Spices like cinnamon can also have positive effects."
chamoy,cardiovascular disease,negative,"Typically very high in sodium and sugar, both of which contribute to high blood pressure and other cardiovascular risks."
champagne,cardiovascular disease,neutral,"Excessive alcohol is negative, but moderate consumption has unclear/mixed effects. In small amounts, it is considered neutral."
champagne vinegar,cardiovascular disease,neutral,
chana dal,cardiovascular disease,positive,"A type of legume rich in soluble fiber and plant-based protein, which helps lower LDL cholesterol and manage blood pressure."
charcoal,cardiovascular disease,neutral,"Used as a food additive (e.g., for color), it is inert and not absorbed by the body, having no nutritional impact."
chayote squash,cardiovascular disease,positive,"A low-calorie vegetable high in fiber, potassium, and antioxidants, which supports overall heart health."
cheddar cheese,cardiovascular disease,negative,"High in saturated fat and sodium, which can contribute to elevated LDL cholesterol and high blood pressure."
cheese curd,cardiovascular disease,negative,"High in saturated fat and sodium, similar to other cheeses."
cheese ravioli,cardiovascular disease,negative,Combines refined flour pasta with a cheese filling high in saturated fat and sodium.
cheese sauce,cardiovascular disease,very negative,"Typically extremely high in saturated fat, sodium, and calories, significantly increasing cardiovascular risk."
cheesecloth,cardiovascular disease,neutral,"A kitchen tool, not a food ingredient that is consumed."
cherry,cardiovascular disease,positive,"Rich in potassium and polyphenol antioxidants like anthocyanins, which help reduce inflammation and blood pressure."
cherry tomato,cardiovascular disease,positive,"Excellent source of lycopene, an antioxidant linked to lower risk of heart disease, as well as potassium and vitamin C."
chestnut,cardiovascular disease,positive,Lower in fat and higher in fiber than other nuts; a good source of heart-healthy minerals like potassium.
chicken,cardiovascular disease,neutral,"This term is too general. The effect depends on the cut (e.g., lean breast vs. fatty wing) and preparation method."
chicken base,cardiovascular disease,very negative,"A concentrated flavor product that is extremely high in sodium, a major contributor to high blood pressure."
chicken bone,cardiovascular disease,neutral,"Not consumed directly. Used to make broth, whose health impact depends on added salt."
chicken bouillon,cardiovascular disease,very negative,"Extremely high in sodium, which significantly raises blood pressure."
chicken bouillon granule,cardiovascular disease,very negative,"Extremely high in sodium, which significantly raises blood pressure."
chicken breast,cardiovascular disease,positive,"An excellent source of lean protein, low in saturated fat, which is a cornerstone of a heart-healthy diet."
chicken breast half,cardiovascular disease,positive,"An excellent source of lean protein, low in saturated fat."
chicken breast meat,cardiovascular disease,positive,"An excellent source of lean protein, low in saturated fat."
chicken breast tenderloin,cardiovascular disease,positive,"A very lean cut of chicken, providing protein with minimal saturated fat."
chicken broth,cardiovascular disease,negative,Commercially prepared versions are typically very high in sodium. Low-sodium or homemade versions can be positive.
chicken chunk,cardiovascular disease,negative,"Often refers to processed, breaded, and fried chicken, which is high in sodium, unhealthy fats, and refined carbohydrates."
chicken drumette,cardiovascular disease,negative,"A part of the wing with a high skin-to-meat ratio, making it high in saturated fat."
chicken drumstick,cardiovascular disease,negative,"Dark meat with skin, which is higher in saturated fat and cholesterol compared to breast meat."
chicken gizzard,cardiovascular disease,negative,Organ meat that is high in dietary cholesterol.
chicken leg,cardiovascular disease,negative,"Dark meat with skin, which is higher in saturated fat and cholesterol compared to breast meat."
chicken leg quarter,cardiovascular disease,negative,"Dark meat with skin, which is higher in saturated fat and cholesterol compared to breast meat."
chicken liver,cardiovascular disease,negative,"Extremely high in dietary cholesterol, which can be a concern for individuals at risk for cardiovascular disease."
chicken meat,cardiovascular disease,neutral,This term is too general. The effect depends on the cut and preparation method.
chicken part,cardiovascular disease,neutral,This term is too general. The effect depends on the specific part and preparation method.
chicken piece,cardiovascular disease,neutral,This term is too general. The effect depends on the specific piece and preparation method.
chicken soup base,cardiovascular disease,very negative,A concentrated flavor product that is extremely high in sodium.
chicken stock,cardiovascular disease,negative,Commercially prepared versions are typically very high in sodium. Low-sodium or homemade versions can be positive.
chicken tender,cardiovascular disease,positive,"Refers to the tenderloin, a very lean cut of chicken breast. (Note: breaded/fried 'chicken tenders' would be negative)."
chicken thigh,cardiovascular disease,negative,"Dark meat, which is higher in saturated fat than chicken breast, especially when consumed with the skin."
chicken wing,cardiovascular disease,negative,"High skin-to-meat ratio makes it very high in saturated fat, and it is often fried and served with high-sodium sauces."
chicken wing drumette,cardiovascular disease,negative,"Part of the chicken wing, making it high in saturated fat from the skin."
chickpea,cardiovascular disease,positive,"Excellent source of soluble fiber, which helps lower LDL cholesterol, and potassium, which helps manage blood pressure."
chickpea flour,cardiovascular disease,positive,"Made from ground chickpeas, it retains the high fiber and protein content beneficial for heart health."
chile flake,cardiovascular disease,positive,"Contains capsaicin, which has anti-inflammatory properties and may improve circulation and blood vessel function."
chile garlic sauce,cardiovascular disease,negative,"Typically very high in sodium, which contributes to high blood pressure."
chile padi,cardiovascular disease,positive,"Also known as bird's eye chili, it contains capsaicin, which has anti-inflammatory and circulatory benefits."
chile paste,cardiovascular disease,negative,Commercially prepared versions are generally very high in sodium.
chile pepper,cardiovascular disease,positive,"Contains capsaicin, which has anti-inflammatory properties and may help improve blood pressure and cholesterol levels."
chile powder,cardiovascular disease,positive,"Contains capsaicin from ground chiles, which may improve cardiovascular markers like blood pressure and cholesterol."
chile sauce,cardiovascular disease,negative,"Often high in sodium and added sugars, which can contribute to high blood pressure and other cardiovascular risks."
chilean sea bass fillet,cardiovascular disease,positive,"Rich in omega-3 fatty acids, which are known to reduce inflammation, lower blood pressure, and decrease triglycerides."
chili bean paste,cardiovascular disease,negative,"Typically very high in sodium, which is a major contributor to high blood pressure."
chili garlic sauce,cardiovascular disease,negative,High sodium and often added sugar content can negatively impact blood pressure and overall cardiovascular health.
chili lime seasoning,cardiovascular disease,negative,"Usually contains a very high amount of sodium, which can increase blood pressure."
chili oil,cardiovascular disease,neutral,
chili pepper,cardiovascular disease,positive,"Contains capsaicin, which has anti-inflammatory properties and may help improve blood pressure and cholesterol levels."
chili powder,cardiovascular disease,positive,"Contains capsaicin from ground chiles, which may improve cardiovascular markers like blood pressure and cholesterol."
chili sauce,cardiovascular disease,negative,"Often high in sodium and added sugars, which can contribute to high blood pressure and other cardiovascular risks."
chili seasoning mix,cardiovascular disease,negative,"Typically very high in sodium, which can contribute to high blood pressure."
chinese barbequed pork,cardiovascular disease,very negative,"A processed red meat, high in sodium, saturated fat, and often sugar, all of which are strongly linked to increased cardiovascular disease risk."
chinese broccoli,cardiovascular disease,positive,"A leafy green vegetable rich in fiber, vitamins, and antioxidants, which support heart health by lowering cholesterol and blood pressure."
chinese cabbage,cardiovascular disease,positive,"A low-calorie vegetable rich in fiber, potassium, and antioxidants that support cardiovascular health."
chinese chive,cardiovascular disease,positive,"Contains beneficial compounds like allicin, which may help lower cholesterol and blood pressure."
chinese cooking wine,cardiovascular disease,negative,High in sodium and contains alcohol; excessive intake can negatively impact blood pressure.
chinese egg noodle,cardiovascular disease,negative,"Made from refined flour, which can negatively impact blood sugar and triglyceride levels when consumed in excess."
chinese egg noodle nest,cardiovascular disease,negative,"Made from refined flour, which can negatively impact blood sugar and triglyceride levels when consumed in excess."
chinese eggplant,cardiovascular disease,positive,"A good source of fiber and antioxidants (like nasunin), which are beneficial for heart health."
chinese five spice powder,cardiovascular disease,positive,"A blend of spices (e.g., cinnamon, cloves) with antioxidant and anti-inflammatory properties beneficial for cardiovascular health."
chinese hot prepared mustard,cardiovascular disease,negative,"Prepared mustards are typically very high in sodium, which can increase blood pressure."
chinese moo shu pancake,cardiovascular disease,negative,"Made from refined white flour, a simple carbohydrate that can negatively impact metabolic health."
chinese rice vinegar,cardiovascular disease,neutral,
chinese rice wine,cardiovascular disease,negative,Contains alcohol; excessive intake can negatively impact blood pressure and contribute to high triglycerides.
chinese roasted pork,cardiovascular disease,very negative,"A red meat dish, typically high in saturated fat and sodium, which are major risk factors for cardiovascular disease."
chipotle chile powder,cardiovascular disease,positive,"Contains capsaicin from ground chiles, which may improve cardiovascular markers like blood pressure and cholesterol."
chipotle chili powder,cardiovascular disease,positive,"Contains capsaicin from ground chiles, which may improve cardiovascular markers like blood pressure and cholesterol."
chipotle mayonnaise,cardiovascular disease,negative,"High in calories, unhealthy fats (typically from soybean oil), and sodium, which are detrimental to cardiovascular health."
chipotle pepper,cardiovascular disease,positive,"Contains capsaicin, which has anti-inflammatory properties and may help improve blood pressure and cholesterol levels."
chive,cardiovascular disease,positive,"Part of the allium family, contains compounds that may help lower cholesterol and blood pressure."
chocolate chip,cardiovascular disease,negative,"Typically high in sugar and saturated fat, which can contribute to elevated cholesterol and triglycerides."
chocolate mix,cardiovascular disease,negative,"Typically very high in added sugar, which is linked to an increased risk of obesity, high blood pressure, and cardiovascular disease."
chocolate sprinkle,cardiovascular disease,negative,Primarily composed of sugar and hydrogenated fats with no nutritional benefit.
chocolate wafer cookie,cardiovascular disease,negative,"A processed food high in refined flour, sugar, and unhealthy fats, which are detrimental to heart health."
chorizo,cardiovascular disease,very negative,"A processed red meat, extremely high in saturated fat and sodium, both strongly linked to cardiovascular disease."
chorizo de bilbao,cardiovascular disease,very negative,"A processed red meat, extremely high in saturated fat and sodium, both strongly linked to cardiovascular disease."
chorizo sausage,cardiovascular disease,very negative,"A processed red meat, extremely high in saturated fat and sodium, both strongly linked to cardiovascular disease."
chourico,cardiovascular disease,very negative,"A processed red meat, high in saturated fat and sodium, which are significant risk factors for heart disease."
chourico sausage,cardiovascular disease,very negative,"A processed red meat, high in saturated fat and sodium, which are significant risk factors for heart disease."
chow mein noodle,cardiovascular disease,negative,"Typically fried and made from refined flour, making them high in unhealthy fats and simple carbohydrates."
chutney,cardiovascular disease,negative,"Typically very high in added sugar and often sodium, which can negatively impact heart health."
ciabatta sandwich roll,cardiovascular disease,negative,"Made from refined white flour, which lacks fiber and can negatively impact blood sugar levels and cardiovascular health."
cider vinegar,cardiovascular disease,positive,"May help improve blood sugar control and cholesterol levels, contributing to better cardiovascular health."
cilantro,cardiovascular disease,positive,An herb rich in antioxidants and vitamins that can help reduce inflammation and oxidative stress.
cilantro leaf,cardiovascular disease,positive,An herb rich in antioxidants and vitamins that can help reduce inflammation and oxidative stress.
cilantro stem,cardiovascular disease,positive,An herb rich in antioxidants and vitamins that can help reduce inflammation and oxidative stress.
cinnamon,cardiovascular disease,positive,"Has anti-inflammatory properties and may help lower blood sugar, cholesterol, and triglycerides."
cinnamon stick,cardiovascular disease,positive,"Has anti-inflammatory properties and may help lower blood sugar, cholesterol, and triglycerides."
cinnamon sugar,cardiovascular disease,negative,"Primarily consists of sugar, which is detrimental to cardiovascular health, negating the minor benefits of cinnamon."
citric acid,cardiovascular disease,neutral,
clam,cardiovascular disease,neutral,
clarified butter,cardiovascular disease,neutral,
clove,cardiovascular disease,neutral,
club soda,cardiovascular disease,neutral,
coarse salt,cardiovascular disease,neutral,
cocoa,cardiovascular disease,neutral,
cocoa mix,cardiovascular disease,neutral,
cocoa powder,cardiovascular disease,neutral,
coconut,cardiovascular disease,neutral,
coconut cream,cardiovascular disease,neutral,
coconut extract,cardiovascular disease,neutral,
coconut flake,cardiovascular disease,neutral,
coconut flavored rum,cardiovascular disease,neutral,
coconut flour,cardiovascular disease,neutral,
coconut milk,cardiovascular disease,neutral,
coconut milk powder,cardiovascular disease,neutral,
coconut oil,cardiovascular disease,neutral,
coconut preserve,cardiovascular disease,neutral,
coconut sugar,cardiovascular disease,neutral,
coconut water,cardiovascular disease,neutral,
cod,cardiovascular disease,neutral,
cod fish,cardiovascular disease,neutral,
cod fillet,cardiovascular disease,neutral,
coffee,cardiovascular disease,neutral,
coffee bean,cardiovascular disease,neutral,
coffee flavored liqueur,cardiovascular disease,neutral,
cola,cardiovascular disease,neutral,
cola flavored carbonated beverage,cardiovascular disease,neutral,
colby longhorn cheese,cardiovascular disease,neutral,
coleslaw mix,cardiovascular disease,neutral,
collard green,cardiovascular disease,neutral,
colored sprinkle,cardiovascular disease,neutral,
condensed beef broth,cardiovascular disease,neutral,
condensed cream of chicken soup,cardiovascular disease,neutral,
condensed cream of mushroom soup,cardiovascular disease,neutral,
condensed milk,cardiovascular disease,neutral,
condensed tomato soup,cardiovascular disease,neutral,
confectioners sugar,cardiovascular disease,neutral,
cooking oil,cardiovascular disease,neutral,
cooking sherry,cardiovascular disease,neutral,
cooking spray,cardiovascular disease,neutral,
cooking wine,cardiovascular disease,neutral,
coriander,cardiovascular disease,neutral,
coriander powder,cardiovascular disease,neutral,
coriander seed,cardiovascular disease,neutral,
corn,cardiovascular disease,neutral,
corn flour,cardiovascular disease,neutral,
corn husk,cardiovascular disease,neutral,
corn kernel,cardiovascular disease,neutral,
corn oil,cardiovascular disease,negative,"A refined oil high in omega-6 fatty acids, which can be pro-inflammatory when consumed in excess compared to omega-3s."
corn syrup,cardiovascular disease,negative,"A form of added sugar that can contribute to weight gain, high triglycerides, and other cardiovascular risk factors."
corn tortilla,cardiovascular disease,neutral,
corned beef,cardiovascular disease,very negative,"Processed red meat, very high in sodium and saturated fat, and contains nitrates, all strongly linked to cardiovascular disease."
corned beef brisket,cardiovascular disease,very negative,"Processed red meat, very high in sodium and saturated fat, and contains nitrates, all strongly linked to cardiovascular disease."
cornflakes cereal,cardiovascular disease,negative,"A refined carbohydrate with a high glycemic index, often containing added sugar and sodium."
cornichon,cardiovascular disease,negative,"A pickled food, which is typically very high in sodium."
cornmeal,cardiovascular disease,neutral,
cornstarch,cardiovascular disease,neutral,
cottage cheese,cardiovascular disease,negative,"Can be very high in sodium, which contributes to high blood pressure."
country style pork rib,cardiovascular disease,negative,A cut of red meat that is high in saturated fat.
couscous,cardiovascular disease,neutral,
cover,cardiovascular disease,neutral,
crab meat,cardiovascular disease,positive,"A lean source of protein and omega-3 fatty acids, which are beneficial for heart health."
cranberry,cardiovascular disease,positive,Rich in antioxidants (polyphenols) that can improve blood vessel function and reduce inflammation.
cranberry juice,cardiovascular disease,negative,"Typically contains very high amounts of added sugar, which is a risk factor for cardiovascular disease."
cranberry sauce,cardiovascular disease,negative,Typically contains very high amounts of added sugar.
cream,cardiovascular disease,negative,"High in saturated fat, which can raise LDL (bad) cholesterol levels."
cream cheese,cardiovascular disease,negative,High in saturated fat and often contains significant amounts of sodium.
cream of coconut,cardiovascular disease,very negative,Extremely high in both saturated fat and added sugar.
cream of tartar,cardiovascular disease,neutral,
cream of wheat cereal,cardiovascular disease,neutral,
creme fraiche,cardiovascular disease,negative,"High in saturated fat, which can raise LDL (bad) cholesterol levels."
crescent roll,cardiovascular disease,negative,"Made with refined flour, sodium, and unhealthy fats (saturated and sometimes trans fats)."
crescent roll dough,cardiovascular disease,negative,"Made with refined flour, sodium, and unhealthy fats (saturated and sometimes trans fats)."
crystallized ginger,cardiovascular disease,negative,"While ginger has benefits, this form is coated in a large amount of added sugar."
cuban bread,cardiovascular disease,negative,"Typically made with refined white flour and lard, which is high in saturated fat."
cube,cardiovascular disease,neutral,
cube steak,cardiovascular disease,negative,"A cut of red meat, which contains saturated fat."
cucumber,cardiovascular disease,positive,"Low in calories, hydrating, and a source of fiber and antioxidants."
culantro,cardiovascular disease,neutral,
cultured buttermilk,cardiovascular disease,neutral,
cumin,cardiovascular disease,positive,A spice with anti-inflammatory and antioxidant properties.
cumin seed,cardiovascular disease,positive,A spice with anti-inflammatory and antioxidant properties.
curing salt,cardiovascular disease,very negative,"Extremely high in sodium and contains nitrites, which are used for processed meats and linked to cardiovascular damage."
currant,cardiovascular disease,positive,"A fruit rich in fiber, vitamin C, and heart-healthy antioxidants."
curry leaf,cardiovascular disease,positive,An herb with potent antioxidant and anti-inflammatory properties.
curry paste,cardiovascular disease,negative,Often very high in sodium and can contain saturated fats from oils or coconut milk.
curry powder,cardiovascular disease,positive,A blend of spices (like turmeric and cumin) with anti-inflammatory and antioxidant benefits.
custard powder,cardiovascular disease,negative,"Primarily consists of cornstarch and sugar, which are refined carbohydrates."
daikon,cardiovascular disease,positive,A low-calorie vegetable that is a good source of fiber and vitamin C.
daikon radish,cardiovascular disease,positive,A low-calorie vegetable that is a good source of fiber and vitamin C.
damask rose petal,cardiovascular disease,neutral,
danish butter,cardiovascular disease,negative,"High in saturated fat, which can raise LDL (bad) cholesterol levels."
dark brown sugar,cardiovascular disease,negative,A form of added sugar that contributes to cardiovascular risk factors when consumed in excess.
dark chocolate,cardiovascular disease,positive,"Rich in flavanols, which can help lower blood pressure and improve blood flow (in high-cocoa, low-sugar forms)."
dark chocolate chip,cardiovascular disease,neutral,
dark corn syrup,cardiovascular disease,negative,"A highly processed sweetener with no nutritional benefits, contributing to cardiovascular risk factors."
dark raisin,cardiovascular disease,neutral,
dark rum,cardiovascular disease,negative,"Excessive alcohol consumption is a significant risk factor for high blood pressure, heart failure, and stroke."
dark soy sauce,cardiovascular disease,neutral,
dashi granule,cardiovascular disease,neutral,
dashi kombu,cardiovascular disease,neutral,
dashi stock,cardiovascular disease,neutral,
date,cardiovascular disease,neutral,
date paste,cardiovascular disease,neutral,
deep frying,cardiovascular disease,neutral,
deli roast pork loin,cardiovascular disease,neutral,
dende oil,cardiovascular disease,neutral,
diakon radish,cardiovascular disease,neutral,
diamond crystal,cardiovascular disease,neutral,
diced tomato,cardiovascular disease,neutral,
diet lemon lime soda,cardiovascular disease,neutral,
dijon mustard,cardiovascular disease,neutral,
dijon style mustard,cardiovascular disease,neutral,
dill,cardiovascular disease,neutral,
dill pickle,cardiovascular disease,neutral,
dill pickle juice,cardiovascular disease,neutral,
dill pickle slice,cardiovascular disease,neutral,
dill pickle spear,cardiovascular disease,neutral,
dill seed,cardiovascular disease,neutral,
dill weed,cardiovascular disease,neutral,
dinner roll dough,cardiovascular disease,neutral,
distilled white vinegar,cardiovascular disease,neutral,
double crust pie pastry,cardiovascular disease,neutral,
dragon fruit,cardiovascular disease,neutral,
dried apricot,cardiovascular disease,neutral,
dried bonito flake,cardiovascular disease,neutral,
dried chourico sausage,cardiovascular disease,neutral,
dried coconut,cardiovascular disease,neutral,
dried purple corn,cardiovascular disease,neutral,
dried red chili flake,cardiovascular disease,neutral,
dry corn muffin mix,cardiovascular disease,neutral,
dry egg noodle,cardiovascular disease,neutral,
dry kidney bean,cardiovascular disease,neutral,
dry milk powder,cardiovascular disease,neutral,
dry mushroom gravy mix,cardiovascular disease,neutral,
dry mustard,cardiovascular disease,neutral,
dry onion soup mix,cardiovascular disease,neutral,
dry red wine,cardiovascular disease,neutral,
dry white wine,cardiovascular disease,neutral,
dry yeast,cardiovascular disease,neutral,
duck blood,cardiovascular disease,neutral,
duck breast half,cardiovascular disease,neutral,
duck fat,cardiovascular disease,neutral,
duck leg,cardiovascular disease,neutral,
dulce de leche,cardiovascular disease,neutral,
dumpling wrapper,cardiovascular disease,neutral,
dungeness crab,cardiovascular disease,neutral,
durian,cardiovascular disease,neutral,
dusting,cardiovascular disease,neutral,
edible flower,cardiovascular disease,neutral,
egg,cardiovascular disease,positive,Good source of protein and nutrients like choline. Dietary cholesterol in eggs has minimal impact on blood cholesterol for most people.
egg noodle,cardiovascular disease,negative,"Typically made from refined flour, which can negatively impact blood sugar and triglyceride levels."
egg roll wrapper,cardiovascular disease,negative,"Made from refined flour, high in sodium, and often deep-fried, adding unhealthy fats."
egg substitute,cardiovascular disease,neutral,Highly variable by brand; often made of egg whites (positive) but can contain sodium and additives.
egg white,cardiovascular disease,positive,Excellent source of lean protein with no cholesterol or saturated fat.
egg yolk,cardiovascular disease,neutral,"Contains beneficial nutrients like choline and vitamin D, but also dietary cholesterol and saturated fat. Impact is neutral in moderation."
eggnog,cardiovascular disease,very negative,"Extremely high in saturated fat, added sugar, and calories, all of which are major risk factors for cardiovascular disease."
eggplant,cardiovascular disease,positive,"Rich in fiber, potassium, and antioxidants which can help lower blood pressure and cholesterol."
elbow macaroni,cardiovascular disease,negative,A refined carbohydrate product that lacks fiber and can contribute to high triglycerides and blood sugar.
elephant garlic,cardiovascular disease,positive,Contains allicin and other compounds that may help lower cholesterol and blood pressure.
elk steak,cardiovascular disease,positive,"A very lean red meat, significantly lower in saturated fat and higher in omega-3 fatty acids compared to beef."
emmental cheese,cardiovascular disease,negative,"High in saturated fat and sodium, which can increase LDL cholesterol and blood pressure."
empanada dough,cardiovascular disease,negative,"Typically made with refined flour and solid fats (like lard or butter), making it high in refined carbs and saturated fat."
empanada pastry disc,cardiovascular disease,negative,"Typically made with refined flour and solid fats (like lard or butter), making it high in refined carbs and saturated fat."
empanada pastry round,cardiovascular disease,negative,"Typically made with refined flour and solid fats (like lard or butter), making it high in refined carbs and saturated fat."
english cucumber,cardiovascular disease,positive,"High in water, fiber, and potassium, which helps with hydration and blood pressure management."
english mustard,cardiovascular disease,neutral,Used in small quantities; any potential negative effect from sodium is typically negligible.
english walnut,cardiovascular disease,positive,"Excellent source of plant-based omega-3 fatty acids (ALA), which are known to reduce inflammation and improve heart health."
enoki mushroom,cardiovascular disease,positive,"Low-calorie source of fiber, B vitamins, and antioxidants that may have cholesterol-lowering properties."
evaporated milk,cardiovascular disease,negative,"A concentrated source of dairy fat, contributing saturated fat and calories to the diet."
extra virgin olive oil,cardiovascular disease,positive,"High in monounsaturated fats and antioxidants, which help lower bad (LDL) cholesterol and reduce inflammation."
farina,cardiovascular disease,negative,"A refined wheat product that lacks the fiber of whole grains, leading to potential blood sugar spikes."
farina cereal,cardiovascular disease,negative,A refined wheat product that lacks fiber and often contains added sugar.
farmers cheese,cardiovascular disease,negative,"A source of saturated fat and sodium, which can negatively impact cholesterol and blood pressure."
fava bean,cardiovascular disease,positive,"Rich in soluble fiber, which helps lower cholesterol, and a good source of heart-healthy minerals like magnesium and potassium."
fennel seed,cardiovascular disease,positive,"A good source of fiber, potassium, and other nutrients that support blood pressure control."
fenugreek,cardiovascular disease,positive,Contains soluble fiber and compounds that may help lower cholesterol and blood sugar levels.
fenugreek leaf,cardiovascular disease,positive,Rich in antioxidants and may help manage blood sugar and cholesterol levels.
fenugreek seed,cardiovascular disease,positive,"High in soluble fiber, which has been shown to help reduce LDL (bad) cholesterol."
fermented black bean,cardiovascular disease,negative,"Extremely high in sodium, a major contributor to high blood pressure."
fermented soybean,cardiovascular disease,positive,"Source of plant-based protein, fiber, and probiotics. Some forms (like natto) contain enzymes that may improve circulation."
feta cheese,cardiovascular disease,negative,Very high in sodium and a significant source of saturated fat.
fettuccine pasta,cardiovascular disease,negative,A refined carbohydrate product that lacks fiber and can contribute to high triglycerides and blood sugar.
fettuccini noodle,cardiovascular disease,negative,A refined carbohydrate product that lacks fiber and can contribute to high triglycerides and blood sugar.
fiddlehead fern,cardiovascular disease,positive,"Good source of antioxidants, omega-3 fatty acids, and fiber."
filling,cardiovascular disease,neutral,This term is too generic to classify; its health impact depends entirely on the specific ingredients.
fines herb,cardiovascular disease,neutral,"A mix of herbs used in small quantities, having a negligible overall impact on cardiovascular health."
fire roasted diced tomato,cardiovascular disease,positive,"Tomatoes are an excellent source of lycopene and potassium, which are linked to lower blood pressure and reduced heart disease risk."
firm silken tofu,cardiovascular disease,positive,"A low-saturated-fat, plant-based protein source. Soy protein can help lower LDL (bad) cholesterol."
firm tofu,cardiovascular disease,positive,"A low-saturated-fat, plant-based protein source. Soy protein can help lower LDL (bad) cholesterol."
fish sauce,cardiovascular disease,very negative,"Extremely high in sodium, which is a primary driver of high blood pressure, a major risk factor for cardiovascular disease."
fish stock,cardiovascular disease,neutral,"Impact is highly dependent on sodium content. Commercial versions are often very high in sodium, while homemade can be low."
five spice powder,cardiovascular disease,neutral,
flank steak,cardiovascular disease,negative,Red meat is a source of saturated fat and its consumption is associated with an increased risk of cardiovascular disease.
flat iron steak,cardiovascular disease,negative,Red meat is a source of saturated fat and its consumption is associated with an increased risk of cardiovascular disease.
flat leaf italian parsley,cardiovascular disease,positive,"Rich in vitamin K and antioxidants, which have anti-inflammatory properties beneficial for heart health."
flat leaf parsley,cardiovascular disease,positive,"Rich in vitamin K and antioxidants, which have anti-inflammatory properties beneficial for heart health."
flat rice noodle,cardiovascular disease,negative,"Made from refined rice flour, which lacks fiber and can negatively impact blood sugar levels."
flaxseed meal,cardiovascular disease,positive,"Excellent source of omega-3 fatty acids (ALA), fiber, and lignans, which help lower cholesterol and blood pressure."
flaxseed oil,cardiovascular disease,positive,"Concentrated source of heart-healthy omega-3 fatty acids (ALA), which can reduce inflammation."
flour,cardiovascular disease,negative,"Typically refers to refined white flour, a simple carbohydrate that can raise triglycerides and lacks the fiber of whole grains."
flour tortilla,cardiovascular disease,negative,Usually made from refined flour and can be high in sodium and unhealthy fats.
foil,cardiovascular disease,neutral,
food coloring,cardiovascular disease,neutral,
french baguette,cardiovascular disease,negative,"Made from refined white flour, which can negatively impact blood sugar and triglyceride levels."
french bread,cardiovascular disease,negative,"Made from refined white flour, which can negatively impact blood sugar and triglyceride levels."
french bread baguette,cardiovascular disease,negative,"Made from refined white flour, which can negatively impact blood sugar and triglyceride levels."
french cut green bean,cardiovascular disease,positive,"Green beans are a good source of fiber, vitamins, and minerals beneficial for heart health."
french fry,cardiovascular disease,very negative,"Typically deep-fried, making them high in unhealthy fats (including trans fats), sodium, and calories, all strongly linked to heart disease."
french green lentil,cardiovascular disease,positive,"Lentils are rich in heart-healthy fiber, plant-based protein, and folate."
french sandwich roll,cardiovascular disease,negative,"Made from refined white flour, which can negatively impact blood sugar and triglyceride levels."
french style green bean,cardiovascular disease,positive,"Green beans are a good source of fiber, vitamins, and minerals beneficial for heart health."
french fried onion,cardiovascular disease,very negative,"Deep-fried and high in sodium and unhealthy fats, negating any benefits of the onion."
fresh ginger,cardiovascular disease,positive,Contains anti-inflammatory and antioxidant compounds that may help lower blood pressure and cholesterol.
freshly ground black pepper,cardiovascular disease,positive,"Contains piperine, an antioxidant with anti-inflammatory properties."
fresno chile,cardiovascular disease,positive,"Contains capsaicin, which has anti-inflammatory properties and may improve cardiovascular health."
fresno chile pepper,cardiovascular disease,positive,"Contains capsaicin, which has anti-inflammatory properties and may improve cardiovascular health."
fried pork skin,cardiovascular disease,very negative,"Extremely high in saturated fat and sodium, which contribute to high cholesterol and blood pressure."
fried shallot,cardiovascular disease,negative,Frying adds significant amounts of unhealthy fats and calories.
frozen puff pastry,cardiovascular disease,very negative,"Typically made with high amounts of saturated and/or trans fats from butter, shortening, or palm oil."
fruit cocktail,cardiovascular disease,negative,"Often canned in heavy syrup, adding significant amounts of refined sugar."
fruit jam,cardiovascular disease,negative,"High in added sugar, which can contribute to high triglycerides and weight gain."
fruit preserve,cardiovascular disease,negative,"High in added sugar, which can contribute to high triglycerides and weight gain."
fruity red wine,cardiovascular disease,positive,"In moderation, contains antioxidants like resveratrol that may benefit heart health. Excess intake is harmful."
frying,cardiovascular disease,very negative,"A cooking method that adds large amounts of unhealthy fats and calories, and can create harmful compounds."
full fat plain greek yogurt,cardiovascular disease,positive,"Good source of protein and probiotics. Despite saturated fat, studies suggest fermented dairy has neutral or positive heart effects."
furikake seasoning,cardiovascular disease,negative,"Typically very high in sodium, which can increase blood pressure."
gai lan,cardiovascular disease,positive,"A leafy green vegetable rich in fiber, vitamins, and antioxidants."
galangal,cardiovascular disease,positive,Contains anti-inflammatory and antioxidant properties beneficial for cardiovascular health.
galangal powder,cardiovascular disease,positive,A concentrated source of galangal's anti-inflammatory and antioxidant compounds.
gandule,cardiovascular disease,positive,Pigeon peas are legumes high in heart-healthy fiber and plant-based protein.
garam masala,cardiovascular disease,positive,A blend of spices with antioxidant and anti-inflammatory properties.
garbanzo bean,cardiovascular disease,positive,"Excellent source of soluble fiber, which helps lower cholesterol."
garlic,cardiovascular disease,positive,Well-known for its potential to help lower blood pressure and cholesterol.
garlic basil spread,cardiovascular disease,negative,Prepared spreads are typically high in fat and sodium.
garlic chili sauce,cardiovascular disease,negative,Typically very high in sodium and often contains added sugar.
garlic clove,cardiovascular disease,positive,"The raw form of garlic, known for its potential to help lower blood pressure and cholesterol."
garlic marinade,cardiovascular disease,negative,Marinades are typically very high in sodium.
garlic paste,cardiovascular disease,positive,"A convenient form of garlic that retains its heart-healthy compounds, assuming low sodium."
garlic powder,cardiovascular disease,positive,Dehydrated garlic that retains some beneficial compounds and is a good salt-free flavor alternative.
garlic salt,cardiovascular disease,very negative,"Primarily salt, which is extremely high in sodium and a major contributor to high blood pressure."
gelatin,cardiovascular disease,neutral,
german bologna block,cardiovascular disease,very negative,"A highly processed meat, very high in sodium, saturated fat, and nitrates, all linked to heart disease."
german stone ground mustard,cardiovascular disease,positive,"A low-calorie condiment made from mustard seeds, which contain beneficial compounds. A healthier choice than many other sauces."
ghee,cardiovascular disease,negative,"A form of clarified butter that is very high in saturated fat, which can raise LDL (bad) cholesterol."
gin,cardiovascular disease,negative,"Excess alcohol consumption is detrimental to heart health, and unlike red wine, gin lacks beneficial antioxidants."
ginger,cardiovascular disease,positive,Contains anti-inflammatory and antioxidant compounds that may help lower blood pressure and cholesterol.
ginger garlic paste,cardiovascular disease,positive,"A combination of two heart-healthy ingredients, assuming low sodium."
ginger paste,cardiovascular disease,positive,"Contains gingerol, which has anti-inflammatory and antioxidant properties that may help lower blood pressure and cholesterol."
ginger root,cardiovascular disease,positive,"Contains gingerol, which has anti-inflammatory and antioxidant properties that may help lower blood pressure and cholesterol."
gingersnap cookie,cardiovascular disease,very negative,"High in refined sugar, refined flour, and often contains unhealthy fats, which contribute to inflammation, high blood sugar, and poor cholesterol levels."
gluten free all purpose baking flour,cardiovascular disease,neutral,
glutinous rice flour,cardiovascular disease,neutral,
glutinous sweet rice,cardiovascular disease,neutral,
glutinous sticky white rice,cardiovascular disease,neutral,
glutinous white rice,cardiovascular disease,neutral,
goat cheese,cardiovascular disease,negative,"High in saturated fat and sodium, which can contribute to high blood pressure and elevated cholesterol levels."
goat meat,cardiovascular disease,neutral,
goat stew meat,cardiovascular disease,neutral,
gochugaru,cardiovascular disease,positive,"Contains capsaicin from chili peppers, which has anti-inflammatory properties and may help improve circulation and lower blood pressure."
gochujang,cardiovascular disease,negative,"Typically very high in sodium and added sugars, which are risk factors for high blood pressure and cardiovascular disease."
gold potato,cardiovascular disease,neutral,
golden mushroom soup,cardiovascular disease,very negative,"Canned soups are typically extremely high in sodium, a major contributor to high blood pressure."
golden raisin,cardiovascular disease,neutral,
golden syrup,cardiovascular disease,very negative,"A form of refined sugar, which contributes to inflammation, high triglycerides, and weight gain, all risk factors for cardiovascular disease."
gouda cheese,cardiovascular disease,negative,"High in saturated fat and sodium, which can contribute to high blood pressure and elevated cholesterol levels."
graham cracker,cardiovascular disease,negative,"Made with refined flour and added sugar, offering little nutritional value and contributing to high blood sugar."
graham cracker crumb,cardiovascular disease,negative,"Made with refined flour and added sugar, offering little nutritional value and contributing to high blood sugar."
graham cracker crust,cardiovascular disease,very negative,"High in refined flour, sugar, and saturated fat (from added butter), which are all detrimental to cardiovascular health."
gram flour,cardiovascular disease,positive,"Made from chickpeas, it is high in fiber and protein, which can help manage cholesterol and blood sugar levels."
granny smith apple,cardiovascular disease,positive,"Rich in soluble fiber (pectin) and flavonoids, which help lower cholesterol and blood pressure."
granulated onion,cardiovascular disease,positive,"Contains beneficial plant compounds and adds flavor without sodium, supporting blood pressure control."
granulated sugar,cardiovascular disease,very negative,"A refined sugar that contributes to inflammation, high triglycerides, weight gain, and insulin resistance, all major risk factors for cardiovascular disease."
grape leaf,cardiovascular disease,positive,"A low-calorie source of fiber and micronutrients, often used in heart-healthy Mediterranean dishes."
grape tomato,cardiovascular disease,positive,"Excellent source of lycopene and potassium, which are antioxidants that support heart health and help regulate blood pressure."
grapefruit juice,cardiovascular disease,negative,Can dangerously interact with common cardiovascular medications like statins and blood pressure drugs. Juice also lacks fiber.
grapeseed oil,cardiovascular disease,neutral,
great northern bean,cardiovascular disease,positive,"Excellent source of soluble fiber, plant-based protein, and potassium, which help lower cholesterol and blood pressure."
greek black olive,cardiovascular disease,negative,"While a source of healthy fats, they are typically packed in brine and are very high in sodium, which increases blood pressure."
greek oregano,cardiovascular disease,positive,A herb rich in antioxidants that allows for flavoring food without adding sodium.
greek seasoning,cardiovascular disease,negative,"Typically a salt-based blend, and high sodium intake is a major risk factor for high blood pressure."
greek style yogurt,cardiovascular disease,neutral,
greek yogurt,cardiovascular disease,neutral,
green apple,cardiovascular disease,positive,"Rich in soluble fiber and flavonoids, which help lower cholesterol and blood pressure."
green banana,cardiovascular disease,positive,"High in resistant starch and potassium, which can help regulate blood sugar and blood pressure."
green bean,cardiovascular disease,positive,"A low-calorie vegetable rich in fiber and micronutrients, supporting overall heart health."
green bell pepper,cardiovascular disease,positive,"Rich in antioxidants, including vitamin C, which help reduce inflammation and oxidative stress."
green cabbage,cardiovascular disease,positive,A cruciferous vegetable high in fiber and anti-inflammatory compounds that support cardiovascular health.
green cardamom,cardiovascular disease,positive,A spice with antioxidant and anti-inflammatory properties that may help lower blood pressure.
green chile,cardiovascular disease,positive,"Contains capsaicin, which has anti-inflammatory properties and may help improve circulation and lower blood pressure."
green chile paste,cardiovascular disease,positive,"Contains capsaicin from chiles, which has anti-inflammatory and blood pressure-lowering potential. Check for high sodium content."
green chile pepper,cardiovascular disease,positive,"Contains capsaicin, which has anti-inflammatory properties and may help improve circulation and lower blood pressure."
green curry paste,cardiovascular disease,negative,"Commercial pastes are typically very high in sodium, a major contributor to high blood pressure."
green garlic,cardiovascular disease,positive,Contains compounds like allicin that are known to help lower blood pressure and cholesterol.
green gel food coloring,cardiovascular disease,neutral,
green grape,cardiovascular disease,positive,"Contain antioxidants like resveratrol and flavonoids, which are beneficial for blood vessel health."
green lentil,cardiovascular disease,positive,"Excellent source of soluble fiber, plant-based protein, and magnesium, which help lower cholesterol and support healthy blood pressure."
green mango,cardiovascular disease,positive,"A good source of fiber and vitamins with less sugar than ripe mangoes, supporting overall health."
green mung bean,cardiovascular disease,positive,"Rich in fiber, potassium, and magnesium, which help lower cholesterol and blood pressure."
green olive,cardiovascular disease,negative,"Typically cured in brine, making them very high in sodium, which can increase blood pressure."
green onion,cardiovascular disease,positive,Contains antioxidants and compounds that may help lower blood pressure and cholesterol.
green onion top,cardiovascular disease,positive,Contains antioxidants and compounds that may help lower blood pressure and cholesterol.
green papaya,cardiovascular disease,positive,"Rich in heart-healthy antioxidants, vitamins, and fiber."
green pea,cardiovascular disease,positive,"Good source of fiber, potassium, and magnesium, which help regulate blood pressure and cholesterol."
green pepper,cardiovascular disease,positive,"High in vitamin C and antioxidants, which help reduce inflammation and oxidative stress."
green plantain,cardiovascular disease,positive,"Good source of potassium and fiber, which help control blood pressure."
green tea powder,cardiovascular disease,positive,Rich in catechins (antioxidants) that are known to improve cholesterol levels and blood vessel function.
grill,cardiovascular disease,neutral,
grill seasoning,cardiovascular disease,negative,"Often very high in sodium, which can contribute to high blood pressure."
ground beef,cardiovascular disease,negative,"A red meat high in saturated fat, which can raise LDL (bad) cholesterol."
ground black pepper,cardiovascular disease,positive,"Contains piperine, an antioxidant with anti-inflammatory properties."
ground cumin,cardiovascular disease,positive,Contains antioxidants and may help improve cholesterol and triglyceride levels.
ground lamb,cardiovascular disease,negative,"A red meat high in saturated fat, which is linked to an increased risk of heart disease."
ground pork,cardiovascular disease,negative,"Can be high in saturated fat, contributing to elevated cholesterol levels."
gruyere cheese,cardiovascular disease,negative,"High in saturated fat and sodium, which can raise cholesterol and blood pressure."
guava paste,cardiovascular disease,negative,"Typically very high in added sugar, which is a risk factor for heart disease."
habanero pepper,cardiovascular disease,positive,"Contains capsaicin, which may help lower blood pressure and cholesterol."
half and half,cardiovascular disease,negative,"Contains a significant amount of saturated fat, which can raise LDL (bad) cholesterol."
half and half cream,cardiovascular disease,negative,"Contains a significant amount of saturated fat, which can raise LDL (bad) cholesterol."
halloumi cheese,cardiovascular disease,negative,"Very high in sodium and saturated fat, which are risk factors for high blood pressure and cholesterol."
ham,cardiovascular disease,very negative,"A processed meat high in sodium and preservatives, strongly linked to an increased risk of heart disease and hypertension."
ham bone,cardiovascular disease,negative,Adds significant sodium and saturated fat to dishes.
ham hock,cardiovascular disease,very negative,"A processed meat very high in sodium and saturated fat, linked to increased cardiovascular risk."
hard boiled egg,cardiovascular disease,neutral,
hash brown potato,cardiovascular disease,negative,"Typically high in sodium and prepared with unhealthy fats, increasing cardiovascular risk."
hazelnut,cardiovascular disease,positive,"Rich in heart-healthy monounsaturated fats, fiber, and antioxidants, which help lower bad cholesterol."
heavy cream,cardiovascular disease,very negative,"Extremely high in saturated fat, which significantly raises LDL (bad) cholesterol levels."
heavy whipping cream,cardiovascular disease,very negative,"Extremely high in saturated fat, which significantly raises LDL (bad) cholesterol levels."
herbes de provence,cardiovascular disease,positive,A blend of antioxidant-rich herbs that can be used as a salt substitute to reduce sodium intake.
herring fillet,cardiovascular disease,positive,"An oily fish rich in omega-3 fatty acids, which are highly beneficial for heart health."
hibiscus petal,cardiovascular disease,positive,"Studies suggest hibiscus, often consumed as tea, can help lower blood pressure."
hickory flavored liquid smoke,cardiovascular disease,negative,Can be high in sodium and may contain potentially harmful compounds.
hijiki seaweed,cardiovascular disease,negative,"Can contain high levels of inorganic arsenic, which is a risk factor for cardiovascular disease."
hoagie roll,cardiovascular disease,negative,"Typically made from refined white flour, which lacks fiber and can negatively impact blood sugar and triglyceride levels."
hog casing,cardiovascular disease,negative,High in saturated fat and cholesterol.
hoisin sauce,cardiovascular disease,negative,"Very high in sodium and sugar, both of which contribute to cardiovascular risk."
hominy,cardiovascular disease,positive,"A whole grain that is a good source of fiber, which is beneficial for cholesterol and blood sugar control."
honey,cardiovascular disease,negative,"A form of added sugar; high intake can lead to weight gain, increased triglycerides, and other cardiovascular risks."
honey ham,cardiovascular disease,very negative,"A processed meat high in sodium, with added sugar, combining multiple major risk factors for heart disease."
horseradish,cardiovascular disease,positive,Contains antioxidant and anti-inflammatory compounds.
hot chile paste,cardiovascular disease,negative,"Commercial varieties are often very high in sodium, which can increase blood pressure."
hot chile pepper,cardiovascular disease,positive,"Contains capsaicin, which may help lower blood pressure and cholesterol."
hot chocolate mix,cardiovascular disease,negative,"Very high in added sugar and can contain saturated fats, both of which are risk factors for heart disease."
hot italian sausage,cardiovascular disease,very negative,"A processed meat that is very high in sodium and saturated fat, strongly linked to increased cardiovascular risk."
hot pepper,cardiovascular disease,positive,"Contains capsaicin, which may help lower blood pressure and cholesterol."
hot pepper flake,cardiovascular disease,positive,"A concentrated source of capsaicin, which has beneficial effects on blood pressure and cholesterol."
hot pepper sauce,cardiovascular disease,negative,"Typically very high in sodium, which outweighs the benefits of capsaicin for cardiovascular health."
hot red pepper,cardiovascular disease,positive,"Contains capsaicin, which may help lower blood pressure and cholesterol."
hot sauce,cardiovascular disease,negative,"Typically very high in sodium, which can increase blood pressure."
hummus,cardiovascular disease,positive,"Made from chickpeas and olive oil, providing fiber and healthy monounsaturated fats that can help lower cholesterol."
hungarian hot paprika,cardiovascular disease,positive,"Contains capsaicin and antioxidants, which may have anti-inflammatory and cholesterol-lowering effects."
hungarian sweet paprika,cardiovascular disease,positive,A rich source of antioxidants which help combat oxidative stress linked to heart disease.
ice,cardiovascular disease,neutral,
ice cube,cardiovascular disease,neutral,
iceberg lettuce,cardiovascular disease,neutral,"Primarily water and low in nutrients; not harmful, but less beneficial than other leafy greens."
icing sugar,cardiovascular disease,negative,"A refined sugar that can contribute to weight gain, inflammation, and elevated triglycerides when consumed in excess."
imitation crab,cardiovascular disease,negative,"Highly processed, high in sodium, and often contains added starches and sugar."
imitation crab meat,cardiovascular disease,negative,"Highly processed, high in sodium, and often contains added starches and sugar."
instant chocolate pudding mix,cardiovascular disease,very negative,"Extremely high in added sugar and sodium, contributing to risk factors like obesity, high blood pressure, and high triglycerides."
instant coffee granule,cardiovascular disease,positive,"Contains antioxidants, and moderate consumption is associated with a lower risk of some cardiovascular events."
instant coffee powder,cardiovascular disease,positive,"Contains antioxidants, and moderate consumption is associated with a lower risk of some cardiovascular events."
instant dry milk powder,cardiovascular disease,neutral,
instant nonfat dry milk,cardiovascular disease,positive,A good source of calcium and protein without the saturated fat found in whole milk.
instant vanilla pudding mix,cardiovascular disease,very negative,"Extremely high in added sugar and sodium, contributing to risk factors like obesity, high blood pressure, and high triglycerides."
instant yeast,cardiovascular disease,neutral,
italian cheese blend,cardiovascular disease,negative,"Typically high in saturated fat and sodium, which can raise LDL cholesterol and blood pressure."
italian flat leaf parsley,cardiovascular disease,positive,Rich in vitamins (like K) and antioxidants that support heart health and reduce inflammation.
italian flat leaf parsley leaf,cardiovascular disease,positive,Rich in vitamins (like K) and antioxidants that support heart health and reduce inflammation.
italian herb seasoning,cardiovascular disease,positive,A source of antioxidants from dried herbs; can be used to flavor food in place of salt.
italian hot sausage link,cardiovascular disease,very negative,"A processed meat high in sodium and saturated fat, which are strongly linked to an increased risk of cardiovascular disease."
italian parsley,cardiovascular disease,positive,Rich in vitamins (like K) and antioxidants that support heart health and reduce inflammation.
italian plum,cardiovascular disease,positive,"A good source of fiber, potassium, and antioxidants, which help manage cholesterol and blood pressure."
italian prune plum,cardiovascular disease,positive,"A good source of fiber, potassium, and antioxidants, which help manage cholesterol and blood pressure."
italian sausage,cardiovascular disease,very negative,"A processed meat high in sodium and saturated fat, which are strongly linked to an increased risk of cardiovascular disease."
italian seasoning,cardiovascular disease,positive,A source of antioxidants from dried herbs; can be used to flavor food in place of salt.
italian style crushed tomato,cardiovascular disease,positive,"Tomatoes are rich in lycopene, an antioxidant beneficial for heart health. Check labels for low-sodium versions."
italian style salad dressing,cardiovascular disease,negative,"Often high in sodium, unhealthy fats, and added sugars."
italian tomato,cardiovascular disease,positive,"Excellent source of lycopene, potassium, and vitamin C, which are beneficial for blood pressure and overall heart health."
italian vegetable salad,cardiovascular disease,positive,"A mix of vegetables provides fiber, vitamins, and antioxidants that are protective for the cardiovascular system."
jaa jang myun noodle,cardiovascular disease,negative,"Typically made from refined wheat flour, which lacks fiber and can negatively impact blood sugar and triglyceride levels."
jalapeno chile pepper,cardiovascular disease,positive,"Contains capsaicin, which has anti-inflammatory properties and may help improve circulation and lower blood pressure."
jalapeno pepper,cardiovascular disease,positive,"Contains capsaicin, which has anti-inflammatory properties and may help improve circulation and lower blood pressure."
jamaican curry powder,cardiovascular disease,positive,"Contains a blend of spices like turmeric, which has potent anti-inflammatory properties beneficial for heart health."
jamaican style curry powder,cardiovascular disease,positive,"Contains a blend of spices like turmeric, which has potent anti-inflammatory properties beneficial for heart health."
japanese mayonnaise,cardiovascular disease,negative,High in fat and sodium.
japanese purple sweet potato,cardiovascular disease,positive,"Rich in fiber and anthocyanin antioxidants, which are linked to improved blood vessel health and lower blood pressure."
jasmine rice,cardiovascular disease,negative,"A refined carbohydrate with a high glycemic index, which can negatively impact blood sugar levels when eaten frequently."
jellyfish,cardiovascular disease,neutral,"Low in fat and calories, but its health impact depends heavily on its preparation, which often adds high amounts of sodium."
jerk paste,cardiovascular disease,negative,"Typically extremely high in sodium, which can raise blood pressure."
jerk sauce,cardiovascular disease,negative,"Typically extremely high in sodium, which can raise blood pressure."
jerk seasoning,cardiovascular disease,negative,Commercial blends are often very high in sodium.
jerk seasoning mix,cardiovascular disease,negative,Commercial blends are often very high in sodium.
jicama,cardiovascular disease,positive,"An excellent source of dietary fiber, which helps lower cholesterol and supports overall heart health."
juice,cardiovascular disease,negative,"Lacks the fiber of whole fruit and is a concentrated source of sugar, which can raise triglycerides and contribute to weight gain."
juniper berry,cardiovascular disease,positive,"Used in small amounts as a spice, it contains antioxidants and flavonoids that may have a beneficial effect."
kabob skewer,cardiovascular disease,neutral,"A cooking utensil, not a food ingredient."
kaiser roll,cardiovascular disease,negative,"Typically made from refined white flour, which lacks fiber and can negatively impact blood sugar levels."
kalamata olive,cardiovascular disease,negative,"While a source of healthy monounsaturated fats, they are cured in brine and are extremely high in sodium, which can increase blood pressure."
kale,cardiovascular disease,positive,"Rich in antioxidants, fiber, and potassium, which support heart health by lowering blood pressure and cholesterol."
kashmiri chile pepper,cardiovascular disease,neutral,
kasseri cheese,cardiovascular disease,negative,"High in saturated fat and sodium, which can contribute to high blood pressure and elevated cholesterol levels."
kecap manis,cardiovascular disease,negative,"Very high in added sugar and sodium, both of which are detrimental to cardiovascular health."
kefir,cardiovascular disease,positive,Contains probiotics and peptides that may help lower blood pressure and cholesterol. Choose low-fat versions for best results.
ketchup,cardiovascular disease,negative,"Typically high in added sugar and sodium, which can contribute to high blood pressure and other cardiovascular risk factors."
key lime juice,cardiovascular disease,positive,"A good source of vitamin C and antioxidants, with no sodium or fat."
kidney bean,cardiovascular disease,positive,"High in soluble fiber, which helps lower cholesterol, and potassium, which helps control blood pressure."
kielbasa,cardiovascular disease,very negative,"A highly processed meat, very high in sodium and saturated fat, which are major risk factors for cardiovascular disease."
kielbasa sausage,cardiovascular disease,very negative,"A highly processed meat, very high in sodium and saturated fat, which are major risk factors for cardiovascular disease."
kimchi,cardiovascular disease,negative,"Very high in sodium, which can increase blood pressure, despite containing beneficial probiotics from fermentation."
kiwi,cardiovascular disease,positive,"Rich in potassium, fiber, and antioxidants like vitamin C, which support heart health."
kluski noodle,cardiovascular disease,neutral,
kohlrabi bulb,cardiovascular disease,positive,"Good source of fiber and potassium, which are beneficial for blood pressure and overall heart health."
kombu,cardiovascular disease,neutral,"While a source of minerals, it can be very high in sodium. Its overall effect depends on the amount consumed."
korean chile paste,cardiovascular disease,negative,Typically very high in sodium and often contains added sugars.
korean chile powder,cardiovascular disease,neutral,
korean chili pepper flake,cardiovascular disease,neutral,
korean dang myun noodle,cardiovascular disease,neutral,
korean fish cake,cardiovascular disease,negative,A processed food that is typically high in sodium.
korean red chile flake,cardiovascular disease,neutral,
korean red pepper flake,cardiovascular disease,neutral,
korean red pepper powder,cardiovascular disease,neutral,
korean soy bean paste,cardiovascular disease,negative,"Extremely high in sodium, which is a major contributor to high blood pressure."
korean style short rib,cardiovascular disease,negative,"A fatty cut of red meat, and marinades are often high in sodium and sugar."
kosher salt,cardiovascular disease,negative,"High in sodium, which is a major contributor to high blood pressure."
lager beer,cardiovascular disease,negative,"Alcohol consumption can raise blood pressure, triglyceride levels, and contribute to weight gain."
lamb,cardiovascular disease,negative,"A red meat high in saturated fat, which can raise LDL (bad) cholesterol levels."
lamb chop,cardiovascular disease,negative,"A cut of red meat containing saturated fat, which can raise LDL (bad) cholesterol."
lamb loin chop,cardiovascular disease,negative,"A cut of red meat containing saturated fat, which can raise LDL (bad) cholesterol."
lamb meat,cardiovascular disease,negative,"A red meat high in saturated fat, which can raise LDL (bad) cholesterol levels."
lamb shank,cardiovascular disease,negative,"A fatty cut of red meat, high in saturated fat."
lamb shoulder,cardiovascular disease,negative,"A fatty cut of red meat, high in saturated fat."
lamb stew meat,cardiovascular disease,negative,"Often from tougher, fattier cuts of red meat, high in saturated fat."
lard,cardiovascular disease,very negative,"Extremely high in saturated fat, which significantly raises LDL (bad) cholesterol, a major risk factor for cardiovascular disease."
lasagna noodle,cardiovascular disease,neutral,
lavash bread,cardiovascular disease,neutral,
lavender flower,cardiovascular disease,neutral,
lean beef,cardiovascular disease,neutral,"While lower in saturated fat than other cuts, it is still a source of it. Best consumed in moderation."
lean beef rib eye steak,cardiovascular disease,negative,"Despite being labeled 'lean', rib eye is a naturally fatty cut of red meat, high in saturated fat."
lean ground beef,cardiovascular disease,neutral,"While lower in saturated fat than regular ground beef, it is still a source of it. Best consumed in moderation."
lean pork,cardiovascular disease,neutral,"Leaner cuts are better choices, but should still be consumed in moderation as part of a balanced diet."
leek,cardiovascular disease,positive,"Part of the allium family, it contains heart-healthy compounds like flavonoids and is a good source of fiber."
leg of lamb,cardiovascular disease,negative,"A cut of red meat containing saturated fat, which can raise LDL (bad) cholesterol."
lemon,cardiovascular disease,positive,"Excellent source of vitamin C and antioxidants, which help protect blood vessels from damage."
lemon basil,cardiovascular disease,neutral,
lemon extract,cardiovascular disease,neutral,
lemon flavored rum,cardiovascular disease,negative,"Contains alcohol and likely added sugars, both of which can negatively impact heart health."
lemon flavored soda,cardiovascular disease,negative,"High in added sugar, which contributes to weight gain, inflammation, and other risk factors for heart disease."
lemon grass,cardiovascular disease,neutral,
lemon juice,cardiovascular disease,positive,Source of vitamin C and antioxidants; can be used as a salt substitute to lower sodium intake.
lemon lime soda,cardiovascular disease,negative,"High in added sugar, which is a risk factor for obesity, type 2 diabetes, and heart disease."
lemon peel,cardiovascular disease,positive,Contains beneficial flavonoids and fiber.
lemon pepper,cardiovascular disease,neutral,
lemon pepper seasoning,cardiovascular disease,negative,"Typically very high in sodium, which can raise blood pressure."
lemon rind,cardiovascular disease,positive,Contains beneficial flavonoids and fiber.
lemon slice,cardiovascular disease,positive,"A whole fruit source of vitamin C, antioxidants, and fiber."
lemon wedge,cardiovascular disease,positive,"A whole fruit source of vitamin C, antioxidants, and fiber."
lemon zest,cardiovascular disease,positive,Contains beneficial flavonoids and fiber.
lemonade concentrate,cardiovascular disease,negative,Extremely high in added sugar.
lemongrass,cardiovascular disease,positive,Contains antioxidants and has anti-inflammatory properties.
lemongrass paste,cardiovascular disease,neutral,
lentil,cardiovascular disease,positive,"Excellent source of heart-healthy fiber, plant-based protein, and folate."
lettuce,cardiovascular disease,positive,"Low in calories and a source of vitamins and hydration, contributing to a healthy dietary pattern."
lettuce leaf,cardiovascular disease,positive,"Low in calories and a source of vitamins and hydration, contributing to a healthy dietary pattern."
light beer,cardiovascular disease,negative,Alcohol consumption can raise blood pressure and contribute to other cardiovascular risks.
light brown sugar,cardiovascular disease,negative,"A form of added sugar, which is a risk factor for cardiovascular disease."
light corn syrup,cardiovascular disease,negative,"A form of added sugar, which is a risk factor for cardiovascular disease."
light cream,cardiovascular disease,negative,"Contains saturated fat, which can raise LDL (bad) cholesterol levels."
light rum,cardiovascular disease,negative,Alcohol consumption can raise blood pressure and contribute to other cardiovascular risks.
light soy sauce,cardiovascular disease,negative,"Typically very high in sodium, which can raise blood pressure."
lima bean,cardiovascular disease,positive,"Good source of heart-healthy fiber, potassium, and plant-based protein."
lime,cardiovascular disease,positive,Source of vitamin C and antioxidants.
lime juice,cardiovascular disease,positive,Source of vitamin C and antioxidants; can be used as a salt substitute to lower sodium intake.
lime peel,cardiovascular disease,positive,Contains beneficial flavonoids and fiber.
lime slice,cardiovascular disease,positive,"A whole fruit source of vitamin C, antioxidants, and fiber."
lime wedge,cardiovascular disease,positive,"A whole fruit source of vitamin C, antioxidants, and fiber."
lime zest,cardiovascular disease,positive,Contains beneficial flavonoids and fiber.
lingonberry,cardiovascular disease,positive,"Rich in antioxidants and polyphenols, which are beneficial for vascular health."
linguica,cardiovascular disease,very negative,"A processed sausage high in sodium and saturated fat, both major risk factors for heart disease."
linguica sausage,cardiovascular disease,very negative,"A processed sausage high in sodium and saturated fat, both major risk factors for heart disease."
linguine,cardiovascular disease,negative,"A refined carbohydrate, which can negatively impact blood sugar and is associated with increased cardiovascular risk compared to whole grains."
linguine pasta,cardiovascular disease,negative,"A refined carbohydrate, which can negatively impact blood sugar and is associated with increased cardiovascular risk compared to whole grains."
liquid smoke,cardiovascular disease,neutral,
liquid smoke flavoring,cardiovascular disease,neutral,
liquor,cardiovascular disease,negative,Excessive alcohol consumption is a significant risk factor for high blood pressure and other cardiovascular diseases.
llautias,cardiovascular disease,positive,"A type of root vegetable, providing heart-healthy fiber, potassium, and vitamins."
lobster,cardiovascular disease,positive,"A good source of lean protein and omega-3 fatty acids. Best when steamed or baked, not fried or served with butter."
lobster meat,cardiovascular disease,positive,A good source of lean protein and omega-3 fatty acids.
lobster tail,cardiovascular disease,positive,A good source of lean protein and omega-3 fatty acids.
long grain basmati rice,cardiovascular disease,negative,"A refined carbohydrate, which lacks the fiber of whole grains."
long grain brown rice,cardiovascular disease,positive,"A whole grain, rich in fiber, magnesium, and other nutrients that are protective for the heart."
long grain rice,cardiovascular disease,negative,"Typically refers to white rice, a refined carbohydrate that lacks the fiber of whole grains."
long grain white rice,cardiovascular disease,negative,"A refined carbohydrate, which lacks the fiber of whole grains."
longhorn cheese,cardiovascular disease,negative,"High in saturated fat and sodium, which can raise LDL cholesterol and blood pressure."
low sodium soy sauce,cardiovascular disease,neutral,
lumpia wrapper,cardiovascular disease,negative,"Made from refined flour and often deep-fried, contributing refined carbs and unhealthy fats."
luncheon meat,cardiovascular disease,very negative,"Highly processed meat, extremely high in sodium, preservatives, and saturated fat."
lutefisk,cardiovascular disease,neutral,
macadamia nut,cardiovascular disease,positive,"Rich in heart-healthy monounsaturated fats, which can help lower LDL (bad) cholesterol."
macapuno,cardiovascular disease,negative,"A type of coconut, which is high in saturated fat."
macapuno string,cardiovascular disease,negative,"A type of coconut, which is high in saturated fat."
macaroni,cardiovascular disease,negative,A refined carbohydrate which can raise triglyceride levels and contribute to weight gain if consumed in excess.
mace,cardiovascular disease,neutral,
mackerel,cardiovascular disease,positive,"An oily fish, excellent source of heart-healthy omega-3 fatty acids (EPA and DHA)."
madras curry powder,cardiovascular disease,positive,A blend of spices (like turmeric) which have anti-inflammatory properties.
mahlab,cardiovascular disease,neutral,
mahleb,cardiovascular disease,neutral,
makrut lime leaf,cardiovascular disease,positive,A herb that contains beneficial antioxidants.
malt vinegar,cardiovascular disease,neutral,
mandarin orange peel,cardiovascular disease,positive,"A source of beneficial flavonoids like hesperidin, which may support blood vessel health."
mango nectar,cardiovascular disease,negative,"Typically contains a high amount of added sugar, which is a risk factor for cardiovascular disease."
manzanilla olive,cardiovascular disease,negative,"While olives contain healthy fats, they are typically brined and extremely high in sodium, which raises blood pressure."
maple syrup,cardiovascular disease,negative,"A form of added sugar, which contributes to risk factors like obesity and high triglycerides."
maraschino cherry,cardiovascular disease,negative,"Processed with a large amount of added sugar and artificial coloring, lacking the nutrients of fresh cherries."
margarine,cardiovascular disease,negative,"Can be a source of saturated and trans fats (depending on the type), and is a highly processed food."
marjoram,cardiovascular disease,positive,A herb that contains beneficial antioxidants.
marsala,cardiovascular disease,neutral,
marzipan,cardiovascular disease,negative,"Extremely high in sugar, which is detrimental to cardiovascular health."
masa harina,cardiovascular disease,positive,"A whole-grain corn flour that provides fiber, which is beneficial for heart health."
masala curry powder,cardiovascular disease,positive,A blend of spices which often have anti-inflammatory properties.
mascarpone cheese,cardiovascular disease,very negative,Extremely high in saturated fat and calories.
matzo cake meal,cardiovascular disease,negative,"A refined carbohydrate product, similar to white flour, which can negatively impact blood sugar levels."
matzo meal,cardiovascular disease,negative,"A refined carbohydrate product, similar to white flour, which can negatively impact blood sugar levels."
mayonnaise,cardiovascular disease,negative,"High in calories, fat, and often sodium."
mayonnaise style sandwich spread,cardiovascular disease,negative,"High in calories, fat, sodium, and often contains added sugars."
mcintosh apple,cardiovascular disease,positive,"A good source of soluble fiber (pectin) and flavonoids, which help lower cholesterol and blood pressure."
meat tenderizer,cardiovascular disease,very negative,"Primary ingredient is typically salt (sodium), which significantly raises blood pressure."
meatball,cardiovascular disease,very negative,Typically made from red meat high in saturated fat and prepared with high amounts of sodium.
meatloaf mix,cardiovascular disease,negative,Usually high in sodium and refined carbohydrates (breadcrumbs).
medium grain rice,cardiovascular disease,negative,"Typically refers to white rice, a refined carbohydrate that can raise blood sugar and lacks fiber."
medium grain white rice,cardiovascular disease,negative,"A refined carbohydrate stripped of fiber, bran, and nutrients, which can negatively impact blood sugar."
medjool date,cardiovascular disease,positive,"A good source of fiber and potassium, which are beneficial for blood pressure control and heart health."
metal skewer,cardiovascular disease,neutral,
mexican cheese blend,cardiovascular disease,very negative,A mix of cheeses that is very high in saturated fat and sodium.
mexican oregano,cardiovascular disease,positive,A herb that contains beneficial antioxidants.
miami style sazon seasoning,cardiovascular disease,very negative,Seasoning blends like this are typically extremely high in sodium.
mild cheddar cheese,cardiovascular disease,very negative,High in saturated fat and sodium.
mild italian sausage,cardiovascular disease,very negative,"A processed meat, which is high in saturated fat, sodium, and nitrates, all linked to increased CVD risk."
mild italian sausage link,cardiovascular disease,very negative,"A processed meat, which is high in saturated fat, sodium, and nitrates, all linked to increased CVD risk."
milk,cardiovascular disease,negative,"Unless specified as low-fat, milk (especially whole or 2%) is a significant source of saturated fat."
milk cracker crumb,cardiovascular disease,negative,"A processed, refined carbohydrate, often containing added sodium and unhealthy fats."
milkfish,cardiovascular disease,positive,An oily fish that is a good source of heart-healthy omega-3 fatty acids.
millet,cardiovascular disease,positive,"A whole grain rich in fiber, magnesium, and other nutrients beneficial for heart health."
miniature cocktail sausage,cardiovascular disease,very negative,"A highly processed meat product, very high in sodium, saturated fat, and preservatives."
miniature marshmallow,cardiovascular disease,negative,Composed almost entirely of added sugar with no nutritional value.
mint,cardiovascular disease,positive,A herb that contains beneficial antioxidants.
mint leaf,cardiovascular disease,positive,A herb that contains beneficial antioxidants.
mint sprig,cardiovascular disease,positive,A herb that contains beneficial antioxidants.
mirin,cardiovascular disease,negative,A sweet cooking wine that contributes added sugar to dishes.
miso paste,cardiovascular disease,negative,"High in sodium, which can increase blood pressure."
mixed berry,cardiovascular disease,positive,Rich in antioxidants and flavonoids that improve blood vessel function and lower blood pressure.
mixed candied fruit,cardiovascular disease,very negative,"Extremely high in added sugar, a major risk factor for obesity, high triglycerides, and inflammation."
mixed color bell pepper,cardiovascular disease,positive,"Excellent source of vitamin C and antioxidants, which help reduce inflammation."
mixed fruit,cardiovascular disease,positive,"Provides fiber, vitamins, and antioxidants beneficial for heart health."
mixed herb,cardiovascular disease,positive,Rich in antioxidants and can be used to reduce salt in cooking.
mixed spice,cardiovascular disease,positive,Contain anti-inflammatory compounds and can be used as a salt substitute for flavor.
mixed vegetable,cardiovascular disease,positive,"High in fiber, vitamins, and minerals while being low in calories, supporting overall cardiovascular health."
mixed wild mushroom,cardiovascular disease,positive,"Source of potassium, fiber, and antioxidants that support heart health."
mochiko,cardiovascular disease,negative,A refined carbohydrate that can raise blood sugar and triglycerides without providing significant fiber.
mojo marinade,cardiovascular disease,negative,"Typically very high in sodium and oil, which can negatively impact blood pressure and cholesterol."
molasses,cardiovascular disease,negative,"A concentrated source of sugar, which contributes to cardiovascular risk factors when consumed in excess."
monkfish,cardiovascular disease,positive,"A lean fish providing protein and some omega-3 fatty acids, which are beneficial for heart health."
monosodium glutamate,cardiovascular disease,negative,"Contains sodium, which contributes to high blood pressure."
monterey jack cheese,cardiovascular disease,negative,"High in saturated fat and sodium, both of which are risk factors for heart disease."
montreal style steak seasoning,cardiovascular disease,negative,"Typically very high in sodium, a primary driver of high blood pressure."
morcilla sausage,cardiovascular disease,very negative,"A processed meat high in sodium, saturated fat, and cholesterol, strongly linked to increased cardiovascular risk."
mozzarella cheese,cardiovascular disease,negative,"Source of saturated fat and sodium, which should be limited for heart health."
multicolored candy sprinkle,cardiovascular disease,very negative,"Composed almost entirely of sugar and artificial additives with no nutritional value, contributing to heart disease risk factors."
mung bean,cardiovascular disease,positive,"Excellent source of fiber and potassium, which help lower cholesterol and blood pressure."
mung bean sprout,cardiovascular disease,positive,Low-calorie source of vitamins and fiber.
muscatel wine,cardiovascular disease,negative,"As an alcoholic beverage, it can raise blood pressure and triglycerides; sweet wines also contain more sugar."
mushroom,cardiovascular disease,positive,"Low in calories and sodium, and a good source of potassium and antioxidants."
mushroom cap,cardiovascular disease,positive,"Same as whole mushrooms; low in calories and sodium, and a good source of potassium and antioxidants."
mussel,cardiovascular disease,positive,Excellent source of heart-healthy omega-3 fatty acids and lean protein.
mustard,cardiovascular disease,negative,"Prepared mustard is often high in sodium, which can increase blood pressure."
mustard green,cardiovascular disease,positive,"A leafy green rich in vitamins (especially K), fiber, and antioxidants."
mustard oil,cardiovascular disease,negative,"Some varieties are high in erucic acid, which has been linked to heart problems in animal studies."
mustard powder,cardiovascular disease,positive,Ground mustard seed can add flavor without sodium and contains beneficial plant compounds.
mustard seed,cardiovascular disease,positive,Rich in antioxidants and anti-inflammatory compounds.
napa cabbage,cardiovascular disease,positive,A low-calorie vegetable providing fiber and vitamins beneficial for heart health.
navel orange,cardiovascular disease,positive,"High in vitamin C, potassium, and soluble fiber, which can help lower cholesterol."
navy bean,cardiovascular disease,positive,"Rich in soluble fiber, which is highly effective at lowering LDL (bad) cholesterol."
new potato,cardiovascular disease,positive,"Good source of potassium, which helps regulate blood pressure, especially when eaten with the skin."
new york strip steak,cardiovascular disease,very negative,"A cut of red meat high in saturated fat, linked to an increased risk of cardiovascular disease."
non dairy creamer,cardiovascular disease,very negative,"Often contains hydrogenated oils (trans fats) and sugar, which are extremely damaging to cardiovascular health."
nonfat evaporated milk,cardiovascular disease,neutral,
nonfat plain yogurt,cardiovascular disease,positive,Provides protein and calcium without saturated fat or added sugars.
noodle,cardiovascular disease,negative,"Typically a refined carbohydrate, which can negatively impact blood sugar and triglyceride levels."
nori,cardiovascular disease,positive,A low-calorie seaweed containing minerals and a small amount of omega-3 fatty acids.
nori seaweed,cardiovascular disease,positive,A low-calorie seaweed containing minerals and a small amount of omega-3 fatty acids.
nori seaweed sheet,cardiovascular disease,positive,A low-calorie seaweed containing minerals and a small amount of omega-3 fatty acids.
nuoc mam,cardiovascular disease,very negative,"Extremely high in sodium, a major contributor to high blood pressure."
nut,cardiovascular disease,positive,"Rich in unsaturated fats, fiber, and plant sterols, which help lower bad cholesterol."
nutmeg,cardiovascular disease,neutral,
oat,cardiovascular disease,positive,"Contains beta-glucan, a soluble fiber proven to lower cholesterol."
oatmeal,cardiovascular disease,positive,"Made from oats, it is rich in beta-glucan, a soluble fiber proven to lower cholesterol."
octopus,cardiovascular disease,positive,A lean source of protein that is low in saturated fat.
oil,cardiovascular disease,neutral,"The effect depends entirely on the type of oil (e.g., olive oil is positive, hydrogenated oil is very negative)."
okra,cardiovascular disease,positive,"High in soluble fiber, which helps lower cholesterol and manage blood sugar."
okra pod,cardiovascular disease,positive,"High in soluble fiber, which can help lower cholesterol and blood sugar levels."
olive,cardiovascular disease,positive,Rich in heart-healthy monounsaturated fats and antioxidants that reduce inflammation.
olive oil,cardiovascular disease,positive,"A primary source of monounsaturated fats, which helps lower bad (LDL) cholesterol and reduce inflammation."
onion,cardiovascular disease,positive,"Contains antioxidants like quercetin, which may help lower blood pressure and reduce inflammation."
onion powder,cardiovascular disease,positive,"A concentrated source of onion's beneficial compounds, like antioxidants."
onion salt,cardiovascular disease,negative,"Very high in sodium, which can raise blood pressure, a major risk factor for heart disease."
orange,cardiovascular disease,positive,"Good source of potassium, vitamin C, and flavonoids, which support blood vessel health and may lower blood pressure."
orange bell pepper,cardiovascular disease,positive,Excellent source of vitamin C and other antioxidants that protect against cellular damage.
orange blossom,cardiovascular disease,neutral,
orange blossom honey,cardiovascular disease,negative,A form of added sugar. High intake of added sugars is linked to increased risk factors for heart disease.
orange blossom water,cardiovascular disease,neutral,
orange flower water,cardiovascular disease,neutral,
orange gel food coloring,cardiovascular disease,neutral,
orange juice,cardiovascular disease,negative,"A concentrated source of sugar without the fiber of the whole fruit, which can negatively impact blood sugar and weight."
orange juice concentrate,cardiovascular disease,negative,"A highly concentrated source of sugar, often with added sugars, lacking the beneficial fiber of whole fruit."
orange liqueur,cardiovascular disease,negative,"Contains both alcohol and high amounts of sugar, which can contribute to high blood pressure and triglycerides."
orange peel,cardiovascular disease,positive,"Rich in flavonoids like hesperidin, which may help lower cholesterol and blood pressure."
orange zest,cardiovascular disease,positive,"Rich in flavonoids like hesperidin, which may help lower cholesterol and blood pressure."
oregano,cardiovascular disease,positive,Rich in antioxidants that help combat inflammation and oxidative stress.
oregano leaf,cardiovascular disease,positive,Rich in antioxidants that help combat inflammation and oxidative stress.
orzo pasta,cardiovascular disease,neutral,
oxtail,cardiovascular disease,negative,"A fatty cut of red meat, high in saturated fat which can raise LDL (bad) cholesterol."
oyster sauce,cardiovascular disease,negative,"Typically very high in sodium, which contributes to high blood pressure."
palm oil,cardiovascular disease,very negative,"Very high in saturated fat (palmitic acid), which significantly raises LDL (bad) cholesterol."
palm sugar,cardiovascular disease,negative,"A form of added sugar, which contributes to risk factors like obesity and high triglycerides when consumed in excess."
panang curry paste,cardiovascular disease,negative,Typically very high in sodium and can contain saturated fats.
pandan leaf,cardiovascular disease,neutral,
pandan paste,cardiovascular disease,negative,Primarily a source of added sugar and flavorings.
paneer,cardiovascular disease,negative,"A source of saturated fat, which can increase LDL (bad) cholesterol levels."
panko bread crumb,cardiovascular disease,neutral,
panko crumb,cardiovascular disease,neutral,
panquehue cheese,cardiovascular disease,negative,"High in saturated fat and sodium, both of which are risk factors for heart disease."
paprika,cardiovascular disease,positive,"Contains antioxidants like carotenoids, which help protect against oxidative stress."
parmesan cheese,cardiovascular disease,negative,"Very high in sodium and saturated fat, which can negatively impact blood pressure and cholesterol."
parmigiano reggiano,cardiovascular disease,negative,"Very high in sodium and saturated fat, which can negatively impact blood pressure and cholesterol."
parmigiano reggiano cheese,cardiovascular disease,negative,"Very high in sodium and saturated fat, which can negatively impact blood pressure and cholesterol."
parsley,cardiovascular disease,positive,"Rich in vitamin K and antioxidants, which support heart and blood vessel health."
parsley leaf,cardiovascular disease,positive,"Rich in vitamin K and antioxidants, which support heart and blood vessel health."
parsnip,cardiovascular disease,positive,"Good source of potassium and fiber, which help manage blood pressure and cholesterol."
partridge breast half,cardiovascular disease,neutral,
passata,cardiovascular disease,positive,"Made from tomatoes, which are rich in lycopene and potassium, beneficial for heart health. Assumes no added salt."
passion fruit,cardiovascular disease,positive,"High in dietary fiber and potassium, which can help lower cholesterol and blood pressure."
pasta,cardiovascular disease,neutral,
pasta sauce,cardiovascular disease,negative,Commercially prepared versions are often very high in sodium and added sugars.
pastry,cardiovascular disease,very negative,"Typically made with refined flour and high amounts of saturated or trans fats, which raise bad cholesterol."
pastry double crust pie,cardiovascular disease,very negative,"High in refined carbohydrates, saturated and/or trans fats, and often sugar."
pastry flour,cardiovascular disease,neutral,
pate,cardiovascular disease,very negative,"Typically very high in saturated fat, cholesterol, and sodium."
pea,cardiovascular disease,positive,"Good source of heart-healthy fiber, plant-based protein, and minerals."
pea pod,cardiovascular disease,positive,"Excellent source of dietary fiber and vitamins, which support overall cardiovascular health."
peach,cardiovascular disease,positive,"Rich in fiber, potassium, and antioxidants which support heart health."
peach flavored vodka,cardiovascular disease,negative,"Contains alcohol and often added sugars, both of which can negatively impact cardiovascular health when consumed in excess."
peach schnapps,cardiovascular disease,negative,"High in sugar and alcohol, which can contribute to high blood pressure, triglycerides, and weight gain."
peach slice,cardiovascular disease,positive,"Rich in fiber, potassium, and antioxidants which support heart health."
peanut,cardiovascular disease,positive,"Contains heart-healthy monounsaturated fats, fiber, and plant protein. Choose unsalted versions."
peanut butter,cardiovascular disease,negative,"Commercial varieties often contain added sugars, sodium, and unhealthy hydrogenated oils, which can increase LDL cholesterol and blood pressure."
peanut oil,cardiovascular disease,positive,"Rich in monounsaturated fats, which can help lower bad cholesterol levels."
peanut sauce,cardiovascular disease,negative,"Often high in sodium, sugar, and saturated fats, which can contribute to high blood pressure and cholesterol."
pear,cardiovascular disease,positive,"Excellent source of dietary fiber, which helps lower cholesterol and blood pressure."
pear juice,cardiovascular disease,negative,"Lacks the fiber of whole fruit and is a concentrated source of sugar, which can negatively impact blood sugar and triglycerides."
pearl barley,cardiovascular disease,positive,"A whole grain rich in soluble fiber (beta-glucans), which is known to lower cholesterol levels."
pearl couscous,cardiovascular disease,neutral,
pearl onion,cardiovascular disease,positive,Contains antioxidants and compounds that may help reduce blood pressure and inflammation.
pearl sugar,cardiovascular disease,negative,"A form of refined sugar, which contributes to weight gain, inflammation, and elevated triglycerides when consumed in excess."
pecan,cardiovascular disease,positive,"Rich in heart-healthy monounsaturated fats, fiber, and antioxidants that can help lower LDL cholesterol."
pecan half,cardiovascular disease,positive,"Rich in heart-healthy monounsaturated fats, fiber, and antioxidants that can help lower LDL cholesterol."
pecorino romano cheese,cardiovascular disease,very negative,"Extremely high in sodium and saturated fat, both of which are major risk factors for high blood pressure and high cholesterol."
pectin,cardiovascular disease,positive,A type of soluble fiber that can help lower LDL (bad) cholesterol levels.
penne,cardiovascular disease,neutral,
penne pasta,cardiovascular disease,neutral,
pepper,cardiovascular disease,positive,Contains antioxidants and anti-inflammatory compounds; bell peppers are rich in vitamin C and potassium.
pepper jack cheese,cardiovascular disease,negative,"High in saturated fat and sodium, which can contribute to high cholesterol and blood pressure."
pepper sauce,cardiovascular disease,negative,"Typically very high in sodium, which can increase blood pressure."
peppercorn,cardiovascular disease,positive,"Contains piperine, an antioxidant with anti-inflammatory properties that may benefit heart health."
pepperoni,cardiovascular disease,very negative,"A processed meat high in sodium, saturated fat, and nitrates, all strongly linked to increased risk of cardiovascular disease."
persian cucumber,cardiovascular disease,positive,"Low in calories and a source of potassium and fiber, which support healthy blood pressure."
persian lime,cardiovascular disease,positive,"Source of vitamin C and flavonoids, which have antioxidant properties and support blood vessel health."
persian rose petal,cardiovascular disease,neutral,
petite diced tomato,cardiovascular disease,positive,"Excellent source of lycopene, potassium, and antioxidants, which are linked to lower blood pressure and reduced cardiovascular risk."
petite pea,cardiovascular disease,positive,"Good source of fiber, plant protein, and heart-healthy micronutrients."
pho ga soup seasoning,cardiovascular disease,very negative,"Soup seasoning packets are typically extremely high in sodium, a major contributor to high blood pressure."
phyllo dough,cardiovascular disease,neutral,
picante sauce,cardiovascular disease,negative,"Commercial varieties are often high in sodium, which can raise blood pressure."
pickle,cardiovascular disease,very negative,"Extremely high in sodium due to the brining process, which significantly contributes to high blood pressure."
pickled ginger,cardiovascular disease,negative,The pickling process adds significant amounts of sodium and often sugar.
pickled mustard cabbage,cardiovascular disease,negative,"The pickling process adds a large amount of sodium, which can increase blood pressure."
pickling spice,cardiovascular disease,positive,A blend of spices which are rich in antioxidants and anti-inflammatory compounds.
pie crust,cardiovascular disease,very negative,"Usually made with refined flour and either shortening (containing trans fats) or butter (high in saturated fat), both of which raise bad cholesterol."
pie crust mix,cardiovascular disease,very negative,Contains refined flour and processed fats (like hydrogenated oils) that are detrimental to cholesterol levels and heart health.
pie shell,cardiovascular disease,very negative,"Pre-made shells are typically high in refined flour and unhealthy fats like shortening or palm oil, which raise LDL cholesterol."
pigs foot,cardiovascular disease,very negative,"Very high in saturated fat and cholesterol, which contribute to the development of atherosclerosis."
piloncillo,cardiovascular disease,negative,"A form of concentrated sugar; excessive sugar intake is linked to obesity, inflammation, and high triglycerides."
pimento,cardiovascular disease,positive,"A type of pepper rich in vitamins and antioxidants like capsaicin, which may have cardiovascular benefits."
pimento stuffed green olive,cardiovascular disease,negative,"While olives contain healthy fats, they are packed in brine, making them very high in sodium, which raises blood pressure."
pimento stuffed olive,cardiovascular disease,negative,"Very high in sodium due to the curing and brining process, which is a risk factor for hypertension."
pimiento pepper,cardiovascular disease,positive,"A type of pepper rich in vitamins and antioxidants like capsaicin, which may have cardiovascular benefits."
pimiento stuffed green olive,cardiovascular disease,negative,"Very high in sodium due to the curing and brining process, which is a risk factor for hypertension."
pimiento stuffed olive,cardiovascular disease,negative,"Very high in sodium due to the curing and brining process, which is a risk factor for hypertension."
pina colada drink mix,cardiovascular disease,very negative,"Extremely high in added sugar, which contributes to high triglycerides, weight gain, and inflammation."
pine nut,cardiovascular disease,positive,"Contains heart-healthy monounsaturated fats, magnesium, and vitamin E, which support cardiovascular function."
pineapple,cardiovascular disease,positive,"Rich in fiber, vitamins, and antioxidants like bromelain, which support heart health by reducing inflammation."
pineapple chunk,cardiovascular disease,positive,"Rich in fiber, vitamins, and antioxidants like bromelain, which support heart health by reducing inflammation."
pineapple juice,cardiovascular disease,negative,"Lacks the fiber of whole fruit and is often high in sugar, which can negatively impact blood sugar and triglyceride levels."
pineapple preserve,cardiovascular disease,very negative,"Extremely high in added sugar, a major contributor to obesity, type 2 diabetes, and cardiovascular disease."
pineapple ring,cardiovascular disease,positive,"A form of whole pineapple, rich in fiber, vitamins, and antioxidants that support heart health."
pineapple tidbit,cardiovascular disease,positive,"A form of whole pineapple, rich in fiber, vitamins, and antioxidants that support heart health."
pink food coloring,cardiovascular disease,neutral,
pink himalayan salt,cardiovascular disease,negative,"High in sodium, which is a primary driver of high blood pressure, a major risk factor for cardiovascular disease."
pinot noir wine,cardiovascular disease,positive,"Contains antioxidants like resveratrol, which may have heart-protective benefits when consumed in moderation."
pinto bean,cardiovascular disease,positive,"Excellent source of soluble fiber, which helps lower cholesterol, and potassium, which helps control blood pressure."
pisco,cardiovascular disease,negative,"Alcohol, particularly spirits, can raise blood pressure and triglyceride levels, increasing cardiovascular risk."
pistachio,cardiovascular disease,positive,"Rich in heart-healthy monounsaturated fats, fiber, and antioxidants that can help lower bad (LDL) cholesterol."
pistachio nut,cardiovascular disease,positive,"Rich in heart-healthy monounsaturated fats, fiber, and antioxidants that can help lower bad (LDL) cholesterol."
pita bread,cardiovascular disease,negative,"Typically made from refined white flour, which lacks fiber and can contribute to high blood sugar and triglycerides."
pita bread round,cardiovascular disease,negative,"Typically made from refined white flour, which lacks fiber and can contribute to high blood sugar and triglycerides."
pita round,cardiovascular disease,negative,"Typically made from refined white flour, which lacks fiber and can contribute to high blood sugar and triglycerides."
pizza crust,cardiovascular disease,negative,"Usually made with refined flour and can be high in sodium and simple carbohydrates, which are detrimental to heart health."
pizza dough,cardiovascular disease,negative,"Usually made with refined flour and can be high in sodium and simple carbohydrates, which are detrimental to heart health."
pizza sauce,cardiovascular disease,negative,"Commercially prepared versions are often very high in sodium and added sugar, which contribute to high blood pressure."
plain low fat yogurt,cardiovascular disease,positive,"Good source of probiotics, calcium, and protein, which may help manage blood pressure and cholesterol levels. Plain varieties avoid added sugars."
plain yogurt,cardiovascular disease,positive,"Good source of probiotics, calcium, and protein, which may help manage blood pressure and cholesterol levels. Plain varieties avoid added sugars."
plantain,cardiovascular disease,positive,"Rich in potassium and fiber, which are beneficial for blood pressure control and overall heart health."
plantain leaf,cardiovascular disease,neutral,
plum,cardiovascular disease,positive,Contains fiber and antioxidants that can help reduce inflammation and improve cholesterol levels.
plum preserve,cardiovascular disease,very negative,"Extremely high in added sugar, a major contributor to obesity, type 2 diabetes, and cardiovascular disease."
plum tomato,cardiovascular disease,positive,"Excellent source of lycopene, an antioxidant that is strongly linked to improved cardiovascular health, and potassium."
poblano pepper,cardiovascular disease,positive,"Contains capsaicin and antioxidants like vitamin C, which may help improve cholesterol levels and blood pressure."
poi,cardiovascular disease,positive,"Made from taro root, a good source of dietary fiber and potassium, which supports heart health."
polenta,cardiovascular disease,positive,"A whole grain food that provides complex carbohydrates and fiber, which are beneficial for heart health."
polish kielbasa,cardiovascular disease,very negative,"A processed meat high in sodium and saturated fat, both of which are strongly linked to an increased risk of cardiovascular disease."
polish sausage,cardiovascular disease,very negative,"A processed meat high in sodium and saturated fat, both of which are strongly linked to an increased risk of cardiovascular disease."
polskie ogorki,cardiovascular disease,negative,"Pickled cucumbers that are extremely high in sodium, which contributes to high blood pressure."
pomegranate juice,cardiovascular disease,positive,"High in potent antioxidants that have been shown to improve blood flow, reduce arterial plaque, and lower blood pressure."
pomegranate molasses,cardiovascular disease,negative,"A concentrated syrup that often contains high amounts of added sugar, negating potential benefits."
pomegranate seed,cardiovascular disease,positive,"Rich in fiber and heart-healthy antioxidants, which can help reduce inflammation and improve cholesterol profiles."
pomegranate syrup,cardiovascular disease,negative,"A concentrated syrup that often contains high amounts of added sugar, negating potential benefits."
poppy seed,cardiovascular disease,positive,"Contains fiber, minerals, and healthy unsaturated fats that can be beneficial for heart health in moderation."
porcini mushroom,cardiovascular disease,positive,"Good source of potassium, fiber, and antioxidants, which support healthy blood pressure and overall cardiovascular function."
pork,cardiovascular disease,negative,"General term for a red meat that is often high in saturated fat, a risk factor for high cholesterol and heart disease."
pork back fat,cardiovascular disease,very negative,"Almost pure saturated fat, which directly raises LDL (bad) cholesterol levels, a major risk factor for heart disease."
pork backfat,cardiovascular disease,very negative,"Almost pure saturated fat, which directly raises LDL (bad) cholesterol levels, a major risk factor for heart disease."
pork belly,cardiovascular disease,very negative,"Extremely high in saturated fat, which significantly raises LDL (bad) cholesterol and increases cardiovascular risk."
pork breakfast chop,cardiovascular disease,negative,"Tends to be a fatty cut of pork, high in saturated fat, contributing to elevated cholesterol."
pork butt,cardiovascular disease,very negative,"A fatty cut of meat from the shoulder, very high in saturated fat, which increases LDL (bad) cholesterol."
pork butt roast,cardiovascular disease,very negative,"A fatty cut of meat from the shoulder, very high in saturated fat, which increases LDL (bad) cholesterol."
pork chop,cardiovascular disease,negative,"Can be high in saturated fat, especially if the fat is not trimmed, contributing to elevated cholesterol levels."
pork cutlet,cardiovascular disease,negative,"As a form of red meat, it contains saturated fat; leaner than other cuts but still contributes to overall intake."
pork loin,cardiovascular disease,neutral,
pork loin chop,cardiovascular disease,neutral,
pork loin roast,cardiovascular disease,neutral,
pork roast,cardiovascular disease,negative,"A cut of red meat, which is a source of saturated fat."
pork sausage,cardiovascular disease,very negative,"Processed red meat, very high in both saturated fat and sodium."
pork shank,cardiovascular disease,negative,"A fatty cut of red meat, high in saturated fat."
pork shoulder,cardiovascular disease,negative,"A fatty cut of red meat, high in saturated fat."
pork shoulder roast,cardiovascular disease,negative,"A fatty cut of red meat, high in saturated fat."
pork sirloin,cardiovascular disease,negative,"A leaner cut of red meat, but still a source of saturated fat."
pork sirloin roast,cardiovascular disease,negative,"A leaner cut of red meat, but still a source of saturated fat."
pork sparerib,cardiovascular disease,negative,"A fatty cut of red meat, high in saturated fat."
pork steak,cardiovascular disease,negative,"A cut of red meat, which is a source of saturated fat."
pork stew meat,cardiovascular disease,negative,"Often from fatty cuts of red meat, high in saturated fat."
pork tenderloin,cardiovascular disease,neutral,
port wine,cardiovascular disease,negative,Contains alcohol and sugar; excessive intake is a risk factor for heart disease.
port wine flavored gelatin mix,cardiovascular disease,negative,High in added sugar with no nutritional benefits.
portobello mushroom,cardiovascular disease,positive,"Good source of potassium and antioxidants, which support heart health."
portobello mushroom cap,cardiovascular disease,positive,"Good source of potassium and antioxidants, which support heart health."
portuguese chourico sausage,cardiovascular disease,very negative,"Processed red meat, very high in both saturated fat and sodium."
portuguese hot pepper sauce,cardiovascular disease,negative,"Can be very high in sodium, which contributes to high blood pressure."
portuguese linguica sausage,cardiovascular disease,very negative,"Processed red meat, very high in both saturated fat and sodium."
portuguese sausage,cardiovascular disease,very negative,"Processed red meat, very high in both saturated fat and sodium."
potato,cardiovascular disease,positive,"Good source of potassium, which helps manage blood pressure."
potato cooking water,cardiovascular disease,neutral,
potato flake,cardiovascular disease,neutral,
potato flour,cardiovascular disease,neutral,
potato starch,cardiovascular disease,neutral,
poultry seasoning,cardiovascular disease,neutral,
powdered milk,cardiovascular disease,negative,"If made from whole milk, it is a source of saturated fat."
prawn,cardiovascular disease,positive,A source of lean protein and omega-3 fatty acids.
processed american cheese,cardiovascular disease,very negative,Highly processed and very high in sodium and saturated fat.
processed cheese sauce,cardiovascular disease,very negative,Highly processed and very high in sodium and unhealthy fats.
provolone cheese,cardiovascular disease,negative,High in saturated fat and sodium.
prune,cardiovascular disease,positive,"Excellent source of soluble fiber and potassium, which benefit heart health."
puff pastry,cardiovascular disease,very negative,"Typically made with butter or shortening, making it very high in saturated and/or trans fats."
puff pastry sheet,cardiovascular disease,very negative,"Typically made with butter or shortening, making it very high in saturated and/or trans fats."
pulled pork,cardiovascular disease,very negative,"Made from fatty pork and often prepared with high-sodium, high-sugar sauces."
pumpkin,cardiovascular disease,positive,"Excellent source of potassium, fiber, and heart-healthy antioxidants like beta-carotene."
pumpkin puree,cardiovascular disease,positive,"Excellent source of potassium, fiber, and heart-healthy antioxidants like beta-carotene."
purple daikon radish,cardiovascular disease,positive,A vegetable rich in fiber and antioxidants.
purple food coloring,cardiovascular disease,neutral,
purple onion,cardiovascular disease,positive,Contains antioxidants like quercetin that support cardiovascular health.
purslane,cardiovascular disease,positive,A leafy green that is a rare plant-based source of omega-3 fatty acids.
quail egg,cardiovascular disease,neutral,
quark,cardiovascular disease,neutral,
queijo coalho cheese curd,cardiovascular disease,negative,"A type of cheese, which is high in saturated fat and sodium."
queso chanco,cardiovascular disease,negative,"A type of cheese, which is high in saturated fat and sodium."
queso fresco,cardiovascular disease,negative,"A source of saturated fat and sodium, though often less than aged cheeses."
quick cooking oat,cardiovascular disease,positive,"Excellent source of soluble fiber (beta-glucan), which helps lower cholesterol."
quick rise yeast,cardiovascular disease,neutral,
quince,cardiovascular disease,positive,A fruit that provides heart-healthy fiber and antioxidants.
quince paste,cardiovascular disease,negative,Typically contains a very high amount of added sugar.
quinoa,cardiovascular disease,positive,"A whole grain rich in fiber, protein, and heart-healthy fats."
rabbit,cardiovascular disease,positive,"A lean source of protein, low in saturated fat compared to red meat."
radish,cardiovascular disease,positive,Low-calorie vegetable that provides fiber and antioxidants.
raisin,cardiovascular disease,positive,"Good source of fiber and potassium, but should be consumed in moderation due to high sugar content."
ramen noodle,cardiovascular disease,very negative,"Typically highly processed, made from refined flour, and served with very high-sodium seasoning packets."
rapeseed oil,cardiovascular disease,positive,"High in monounsaturated fats and a source of omega-3 fatty acids, which are beneficial for heart health."
raspberry,cardiovascular disease,positive,"Rich in fiber, antioxidants, and vitamins, which help reduce inflammation and improve heart health."
raspberry flavored soda water,cardiovascular disease,neutral,
raspberry jam,cardiovascular disease,negative,"High in added sugar, which can contribute to weight gain and poor metabolic health."
recao,cardiovascular disease,neutral,
recaito,cardiovascular disease,negative,Commercially prepared versions are often very high in sodium.
red bean curd,cardiovascular disease,negative,Typically preserved in brine and is very high in sodium.
red bean paste,cardiovascular disease,negative,Typically contains a high amount of added sugar.
red bell pepper,cardiovascular disease,positive,"Rich in antioxidants, potassium, and vitamins A and C, which support heart health."
red cabbage,cardiovascular disease,positive,High in fiber and heart-protective antioxidants like anthocyanins.
red candied cherry,cardiovascular disease,very negative,Extremely high in added sugar with minimal nutritional value.
red caviar,cardiovascular disease,negative,"While a source of omega-3s, it is extremely high in sodium and cholesterol."
red chile,cardiovascular disease,positive,"Contains capsaicin, which may have anti-inflammatory and antioxidant benefits."
red chile flake,cardiovascular disease,positive,"Contains capsaicin, which may have anti-inflammatory and antioxidant benefits."
red chile paste,cardiovascular disease,negative,Commercially prepared versions are often very high in sodium.
red chile pepper,cardiovascular disease,positive,"Contains capsaicin, which may have anti-inflammatory and antioxidant benefits."
red chile powder,cardiovascular disease,positive,"Contains capsaicin, which may have anti-inflammatory and antioxidant benefits."
red chile sauce,cardiovascular disease,negative,Commercially prepared versions are often high in sodium and sometimes added sugar.
red chili pepper,cardiovascular disease,positive,"Contains capsaicin, which may have anti-inflammatory and antioxidant benefits."
red chili powder,cardiovascular disease,positive,"Contains capsaicin, which may have anti-inflammatory and antioxidant benefits."
red cooking wine,cardiovascular disease,negative,"Contains very high levels of sodium, added for preservation."
red currant,cardiovascular disease,positive,"A good source of fiber, antioxidants, and vitamin C."
red currant jam,cardiovascular disease,negative,High in added sugar.
red curry paste,cardiovascular disease,negative,Commercially prepared versions are typically very high in sodium.
red food color,cardiovascular disease,neutral,
red food coloring,cardiovascular disease,neutral,
red grape,cardiovascular disease,positive,Contains heart-healthy antioxidants like resveratrol and polyphenols.
red kidney bean,cardiovascular disease,positive,"Excellent source of soluble fiber, plant-based protein, and potassium, which help lower cholesterol and blood pressure."
red lentil,cardiovascular disease,positive,"Rich in fiber, plant-based protein, and folate, which are beneficial for heart health."
red miso,cardiovascular disease,negative,"While fermented foods can be beneficial, miso is typically very high in sodium."
red onion,cardiovascular disease,positive,"Contains heart-healthy antioxidants, such as quercetin, which has anti-inflammatory properties."
red pepper,cardiovascular disease,positive,"Rich in antioxidants like vitamin C (bell peppers) or capsaicin (chili peppers), both beneficial for heart health."
red pepper flake,cardiovascular disease,positive,"Contains capsaicin, which may have anti-inflammatory and antioxidant benefits."
red potato,cardiovascular disease,positive,"A good source of potassium and fiber (especially with skin), which can help manage blood pressure."
red skinned potato,cardiovascular disease,positive,"A good source of potassium and fiber (especially with skin), which can help manage blood pressure."
red snapper,cardiovascular disease,positive,"A lean source of protein and omega-3 fatty acids, which are beneficial for heart health."
red table wine,cardiovascular disease,positive,"Moderate consumption may be beneficial due to antioxidants like resveratrol, but excessive intake is harmful."
red thai curry paste,cardiovascular disease,negative,Commercially prepared versions are typically very high in sodium.
red wine,cardiovascular disease,positive,"Moderate consumption may be beneficial due to antioxidants like resveratrol, but excessive intake is harmful."
red wine vinegar,cardiovascular disease,positive,May help with blood sugar control and is a sodium-free way to add flavor.
refrigerated pie crust,cardiovascular disease,very negative,"Usually made with refined flour, high in unhealthy fats (saturated or trans fats) and sodium."
rennet tablet,cardiovascular disease,neutral,
rhubarb,cardiovascular disease,positive,Good source of fiber and antioxidants.
rib eye steak,cardiovascular disease,very negative,"A fatty cut of red meat, very high in saturated fat, which is linked to increased LDL (bad) cholesterol."
rice,cardiovascular disease,negative,White rice is a refined carbohydrate that can raise blood sugar levels and lacks the fiber of whole grains.
rice cereal,cardiovascular disease,negative,"Typically made from refined rice and often contains added sugars, lacking significant fiber."
rice flour,cardiovascular disease,neutral,
rice noodle,cardiovascular disease,neutral,
rice paper wrapper,cardiovascular disease,neutral,
rice soup,cardiovascular disease,neutral,
rice stick noodle,cardiovascular disease,neutral,
rice vermicelli,cardiovascular disease,neutral,
rice vermicelli noodle,cardiovascular disease,neutral,
rice vinegar,cardiovascular disease,neutral,
rice wine,cardiovascular disease,negative,Alcohol consumption is a risk factor for high blood pressure and other cardiovascular issues.
rice wine vinegar,cardiovascular disease,neutral,
rice wrapper,cardiovascular disease,neutral,
ricotta cheese,cardiovascular disease,negative,"Contains saturated fat, which can contribute to elevated LDL cholesterol levels."
rigatoni pasta,cardiovascular disease,neutral,
ripe olive,cardiovascular disease,positive,Source of heart-healthy monounsaturated fats and antioxidants.
roast beef,cardiovascular disease,negative,"Red meat is a source of saturated fat, which can raise LDL cholesterol."
roasted red bell pepper,cardiovascular disease,positive,"Rich in antioxidants, potassium, and vitamins which support heart health."
roasted red pepper,cardiovascular disease,positive,"Rich in antioxidants, potassium, and vitamins which support heart health."
rock salt,cardiovascular disease,very negative,"High sodium intake is a major cause of high blood pressure, a primary risk factor for cardiovascular disease."
rock sugar,cardiovascular disease,negative,"High intake of added sugars contributes to obesity, inflammation, and high triglycerides, all risk factors for heart disease."
rolled oat,cardiovascular disease,positive,"Excellent source of soluble fiber (beta-glucan), which helps lower LDL (bad) cholesterol."
roma plum tomato,cardiovascular disease,positive,"Rich in lycopene, potassium, and antioxidants, which are linked to a lower risk of heart disease."
roma tomato,cardiovascular disease,positive,"Rich in lycopene, potassium, and antioxidants, which are linked to a lower risk of heart disease."
romaine lettuce,cardiovascular disease,positive,"A leafy green low in calories and high in fiber, folate, and antioxidants, which support cardiovascular health."
romaine lettuce leaf,cardiovascular disease,positive,"A leafy green low in calories and high in fiber, folate, and antioxidants, which support cardiovascular health."
romano,cardiovascular disease,negative,"High in both sodium and saturated fat, which can increase blood pressure and LDL cholesterol."
romano cheese,cardiovascular disease,negative,"High in both sodium and saturated fat, which can increase blood pressure and LDL cholesterol."
rose extract,cardiovascular disease,neutral,
rose petal,cardiovascular disease,neutral,
rose petal powder,cardiovascular disease,neutral,
rose water,cardiovascular disease,neutral,
rosemary,cardiovascular disease,positive,Contains antioxidants and anti-inflammatory compounds that may improve circulation and heart health.
rotelle pasta,cardiovascular disease,neutral,
rotini pasta,cardiovascular disease,neutral,
round steak,cardiovascular disease,negative,"Red meat is a source of saturated fat, which can raise LDL cholesterol."
rum,cardiovascular disease,negative,Excessive alcohol consumption is a risk factor for high blood pressure and other cardiovascular issues.
rum cream liqueur,cardiovascular disease,very negative,"Combines alcohol with high amounts of sugar and saturated fat, all of which are detrimental to cardiovascular health."
rum flavored extract,cardiovascular disease,neutral,
rum flavoring,cardiovascular disease,neutral,
rump roast,cardiovascular disease,negative,"Red meat is a source of saturated fat, which can raise LDL cholesterol."
russet potato,cardiovascular disease,neutral,
rutabaga,cardiovascular disease,positive,"Good source of fiber, potassium, and antioxidants, which support blood pressure control and heart health."
rye flake,cardiovascular disease,positive,"A whole grain rich in fiber, which helps lower cholesterol and improve blood sugar control."
rye flour,cardiovascular disease,positive,"Whole grain rye flour is rich in fiber, which helps lower cholesterol and improve blood sugar control."
saffron,cardiovascular disease,positive,Contains antioxidants that may help lower cholesterol and blood pressure.
saffron powder,cardiovascular disease,positive,Contains antioxidants that may help lower cholesterol and blood pressure.
saffron thread,cardiovascular disease,positive,Contains antioxidants that may help lower cholesterol and blood pressure.
sage,cardiovascular disease,positive,Contains antioxidants and anti-inflammatory compounds that may have a beneficial effect on cholesterol levels.
sake,cardiovascular disease,negative,Alcohol consumption is a risk factor for high blood pressure and other cardiovascular issues.
salam leaf,cardiovascular disease,neutral,
salami,cardiovascular disease,very negative,"A processed meat high in sodium, saturated fat, and nitrates, strongly linked to increased risk of heart disease."
salmon,cardiovascular disease,positive,"Rich in omega-3 fatty acids, which can lower blood pressure, reduce triglycerides, and decrease heart disease risk."
salmon fillet,cardiovascular disease,positive,"Rich in omega-3 fatty acids, which can lower blood pressure, reduce triglycerides, and decrease heart disease risk."
salsa,cardiovascular disease,positive,"Typically made from heart-healthy vegetables like tomatoes and onions, but commercial versions can be high in sodium."
salt,cardiovascular disease,very negative,"High sodium intake is a primary driver of high blood pressure, a major risk factor for cardiovascular disease."
salt beef,cardiovascular disease,very negative,"A processed red meat that is extremely high in sodium and saturated fat, both linked to increased cardiovascular risk."
salt pork,cardiovascular disease,very negative,Cured meat product with very high levels of sodium and saturated fat.
saltine cracker,cardiovascular disease,negative,Made from refined flour and typically high in sodium.
sambal oelek,cardiovascular disease,negative,"While made from chili peppers, it is extremely high in sodium."
sardine,cardiovascular disease,positive,"Excellent source of omega-3 fatty acids, which are highly beneficial for heart health."
sashimi grade tuna,cardiovascular disease,positive,A good source of lean protein and heart-healthy omega-3 fatty acids.
sauce,cardiovascular disease,neutral,
sauerkraut,cardiovascular disease,negative,"While fermented, it is prepared with a large amount of salt, making it very high in sodium."
sausage,cardiovascular disease,very negative,"Processed meat high in saturated fat, sodium, and preservatives, all strongly linked to cardiovascular disease."
sausage casing,cardiovascular disease,neutral,
savory,cardiovascular disease,neutral,
savoy cabbage,cardiovascular disease,positive,"A leafy green vegetable rich in fiber, vitamins, and antioxidants that support heart health."
sazon seasoning,cardiovascular disease,very negative,A commercial seasoning blend that is typically extremely high in sodium.
scallion,cardiovascular disease,positive,"Part of the allium family (like onions), which contains compounds beneficial for heart health."
scallop,cardiovascular disease,positive,"A lean source of protein, low in saturated fat, and contains some omega-3 fatty acids."
scotch bonnet chile,cardiovascular disease,positive,"Contains capsaicin, which may have benefits for blood pressure and cholesterol."
scotch bonnet chile pepper,cardiovascular disease,positive,"Contains capsaicin, which may have benefits for blood pressure and cholesterol."
scotch bonnet hot sauce,cardiovascular disease,negative,"While the peppers are beneficial, commercial hot sauces are typically very high in sodium."
scotch bonnet pepper,cardiovascular disease,positive,"Contains capsaicin, which may have benefits for blood pressure and cholesterol."
sea bass,cardiovascular disease,positive,A type of fish that provides heart-healthy omega-3 fatty acids.
sea bass fillet,cardiovascular disease,positive,A type of fish that provides heart-healthy omega-3 fatty acids.
sea salt,cardiovascular disease,very negative,"Despite marketing, it is chemically the same as table salt (sodium chloride) and has the same negative impact on blood pressure."
sea scallop,cardiovascular disease,positive,"A lean source of protein, low in saturated fat, and contains some omega-3 fatty acids."
seafood seasoning,cardiovascular disease,very negative,A commercial seasoning blend that is typically extremely high in sodium.
seafood stock,cardiovascular disease,negative,Commercially prepared stocks are often very high in sodium.
seasoned rice vinegar,cardiovascular disease,negative,"Contains added sodium and sugar, unlike plain rice vinegar."
seasoned salt,cardiovascular disease,very negative,"Its primary ingredient is salt, making it extremely high in sodium."
seasoning salt,cardiovascular disease,very negative,"Its primary ingredient is salt, making it extremely high in sodium."
self rising cornmeal,cardiovascular disease,negative,A refined grain product that contains sodium-based leavening agents.
self rising flour,cardiovascular disease,negative,A refined carbohydrate that contains sodium-based leavening agents.
seltzer water,cardiovascular disease,neutral,
semi sweet chocolate chip,cardiovascular disease,positive,"Contains cocoa flavonoids which can benefit heart health, but also contains sugar and fat; best in moderation."
semisweet baking chocolate,cardiovascular disease,positive,"Contains cocoa flavonoids which can benefit heart health, but also contains sugar and fat; best in moderation."
semisweet chocolate,cardiovascular disease,positive,"Contains cocoa flavonoids which can benefit heart health, but also contains sugar and fat; best in moderation."
semisweet chocolate bar,cardiovascular disease,positive,"Contains cocoa flavonoids which can benefit heart health, but also contains sugar and fat; best in moderation."
semisweet chocolate chip,cardiovascular disease,positive,"Contains cocoa flavonoids which can benefit heart health, but also contains sugar and fat; best in moderation."
semolina,cardiovascular disease,negative,"A refined wheat flour, which lacks fiber and can negatively impact blood sugar levels."
semolina flour,cardiovascular disease,negative,"A refined wheat flour, which lacks fiber and can negatively impact blood sugar levels."
serrano,cardiovascular disease,positive,"A chili pepper containing capsaicin, which may have benefits for blood pressure and cholesterol."
serrano chile,cardiovascular disease,positive,"Contains capsaicin, which may have benefits for blood pressure and cholesterol."
serrano chile pepper,cardiovascular disease,positive,"Contains capsaicin, which may have benefits for blood pressure and cholesterol."
serrano ham,cardiovascular disease,very negative,"A cured, processed meat that is very high in sodium and saturated fat."
serrano pepper,cardiovascular disease,positive,"Contains capsaicin, which may have benefits for blood pressure and cholesterol."
sesame oil,cardiovascular disease,positive,"Rich in unsaturated fats, which are beneficial for cholesterol levels and overall heart health."
sesame seed,cardiovascular disease,positive,"A good source of fiber, healthy fats, and compounds that may help lower cholesterol."
sesame seed hamburger bun,cardiovascular disease,negative,"Typically made from refined white flour, a simple carbohydrate with little fiber."
seville orange marmalade,cardiovascular disease,negative,"High in added sugar, a risk factor for obesity, inflammation, and high triglycerides."
shallot,cardiovascular disease,positive,Contains antioxidants and compounds that may help lower blood pressure and cholesterol.
shaoxing rice wine,cardiovascular disease,neutral,
sheeps milk feta cheese,cardiovascular disease,negative,"High in sodium and saturated fat, which can contribute to high blood pressure and cholesterol."
sherry,cardiovascular disease,neutral,
sherry vinegar,cardiovascular disease,positive,Can help with blood sugar control and adds flavor without sodium or fat.
sherry wine,cardiovascular disease,neutral,
shichimi togarashi,cardiovascular disease,positive,"A spice blend containing capsaicin from chili peppers, which can have cardiovascular benefits, and adds flavor without sodium."
shiitake mushroom,cardiovascular disease,positive,Contains compounds like beta-glucans that can help lower cholesterol.
shoestring potato stick,cardiovascular disease,very negative,"Typically deep-fried, high in sodium, unhealthy fats, and refined carbohydrates."
short grain brown rice,cardiovascular disease,positive,"A whole grain rich in fiber, which helps lower cholesterol and manage blood sugar."
short grain rice,cardiovascular disease,neutral,
short grain white rice,cardiovascular disease,negative,A refined carbohydrate with a high glycemic index and low fiber content.
shortening,cardiovascular disease,very negative,"A solid fat, often high in unhealthy saturated or trans fats, which raise bad (LDL) cholesterol."
shrimp,cardiovascular disease,positive,A good source of lean protein and omega-3 fatty acids; low in saturated fat.
shrimp paste,cardiovascular disease,very negative,"Extremely high in sodium, a major contributor to high blood pressure."
sichuan pepper,cardiovascular disease,positive,A spice that adds flavor without sodium and may have anti-inflammatory properties.
silken tofu,cardiovascular disease,positive,A soy product low in saturated fat; soy protein can help lower LDL cholesterol.
silver tequila,cardiovascular disease,neutral,
simple syrup,cardiovascular disease,very negative,"A concentrated source of added sugar, which is a major risk factor for cardiovascular disease."
sirloin,cardiovascular disease,negative,"A cut of red meat, which is a source of saturated fat and linked to increased cardiovascular risk."
sirloin steak,cardiovascular disease,negative,"A cut of red meat, which is a source of saturated fat and linked to increased cardiovascular risk."
sirloin tip,cardiovascular disease,negative,"A cut of red meat, which is a source of saturated fat and linked to increased cardiovascular risk."
skewer,cardiovascular disease,neutral,
skinless chicken breast,cardiovascular disease,positive,A lean source of protein that is low in saturated fat.
skirt steak,cardiovascular disease,negative,"A fatty cut of red meat, high in saturated fat."
small shrimp,cardiovascular disease,positive,A good source of lean protein and omega-3 fatty acids; low in saturated fat.
small white bean,cardiovascular disease,positive,"Excellent source of soluble fiber, plant-based protein, and minerals that support heart health."
smelt,cardiovascular disease,positive,An oily fish rich in heart-healthy omega-3 fatty acids.
smoked ham,cardiovascular disease,very negative,"A processed meat high in sodium and preservatives, strongly linked to increased cardiovascular risk."
smoked ham hock,cardiovascular disease,very negative,"A processed meat high in sodium, saturated fat, and preservatives."
smoked paprika,cardiovascular disease,positive,A spice that provides flavor and antioxidants without adding sodium.
smoked pork chop,cardiovascular disease,very negative,A processed meat high in sodium and preservatives.
smoked salmon,cardiovascular disease,negative,"Very high in sodium due to the curing and smoking process, which can increase blood pressure."
smoked sausage,cardiovascular disease,very negative,"A processed meat high in saturated fat, sodium, and preservatives."
smoked tempeh bacon,cardiovascular disease,negative,"While plant-based, it is often highly processed and very high in sodium."
snap pea,cardiovascular disease,positive,"A good source of fiber, vitamins, and minerals."
snow pea,cardiovascular disease,positive,"A good source of fiber, vitamins, and minerals."
snow pea pod,cardiovascular disease,positive,"A good source of fiber, vitamins, and minerals."
soba noodle,cardiovascular disease,positive,"Made from buckwheat, which contains fiber and flavonoids beneficial for heart health."
soaked in cold water,cardiovascular disease,neutral,
soaked in water,cardiovascular disease,neutral,
sofrito,cardiovascular disease,positive,"Typically made from a base of heart-healthy vegetables like tomatoes, onions, and garlic."
sofrito sauce,cardiovascular disease,positive,"Based on heart-healthy vegetables, but sodium content can vary in commercial versions."
soft brown sugar,cardiovascular disease,negative,"A form of added sugar, which contributes to cardiovascular disease risk when consumed in excess."
solid white tuna,cardiovascular disease,positive,"A good source of omega-3 fatty acids, but choose low-sodium versions packed in water."
sour cherry,cardiovascular disease,positive,Rich in antioxidants and anti-inflammatory compounds that may benefit heart health.
sour cherry preserve,cardiovascular disease,negative,"High in added sugar, which negates many of the fruit's health benefits."
sour cream,cardiovascular disease,negative,High in saturated fat.
sour manioc starch,cardiovascular disease,negative,A refined starch with a high glycemic index and minimal nutritional value.
soy based liquid seasoning,cardiovascular disease,negative,"Typically very high in sodium, which can increase blood pressure, a major risk factor for cardiovascular disease."
soy milk,cardiovascular disease,positive,"Unsweetened versions are low in saturated fat and a source of polyunsaturated fats, which can help lower LDL cholesterol."
soy sauce,cardiovascular disease,negative,"Extremely high in sodium, which contributes to high blood pressure."
soy sauce flavored ramen noodle,cardiovascular disease,very negative,"Typically very high in sodium, refined carbohydrates, and unhealthy fats, all of which are detrimental to cardiovascular health."
soybean sprout,cardiovascular disease,positive,"A good source of fiber and vitamins, low in calories and fat, contributing to a heart-healthy diet."
spaghetti,cardiovascular disease,neutral,
spanish chorizo,cardiovascular disease,very negative,"A processed meat high in saturated fat and sodium, both strongly linked to increased risk of cardiovascular disease."
spanish chorizo sausage,cardiovascular disease,very negative,"A processed meat high in saturated fat and sodium, both strongly linked to increased risk of cardiovascular disease."
spanish chorizo sausage link,cardiovascular disease,very negative,"A processed meat high in saturated fat and sodium, both strongly linked to increased risk of cardiovascular disease."
spanish octopus,cardiovascular disease,positive,"A lean source of protein and omega-3 fatty acids, which are beneficial for heart health."
spanish olive,cardiovascular disease,positive,"Rich in heart-healthy monounsaturated fats, which can help lower bad cholesterol. However, brine can be high in sodium."
spanish onion,cardiovascular disease,positive,Contains antioxidants and compounds like quercetin that may help reduce blood pressure and inflammation.
spanish peanut,cardiovascular disease,positive,"Good source of heart-healthy monounsaturated fats, fiber, and protein. Unsalted varieties are best."
spanish serrano ham,cardiovascular disease,very negative,"A cured, processed meat high in sodium and saturated fat, increasing the risk of hypertension and high cholesterol."
spanish smoked paprika,cardiovascular disease,neutral,
spanish style chorizo,cardiovascular disease,very negative,"A processed meat high in saturated fat and sodium, both strongly linked to increased risk of cardiovascular disease."
spanish style olive,cardiovascular disease,positive,"Rich in heart-healthy monounsaturated fats, which can help lower bad cholesterol. However, brine can be high in sodium."
spanish yellow rice mix,cardiovascular disease,negative,"Typically high in sodium and refined carbohydrates, which can negatively impact blood pressure and blood sugar levels."
sparkling mineral water,cardiovascular disease,neutral,
sparkling water,cardiovascular disease,neutral,
spelt flour,cardiovascular disease,positive,"A whole grain flour rich in fiber, which can help lower cholesterol and improve heart health compared to refined flours."
spicy brown mustard,cardiovascular disease,neutral,
spinach,cardiovascular disease,positive,"Rich in nitrates, potassium, and antioxidants, which help lower blood pressure and improve blood vessel function."
split pea,cardiovascular disease,positive,"High in soluble fiber, which helps lower cholesterol, and a good source of plant-based protein."
sponge cake,cardiovascular disease,negative,"High in refined sugar and flour, which can contribute to weight gain, high blood sugar, and elevated triglycerides."
spray,cardiovascular disease,neutral,
spring garlic,cardiovascular disease,positive,Contains compounds like allicin that may help lower cholesterol and blood pressure.
spring onion,cardiovascular disease,positive,Contains antioxidants and flavonoids that support cardiovascular health.
spring roll wrapper,cardiovascular disease,neutral,
spring water,cardiovascular disease,neutral,
sprinkle,cardiovascular disease,negative,"Primarily composed of sugar, which in excess contributes to negative cardiovascular outcomes."
squid,cardiovascular disease,neutral,
sriracha hot sauce,cardiovascular disease,negative,"High in sodium and often contains added sugar, which can contribute to high blood pressure."
sriracha sauce,cardiovascular disease,negative,"High in sodium and often contains added sugar, which can contribute to high blood pressure."
star anise,cardiovascular disease,neutral,
star anise pod,cardiovascular disease,neutral,
steelhead trout fillet,cardiovascular disease,positive,"An excellent source of omega-3 fatty acids, which are known to reduce inflammation, lower blood pressure, and decrease triglycerides."
stewed tomato,cardiovascular disease,positive,"Rich in lycopene and potassium, which are beneficial for blood pressure and overall heart health. Watch for added sodium in processed versions."
straw mushroom,cardiovascular disease,neutral,
strawberry,cardiovascular disease,positive,"High in antioxidants (anthocyanins), fiber, and potassium, which help lower blood pressure and reduce oxidative stress."
strawberry flavored syrup,cardiovascular disease,negative,"Typically very high in added sugars (like high-fructose corn syrup), which contribute to weight gain, inflammation, and elevated triglycerides."
strawberry jam,cardiovascular disease,negative,"High in added sugar, which negatively impacts cardiovascular health when consumed in excess."
string,cardiovascular disease,neutral,
sucralose sweetener,cardiovascular disease,neutral,
sugar,cardiovascular disease,very negative,"Excess consumption is a major contributor to obesity, inflammation, high triglycerides, and insulin resistance, all key risk factors for cardiovascular disease."
sugar based curing mixture,cardiovascular disease,very negative,"Combines high sugar content with curing agents like sodium and nitrates, both of which are detrimental to cardiovascular health."
sugar crystal,cardiovascular disease,very negative,"A form of pure sugar; excess consumption is a major contributor to obesity, inflammation, and high triglycerides."
sugar snap pea,cardiovascular disease,positive,"A good source of fiber, vitamins, and antioxidants, contributing to a heart-healthy diet."
sultana raisin,cardiovascular disease,neutral,
sumac,cardiovascular disease,positive,A spice rich in antioxidants that may have anti-inflammatory properties beneficial for heart health.
sumac powder,cardiovascular disease,positive,"Rich in antioxidants which can help reduce inflammation, a risk factor for heart disease."
sun dried tomato,cardiovascular disease,positive,"A concentrated source of lycopene and potassium, which are beneficial for heart health. However, some preparations can be high in sodium."
sunflower oil,cardiovascular disease,positive,"High in unsaturated fats (polyunsaturated and monounsaturated) and vitamin E, which can help lower LDL cholesterol and reduce inflammation."
sunflower seed kernel,cardiovascular disease,positive,"Excellent source of healthy unsaturated fats, vitamin E, magnesium, and fiber, all of which support cardiovascular health."
sunflower seed oil,cardiovascular disease,positive,"High in unsaturated fats (polyunsaturated and monounsaturated) and vitamin E, which can help lower LDL cholesterol and reduce inflammation."
superfine sugar,cardiovascular disease,very negative,"A refined sugar that contributes to weight gain, inflammation, high blood pressure, and elevated triglycerides, all major risk factors for heart disease."
sushi rice,cardiovascular disease,negative,"A refined carbohydrate with a high glycemic index, which can negatively impact blood sugar levels and contribute to inflammation over time."
swanson chicken broth,cardiovascular disease,negative,"Commercially prepared broths are typically very high in sodium, which can contribute to high blood pressure."
swedish anchovy,cardiovascular disease,negative,"While a source of omega-3s, preserved anchovies are typically extremely high in sodium, which can significantly raise blood pressure."
swedish arrack punsch,cardiovascular disease,negative,"An alcoholic liqueur high in sugar. Excessive alcohol and sugar intake are linked to high blood pressure, triglycerides, and other cardiovascular risks."
sweet bread roll,cardiovascular disease,negative,"Typically made from refined flour and contains added sugar and unhealthy fats, contributing to poor blood sugar control and weight gain."
sweet cherry,cardiovascular disease,positive,"Rich in potassium and antioxidants like anthocyanins, which help reduce inflammation and blood pressure."
sweet chili sauce,cardiovascular disease,negative,"Typically very high in both added sugar and sodium, which are detrimental to cardiovascular health."
sweet corn,cardiovascular disease,positive,"A source of dietary fiber and antioxidants, which can be beneficial for heart health as part of a balanced diet."
sweet corn kernel,cardiovascular disease,positive,"A source of dietary fiber and antioxidants, which can be beneficial for heart health as part of a balanced diet."
sweet manioc starch,cardiovascular disease,neutral,
sweet onion,cardiovascular disease,positive,"Contains flavonoids like quercetin, which have antioxidant and anti-inflammatory properties beneficial for heart health."
sweet paprika,cardiovascular disease,positive,"Rich in antioxidants, including carotenoids, which can help protect against oxidative stress."
sweet pea,cardiovascular disease,positive,"Good source of heart-healthy fiber, plant-based protein, and micronutrients."
sweet potato,cardiovascular disease,positive,"Excellent source of potassium, fiber, and antioxidants, which help regulate blood pressure and reduce inflammation."
sweet potato noodle,cardiovascular disease,neutral,
sweet potato vermicelli,cardiovascular disease,neutral,
sweet red chili sauce,cardiovascular disease,negative,"Typically very high in both added sugar and sodium, which are detrimental to cardiovascular health."
sweet rice flour,cardiovascular disease,negative,"A refined flour with a high glycemic index, which can negatively impact blood sugar control."
sweet soy sauce,cardiovascular disease,negative,"Very high in both sodium from the soy sauce and added sugar, contributing to high blood pressure and other risk factors."
sweet spanish onion,cardiovascular disease,positive,"Contains flavonoids like quercetin, which have antioxidant and anti-inflammatory properties beneficial for heart health."
sweet thai basil,cardiovascular disease,positive,Contains beneficial plant compounds and antioxidants with anti-inflammatory properties.
sweet yellow onion,cardiovascular disease,positive,"Contains flavonoids like quercetin, which have antioxidant and anti-inflammatory properties beneficial for heart health."
sweetened condensed milk,cardiovascular disease,very negative,"Extremely high in added sugar and contains saturated fat, contributing to elevated triglycerides, weight gain, and increased LDL cholesterol."
swiss chard,cardiovascular disease,positive,"Rich in potassium, magnesium, and dietary nitrates, which help lower blood pressure and improve blood vessel function."
swiss cheese,cardiovascular disease,negative,"High in saturated fat and sodium, which can contribute to high cholesterol and blood pressure when consumed in excess."
szechuan peppercorn,cardiovascular disease,neutral,
table cream,cardiovascular disease,very negative,"High in saturated fat, which can raise LDL ('bad') cholesterol levels, a major risk factor for heart disease."
taco seasoning mix,cardiovascular disease,negative,"Pre-made seasoning mixes are often very high in sodium, which can increase blood pressure."
tahini,cardiovascular disease,positive,"Made from sesame seeds, it's a good source of healthy unsaturated fats, antioxidants, and minerals that support heart health."
tahini paste,cardiovascular disease,positive,"Made from sesame seeds, it's a good source of healthy unsaturated fats, antioxidants, and minerals that support heart health."
tamari,cardiovascular disease,negative,"A type of soy sauce that is very high in sodium, a major contributor to high blood pressure."
tamari sauce,cardiovascular disease,negative,"A type of soy sauce that is very high in sodium, a major contributor to high blood pressure."
tamarind concentrate,cardiovascular disease,positive,"A source of polyphenols and antioxidants, which may have anti-inflammatory and cholesterol-lowering benefits."
tamarind juice,cardiovascular disease,positive,"A source of polyphenols and antioxidants, which may have anti-inflammatory and cholesterol-lowering benefits."
tamarind paste,cardiovascular disease,positive,"A source of polyphenols and antioxidants, which may have anti-inflammatory and cholesterol-lowering benefits."
tamarind powder,cardiovascular disease,positive,"A source of polyphenols and antioxidants, which may have anti-inflammatory and cholesterol-lowering benefits."
tamarind soup base,cardiovascular disease,negative,"Commercial soup bases are typically very high in sodium, which can raise blood pressure."
tandoori masala,cardiovascular disease,positive,"A blend of spices that are rich in antioxidants and have anti-inflammatory properties, assuming no excessive salt is added."
tangerine,cardiovascular disease,positive,"Rich in vitamin C, flavonoids, and soluble fiber, which are beneficial for blood vessel health and cholesterol levels."
tangerine zest,cardiovascular disease,positive,"Concentrated source of flavonoids like hesperidin, which have anti-inflammatory and antioxidant benefits for the cardiovascular system."
tapioca flour,cardiovascular disease,neutral,
tapioca starch,cardiovascular disease,neutral,
tarama,cardiovascular disease,very negative,"Made from cured fish roe, it is extremely high in both sodium and dietary cholesterol, which are detrimental to heart health."
tarragon,cardiovascular disease,neutral,
tart shell,cardiovascular disease,neutral,
tea biscuit,cardiovascular disease,neutral,
tempeh,cardiovascular disease,neutral,
tempura batter mix,cardiovascular disease,neutral,
tequila,cardiovascular disease,neutral,
teriyaki sauce,cardiovascular disease,neutral,
texas toast thick sliced bread,cardiovascular disease,neutral,
textured vegetable protein,cardiovascular disease,neutral,
thai basil,cardiovascular disease,neutral,
thai basil leaf,cardiovascular disease,neutral,
thai bird chile pepper,cardiovascular disease,neutral,
thai chile,cardiovascular disease,neutral,
thai chile pepper,cardiovascular disease,neutral,
thai fish sauce,cardiovascular disease,neutral,
thai green chile,cardiovascular disease,neutral,
thai red curry paste,cardiovascular disease,neutral,
thin rice noodle,cardiovascular disease,neutral,
thousand island salad dressing,cardiovascular disease,neutral,
thyme,cardiovascular disease,neutral,
thyme leaf,cardiovascular disease,neutral,
tiger prawn,cardiovascular disease,neutral,
tilapia,cardiovascular disease,neutral,
tilapia fillet,cardiovascular disease,neutral,
toenjang,cardiovascular disease,neutral,
tofu,cardiovascular disease,neutral,
tom yum paste,cardiovascular disease,neutral,
tomato,cardiovascular disease,neutral,
tomato juice,cardiovascular disease,neutral,
tomato paste,cardiovascular disease,neutral,
tomato puree,cardiovascular disease,neutral,
tomato sauce,cardiovascular disease,neutral,
tomato soup,cardiovascular disease,neutral,
toothpick,cardiovascular disease,neutral,
top round steak,cardiovascular disease,neutral,
top sirloin steak,cardiovascular disease,neutral,
triple sec,cardiovascular disease,neutral,
tsaoko,cardiovascular disease,neutral,
tuna,cardiovascular disease,neutral,
tuna steak,cardiovascular disease,neutral,
turbinado sugar,cardiovascular disease,neutral,
turkey,cardiovascular disease,neutral,
turkey carcass,cardiovascular disease,neutral,
turkey hot dog,cardiovascular disease,neutral,
turkey leg,cardiovascular disease,neutral,
turkish bay leaf,cardiovascular disease,neutral,
turmeric,cardiovascular disease,neutral,
turmeric root,cardiovascular disease,neutral,
turnip,cardiovascular disease,neutral,
tzatziki sauce,cardiovascular disease,neutral,
ube,cardiovascular disease,neutral,
udon noodle,cardiovascular disease,negative,"A refined carbohydrate that can raise blood sugar and triglyceride levels, which are risk factors for cardiovascular disease."
unbleached all purpose flour,cardiovascular disease,negative,"A refined carbohydrate that can contribute to high blood sugar and triglycerides, lacking the fiber of whole grains."
unbleached flour,cardiovascular disease,negative,"A refined carbohydrate that can contribute to high blood sugar and triglycerides, lacking the fiber of whole grains."
unflavored gelatin,cardiovascular disease,neutral,
unsalted butter,cardiovascular disease,very negative,"High in saturated fat, which significantly raises LDL ('bad') cholesterol levels, a major risk factor for atherosclerosis."
unsweetened baking chocolate,cardiovascular disease,positive,"Rich in cocoa flavanols, which are antioxidants that can improve blood pressure and blood vessel function."
unsweetened chocolate,cardiovascular disease,positive,"Rich in cocoa flavanols, which are antioxidants that can improve blood pressure and blood vessel function."
unsweetened cocoa,cardiovascular disease,positive,Concentrated source of heart-healthy flavanols that can help lower blood pressure and improve cholesterol levels.
unsweetened cocoa powder,cardiovascular disease,positive,Concentrated source of heart-healthy flavanols that can help lower blood pressure and improve cholesterol levels.
unsweetened coconut flake,cardiovascular disease,negative,"High in saturated fat, which can increase LDL ('bad') cholesterol levels."
unsweetened flaked coconut,cardiovascular disease,negative,"High in saturated fat, which can increase LDL ('bad') cholesterol levels."
vanilla,cardiovascular disease,neutral,
vanilla bean,cardiovascular disease,neutral,
vanilla bean ice cream,cardiovascular disease,very negative,"Very high in both saturated fat and added sugars, which contribute to high cholesterol, triglycerides, and obesity."
vanilla custard powder,cardiovascular disease,negative,"Typically high in sugar and refined starches, which can negatively impact blood sugar and triglyceride levels."
vanilla extract,cardiovascular disease,neutral,
vanilla ice cream,cardiovascular disease,very negative,"Very high in both saturated fat and added sugars, which contribute to high cholesterol, triglycerides, and obesity."
vanilla powder,cardiovascular disease,negative,"Often contains added sugars or maltodextrin, which can negatively impact blood glucose levels."
vanilla pudding mix,cardiovascular disease,negative,"High in added sugars and refined starches, contributing to elevated blood sugar and triglycerides."
vanilla rum,cardiovascular disease,negative,Contains alcohol and often added sugars. Excessive alcohol intake is a risk factor for high blood pressure and heart disease.
vanilla sugar,cardiovascular disease,negative,"Is primarily sugar, and high intake of added sugar is linked to obesity, inflammation, and high triglycerides."
veal,cardiovascular disease,negative,"A type of red meat, which is higher in saturated fat and cholesterol compared to poultry or fish."
veal cutlet,cardiovascular disease,negative,"A type of red meat, which is higher in saturated fat and cholesterol compared to poultry or fish."
veal stock,cardiovascular disease,negative,"Can be high in sodium and saturated fat, both of which are detrimental to cardiovascular health."
vegan butter,cardiovascular disease,negative,"Often made with palm or coconut oil, which are high in saturated fat, or hydrogenated oils containing trans fats."
vegan margarine,cardiovascular disease,negative,Can be high in saturated fats (from palm or coconut oil) or unhealthy trans fats from hydrogenation.
vegan white cheese,cardiovascular disease,negative,"Typically high in saturated fat (from coconut oil), sodium, and refined starches."
vegetable bouillon,cardiovascular disease,negative,"Extremely high in sodium, which can raise blood pressure."
vegetable bouillon powder,cardiovascular disease,negative,"Extremely high in sodium, which can raise blood pressure."
vegetable broth,cardiovascular disease,negative,"Commercially prepared versions are typically very high in sodium, a key contributor to high blood pressure."
vegetable juice,cardiovascular disease,negative,"While containing vitamins, commercially available vegetable juice is often very high in sodium."
vegetable oil,cardiovascular disease,negative,"This general term often refers to highly processed oils (like soy, corn) high in omega-6 fatty acids, which can be pro-inflammatory in excess."
vegetable shortening,cardiovascular disease,very negative,"A solid fat that is a primary source of unhealthy trans fats and/or saturated fats, which severely increase the risk of heart disease."
vegetable stock,cardiovascular disease,negative,"Commercially prepared versions are typically very high in sodium, a key contributor to high blood pressure."
vegetarian fish sauce,cardiovascular disease,negative,"Typically very high in sodium, which contributes to high blood pressure."
vietnamese fish sauce,cardiovascular disease,negative,"Extremely high in sodium, which is a major risk factor for hypertension."
vietnamese style rice noodle,cardiovascular disease,negative,A refined carbohydrate that can raise blood sugar and triglyceride levels.
vine ripened tomato,cardiovascular disease,positive,"Excellent source of potassium and lycopene, an antioxidant linked to lower risk of heart disease and lower blood pressure."
vinegar,cardiovascular disease,positive,Some studies suggest it may help improve blood sugar control and blood pressure.
vino seco,cardiovascular disease,neutral,"Moderate alcohol consumption may have some benefits, but excessive intake is harmful. The overall effect is complex and dose-dependent."
violet food coloring,cardiovascular disease,neutral,
vodka,cardiovascular disease,negative,"Excessive alcohol consumption is a significant risk factor for high blood pressure, cardiomyopathy, and arrhythmias."
wakame,cardiovascular disease,positive,"A type of seaweed rich in minerals, fiber, and omega-3 fatty acids, which can help lower blood pressure and cholesterol."
wakame seaweed flake,cardiovascular disease,positive,"A type of seaweed rich in minerals, fiber, and omega-3 fatty acids, which can help lower blood pressure and cholesterol."
walleye fillet,cardiovascular disease,positive,A lean fish that provides high-quality protein and heart-healthy omega-3 fatty acids.
walnut,cardiovascular disease,positive,"Excellent source of alpha-linolenic acid (ALA), a plant-based omega-3 fatty acid, which helps lower LDL cholesterol and reduce inflammation."
walnut half,cardiovascular disease,positive,"Excellent source of alpha-linolenic acid (ALA), a plant-based omega-3 fatty acid, which helps lower LDL cholesterol and reduce inflammation."
walnut piece,cardiovascular disease,positive,"Excellent source of alpha-linolenic acid (ALA), a plant-based omega-3 fatty acid, which helps lower LDL cholesterol and reduce inflammation."
wasabi paste,cardiovascular disease,negative,"Commercial paste is often high in sodium and contains little real wasabi, negating potential benefits."
water,cardiovascular disease,positive,"Proper hydration is essential for maintaining blood volume and cardiovascular function, without adding calories, sugar, or fat."
water chestnut,cardiovascular disease,positive,"Good source of potassium and fiber, which help regulate blood pressure and cholesterol."
watercress,cardiovascular disease,positive,"Rich in nitrates and antioxidants, which can lower blood pressure and reduce inflammation."
watermelon,cardiovascular disease,positive,"Contains lycopene and citrulline, which improve blood flow and lower blood pressure."
wax bean,cardiovascular disease,positive,"Good source of dietary fiber, which helps manage cholesterol levels."
waxy potato,cardiovascular disease,neutral,
wedge,cardiovascular disease,neutral,
well,cardiovascular disease,neutral,
wheat,cardiovascular disease,positive,"When consumed as a whole grain, it is high in fiber, which helps lower cholesterol."
wheat germ,cardiovascular disease,positive,"Rich in fiber, healthy fats, and vitamins that support heart health."
whipped cream,cardiovascular disease,negative,"High in saturated fat, which can raise LDL (bad) cholesterol levels."
whipped topping,cardiovascular disease,very negative,"Often contains hydrogenated oils (trans fats) and high sugar content, which are major risk factors for heart disease."
whipping cream,cardiovascular disease,negative,"High in saturated fat, which can raise LDL (bad) cholesterol levels."
whiskey,cardiovascular disease,negative,"Excessive alcohol intake can lead to high blood pressure, heart failure, and stroke."
white anchovy,cardiovascular disease,positive,"Good source of omega-3 fatty acids, but can be high in sodium."
white asparagus,cardiovascular disease,positive,A good source of fiber and antioxidants.
white balsamic vinegar,cardiovascular disease,positive,"May help improve blood sugar control and is a low-calorie, fat-free flavoring."
white bean,cardiovascular disease,positive,"Excellent source of soluble fiber and potassium, which help lower cholesterol and blood pressure."
white bread,cardiovascular disease,negative,"A refined carbohydrate with a high glycemic index, stripped of beneficial fiber."
white chocolate,cardiovascular disease,negative,High in sugar and saturated fat without the beneficial flavanols of dark chocolate.
white cornmeal,cardiovascular disease,negative,A refined grain lacking the fiber found in whole cornmeal.
white fish fillet,cardiovascular disease,positive,"A lean source of protein, a healthier alternative to red meat."
white flour,cardiovascular disease,negative,"A refined carbohydrate stripped of fiber, linked to increased cardiovascular risk."
white miso,cardiovascular disease,negative,"Fermented soy has benefits, but the extremely high sodium content is a major risk factor for high blood pressure."
white mushroom,cardiovascular disease,positive,Low in calories and a source of potassium and antioxidants.
white onion,cardiovascular disease,positive,"Contains quercetin, an antioxidant that may benefit heart health."
white pea bean,cardiovascular disease,positive,"Excellent source of soluble fiber and potassium, which help lower cholesterol and blood pressure."
white peach,cardiovascular disease,positive,"A good source of fiber, vitamins, and antioxidants."
white pepper,cardiovascular disease,neutral,
white peppercorn,cardiovascular disease,neutral,
white potato,cardiovascular disease,neutral,
white radish,cardiovascular disease,positive,Low in calories and a good source of fiber and vitamins.
white rice,cardiovascular disease,negative,"A refined grain with a high glycemic index, linked to increased risk of metabolic syndrome."
white rum,cardiovascular disease,negative,"Excessive alcohol intake can lead to high blood pressure, heart failure, and stroke."
white sandwich bread,cardiovascular disease,negative,"A refined carbohydrate with a high glycemic index, stripped of beneficial fiber."
white sesame seed,cardiovascular disease,positive,"Good source of healthy fats and fiber, which can help lower cholesterol."
white sugar,cardiovascular disease,very negative,"High intake is strongly linked to inflammation, obesity, high triglycerides, and high blood pressure."
white vinegar,cardiovascular disease,neutral,
white wine,cardiovascular disease,negative,"Excessive alcohol intake can lead to high blood pressure, heart failure, and stroke."
white wine vinegar,cardiovascular disease,positive,"May help improve blood sugar control and is a low-calorie, fat-free flavoring."
whitefish fillet,cardiovascular disease,positive,"A lean source of protein, a healthier alternative to red meat."
whole beef rib,cardiovascular disease,very negative,"A fatty cut of red meat, high in saturated fat which significantly raises LDL (bad) cholesterol."
whole chicken,cardiovascular disease,neutral,
whole milk,cardiovascular disease,negative,"High in saturated fat, which can raise LDL (bad) cholesterol levels."
whole milk mozzarella cheese,cardiovascular disease,negative,High in saturated fat and sodium.
whole rye flour,cardiovascular disease,positive,"A whole grain high in soluble fiber, which helps lower cholesterol."
whole wheat berry,cardiovascular disease,positive,"An unprocessed whole grain, excellent source of heart-healthy fiber."
whole wheat bread,cardiovascular disease,positive,"A whole grain food, high in fiber which helps manage cholesterol and blood pressure."
whole wheat bread crumb,cardiovascular disease,positive,"Made from whole wheat, retaining its fiber and nutrients."
whole wheat flour,cardiovascular disease,positive,"A whole grain flour high in fiber, beneficial for heart health."
wide egg noodle,cardiovascular disease,negative,"Typically made from refined white flour, which lacks fiber and can negatively impact blood sugar."
wild duck,cardiovascular disease,neutral,
wildflower honey,cardiovascular disease,neutral,
wine vinegar,cardiovascular disease,neutral,
wonton wrapper,cardiovascular disease,neutral,
wood chip,cardiovascular disease,neutral,
wood chunk,cardiovascular disease,neutral,
wood ear mushroom,cardiovascular disease,neutral,
wood fungus mushroom,cardiovascular disease,neutral,
wood skewer,cardiovascular disease,neutral,
worcestershire sauce,cardiovascular disease,neutral,
xylitol,cardiovascular disease,neutral,
yautia,cardiovascular disease,neutral,
yeast,cardiovascular disease,neutral,
yeasted puff pastry,cardiovascular disease,neutral,
yellow bell pepper,cardiovascular disease,neutral,
yellow cake mix,cardiovascular disease,neutral,
yellow chili pepper,cardiovascular disease,neutral,
yellow food coloring,cardiovascular disease,neutral,
yellow lentil,cardiovascular disease,neutral,
yellow onion,cardiovascular disease,neutral,
yellow plantain,cardiovascular disease,neutral,
yellow saffron rice,cardiovascular disease,neutral,
yellow split pea,cardiovascular disease,neutral,
yellow squash,cardiovascular disease,neutral,
yellow tomato,cardiovascular disease,neutral,
yogurt,cardiovascular disease,neutral,
yuca,cardiovascular disease,neutral,
yuca cassava root,cardiovascular disease,neutral,
yukon gold potato,cardiovascular disease,neutral,
zaatar,cardiovascular disease,neutral,
zapallo squash,cardiovascular disease,neutral,
ziti pasta,cardiovascular disease,neutral,
zucchini,cardiovascular disease,neutral,
acacia honey,kidney disease,neutral,
achiote,kidney disease,neutral,
achiote seed,kidney disease,neutral,
active dry yeast,kidney disease,negative,"Contains a moderate amount of phosphorus, which should be limited in a renal diet."
adobo sauce,kidney disease,very negative,"Extremely high in sodium, which can increase blood pressure and fluid retention."
adobo seasoning,kidney disease,very negative,"Extremely high in sodium, which can increase blood pressure and fluid retention."
aji amarillo,kidney disease,negative,"Peppers are a source of potassium, which needs to be limited."
aji amarillo chile paste,kidney disease,negative,Concentrated peppers are a significant source of potassium.
aji amarillo chili paste,kidney disease,negative,Concentrated peppers are a significant source of potassium.
aji amarillo pepper,kidney disease,negative,"Peppers are a source of potassium, which needs to be limited."
aji chile,kidney disease,negative,"Peppers are a source of potassium, which needs to be limited."
aji dulce pepper,kidney disease,negative,"Peppers are a source of potassium, which needs to be limited."
aji pepper,kidney disease,negative,"Peppers are a source of potassium, which needs to be limited."
ajies dulce pepper,kidney disease,negative,"Peppers are a source of potassium, which needs to be limited."
ale,kidney disease,negative,Alcohol can raise blood pressure and some beers are high in potassium and phosphorus.
aleppo chile,kidney disease,negative,"Peppers are a source of potassium, which needs to be limited."
aleppo chili flake,kidney disease,negative,Concentrated peppers are a significant source of potassium.
aleppo pepper flake,kidney disease,negative,Concentrated peppers are a significant source of potassium.
aleppo red pepper flake,kidney disease,negative,Concentrated peppers are a significant source of potassium.
all purpose flour,kidney disease,positive,"Refined flour is lower in potassium and phosphorus than whole grain flours, making it a better choice for a renal diet."
allspice,kidney disease,neutral,
allspice berry,kidney disease,neutral,
almond,kidney disease,very negative,"Nuts are very high in potassium, phosphorus, and oxalates."
almond extract,kidney disease,neutral,
almond flour,kidney disease,very negative,"Concentrated almonds are very high in potassium, phosphorus, and oxalates."
almond half,kidney disease,very negative,"Nuts are very high in potassium, phosphorus, and oxalates."
almond meal,kidney disease,very negative,"Concentrated almonds are very high in potassium, phosphorus, and oxalates."
almond milk,kidney disease,negative,"Often contains added phosphates and potassium, which should be limited."
almond paste,kidney disease,very negative,Concentrated almonds are very high in potassium and phosphorus.
almond sliver,kidney disease,very negative,"Nuts are very high in potassium, phosphorus, and oxalates."
aluminum foil,kidney disease,neutral,
amaretto liqueur,kidney disease,negative,Alcohol and high sugar content should be limited.
american cheese,kidney disease,very negative,"Processed cheese is extremely high in sodium and phosphate additives, which are very harmful for kidney disease."
ancho chile pepper,kidney disease,negative,Dried peppers are a concentrated source of potassium.
ancho chili powder,kidney disease,negative,Dried pepper powder is a concentrated source of potassium.
anchovy,kidney disease,very negative,Extremely high in sodium due to curing.
anchovy fillet,kidney disease,very negative,Extremely high in sodium due to curing.
angostura bitter,kidney disease,neutral,
anise extract,kidney disease,neutral,
anise oil,kidney disease,neutral,
anise seed,kidney disease,neutral,
anise seed powder,kidney disease,neutral,
annatto powder,kidney disease,neutral,
annatto seed,kidney disease,neutral,
apple,kidney disease,positive,"Low in potassium and a good source of fiber, making it a kidney-friendly fruit."
apple brandy,kidney disease,negative,Alcohol should be limited as it can raise blood pressure and cause dehydration.
apple cider,kidney disease,negative,"Can be a significant source of potassium, which needs to be limited."
apple cider vinegar,kidney disease,neutral,
apple juice,kidney disease,positive,A low-potassium juice option suitable for a renal diet.
apple pie filling,kidney disease,negative,"Typically very high in added sugar, which should be limited."
applesauce,kidney disease,positive,"Low in potassium, phosphorus, and sodium, especially unsweetened varieties. A kidney-friendly fruit choice."
apricot,kidney disease,negative,"High in potassium, which needs to be limited in a kidney-friendly diet."
apricot jam,kidney disease,negative,"Made from apricots, which are high in potassium. Also typically high in sugar."
apricot jelly,kidney disease,negative,"Made from apricots, which are high in potassium. Also typically high in sugar."
apricot preserve,kidney disease,negative,"Made from apricots, which are high in potassium. Also typically high in sugar."
arborio rice,kidney disease,neutral,
artichoke heart,kidney disease,negative,High in potassium.
arugula,kidney disease,positive,"A leafy green that is lower in potassium compared to others like spinach, making it a better choice in moderation."
asafoetida powder,kidney disease,neutral,
asiago cheese,kidney disease,very negative,"Very high in both sodium and phosphorus, which are strictly limited in a kidney diet."
asian fish sauce,kidney disease,very negative,Extremely high in sodium.
asian five spice powder,kidney disease,neutral,
asian pear,kidney disease,positive,"A fruit with a lower potassium content compared to many others, making it a good choice for a kidney diet."
asparagus,kidney disease,negative,Contains a moderate to high amount of potassium.
asturian fabada bean,kidney disease,very negative,Beans are very high in both potassium and phosphorus.
avocado,kidney disease,very negative,Extremely high in potassium.
baby bella mushroom,kidney disease,negative,Mushrooms are a significant source of potassium.
baby bok choy,kidney disease,positive,"A low-potassium vegetable, making it an excellent choice for a kidney-friendly diet."
baby carrot,kidney disease,positive,Low in potassium and a good source of fiber. A healthy vegetable choice in moderation.
baby corn ear,kidney disease,positive,"Low in potassium and phosphorus, making it a safe vegetable choice."
baby pea,kidney disease,negative,Higher in potassium and phosphorus compared to other kidney-friendly vegetables.
baby potato,kidney disease,very negative,Potatoes are very high in potassium. Leaching can help but they are generally avoided.
baby red potato,kidney disease,very negative,Potatoes are very high in potassium. Leaching can help but they are generally avoided.
baby spinach leaf,kidney disease,very negative,"Very high in potassium and oxalates, which can be problematic for kidney health."
bacon,kidney disease,very negative,A processed meat that is very high in sodium and often contains phosphorus additives.
bacon dripping,kidney disease,very negative,High in sodium and unhealthy fats.
bacon strip,kidney disease,very negative,A processed meat that is very high in sodium and often contains phosphorus additives.
bakers ammonia,kidney disease,neutral,
baking potato,kidney disease,very negative,Potatoes are very high in potassium.
baking powder,kidney disease,very negative,"Contains phosphate additives, which are a significant and easily absorbed source of phosphorus."
baking soda,kidney disease,very negative,"Is sodium bicarbonate, making it extremely high in sodium."
balsamic vinegar,kidney disease,neutral,
bamboo shoot,kidney disease,positive,"Low in potassium, making it a good vegetable choice."
bamboo skewer,kidney disease,neutral,
banana,kidney disease,very negative,Famously high in potassium and one of the first fruits to be limited for kidney patients.
banana extract,kidney disease,neutral,
banana pepper,kidney disease,positive,Low in potassium and a good way to add flavor without salt.
barbecue sauce,kidney disease,very negative,"Typically very high in sodium, sugar, and often contains potassium and phosphorus additives."
barberry,kidney disease,negative,Dried fruits are concentrated sources of potassium.
basil,kidney disease,positive,"A fresh herb that adds flavor without sodium, potassium, or phosphorus."
basil leaf,kidney disease,positive,"A fresh herb that adds flavor without sodium, potassium, or phosphorus."
basmati rice,kidney disease,positive,"White rice is low in phosphorus and potassium, making it a good staple grain."
bavarian style sauerkraut,kidney disease,negative,Can be very high in sodium due to the brining and fermentation process.
bay leaf,kidney disease,neutral,
bay powder,kidney disease,neutral,
bean,kidney disease,very negative,All types of beans are very high in both potassium and phosphorus.
bean sprout,kidney disease,positive,"Low in potassium and phosphorus, making it a good addition to meals."
bean thread,kidney disease,positive,"Also known as glass noodles, they are low in protein, phosphorus, and potassium."
beef,kidney disease,negative,"A source of high biological value protein, but also high in phosphorus. Must be consumed in strictly controlled portions."
beef base,kidney disease,very negative,A concentrated product that is extremely high in sodium.
beef birria,kidney disease,negative,"A stew typically high in sodium, phosphorus, and protein from the meat and broth, which need to be limited in a renal diet."
beef bouillon,kidney disease,very negative,"Extremely high in sodium, which must be severely restricted for kidney disease to manage blood pressure and fluid retention."
beef bouillon cube,kidney disease,very negative,"Extremely high in sodium, which must be severely restricted for kidney disease to manage blood pressure and fluid retention."
beef bouillon granule,kidney disease,very negative,"Extremely high in sodium, which must be severely restricted for kidney disease to manage blood pressure and fluid retention."
beef broth,kidney disease,very negative,Commercially prepared broths are typically very high in sodium. They also contain potassium and phosphorus.
beef chuck,kidney disease,negative,"Red meat is a source of high biological value protein, but it is also high in phosphorus and potassium, which are restricted in a renal diet."
beef chuck roast,kidney disease,negative,"Red meat is a source of high biological value protein, but it is also high in phosphorus and potassium, which are restricted in a renal diet."
beef consomme,kidney disease,very negative,"A concentrated broth, making it very high in sodium and a source of potassium and phosphorus."
beef cube steak,kidney disease,negative,"Red meat is a source of high biological value protein, but it is also high in phosphorus and potassium, which are restricted in a renal diet."
beef eye of round roast,kidney disease,negative,"Red meat is a source of high biological value protein, but it is also high in phosphorus and potassium, which are restricted in a renal diet."
beef fat,kidney disease,neutral,
beef flank steak,kidney disease,negative,"Red meat is a source of high biological value protein, but it is also high in phosphorus and potassium, which are restricted in a renal diet."
beef gravy,kidney disease,very negative,Typically very high in sodium and often contains phosphorus additives.
beef oxtail,kidney disease,negative,"Red meat is a source of high biological value protein, but it is also high in phosphorus and potassium, which are restricted in a renal diet."
beef pot roast,kidney disease,negative,"Red meat is a source of high biological value protein, but it is also high in phosphorus and potassium, which are restricted in a renal diet."
beef ravioli,kidney disease,negative,"A processed food, typically high in sodium, phosphorus, and protein."
beef rib eye steak,kidney disease,negative,"Red meat is a source of high biological value protein, but it is also high in phosphorus and potassium, which are restricted in a renal diet."
beef roast,kidney disease,negative,"Red meat is a source of high biological value protein, but it is also high in phosphorus and potassium, which are restricted in a renal diet."
beef round,kidney disease,negative,"Red meat is a source of high biological value protein, but it is also high in phosphorus and potassium, which are restricted in a renal diet."
beef round steak,kidney disease,negative,"Red meat is a source of high biological value protein, but it is also high in phosphorus and potassium, which are restricted in a renal diet."
beef rump roast,kidney disease,negative,"Red meat is a source of high biological value protein, but it is also high in phosphorus and potassium, which are restricted in a renal diet."
beef short rib,kidney disease,negative,"Red meat is a source of high biological value protein, but it is also high in phosphorus and potassium, which are restricted in a renal diet."
beef shoulder,kidney disease,negative,"Red meat is a source of high biological value protein, but it is also high in phosphorus and potassium, which are restricted in a renal diet."
beef sirloin,kidney disease,negative,"Red meat is a source of high biological value protein, but it is also high in phosphorus and potassium, which are restricted in a renal diet."
beef sirloin steak,kidney disease,negative,"Red meat is a source of high biological value protein, but it is also high in phosphorus and potassium, which are restricted in a renal diet."
beef skirt steak,kidney disease,negative,"Red meat is a source of high biological value protein, but it is also high in phosphorus and potassium, which are restricted in a renal diet."
beef soup bone,kidney disease,negative,"Leaches high amounts of phosphorus and potassium into broths and soups, which should be avoided."
beef steak,kidney disease,negative,"Red meat is a source of high biological value protein, but it is also high in phosphorus and potassium, which are restricted in a renal diet."
beef stew meat,kidney disease,negative,"Red meat is a source of high biological value protein, but it is also high in phosphorus and potassium, which are restricted in a renal diet."
beef stock,kidney disease,very negative,Commercially prepared stocks are typically very high in sodium. They also contain potassium and phosphorus.
beef tenderloin,kidney disease,negative,"Red meat is a source of high biological value protein, but it is also high in phosphorus and potassium, which are restricted in a renal diet."
beef tenderloin steak,kidney disease,negative,"Red meat is a source of high biological value protein, but it is also high in phosphorus and potassium, which are restricted in a renal diet."
beef tongue,kidney disease,negative,"Red meat is a source of high biological value protein, but it is also high in phosphorus and potassium, which are restricted in a renal diet."
beef top round steak,kidney disease,negative,"Red meat is a source of high biological value protein, but it is also high in phosphorus and potassium, which are restricted in a renal diet."
beef top sirloin,kidney disease,negative,"Red meat is a source of high biological value protein, but it is also high in phosphorus and potassium, which are restricted in a renal diet."
beef top sirloin steak,kidney disease,negative,"Red meat is a source of high biological value protein, but it is also high in phosphorus and potassium, which are restricted in a renal diet."
beef tri tip,kidney disease,negative,"Red meat is a source of high biological value protein, but it is also high in phosphorus and potassium, which are restricted in a renal diet."
beer,kidney disease,negative,Alcohol can raise blood pressure and is dehydrating. Beer can also be a source of potassium and phosphorus.
beet,kidney disease,negative,"Very high in potassium, which needs to be limited in most renal diets. Also contains oxalates."
belacan,kidney disease,very negative,A fermented shrimp paste that is extremely high in sodium.
belacan shrimp paste,kidney disease,very negative,A fermented shrimp paste that is extremely high in sodium.
bell pepper,kidney disease,positive,"Low in potassium, phosphorus, and sodium, and a good source of vitamins A and C. It is a recommended vegetable for a kidney-friendly diet."
birds eye chile,kidney disease,neutral,
bitter melon,kidney disease,neutral,
bitter orange marinade,kidney disease,very negative,Marinades are typically extremely high in sodium.
bitter,kidney disease,neutral,
bittersweet chocolate,kidney disease,negative,Chocolate is very high in both potassium and phosphorus and should be limited or avoided.
black bean,kidney disease,negative,"High in both potassium and phosphorus, which are typically restricted in a renal diet."
black bean paste,kidney disease,very negative,"Extremely high in sodium, in addition to the potassium and phosphorus from the beans."
black bean sauce,kidney disease,very negative,"Extremely high in sodium, in addition to the potassium and phosphorus from the beans."
black cardamom,kidney disease,neutral,
black cardamom pod,kidney disease,neutral,
black cardamom seed,kidney disease,neutral,
black cumin,kidney disease,neutral,
black cumin seed,kidney disease,neutral,
black garbanzo bean,kidney disease,negative,"High in potassium and phosphorus, which need to be restricted in a kidney diet."
black italian olive,kidney disease,negative,Typically cured in brine and very high in sodium.
black mustard seed,kidney disease,neutral,
black olive,kidney disease,negative,Typically cured in brine and very high in sodium.
black pepper,kidney disease,neutral,
black peppercorn,kidney disease,neutral,
black sesame seed,kidney disease,negative,High in phosphorus and potassium.
black soy sauce,kidney disease,very negative,"Extremely high in sodium, which must be severely limited for kidney health."
black tea,kidney disease,negative,"High in oxalates, which can contribute to kidney stones, and is a source of potassium."
black tea leaf,kidney disease,negative,"High in oxalates, which can contribute to kidney stones, and is a source of potassium."
black treacle,kidney disease,very negative,A form of molasses that is extremely high in potassium.
blackberry,kidney disease,positive,Low in potassium and a good source of antioxidants beneficial for overall health.
blood sausage,kidney disease,very negative,"Highly processed meat, very high in sodium, phosphorus, and protein."
blue food coloring,kidney disease,neutral,
blueberry,kidney disease,positive,"Low in sodium, potassium, and phosphorus; rich in antioxidants."
bok choy,kidney disease,negative,"Contains a moderate to high amount of potassium, which should be limited."
bologna slice,kidney disease,very negative,"Highly processed meat, very high in sodium and phosphorus additives."
bone in beef shank,kidney disease,negative,"High in protein and phosphorus, especially when cooked with the bone."
boneless chuck roast,kidney disease,negative,High in protein and phosphorus; portion sizes must be limited.
boneless country style pork rib,kidney disease,negative,High in protein and phosphorus; portion sizes must be limited.
bonito flake,kidney disease,negative,Dried fish product that is high in sodium and protein.
bonito shaving,kidney disease,negative,Dried fish product that is high in sodium and protein.
boston lettuce,kidney disease,neutral,
bourbon whiskey,kidney disease,negative,Alcohol can dehydrate the body and put stress on the kidneys.
braising liquid,kidney disease,negative,Often very high in sodium and can contain leached phosphorus and potassium from cooked ingredients.
brandy,kidney disease,negative,Alcohol can dehydrate the body and put stress on the kidneys.
brandy based orange liqueur,kidney disease,negative,Alcohol can dehydrate the body and put stress on the kidneys.
branzino,kidney disease,neutral,A source of protein and phosphorus that can be included in a kidney diet with proper portion control.
bratwurst,kidney disease,very negative,"Highly processed meat, very high in sodium, phosphorus, and protein."
bratwurst sausage,kidney disease,very negative,"Highly processed meat, very high in sodium, phosphorus, and protein."
bread,kidney disease,neutral,"Impact varies greatly; white bread is generally better than whole wheat (lower phosphorus), but sodium content must be checked."
bread crumb,kidney disease,negative,Often very high in sodium; check labels for low-sodium versions.
bread dough,kidney disease,neutral,
bread flour,kidney disease,neutral,Refined white flour is low in phosphorus and potassium.
bread machine yeast,kidney disease,neutral,
breast chop,kidney disease,negative,High in protein and phosphorus; portion sizes must be limited.
broccoli,kidney disease,negative,"High in potassium and should be eaten in small, controlled portions."
broccoli floret,kidney disease,negative,"High in potassium and should be eaten in small, controlled portions."
broccoli in cheese sauce,kidney disease,very negative,"Combines high-potassium broccoli with high-sodium, high-phosphorus cheese sauce."
broth,kidney disease,very negative,Typically extremely high in sodium unless specified as 'no salt added'.
brown gravy mix,kidney disease,very negative,Processed mix that is very high in sodium and often contains phosphorus additives.
brown lentil,kidney disease,very negative,Very high in both potassium and phosphorus.
brown rice,kidney disease,negative,"As a whole grain, it is higher in phosphorus and potassium than white rice."
brown sugar,kidney disease,negative,Contains a significant amount of potassium compared to white sugar.
browning,kidney disease,very negative,A concentrated source of sodium used for color and flavor.
browning sauce,kidney disease,very negative,Extremely high in sodium and may contain phosphorus additives.
brushing,kidney disease,neutral,
bulgur,kidney disease,negative,"A whole grain, which is high in both potassium and phosphorus."
bulgur wheat,kidney disease,negative,"A whole grain, which is high in both potassium and phosphorus."
butter,kidney disease,negative,High in saturated fat. Salted butter is very high in sodium. Unsalted should be used sparingly.
butter bean,kidney disease,negative,Beans are high in potassium and phosphorus.
butter flavoring,kidney disease,negative,Can contain hidden sodium or phosphate additives.
butter flavored shortening,kidney disease,very negative,"Highly processed fat, often contains high levels of sodium and phosphate additives."
buttermilk,kidney disease,very negative,"Dairy product that is high in phosphorus, potassium, and sodium."
butternut squash,kidney disease,negative,A winter squash that is high in potassium.
button mushroom,kidney disease,negative,Mushrooms are a significant source of potassium.
cabbage,kidney disease,positive,"Low in potassium, phosphorus, and sodium, making it an excellent choice for a kidney-friendly diet."
cabbage leaf,kidney disease,positive,"Low in potassium, phosphorus, and sodium, making it an excellent choice for a kidney-friendly diet."
cabernet sauvignon wine,kidney disease,negative,Alcohol should be limited or avoided as it can dehydrate and raise blood pressure.
cacao powder,kidney disease,very negative,Extremely high in both potassium and phosphorus.
cachaca,kidney disease,negative,Alcohol should be limited or avoided as it can dehydrate and raise blood pressure.
cacho de cabra pepper,kidney disease,neutral,
cake flour,kidney disease,neutral,"A refined flour, which is lower in phosphorus and potassium than whole grain flours."
calabresa,kidney disease,very negative,"A processed sausage, extremely high in sodium and phosphate additives."
calamari ring,kidney disease,negative,Seafood is a source of phosphorus and can be high in sodium depending on preparation.
canadian bacon,kidney disease,very negative,"A processed meat, very high in sodium and often contains phosphate additives."
candied cherry,kidney disease,negative,"Very high in sugar, which should be limited, especially for patients with diabetes."
candied citron,kidney disease,negative,"Very high in sugar, which should be limited, especially for patients with diabetes."
candied lemon peel,kidney disease,negative,"Very high in sugar, which should be limited, especially for patients with diabetes."
candied mixed fruit peel,kidney disease,negative,"Very high in sugar, which should be limited, especially for patients with diabetes."
candied orange peel,kidney disease,negative,"Very high in sugar, which should be limited, especially for patients with diabetes."
candlenut,kidney disease,very negative,Nuts are typically very high in phosphorus and potassium.
candy sprinkle,kidney disease,negative,Primarily sugar with artificial additives; provides no nutritional benefit and high sugar intake is discouraged.
cane vinegar,kidney disease,positive,"A good way to add flavor to foods without adding sodium, potassium, or phosphorus."
cannellini bean,kidney disease,negative,Beans are high in potassium and phosphorus.
canola oil,kidney disease,positive,A healthy fat source that is free of sodium and low in potassium and phosphorus.
caper,kidney disease,very negative,"Typically packed in brine, making them extremely high in sodium."
caraway seed,kidney disease,neutral,"Used in small amounts as a spice, its mineral content is negligible."
carbonated water,kidney disease,negative,Can contain added sodium or phosphoric acid (a source of phosphorus). Check labels carefully.
cardamom,kidney disease,positive,A spice that can add flavor to food without adding sodium.
cardamom flavored extract,kidney disease,positive,A good way to add flavor to foods without adding sodium.
cardamom pod,kidney disease,positive,A spice that can add flavor to food without adding sodium.
cardamom seed,kidney disease,positive,A spice that can add flavor to food without adding sodium.
carrot,kidney disease,negative,Contains a significant amount of potassium and should be eaten in limited quantities.
carrot matchstick,kidney disease,negative,Contains a significant amount of potassium and should be eaten in limited quantities.
cashew,kidney disease,very negative,Nuts are very high in potassium and phosphorus.
cashew half,kidney disease,very negative,Nuts are very high in potassium and phosphorus.
cassava flour,kidney disease,neutral,Lower in potassium and phosphorus compared to many other flours.
catfish fillet,kidney disease,negative,"While a source of protein, fish is high in phosphorus and must be portion-controlled."
cauliflower,kidney disease,positive,"A low-potassium, low-phosphorus vegetable that is a great choice for a kidney-friendly diet."
cayenne,kidney disease,positive,A spice that can add flavor to food without adding sodium.
cayenne pepper,kidney disease,positive,A spice that can add flavor to food without adding sodium.
celery,kidney disease,negative,Higher in sodium than most vegetables and contains a moderate amount of potassium.
celery rib,kidney disease,negative,Higher in sodium than most vegetables and contains a moderate amount of potassium.
celery salt,kidney disease,very negative,Extremely high in sodium.
celery seed,kidney disease,neutral,
celery stalk,kidney disease,neutral,
cellophane noodle,kidney disease,neutral,
chai tea bag,kidney disease,neutral,
chamoy,kidney disease,neutral,
champagne,kidney disease,neutral,
champagne vinegar,kidney disease,neutral,
chana dal,kidney disease,neutral,
charcoal,kidney disease,neutral,
chayote squash,kidney disease,neutral,
cheddar cheese,kidney disease,neutral,
cheese curd,kidney disease,neutral,
cheese ravioli,kidney disease,neutral,
cheese sauce,kidney disease,neutral,
cheesecloth,kidney disease,neutral,
cherry,kidney disease,neutral,
cherry tomato,kidney disease,neutral,
chestnut,kidney disease,neutral,
chicken,kidney disease,neutral,
chicken base,kidney disease,neutral,
chicken bone,kidney disease,neutral,
chicken bouillon,kidney disease,neutral,
chicken bouillon granule,kidney disease,neutral,
chicken breast,kidney disease,neutral,
chicken breast half,kidney disease,neutral,
chicken breast meat,kidney disease,neutral,
chicken breast tenderloin,kidney disease,neutral,
chicken broth,kidney disease,neutral,
chicken chunk,kidney disease,neutral,
chicken drumette,kidney disease,neutral,
chicken drumstick,kidney disease,neutral,
chicken gizzard,kidney disease,neutral,
chicken leg,kidney disease,neutral,
chicken leg quarter,kidney disease,neutral,
chicken liver,kidney disease,neutral,
chicken meat,kidney disease,neutral,
chicken part,kidney disease,neutral,
chicken piece,kidney disease,neutral,
chicken soup base,kidney disease,neutral,
chicken stock,kidney disease,neutral,
chicken tender,kidney disease,neutral,
chicken thigh,kidney disease,neutral,
chicken wing,kidney disease,neutral,
chicken wing drumette,kidney disease,neutral,
chickpea,kidney disease,neutral,
chickpea flour,kidney disease,neutral,
chile flake,kidney disease,neutral,
chile garlic sauce,kidney disease,neutral,
chile padi,kidney disease,neutral,
chile paste,kidney disease,neutral,
chile pepper,kidney disease,positive,A good source of flavor without adding sodium. Capsaicin may have anti-inflammatory benefits.
chile powder,kidney disease,negative,Commercial chili powders are often high in sodium.
chile sauce,kidney disease,very negative,Typically extremely high in sodium.
chilean sea bass fillet,kidney disease,negative,"High in phosphorus, which must be limited in a kidney-friendly diet."
chili bean paste,kidney disease,very negative,Extremely high in sodium due to fermentation and processing.
chili garlic sauce,kidney disease,very negative,Typically extremely high in sodium.
chili lime seasoning,kidney disease,negative,Seasoning blends are typically very high in sodium.
chili oil,kidney disease,neutral,
chili pepper,kidney disease,positive,A good source of flavor without adding sodium. Capsaicin may have anti-inflammatory benefits.
chili powder,kidney disease,negative,Commercial chili powders are often high in sodium.
chili sauce,kidney disease,very negative,Typically extremely high in sodium.
chili seasoning mix,kidney disease,very negative,Seasoning mixes are typically extremely high in sodium.
chinese barbequed pork,kidney disease,very negative,"A processed meat, which is very high in sodium and often contains phosphate additives."
chinese broccoli,kidney disease,negative,"High in potassium, which needs to be limited and carefully portioned."
chinese cabbage,kidney disease,positive,"A low-potassium vegetable, making it a good choice for a kidney-friendly diet."
chinese chive,kidney disease,neutral,
chinese cooking wine,kidney disease,negative,Very high in sodium.
chinese egg noodle,kidney disease,negative,"Made from refined flour, which can be a source of phosphorus and potassium."
chinese egg noodle nest,kidney disease,negative,"Made from refined flour, which can be a source of phosphorus and potassium."
chinese eggplant,kidney disease,positive,"A low-potassium vegetable, making it a good choice for a kidney-friendly diet."
chinese five spice powder,kidney disease,positive,A salt-free way to add flavor to food.
chinese hot prepared mustard,kidney disease,negative,Prepared mustards are typically high in sodium.
chinese moo shu pancake,kidney disease,neutral,
chinese rice vinegar,kidney disease,positive,"A low-sodium, low-potassium, and low-phosphorus way to add flavor."
chinese rice wine,kidney disease,negative,Often contains a high amount of sodium.
chinese roasted pork,kidney disease,very negative,"A processed meat, which is very high in sodium and often contains phosphate additives."
chipotle chile powder,kidney disease,positive,Pure chile powder is a good salt-free way to add flavor. Check labels for added salt.
chipotle chili powder,kidney disease,positive,Pure chili powder is a good salt-free way to add flavor. Check labels for added salt.
chipotle mayonnaise,kidney disease,negative,"High in sodium and fat, and may contain phosphate additives."
chipotle pepper,kidney disease,positive,A good source of flavor without adding sodium. Avoid those canned in high-sodium adobo sauce.
chive,kidney disease,positive,A low-potassium herb that adds flavor without sodium.
chocolate chip,kidney disease,negative,Chocolate is high in both potassium and phosphorus.
chocolate mix,kidney disease,very negative,"Very high in phosphorus, potassium, and sugar."
chocolate sprinkle,kidney disease,negative,High in sugar and contains phosphorus from chocolate.
chocolate wafer cookie,kidney disease,negative,"A processed food high in sugar, phosphorus, and potassium."
chorizo,kidney disease,very negative,"A processed meat, extremely high in sodium and phosphate additives."
chorizo de bilbao,kidney disease,very negative,"A processed meat, extremely high in sodium and phosphate additives."
chorizo sausage,kidney disease,very negative,"A processed meat, extremely high in sodium and phosphate additives."
chourico,kidney disease,very negative,"A processed meat, extremely high in sodium and phosphate additives."
chourico sausage,kidney disease,very negative,"A processed meat, extremely high in sodium and phosphate additives."
chow mein noodle,kidney disease,negative,"Often high in sodium and made from refined flour, which contains phosphorus."
chutney,kidney disease,negative,Typically very high in sugar and sodium.
ciabatta sandwich roll,kidney disease,negative,Made from refined flour and is often high in sodium and phosphorus.
cider vinegar,kidney disease,positive,"A low-sodium, low-potassium, and low-phosphorus way to add flavor."
cilantro,kidney disease,positive,A low-potassium herb that adds flavor without sodium.
cilantro leaf,kidney disease,positive,A low-potassium herb that adds flavor without sodium.
cilantro stem,kidney disease,positive,A low-potassium herb that adds flavor without sodium.
cinnamon,kidney disease,positive,A salt-free spice that adds flavor and may help with blood sugar control.
cinnamon stick,kidney disease,positive,A salt-free spice that adds flavor and may help with blood sugar control.
cinnamon sugar,kidney disease,neutral,
citric acid,kidney disease,positive,Citrate can help prevent the formation of certain types of kidney stones.
clam,kidney disease,negative,"High in protein and can be high in sodium and potassium, which should be limited."
clarified butter,kidney disease,neutral,
clove,kidney disease,neutral,
club soda,kidney disease,negative,Can be high in sodium and may contain phosphate additives.
coarse salt,kidney disease,very negative,"Extremely high in sodium, which raises blood pressure and causes fluid retention, straining the kidneys."
cocoa,kidney disease,negative,"High in potassium, phosphorus, and oxalates, which should be limited in a kidney diet."
cocoa mix,kidney disease,very negative,Very high in potassium and phosphorus from cocoa and often contains added phosphates and sodium.
cocoa powder,kidney disease,negative,"High in potassium, phosphorus, and oxalates, which should be limited in a kidney diet."
coconut,kidney disease,negative,High in potassium.
coconut cream,kidney disease,negative,"Concentrated source of coconut, making it very high in potassium."
coconut extract,kidney disease,neutral,
coconut flake,kidney disease,negative,"Concentrated source of coconut, making it high in potassium."
coconut flavored rum,kidney disease,negative,Alcohol should be limited for individuals with kidney disease.
coconut flour,kidney disease,negative,High in potassium and phosphorus.
coconut milk,kidney disease,negative,High in potassium and phosphorus.
coconut milk powder,kidney disease,very negative,"A concentrated form of coconut milk, making it extremely high in potassium and phosphorus."
coconut oil,kidney disease,neutral,
coconut preserve,kidney disease,negative,High in sugar and potassium from coconut.
coconut sugar,kidney disease,negative,High in sugar and contains more potassium than regular sugar.
coconut water,kidney disease,very negative,"Extremely high in potassium, which can be dangerous for damaged kidneys."
cod,kidney disease,neutral,
cod fish,kidney disease,neutral,
cod fillet,kidney disease,neutral,
coffee,kidney disease,negative,"High in potassium, and fluid intake may need to be restricted."
coffee bean,kidney disease,negative,High in potassium.
coffee flavored liqueur,kidney disease,negative,"Contains alcohol and potassium from coffee, both of which should be limited."
cola,kidney disease,very negative,"Often contains phosphoric acid, a highly absorbable form of phosphorus that is very harmful to kidneys."
cola flavored carbonated beverage,kidney disease,very negative,"Often contains phosphoric acid, a highly absorbable form of phosphorus that is very harmful to kidneys."
colby longhorn cheese,kidney disease,very negative,All cheese is very high in sodium and phosphorus.
coleslaw mix,kidney disease,positive,"Typically contains cabbage, which is a low-potassium, kidney-friendly vegetable."
collard green,kidney disease,negative,Very high in potassium and oxalates.
colored sprinkle,kidney disease,neutral,
condensed beef broth,kidney disease,very negative,Extremely high in sodium.
condensed cream of chicken soup,kidney disease,very negative,Extremely high in sodium and often contains phosphate additives.
condensed cream of mushroom soup,kidney disease,very negative,"Extremely high in sodium and potassium, and often contains phosphate additives."
condensed milk,kidney disease,very negative,"Very high in sugar, phosphorus, and potassium."
condensed tomato soup,kidney disease,very negative,Extremely high in sodium and potassium from tomatoes.
confectioners sugar,kidney disease,neutral,
cooking oil,kidney disease,neutral,
cooking sherry,kidney disease,very negative,Contains alcohol and is extremely high in sodium.
cooking spray,kidney disease,neutral,
cooking wine,kidney disease,very negative,Contains alcohol and is extremely high in sodium.
coriander,kidney disease,neutral,
coriander powder,kidney disease,neutral,
coriander seed,kidney disease,neutral,
corn,kidney disease,neutral,
corn flour,kidney disease,neutral,
corn husk,kidney disease,neutral,
corn kernel,kidney disease,neutral,
corn oil,kidney disease,neutral,
corn syrup,kidney disease,neutral,
corn tortilla,kidney disease,neutral,
corned beef,kidney disease,very negative,Extremely high in sodium from the curing process.
corned beef brisket,kidney disease,very negative,Extremely high in sodium from the curing process.
cornflakes cereal,kidney disease,negative,Often high in added sodium and may contain phosphorus additives.
cornichon,kidney disease,very negative,Very high in sodium due to the pickling process.
cornmeal,kidney disease,neutral,
cornstarch,kidney disease,positive,"Low in protein, sodium, potassium, and phosphorus; a good thickener for sauces."
cottage cheese,kidney disease,negative,High in both sodium and phosphorus.
country style pork rib,kidney disease,negative,High in protein and phosphorus; preparation can add significant sodium.
couscous,kidney disease,neutral,
cover,kidney disease,neutral,
crab meat,kidney disease,negative,High in phosphorus and canned versions are often high in sodium.
cranberry,kidney disease,positive,Low in potassium and may help prevent urinary tract infections.
cranberry juice,kidney disease,positive,Low in potassium; choose low-sugar options for best health benefits.
cranberry sauce,kidney disease,neutral,
cream,kidney disease,negative,A dairy product that contains phosphorus.
cream cheese,kidney disease,negative,High in sodium and phosphorus.
cream of coconut,kidney disease,negative,High in potassium and added sugar.
cream of tartar,kidney disease,negative,A concentrated source of potassium.
cream of wheat cereal,kidney disease,positive,A refined hot cereal that is low in phosphorus and potassium.
creme fraiche,kidney disease,negative,A dairy product that contains phosphorus.
crescent roll,kidney disease,negative,Processed dough high in sodium and phosphate additives.
crescent roll dough,kidney disease,negative,Processed dough high in sodium and phosphate additives.
crystallized ginger,kidney disease,neutral,
cuban bread,kidney disease,neutral,
cube,kidney disease,neutral,
cube steak,kidney disease,negative,Red meat is high in protein and phosphorus.
cucumber,kidney disease,positive,Low in potassium and good for hydration.
culantro,kidney disease,neutral,
cultured buttermilk,kidney disease,negative,Dairy product high in potassium and phosphorus.
cumin,kidney disease,positive,A salt-free way to add flavor to food.
cumin seed,kidney disease,positive,A salt-free way to add flavor to food.
curing salt,kidney disease,very negative,Extremely high in sodium; used to make processed meats.
currant,kidney disease,negative,Dried fruit that is a concentrated source of potassium.
curry leaf,kidney disease,neutral,
curry paste,kidney disease,negative,Often very high in sodium and may contain high-potassium ingredients.
curry powder,kidney disease,positive,"A good salt-free flavor alternative, assuming no salt is added to the blend."
custard powder,kidney disease,neutral,
daikon,kidney disease,positive,A low-potassium vegetable.
daikon radish,kidney disease,positive,A low-potassium vegetable.
damask rose petal,kidney disease,neutral,
danish butter,kidney disease,neutral,
dark brown sugar,kidney disease,negative,Higher in potassium than white sugar due to molasses content.
dark chocolate,kidney disease,negative,Very high in both potassium and phosphorus.
dark chocolate chip,kidney disease,negative,Very high in both potassium and phosphorus.
dark corn syrup,kidney disease,negative,Higher in potassium than light corn syrup.
dark raisin,kidney disease,negative,Dried fruit that is a concentrated source of potassium.
dark rum,kidney disease,neutral,
dark soy sauce,kidney disease,very negative,"Extremely high in sodium, which can increase blood pressure and fluid retention, straining the kidneys."
dashi granule,kidney disease,very negative,"A concentrated source of sodium and often potassium, both of which need to be strictly limited."
dashi kombu,kidney disease,negative,Kombu (seaweed) is very high in potassium.
dashi stock,kidney disease,very negative,"Typically very high in sodium from soy sauce, salt, and other flavorings."
date,kidney disease,negative,"Very high in potassium, which can build up to dangerous levels in the blood."
date paste,kidney disease,negative,"A concentrated form of dates, making it very high in potassium."
deep frying,kidney disease,negative,"This cooking method adds excessive fat, which can worsen cardiovascular health, a major concern for individuals with kidney disease."
deli roast pork loin,kidney disease,very negative,"Deli meats are typically processed with very high amounts of sodium and often contain phosphate additives, which are harmful to kidneys."
dende oil,kidney disease,neutral,
diakon radish,kidney disease,positive,"A low-potassium vegetable, making it a good choice for a kidney-friendly diet."
diamond crystal,kidney disease,very negative,"This is a brand of salt (sodium chloride), which must be severely restricted to manage blood pressure and fluid balance."
diced tomato,kidney disease,negative,Tomatoes and tomato products are high in potassium.
diet lemon lime soda,kidney disease,negative,"Many dark colas and some other sodas contain phosphoric acid, a form of phosphorus that is easily absorbed and should be avoided."
dijon mustard,kidney disease,negative,High in sodium.
dijon style mustard,kidney disease,negative,High in sodium.
dill,kidney disease,positive,"A fresh herb that can add flavor to food without adding sodium, helping to reduce salt intake."
dill pickle,kidney disease,very negative,Extremely high in sodium due to the brining and pickling process.
dill pickle juice,kidney disease,very negative,The brine is a concentrated source of sodium.
dill pickle slice,kidney disease,very negative,Extremely high in sodium due to the brining and pickling process.
dill pickle spear,kidney disease,very negative,Extremely high in sodium due to the brining and pickling process.
dill seed,kidney disease,positive,A spice that can add flavor to food without adding sodium.
dill weed,kidney disease,positive,An herb that can add flavor to food without adding sodium.
dinner roll dough,kidney disease,negative,Commercial doughs are often high in sodium and may contain phosphate additives.
distilled white vinegar,kidney disease,positive,A sodium-free way to add flavor and acidity to dishes.
double crust pie pastry,kidney disease,negative,"Typically high in sodium, fat, and refined carbohydrates. May contain phosphate additives."
dragon fruit,kidney disease,positive,A fruit that is relatively low in potassium compared to many other fruits.
dried apricot,kidney disease,very negative,"Dried fruits are a concentrated source of potassium, and apricots are particularly high."
dried bonito flake,kidney disease,negative,"High in protein, sodium, and potassium."
dried chourico sausage,kidney disease,very negative,"A processed, cured meat that is extremely high in sodium, protein, and often phosphate additives."
dried coconut,kidney disease,negative,High in both potassium and phosphorus.
dried purple corn,kidney disease,negative,"Corn is a source of phosphorus and potassium, which are concentrated when dried."
dried red chili flake,kidney disease,positive,"Used in small amounts, it adds flavor without adding sodium."
dry corn muffin mix,kidney disease,negative,Processed mixes are typically high in sodium and contain phosphate additives.
dry egg noodle,kidney disease,neutral,
dry kidney bean,kidney disease,very negative,"Extremely high in both potassium and phosphorus, which must be limited in a kidney-friendly diet."
dry milk powder,kidney disease,very negative,"A concentrated source of dairy, making it very high in both potassium and phosphorus."
dry mushroom gravy mix,kidney disease,very negative,Processed mixes are extremely high in sodium and often contain phosphate additives.
dry mustard,kidney disease,positive,A spice that adds flavor without sodium.
dry onion soup mix,kidney disease,very negative,Extremely high in sodium.
dry red wine,kidney disease,neutral,
dry white wine,kidney disease,neutral,
dry yeast,kidney disease,neutral,
duck blood,kidney disease,negative,"Very high in protein and phosphorus, which need to be carefully managed."
duck breast half,kidney disease,neutral,A source of protein that is acceptable when portion sizes are controlled according to individual dietary needs.
duck fat,kidney disease,neutral,
duck leg,kidney disease,neutral,A source of protein that is acceptable when portion sizes are controlled according to individual dietary needs.
dulce de leche,kidney disease,negative,"Made from concentrated milk, making it high in phosphorus and potassium."
dumpling wrapper,kidney disease,neutral,
dungeness crab,kidney disease,negative,"High in protein and phosphorus, and can be high in sodium depending on preparation."
durian,kidney disease,very negative,A fruit that is exceptionally high in potassium.
dusting,kidney disease,neutral,"This is a technique, not a specific ingredient. The effect depends on what is used for dusting (e.g., flour, sugar)."
edible flower,kidney disease,neutral,
egg,kidney disease,negative,The yolk is very high in phosphorus. Egg whites are a better choice.
egg noodle,kidney disease,neutral,"A refined pasta that is generally low in potassium and phosphorus, but portion size is important."
egg roll wrapper,kidney disease,negative,Typically high in sodium.
egg substitute,kidney disease,negative,Can be high in sodium and may contain phosphate additives.
egg white,kidney disease,positive,An excellent source of high-quality protein that is low in phosphorus.
egg yolk,kidney disease,very negative,Very high in phosphorus and should be avoided or severely limited.
eggnog,kidney disease,very negative,"Made with milk and egg yolks, making it very high in phosphorus and potassium."
eggplant,kidney disease,positive,"A low-potassium vegetable, making it a good choice for a kidney-friendly diet."
elbow macaroni,kidney disease,positive,"Refined pasta is a good source of energy and is low in phosphorus, potassium, and sodium."
elephant garlic,kidney disease,positive,A good way to add flavor without sodium; low in potassium.
elk steak,kidney disease,negative,Red meat is a source of high-quality protein but is also high in phosphorus and should be limited.
emmental cheese,kidney disease,very negative,All cheese is high in sodium and phosphorus.
empanada dough,kidney disease,negative,Typically high in sodium.
empanada pastry disc,kidney disease,negative,Typically high in sodium.
empanada pastry round,kidney disease,negative,Typically high in sodium.
english cucumber,kidney disease,positive,"Low in potassium, phosphorus, and sodium."
english mustard,kidney disease,negative,Prepared mustards are typically very high in sodium.
english walnut,kidney disease,very negative,Nuts are very high in phosphorus and potassium.
enoki mushroom,kidney disease,negative,Mushrooms are a source of potassium and should be limited.
evaporated milk,kidney disease,very negative,"A concentrated source of dairy, making it very high in phosphorus and potassium."
extra virgin olive oil,kidney disease,positive,"A healthy fat that is free of sodium, potassium, and phosphorus."
farina,kidney disease,positive,A refined wheat cereal that is low in phosphorus and potassium.
farina cereal,kidney disease,positive,A refined wheat cereal that is low in phosphorus and potassium.
farmers cheese,kidney disease,negative,"While lower than aged cheeses, it is still a source of sodium and phosphorus."
fava bean,kidney disease,very negative,Beans are very high in both potassium and phosphorus.
fennel seed,kidney disease,neutral,
fenugreek,kidney disease,neutral,
fenugreek leaf,kidney disease,neutral,
fenugreek seed,kidney disease,neutral,
fermented black bean,kidney disease,very negative,Extremely high in sodium.
fermented soybean,kidney disease,very negative,Products like miso and soy sauce are very high in sodium and phosphorus.
feta cheese,kidney disease,very negative,Very high in sodium and a significant source of phosphorus.
fettuccine pasta,kidney disease,positive,"Refined pasta is a good source of energy and is low in phosphorus, potassium, and sodium."
fettuccini noodle,kidney disease,positive,"Refined pasta is a good source of energy and is low in phosphorus, potassium, and sodium."
fiddlehead fern,kidney disease,negative,A source of potassium and phosphorus.
filling,kidney disease,neutral,Effect depends entirely on the specific ingredients of the filling.
fines herb,kidney disease,positive,Using herbs is an excellent way to add flavor to food without using salt.
fire roasted diced tomato,kidney disease,very negative,Tomatoes and all tomato products are very high in potassium.
firm silken tofu,kidney disease,negative,Contains moderate amounts of phosphorus and potassium and must be portion controlled.
firm tofu,kidney disease,negative,Contains moderate amounts of phosphorus and potassium and must be portion controlled.
fish sauce,kidney disease,very negative,Extremely high in sodium.
fish stock,kidney disease,negative,Commercial stocks and broths are typically very high in sodium.
five spice powder,kidney disease,neutral,
flank steak,kidney disease,negative,Red meat is a source of high-quality protein but is also high in phosphorus and should be limited.
flat iron steak,kidney disease,negative,Red meat is a source of high-quality protein but is also high in phosphorus and should be limited.
flat leaf italian parsley,kidney disease,negative,"High in potassium, especially when used in large quantities rather than as a garnish."
flat leaf parsley,kidney disease,negative,"High in potassium, especially when used in large quantities rather than as a garnish."
flat rice noodle,kidney disease,positive,"Made from rice flour, which is low in potassium, phosphorus, and sodium."
flaxseed meal,kidney disease,negative,"High in phosphorus and potassium, which need to be restricted in a renal diet."
flaxseed oil,kidney disease,positive,"A good source of anti-inflammatory omega-3 fatty acids and is low in sodium, potassium, and phosphorus."
flour,kidney disease,neutral,
flour tortilla,kidney disease,negative,Can be high in sodium and phosphorus from leavening agents and preservatives.
foil,kidney disease,neutral,
food coloring,kidney disease,neutral,
french baguette,kidney disease,negative,"Made from refined flour, but is often very high in sodium."
french bread,kidney disease,negative,"Made from refined flour, but is often very high in sodium."
french bread baguette,kidney disease,negative,"Made from refined flour, but is often very high in sodium."
french cut green bean,kidney disease,positive,Green beans are a low-potassium vegetable suitable for a renal diet. Choose 'no salt added' if canned.
french fry,kidney disease,very negative,"Made from potatoes, which are very high in potassium. They are also typically high in sodium and unhealthy fats."
french green lentil,kidney disease,very negative,Lentils are very high in both potassium and phosphorus.
french sandwich roll,kidney disease,negative,Can be very high in sodium.
french style green bean,kidney disease,positive,Green beans are a low-potassium vegetable suitable for a renal diet. Choose 'no salt added' if canned.
french fried onion,kidney disease,very negative,"Very high in sodium, fat, and often contains phosphorus additives."
fresh ginger,kidney disease,positive,Has anti-inflammatory properties and adds flavor without sodium.
freshly ground black pepper,kidney disease,positive,An excellent salt-free seasoning to add flavor to food.
fresno chile,kidney disease,positive,Adds flavor without sodium and is low in potassium in typical serving sizes.
fresno chile pepper,kidney disease,positive,Adds flavor without sodium and is low in potassium in typical serving sizes.
fried pork skin,kidney disease,very negative,Extremely high in sodium and unhealthy fats.
fried shallot,kidney disease,negative,High in fat from frying and often high in sodium.
frozen puff pastry,kidney disease,negative,Typically very high in sodium and unhealthy fats.
fruit cocktail,kidney disease,negative,"Often packed in high-sugar syrup, and the potassium content can be high depending on the fruits included."
fruit jam,kidney disease,negative,"Very high in sugar, which should be limited for overall health and in cases of diabetes co-morbidity."
fruit preserve,kidney disease,negative,"Very high in sugar, which should be limited for overall health and in cases of diabetes co-morbidity."
fruity red wine,kidney disease,negative,"Contains alcohol and potassium, both of which should be limited or avoided."
frying,kidney disease,negative,This cooking method adds significant unhealthy fat and can create harmful compounds (AGEs) linked to kidney damage.
full fat plain greek yogurt,kidney disease,very negative,"Very high in protein, potassium, and phosphorus, all of which are typically restricted."
furikake seasoning,kidney disease,very negative,A seasoning blend that is typically very high in sodium and potassium (from seaweed).
gai lan,kidney disease,negative,"Also known as Chinese broccoli, this vegetable is high in potassium."
galangal,kidney disease,positive,"Similar to ginger, it has anti-inflammatory properties and adds flavor without sodium."
galangal powder,kidney disease,neutral,
gandule,kidney disease,very negative,"Also known as pigeon peas, these are beans that are very high in potassium and phosphorus."
garam masala,kidney disease,positive,A salt-free spice blend that can be used to flavor food instead of salt.
garbanzo bean,kidney disease,very negative,"Also known as chickpeas, these beans are very high in potassium and phosphorus."
garlic,kidney disease,positive,Excellent for adding flavor without sodium and has potential anti-inflammatory properties.
garlic basil spread,kidney disease,negative,"Prepared spreads are typically high in sodium and may contain cheese, which adds phosphorus."
garlic chili sauce,kidney disease,very negative,Commercially prepared sauces like this are typically extremely high in sodium.
garlic clove,kidney disease,positive,Excellent for adding flavor without sodium and has potential anti-inflammatory properties.
garlic marinade,kidney disease,very negative,Marinades are typically extremely high in sodium.
garlic paste,kidney disease,negative,Often contains added salt; check the label for a salt-free version.
garlic powder,kidney disease,positive,A good salt-free seasoning to add flavor to food.
garlic salt,kidney disease,very negative,"A combination of garlic powder and salt, making it very high in sodium."
gelatin,kidney disease,negative,"A source of protein, which may need to be limited depending on the stage of kidney disease."
german bologna block,kidney disease,very negative,"A processed meat that is very high in sodium, protein, and phosphorus additives."
german stone ground mustard,kidney disease,negative,Mustards are often very high in sodium.
ghee,kidney disease,neutral,
gin,kidney disease,negative,Alcohol consumption should be limited or avoided with kidney disease.
ginger,kidney disease,positive,Has anti-inflammatory properties and adds flavor without sodium.
ginger garlic paste,kidney disease,negative,Often contains added salt; check the label for a salt-free version.
ginger paste,kidney disease,positive,Anti-inflammatory properties and generally low in potassium. Check label for added sodium.
ginger root,kidney disease,positive,Anti-inflammatory properties and generally low in potassium.
gingersnap cookie,kidney disease,negative,"Processed food, high in sugar and likely contains added sodium and phosphorus."
gluten free all purpose baking flour,kidney disease,neutral,
glutinous rice flour,kidney disease,neutral,
glutinous sweet rice,kidney disease,neutral,
glutinous sticky white rice,kidney disease,neutral,
glutinous white rice,kidney disease,neutral,
goat cheese,kidney disease,negative,High in sodium and phosphorus.
goat meat,kidney disease,negative,"High in protein, phosphorus, and potassium, requiring strict portion control."
goat stew meat,kidney disease,negative,"High in protein, phosphorus, and potassium, requiring strict portion control."
gochugaru,kidney disease,neutral,
gochujang,kidney disease,very negative,Extremely high in sodium.
gold potato,kidney disease,very negative,Very high in potassium.
golden mushroom soup,kidney disease,very negative,Canned soups are very high in sodium and often contain phosphate additives.
golden raisin,kidney disease,very negative,Dried fruit is a concentrated source of potassium.
golden syrup,kidney disease,neutral,
gouda cheese,kidney disease,negative,High in sodium and phosphorus.
graham cracker,kidney disease,negative,"Processed food containing significant sodium, phosphorus, and sugar."
graham cracker crumb,kidney disease,negative,"Processed food containing significant sodium, phosphorus, and sugar."
graham cracker crust,kidney disease,negative,"Processed food containing significant sodium, phosphorus, and sugar."
gram flour,kidney disease,negative,"Made from chickpeas, which are high in potassium and phosphorus."
granny smith apple,kidney disease,positive,"A low-potassium fruit, which is a good choice for a kidney-friendly diet."
granulated onion,kidney disease,neutral,
granulated sugar,kidney disease,neutral,
grape leaf,kidney disease,negative,"Typically preserved in brine, making it very high in sodium."
grape tomato,kidney disease,negative,Tomatoes are high in potassium.
grapefruit juice,kidney disease,very negative,"Can dangerously interact with common medications for blood pressure and cholesterol, often taken by kidney patients."
grapeseed oil,kidney disease,neutral,
great northern bean,kidney disease,very negative,Beans are very high in both potassium and phosphorus.
greek black olive,kidney disease,negative,Very high in sodium due to the curing process.
greek oregano,kidney disease,neutral,
greek seasoning,kidney disease,negative,Seasoning blends are typically very high in sodium.
greek style yogurt,kidney disease,negative,"High in protein, potassium, and phosphorus."
greek yogurt,kidney disease,negative,"High in protein, potassium, and phosphorus."
green apple,kidney disease,positive,"A low-potassium fruit, which is a good choice for a kidney-friendly diet."
green banana,kidney disease,very negative,Bananas are very high in potassium.
green bean,kidney disease,neutral,
green bell pepper,kidney disease,positive,A low-potassium vegetable and a good source of vitamins.
green cabbage,kidney disease,positive,A low-potassium vegetable rich in vitamins C and K.
green cardamom,kidney disease,neutral,
green chile,kidney disease,neutral,
green chile paste,kidney disease,negative,Often contains high levels of added sodium.
green chile pepper,kidney disease,neutral,
green curry paste,kidney disease,very negative,Extremely high in sodium.
green garlic,kidney disease,positive,Provides flavor without adding sodium and is low in potassium.
green gel food coloring,kidney disease,neutral,
green grape,kidney disease,positive,A low-potassium fruit.
green lentil,kidney disease,very negative,Lentils are very high in both potassium and phosphorus.
green mango,kidney disease,negative,Mangoes are high in potassium.
green mung bean,kidney disease,negative,"High in potassium and phosphorus, which need to be limited in a kidney-friendly diet."
green olive,kidney disease,very negative,"Typically cured in brine, making them extremely high in sodium."
green onion,kidney disease,positive,"Low in sodium, potassium, and phosphorus. A good way to add flavor without salt."
green onion top,kidney disease,positive,"Low in sodium, potassium, and phosphorus. A good way to add flavor without salt."
green papaya,kidney disease,neutral,
green pea,kidney disease,negative,"Contains moderate levels of potassium and phosphorus, which should be limited."
green pepper,kidney disease,positive,Low in potassium and a good source of vitamins. A kidney-friendly vegetable choice.
green plantain,kidney disease,very negative,"Extremely high in potassium, which is dangerous for individuals with advanced kidney disease."
green tea powder,kidney disease,negative,"High in potassium and oxalates, which can contribute to kidney stones."
grill,kidney disease,neutral,
grill seasoning,kidney disease,very negative,"Typically very high in sodium and may contain potassium chloride, both of which should be avoided."
ground beef,kidney disease,negative,"High in protein and phosphorus, which need to be carefully managed in a kidney diet."
ground black pepper,kidney disease,neutral,
ground cumin,kidney disease,neutral,
ground lamb,kidney disease,negative,"High in protein and phosphorus, which need to be carefully managed in a kidney diet."
ground pork,kidney disease,negative,"High in protein and phosphorus, which need to be carefully managed in a kidney diet."
gruyere cheese,kidney disease,very negative,"Very high in sodium, phosphorus, and protein."
guava paste,kidney disease,negative,High in sugar and potassium.
habanero pepper,kidney disease,positive,"A good way to add flavor without salt, and low in potassium."
half and half,kidney disease,negative,A dairy product that is high in phosphorus and potassium.
half and half cream,kidney disease,negative,A dairy product that is high in phosphorus and potassium.
halloumi cheese,kidney disease,very negative,Extremely high in sodium due to the brining process.
ham,kidney disease,very negative,A processed meat that is extremely high in sodium and often contains phosphate additives.
ham bone,kidney disease,very negative,Leaches large amounts of sodium and phosphorus into broths and soups.
ham hock,kidney disease,very negative,A cured meat that is extremely high in sodium and phosphorus.
hard boiled egg,kidney disease,negative,"Egg yolks are high in phosphorus. Egg whites are a better option, but the whole egg should be limited."
hash brown potato,kidney disease,very negative,Potatoes are very high in potassium. Processed versions are also typically high in sodium.
hazelnut,kidney disease,negative,Nuts are high in potassium and phosphorus.
heavy cream,kidney disease,negative,A dairy product that is high in phosphorus and potassium.
heavy whipping cream,kidney disease,negative,A dairy product that is high in phosphorus and potassium.
herbes de provence,kidney disease,positive,An excellent salt-free way to add flavor to food.
herring fillet,kidney disease,negative,"Often preserved in salt, making it high in sodium. Also a source of protein and phosphorus to be monitored."
hibiscus petal,kidney disease,neutral,
hickory flavored liquid smoke,kidney disease,negative,Can be very high in sodium.
hijiki seaweed,kidney disease,very negative,Extremely high in potassium and sodium.
hoagie roll,kidney disease,negative,Refined breads can be high in sodium and may contain phosphate additives.
hog casing,kidney disease,negative,Used for sausages and is typically high in sodium.
hoisin sauce,kidney disease,very negative,Extremely high in sodium and sugar.
hominy,kidney disease,negative,Can be high in phosphorus if processed with phosphate additives.
honey,kidney disease,negative,A source of sugar and potassium; should be consumed in moderation.
honey ham,kidney disease,very negative,A processed meat that is extremely high in sodium and often contains phosphate additives.
horseradish,kidney disease,negative,Prepared versions are often very high in sodium.
hot chile paste,kidney disease,very negative,Typically very high in sodium.
hot chile pepper,kidney disease,positive,"A good way to add flavor without salt, and low in potassium."
hot chocolate mix,kidney disease,very negative,"High in phosphorus and potassium from dairy and cocoa, as well as sugar."
hot italian sausage,kidney disease,very negative,"A processed meat that is very high in sodium, phosphorus, and protein."
hot pepper,kidney disease,positive,"A good way to add flavor without salt, and low in potassium."
hot pepper flake,kidney disease,neutral,
hot pepper sauce,kidney disease,very negative,Typically extremely high in sodium.
hot red pepper,kidney disease,positive,"A good way to add flavor without salt, and low in potassium."
hot sauce,kidney disease,very negative,"Extremely high in sodium, which increases blood pressure and fluid retention, straining the kidneys."
hummus,kidney disease,negative,"Made from chickpeas, which are high in potassium and phosphorus. Commercial versions are also often high in sodium."
hungarian hot paprika,kidney disease,neutral,
hungarian sweet paprika,kidney disease,neutral,
ice,kidney disease,positive,"Promotes hydration, which is crucial for kidney function, without adding any harmful minerals."
ice cube,kidney disease,positive,"Promotes hydration, which is crucial for kidney function, without adding any harmful minerals."
iceberg lettuce,kidney disease,positive,"Low in potassium, phosphorus, and sodium, making it a kidney-friendly vegetable."
icing sugar,kidney disease,neutral,
imitation crab,kidney disease,very negative,"Highly processed and very high in sodium and phosphorus additives, which are harmful to kidney health."
imitation crab meat,kidney disease,very negative,"Highly processed and very high in sodium and phosphorus additives, which are harmful to kidney health."
instant chocolate pudding mix,kidney disease,very negative,"High in sugar, sodium, and often contains phosphorus additives that are easily absorbed and should be avoided."
instant coffee granule,kidney disease,negative,"High in potassium, which needs to be limited by many people with kidney disease."
instant coffee powder,kidney disease,negative,"High in potassium, which needs to be limited by many people with kidney disease."
instant dry milk powder,kidney disease,very negative,"A concentrated source of potassium, phosphorus, and protein, all of which need to be restricted in advanced kidney disease."
instant nonfat dry milk,kidney disease,very negative,"A concentrated source of potassium, phosphorus, and protein, all of which need to be restricted in advanced kidney disease."
instant vanilla pudding mix,kidney disease,very negative,"High in sugar, sodium, and often contains phosphorus additives that are easily absorbed and should be avoided."
instant yeast,kidney disease,neutral,
italian cheese blend,kidney disease,very negative,"Cheese is very high in sodium, phosphorus, and protein, making it difficult to fit into a kidney-friendly diet."
italian flat leaf parsley,kidney disease,positive,A fresh herb that adds flavor to food without adding sodium.
italian flat leaf parsley leaf,kidney disease,positive,A fresh herb that adds flavor to food without adding sodium.
italian herb seasoning,kidney disease,positive,"A salt-free way to add flavor to food, helping to reduce sodium intake."
italian hot sausage link,kidney disease,very negative,"A processed meat that is very high in sodium, protein, and phosphorus."
italian parsley,kidney disease,positive,A fresh herb that adds flavor to food without adding sodium.
italian plum,kidney disease,negative,"Contains a moderate to high amount of potassium, which may need to be limited."
italian prune plum,kidney disease,negative,"Contains a moderate to high amount of potassium, which may need to be limited."
italian sausage,kidney disease,very negative,"A processed meat that is very high in sodium, protein, and phosphorus."
italian seasoning,kidney disease,positive,"A salt-free way to add flavor to food, helping to reduce sodium intake."
italian style crushed tomato,kidney disease,very negative,"Tomatoes are very high in potassium, and canned versions are also high in sodium."
italian style salad dressing,kidney disease,very negative,Typically very high in sodium and may contain unhealthy fats and phosphorus additives.
italian tomato,kidney disease,negative,"Very high in potassium, which needs to be restricted on a kidney diet."
italian vegetable salad,kidney disease,negative,Often contains high-potassium vegetables like tomatoes and high-sodium ingredients like olives and dressing.
jaa jang myun noodle,kidney disease,negative,Processed noodles and sauces are often high in sodium and phosphorus.
jalapeno chile pepper,kidney disease,neutral,
jalapeno pepper,kidney disease,neutral,
jamaican curry powder,kidney disease,neutral,
jamaican style curry powder,kidney disease,neutral,
japanese mayonnaise,kidney disease,negative,Can be high in sodium and fat.
japanese purple sweet potato,kidney disease,very negative,"All potatoes, including sweet potatoes, are very high in potassium."
jasmine rice,kidney disease,positive,"White rice is a low-potassium and low-phosphorus grain, making it a good carbohydrate choice for a kidney diet."
jellyfish,kidney disease,very negative,Typically preserved and sold in a high-sodium brine.
jerk paste,kidney disease,very negative,A marinade or paste that is typically very high in sodium.
jerk sauce,kidney disease,very negative,A sauce that is typically very high in sodium.
jerk seasoning,kidney disease,negative,Commercial seasoning blends are often very high in sodium. A salt-free version would be positive.
jerk seasoning mix,kidney disease,negative,Commercial seasoning mixes are often very high in sodium. A salt-free version would be positive.
jicama,kidney disease,positive,"A low-potassium, low-phosphorus vegetable that is a good source of fiber."
juice,kidney disease,negative,"Many common fruit and vegetable juices (e.g., orange, tomato, prune) are very high in potassium."
juniper berry,kidney disease,neutral,
kabob skewer,kidney disease,neutral,
kaiser roll,kidney disease,negative,Commercial bread products can be high in sodium and phosphorus from additives.
kalamata olive,kidney disease,very negative,Cured in brine and are extremely high in sodium.
kale,kidney disease,negative,"Very high in potassium, which needs to be limited in most kidney disease diets."
kashmiri chile pepper,kidney disease,positive,"Adds flavor to food without adding sodium, helping to reduce salt intake."
kasseri cheese,kidney disease,very negative,"Cheese is typically very high in both sodium and phosphorus, which are strictly limited in a renal diet."
kecap manis,kidney disease,very negative,"A type of soy sauce, which is extremely high in sodium."
kefir,kidney disease,negative,"Dairy products are a significant source of potassium and phosphorus, which need to be restricted."
ketchup,kidney disease,very negative,Very high in sodium and often contains added sugars.
key lime juice,kidney disease,positive,A good way to add flavor to foods and drinks without sodium. It is also low in potassium.
kidney bean,kidney disease,negative,"Very high in both potassium and phosphorus, which must be limited for kidney health."
kielbasa,kidney disease,very negative,A processed meat that is extremely high in sodium and often contains phosphate additives.
kielbasa sausage,kidney disease,very negative,A processed meat that is extremely high in sodium and often contains phosphate additives.
kimchi,kidney disease,very negative,"Fermented and brined, making it extremely high in sodium."
kiwi,kidney disease,negative,Very high in potassium.
kluski noodle,kidney disease,neutral,
kohlrabi bulb,kidney disease,neutral,"Considered a lower-potassium vegetable, generally safe in moderation."
kombu,kidney disease,very negative,A type of seaweed that is extremely high in potassium and sodium.
korean chile paste,kidney disease,very negative,"Also known as gochujang, this fermented paste is very high in sodium."
korean chile powder,kidney disease,positive,"Adds flavor to food without adding sodium, helping to reduce salt intake."
korean chili pepper flake,kidney disease,positive,"Adds flavor to food without adding sodium, helping to reduce salt intake."
korean dang myun noodle,kidney disease,neutral,"Sweet potato starch noodles are generally low in protein, sodium, potassium, and phosphorus."
korean fish cake,kidney disease,very negative,A processed food that is high in both sodium and phosphorus.
korean red chile flake,kidney disease,positive,"Adds flavor to food without adding sodium, helping to reduce salt intake."
korean red pepper flake,kidney disease,positive,"Adds flavor to food without adding sodium, helping to reduce salt intake."
korean red pepper powder,kidney disease,positive,"Adds flavor to food without adding sodium, helping to reduce salt intake."
korean soy bean paste,kidney disease,very negative,"Also known as doenjang, this fermented paste is extremely high in sodium."
korean style short rib,kidney disease,negative,Red meat is high in protein and phosphorus. Marinades are typically very high in sodium.
kosher salt,kidney disease,very negative,"Is a source of pure sodium, which must be strictly limited to control blood pressure and fluid retention."
lager beer,kidney disease,negative,"Alcohol can raise blood pressure. Beer is also a source of fluids, potassium, and phosphorus."
lamb,kidney disease,negative,A source of high-quality protein but also high in phosphorus. Portions must be carefully controlled.
lamb chop,kidney disease,negative,A source of high-quality protein but also high in phosphorus. Portions must be carefully controlled.
lamb loin chop,kidney disease,negative,A source of high-quality protein but also high in phosphorus. Portions must be carefully controlled.
lamb meat,kidney disease,negative,A source of high-quality protein but also high in phosphorus. Portions must be carefully controlled.
lamb shank,kidney disease,negative,A source of high-quality protein but also high in phosphorus. Portions must be carefully controlled.
lamb shoulder,kidney disease,negative,A source of high-quality protein but also high in phosphorus. Portions must be carefully controlled.
lamb stew meat,kidney disease,negative,A source of high-quality protein but also high in phosphorus. Portions must be carefully controlled.
lard,kidney disease,neutral,"Pure fat, does not contain significant sodium, potassium, or phosphorus. However, overall cardiovascular health is important."
lasagna noodle,kidney disease,neutral,
lavash bread,kidney disease,negative,Commercial breads are often a hidden source of sodium and may contain phosphate additives.
lavender flower,kidney disease,neutral,
lean beef,kidney disease,negative,A source of high-quality protein but also high in phosphorus. Portions must be carefully controlled.
lean beef rib eye steak,kidney disease,negative,A source of high-quality protein but also high in phosphorus. Portions must be carefully controlled.
lean ground beef,kidney disease,negative,A source of high-quality protein but also high in phosphorus. Portions must be carefully controlled.
lean pork,kidney disease,negative,A source of high-quality protein but also high in phosphorus. Portions must be carefully controlled.
leek,kidney disease,neutral,Can be used in small amounts for flavoring; it is moderate in potassium.
leg of lamb,kidney disease,negative,A source of high-quality protein but also high in phosphorus. Portions must be carefully controlled.
lemon,kidney disease,positive,An excellent way to add flavor to foods and drinks without sodium. It is also low in potassium.
lemon basil,kidney disease,neutral,
lemon extract,kidney disease,neutral,
lemon flavored rum,kidney disease,negative,Alcohol consumption should be limited as it can raise blood pressure and strain the kidneys.
lemon flavored soda,kidney disease,very negative,"Dark colas and many other sodas contain phosphoric acid, a highly absorbable form of phosphorus. They also contribute to fluid and sugar intake."
lemon grass,kidney disease,positive,A good way to add flavor to foods without sodium.
lemon juice,kidney disease,positive,"Source of citrate, which can help prevent certain types of kidney stones. Low in potassium and sodium."
lemon lime soda,kidney disease,negative,"High in sugar and may contain phosphorus additives (phosphoric acid), which should be avoided."
lemon peel,kidney disease,neutral,
lemon pepper,kidney disease,negative,"Typically very high in sodium (salt), which needs to be strictly limited in a renal diet."
lemon pepper seasoning,kidney disease,negative,"Typically very high in sodium (salt), which needs to be strictly limited in a renal diet."
lemon rind,kidney disease,neutral,
lemon slice,kidney disease,neutral,
lemon wedge,kidney disease,neutral,
lemon zest,kidney disease,neutral,
lemonade concentrate,kidney disease,negative,"Very high in sugar, which can be problematic, especially for those with diabetes and kidney disease."
lemongrass,kidney disease,neutral,
lemongrass paste,kidney disease,neutral,
lentil,kidney disease,very negative,"Extremely high in both potassium and phosphorus, which must be restricted for most kidney patients."
lettuce,kidney disease,positive,"A low-potassium vegetable, making it a good choice for salads and sandwiches in a renal diet."
lettuce leaf,kidney disease,positive,"A low-potassium vegetable, making it a good choice for salads and sandwiches in a renal diet."
light beer,kidney disease,negative,Alcohol can dehydrate the body and put stress on the kidneys. It should be limited or avoided.
light brown sugar,kidney disease,negative,"A source of empty calories and sugar, which should be limited, especially for those with diabetes."
light corn syrup,kidney disease,negative,"A source of empty calories and sugar, which should be limited, especially for those with diabetes."
light cream,kidney disease,negative,"Dairy products are a significant source of phosphorus and potassium, which need to be limited."
light rum,kidney disease,negative,Alcohol can dehydrate the body and put stress on the kidneys. It should be limited or avoided.
light soy sauce,kidney disease,negative,"Extremely high in sodium, even in 'light' versions. Should be avoided or used in very small amounts."
lima bean,kidney disease,very negative,"Very high in potassium and phosphorus, and should be avoided on a renal diet."
lime,kidney disease,positive,"Source of citrate, which can help prevent certain types of kidney stones. Low in potassium and sodium."
lime juice,kidney disease,positive,"Source of citrate, which can help prevent certain types of kidney stones. Low in potassium and sodium."
lime peel,kidney disease,neutral,
lime slice,kidney disease,neutral,
lime wedge,kidney disease,neutral,
lime zest,kidney disease,neutral,
lingonberry,kidney disease,positive,"Berries are generally low in potassium and high in antioxidants, making them a good fruit choice."
linguica,kidney disease,very negative,A processed sausage that is extremely high in sodium and often contains phosphorus additives.
linguica sausage,kidney disease,very negative,A processed sausage that is extremely high in sodium and often contains phosphorus additives.
linguine,kidney disease,positive,"Refined pasta is low in phosphorus and potassium, making it a good base for renal-friendly meals."
linguine pasta,kidney disease,positive,"Refined pasta is low in phosphorus and potassium, making it a good base for renal-friendly meals."
liquid smoke,kidney disease,negative,"Can be high in sodium and potassium, and should be used with extreme caution or avoided."
liquid smoke flavoring,kidney disease,negative,"Can be high in sodium and potassium, and should be used with extreme caution or avoided."
liquor,kidney disease,negative,Alcohol can dehydrate the body and put stress on the kidneys. It should be limited or avoided.
llautias,kidney disease,negative,"This pastry is often made with sweet potato, which is very high in potassium."
lobster,kidney disease,negative,High in protein and phosphorus. Portions must be carefully controlled on a renal diet.
lobster meat,kidney disease,negative,High in protein and phosphorus. Portions must be carefully controlled on a renal diet.
lobster tail,kidney disease,negative,High in protein and phosphorus. Portions must be carefully controlled on a renal diet.
long grain basmati rice,kidney disease,positive,"White rice is low in phosphorus and potassium, making it a preferred grain for a renal diet."
long grain brown rice,kidney disease,very negative,"As a whole grain, it is very high in both phosphorus and potassium and should be avoided."
long grain rice,kidney disease,positive,"Assuming this is white rice, it is low in phosphorus and potassium, making it a preferred grain."
long grain white rice,kidney disease,positive,"White rice is low in phosphorus and potassium, making it a preferred grain for a renal diet."
longhorn cheese,kidney disease,very negative,Cheese is extremely high in both sodium and phosphorus and should be avoided or severely limited.
low sodium soy sauce,kidney disease,negative,"While lower in sodium than regular soy sauce, it is still a very high-sodium ingredient and should be used sparingly, if at all."
lumpia wrapper,kidney disease,neutral,
luncheon meat,kidney disease,very negative,"Highly processed meat, extremely high in sodium and phosphorus additives."
lutefisk,kidney disease,negative,Fish is a source of high-quality protein but also phosphorus. Preparation often involves high amounts of salt.
macadamia nut,kidney disease,negative,"All nuts are high in phosphorus and potassium. While lower than some other nuts, they should still be limited."
macapuno,kidney disease,negative,High in potassium and often packed in high-sugar syrup.
macapuno string,kidney disease,negative,High in potassium and often packed in high-sugar syrup.
macaroni,kidney disease,neutral,
mace,kidney disease,neutral,
mackerel,kidney disease,negative,"High in protein and phosphorus, which need to be limited in a renal diet."
madras curry powder,kidney disease,negative,Commercial blends are often high in sodium and potassium.
mahlab,kidney disease,neutral,
mahleb,kidney disease,neutral,
makrut lime leaf,kidney disease,neutral,
malt vinegar,kidney disease,negative,Can be a source of sodium and phosphorus.
mandarin orange peel,kidney disease,negative,High in potassium.
mango nectar,kidney disease,very negative,Very high in both potassium (from mangoes) and added sugar.
manzanilla olive,kidney disease,very negative,Extremely high in sodium due to the curing process.
maple syrup,kidney disease,negative,"High in sugar, which should be limited to manage blood sugar and weight."
maraschino cherry,kidney disease,negative,Very high in added sugar and artificial ingredients.
margarine,kidney disease,negative,"Often high in sodium, unhealthy fats, and may contain phosphate additives."
marjoram,kidney disease,neutral,
marsala,kidney disease,negative,"Contains alcohol and sodium, both of which should be limited."
marzipan,kidney disease,very negative,"Very high in sugar, potassium, and phosphorus from almonds."
masa harina,kidney disease,neutral,
masala curry powder,kidney disease,negative,Commercial blends are often high in sodium and potassium.
mascarpone cheese,kidney disease,negative,High in phosphorus and saturated fat.
matzo cake meal,kidney disease,neutral,
matzo meal,kidney disease,neutral,
mayonnaise,kidney disease,negative,High in sodium and fat; may contain phosphate additives.
mayonnaise style sandwich spread,kidney disease,very negative,"High in sodium, fat, and often added sugar and phosphate additives."
mcintosh apple,kidney disease,positive,"Low in potassium, sodium, and phosphorus, and a good source of fiber."
meat tenderizer,kidney disease,very negative,Extremely high in sodium.
meatball,kidney disease,very negative,"Processed meat, typically very high in sodium, protein, and phosphorus."
meatloaf mix,kidney disease,very negative,"A mix of ground meats high in protein and phosphorus, and often sodium."
medium grain rice,kidney disease,positive,Refined grains like white rice are low in potassium and phosphorus.
medium grain white rice,kidney disease,positive,"Low in potassium and phosphorus, making it a suitable grain choice."
medjool date,kidney disease,very negative,Extremely high in potassium.
metal skewer,kidney disease,neutral,
mexican cheese blend,kidney disease,very negative,Very high in sodium and phosphorus.
mexican oregano,kidney disease,neutral,
miami style sazon seasoning,kidney disease,very negative,Seasoning blends like this are extremely high in sodium.
mild cheddar cheese,kidney disease,very negative,Very high in sodium and phosphorus.
mild italian sausage,kidney disease,very negative,"Processed meat, very high in sodium, protein, and phosphorus."
mild italian sausage link,kidney disease,very negative,"Processed meat, very high in sodium, protein, and phosphorus."
milk,kidney disease,negative,High in potassium and phosphorus.
milk cracker crumb,kidney disease,negative,Crackers are often high in sodium and may contain phosphate additives.
milkfish,kidney disease,negative,"High in protein and phosphorus, which must be limited."
millet,kidney disease,negative,"As a whole grain, it is higher in potassium and phosphorus than refined grains."
miniature cocktail sausage,kidney disease,very negative,"Processed meat, very high in sodium and phosphorus."
miniature marshmallow,kidney disease,negative,High in sugar and may contain phosphate additives.
mint,kidney disease,neutral,
mint leaf,kidney disease,neutral,
mint sprig,kidney disease,neutral,
mirin,kidney disease,negative,Contains both sodium and sugar.
miso paste,kidney disease,very negative,"Extremely high in sodium, which is detrimental for blood pressure and fluid control in kidney disease."
mixed berry,kidney disease,positive,"Good source of antioxidants and generally low in potassium, making them a kidney-friendly fruit choice."
mixed candied fruit,kidney disease,negative,"Very high in sugar, which can be problematic, especially for those with diabetes, a common cause of kidney disease."
mixed color bell pepper,kidney disease,positive,Low in potassium and a good source of vitamins A and C and antioxidants.
mixed fruit,kidney disease,negative,"Can contain high-potassium fruits like bananas or oranges, which need to be limited in a renal diet."
mixed herb,kidney disease,positive,"Excellent way to add flavor to food without using salt, helping to manage sodium intake."
mixed spice,kidney disease,positive,"Can be used as a salt-free way to flavor food, which is crucial for a low-sodium diet."
mixed vegetable,kidney disease,negative,"May contain high-potassium vegetables like potatoes, tomatoes, or spinach, which often need to be restricted."
mixed wild mushroom,kidney disease,negative,"Mushrooms are typically high in potassium, which needs to be limited in later stages of kidney disease."
mochiko,kidney disease,neutral,
mojo marinade,kidney disease,very negative,"Marinades are typically very high in sodium, which must be strictly limited."
molasses,kidney disease,very negative,"Extremely high in potassium, which is dangerous for individuals with advanced kidney disease."
monkfish,kidney disease,neutral,
monosodium glutamate,kidney disease,very negative,"A form of sodium that contributes to overall sodium intake, which must be strictly limited."
monterey jack cheese,kidney disease,very negative,"High in both sodium and phosphorus, two minerals that need to be strictly limited in a renal diet."
montreal style steak seasoning,kidney disease,very negative,A seasoning blend that is typically extremely high in sodium.
morcilla sausage,kidney disease,very negative,"A processed meat that is very high in sodium, phosphorus, and saturated fat."
mozzarella cheese,kidney disease,negative,"High in sodium and phosphorus, which should be limited."
multicolored candy sprinkle,kidney disease,neutral,
mung bean,kidney disease,negative,"High in both potassium and phosphorus, which need to be restricted."
mung bean sprout,kidney disease,neutral,
muscatel wine,kidney disease,negative,"Alcohol should be consumed with caution, and wine contains potassium."
mushroom,kidney disease,negative,"Typically high in potassium, which needs to be limited."
mushroom cap,kidney disease,negative,"High in potassium, which needs to be limited."
mussel,kidney disease,negative,Can be high in sodium and potassium; portion control is essential.
mustard,kidney disease,very negative,Prepared mustard is typically very high in sodium.
mustard green,kidney disease,negative,"High in potassium, which often needs to be limited."
mustard oil,kidney disease,neutral,
mustard powder,kidney disease,positive,A good salt-free alternative for adding flavor to dishes.
mustard seed,kidney disease,positive,Can be used to add flavor without adding sodium.
napa cabbage,kidney disease,positive,"A low-potassium vegetable, making it a good choice for a renal diet."
navel orange,kidney disease,very negative,"Very high in potassium, a mineral that must be strictly limited in most renal diets."
navy bean,kidney disease,negative,High in both potassium and phosphorus.
new potato,kidney disease,very negative,Very high in potassium. Leaching can help but does not remove all of it.
new york strip steak,kidney disease,negative,High in protein and phosphorus; portion sizes must be strictly controlled.
non dairy creamer,kidney disease,very negative,"Often contains phosphate additives, which are easily absorbed and very harmful for kidney patients."
nonfat evaporated milk,kidney disease,very negative,"A concentrated source of phosphorus and potassium, which must be limited."
nonfat plain yogurt,kidney disease,negative,High in phosphorus and potassium.
noodle,kidney disease,neutral,
nori,kidney disease,negative,Seaweed is typically very high in potassium and can be high in sodium.
nori seaweed,kidney disease,negative,High in potassium and potentially sodium.
nori seaweed sheet,kidney disease,negative,High in potassium and potentially sodium.
nuoc mam,kidney disease,very negative,"Extremely high in sodium, making it unsuitable for a renal diet."
nut,kidney disease,very negative,Generally very high in both potassium and phosphorus.
nutmeg,kidney disease,positive,A good salt-free spice for flavoring.
oat,kidney disease,negative,"A whole grain that is a source of phosphorus, which needs to be limited."
oatmeal,kidney disease,negative,"A source of phosphorus, which needs to be limited."
octopus,kidney disease,negative,A source of protein but also contains a significant amount of phosphorus.
oil,kidney disease,positive,"A source of calories without sodium, potassium, or phosphorus. Olive oil has anti-inflammatory benefits."
okra,kidney disease,neutral,
okra pod,kidney disease,positive,"A good source of fiber, low in sodium and a good vegetable choice for a kidney-friendly diet."
olive,kidney disease,very negative,"Typically cured in brine, making them extremely high in sodium."
olive oil,kidney disease,positive,"A healthy, phosphorus-free fat source with anti-inflammatory properties, excellent for kidney-friendly cooking."
onion,kidney disease,positive,"Low in sodium, potassium, and phosphorus; an excellent base for flavoring dishes without added salt."
onion powder,kidney disease,positive,A good salt-free alternative for adding flavor to food.
onion salt,kidney disease,very negative,Contains a very high amount of sodium due to the added salt.
orange,kidney disease,negative,"High in potassium, which needs to be limited on most kidney diets."
orange bell pepper,kidney disease,positive,Low in potassium and a good source of vitamins A and C.
orange blossom,kidney disease,neutral,
orange blossom honey,kidney disease,negative,"A source of sugar that should be limited, and it contains more potassium than other sweeteners."
orange blossom water,kidney disease,neutral,
orange flower water,kidney disease,neutral,
orange gel food coloring,kidney disease,neutral,
orange juice,kidney disease,very negative,"A concentrated source of potassium, which is typically restricted in a kidney diet."
orange juice concentrate,kidney disease,very negative,A highly concentrated source of potassium that should be avoided.
orange liqueur,kidney disease,negative,"Contains alcohol and sugar, which should be limited, and may contain significant potassium."
orange peel,kidney disease,negative,Contains a significant amount of potassium.
orange zest,kidney disease,neutral,"Typically used in very small amounts, making the potassium contribution negligible."
oregano,kidney disease,positive,A salt-free herb that is excellent for flavoring food.
oregano leaf,kidney disease,positive,A salt-free herb that is excellent for flavoring food.
orzo pasta,kidney disease,neutral,Refined pasta is generally low in potassium and phosphorus.
oxtail,kidney disease,negative,"High in protein and phosphorus, which need to be limited and portion-controlled."
oyster sauce,kidney disease,very negative,Extremely high in sodium.
palm oil,kidney disease,neutral,
palm sugar,kidney disease,negative,A source of sugar that can be high in potassium.
panang curry paste,kidney disease,very negative,Commercially prepared pastes are typically very high in sodium.
pandan leaf,kidney disease,neutral,
pandan paste,kidney disease,neutral,
paneer,kidney disease,negative,A type of cheese that is high in protein and phosphorus.
panko bread crumb,kidney disease,negative,Can be high in sodium and may contain phosphorus additives.
panko crumb,kidney disease,negative,Can be high in sodium and may contain phosphorus additives.
panquehue cheese,kidney disease,very negative,"Like most cheeses, it is high in sodium, phosphorus, and protein."
paprika,kidney disease,positive,A salt-free spice that is excellent for flavoring food.
parmesan cheese,kidney disease,very negative,"Very high in sodium, phosphorus, and protein."
parmigiano reggiano,kidney disease,very negative,"Very high in sodium, phosphorus, and protein."
parmigiano reggiano cheese,kidney disease,very negative,"Very high in sodium, phosphorus, and protein."
parsley,kidney disease,neutral,"In small amounts as a garnish, it is fine. In large quantities, it is high in potassium."
parsley leaf,kidney disease,neutral,"In small amounts as a garnish, it is fine. In large quantities, it is high in potassium."
parsnip,kidney disease,negative,A root vegetable that is high in potassium.
partridge breast half,kidney disease,negative,"A source of animal protein and phosphorus, which need to be limited."
passata,kidney disease,very negative,"Made from tomatoes, which are very high in potassium."
passion fruit,kidney disease,negative,High in potassium.
pasta,kidney disease,neutral,Refined pasta is generally low in potassium and phosphorus.
pasta sauce,kidney disease,very negative,Typically tomato-based (high potassium) and very high in sodium.
pastry,kidney disease,negative,"Often high in unhealthy fats, refined flour, and sodium."
pastry double crust pie,kidney disease,negative,"High in unhealthy fats, refined flour, and sodium."
pastry flour,kidney disease,neutral,Refined flour is low in phosphorus and potassium.
pate,kidney disease,very negative,A processed meat product that is typically very high in sodium and phosphorus.
pea,kidney disease,negative,Contains moderate amounts of potassium and phosphorus and should be eaten in limited quantities.
pea pod,kidney disease,positive,A good source of fiber and lower in potassium than shelled peas.
peach,kidney disease,positive,"A low-potassium, low-sodium fruit that is generally safe for a renal diet."
peach flavored vodka,kidney disease,negative,Alcohol can dehydrate and put stress on the kidneys.
peach schnapps,kidney disease,negative,Alcohol and high sugar content can be harmful to kidney health.
peach slice,kidney disease,positive,"A low-potassium, low-sodium fruit. Choose peaches canned in juice over heavy syrup."
peanut,kidney disease,negative,"High in phosphorus and potassium, which should be limited in a renal diet."
peanut butter,kidney disease,negative,"High in phosphorus, potassium, and often contains added sodium."
peanut oil,kidney disease,neutral,
peanut sauce,kidney disease,very negative,"Typically very high in sodium, phosphorus, and potassium."
pear,kidney disease,positive,A low-potassium fruit that is a good choice for a kidney-friendly diet.
pear juice,kidney disease,negative,A concentrated source of sugar and potassium compared to the whole fruit; should be limited.
pearl barley,kidney disease,negative,A whole grain that is high in both potassium and phosphorus.
pearl couscous,kidney disease,neutral,"A refined wheat product, lower in phosphorus and potassium than whole grains."
pearl onion,kidney disease,positive,Low in potassium and a good way to add flavor without salt.
pearl sugar,kidney disease,neutral,
pecan,kidney disease,negative,Nuts are high in phosphorus and potassium.
pecan half,kidney disease,negative,Nuts are high in phosphorus and potassium.
pecorino romano cheese,kidney disease,very negative,Extremely high in both sodium and phosphorus.
pectin,kidney disease,neutral,
penne,kidney disease,neutral,Refined pasta is lower in phosphorus and potassium than whole grain versions.
penne pasta,kidney disease,neutral,Refined pasta is lower in phosphorus and potassium than whole grain versions.
pepper,kidney disease,positive,An excellent salt-free seasoning alternative to help control sodium intake.
pepper jack cheese,kidney disease,very negative,Processed cheese is very high in sodium and phosphorus additives.
pepper sauce,kidney disease,very negative,Typically extremely high in sodium.
peppercorn,kidney disease,positive,A good salt-free seasoning to help manage sodium intake.
pepperoni,kidney disease,very negative,"A processed, cured meat that is extremely high in sodium and phosphorus."
persian cucumber,kidney disease,positive,Low in potassium and a good source of hydration.
persian lime,kidney disease,positive,A good way to add flavor to food and drinks without adding sodium.
persian rose petal,kidney disease,neutral,
petite diced tomato,kidney disease,negative,Tomatoes and tomato products are very high in potassium.
petite pea,kidney disease,negative,Considered a higher potassium and phosphorus vegetable.
pho ga soup seasoning,kidney disease,very negative,Soup bases and seasoning packets are typically extremely high in sodium.
phyllo dough,kidney disease,neutral,"Made from refined flour, but check labels for sodium content."
picante sauce,kidney disease,very negative,"Very high in sodium and made from tomatoes, which are high in potassium."
pickle,kidney disease,very negative,Extremely high in sodium due to the brining and pickling process.
pickled ginger,kidney disease,negative,High in sodium from the pickling process.
pickled mustard cabbage,kidney disease,very negative,Very high in sodium from the pickling process.
pickling spice,kidney disease,positive,A good way to add flavor without adding salt.
pie crust,kidney disease,negative,Often high in sodium and may contain phosphorus additives.
pie crust mix,kidney disease,negative,Often high in sodium and phosphorus from leavening agents.
pie shell,kidney disease,negative,Often high in sodium and may contain phosphorus additives.
pigs foot,kidney disease,negative,"High in protein and phosphorus, and often prepared with large amounts of salt."
piloncillo,kidney disease,neutral,A type of unrefined sugar; should be limited as part of a healthy diet.
pimento,kidney disease,positive,A type of red pepper that is low in potassium.
pimento stuffed green olive,kidney disease,very negative,Olives are cured in brine and are extremely high in sodium.
pimento stuffed olive,kidney disease,very negative,Olives are cured in brine and are extremely high in sodium.
pimiento pepper,kidney disease,positive,A type of red pepper that is low in potassium.
pimiento stuffed green olive,kidney disease,very negative,Olives are cured in brine and are extremely high in sodium.
pimiento stuffed olive,kidney disease,very negative,Olives are cured in brine and are extremely high in sodium.
pina colada drink mix,kidney disease,negative,High in sugar and may contain phosphorus or potassium additives.
pine nut,kidney disease,negative,"High in phosphorus and potassium, and should be limited."
pineapple,kidney disease,neutral,
pineapple chunk,kidney disease,neutral,
pineapple juice,kidney disease,neutral,
pineapple preserve,kidney disease,neutral,
pineapple ring,kidney disease,neutral,
pineapple tidbit,kidney disease,neutral,
pink food coloring,kidney disease,neutral,
pink himalayan salt,kidney disease,neutral,
pinot noir wine,kidney disease,neutral,
pinto bean,kidney disease,neutral,
pisco,kidney disease,neutral,
pistachio,kidney disease,neutral,
pistachio nut,kidney disease,neutral,
pita bread,kidney disease,neutral,
pita bread round,kidney disease,neutral,
pita round,kidney disease,neutral,
pizza crust,kidney disease,neutral,
pizza dough,kidney disease,neutral,
pizza sauce,kidney disease,neutral,
plain low fat yogurt,kidney disease,neutral,
plain yogurt,kidney disease,neutral,
plantain,kidney disease,neutral,
plantain leaf,kidney disease,neutral,
plum,kidney disease,neutral,
plum preserve,kidney disease,neutral,
plum tomato,kidney disease,neutral,
poblano pepper,kidney disease,neutral,
poi,kidney disease,neutral,
polenta,kidney disease,neutral,
polish kielbasa,kidney disease,neutral,
polish sausage,kidney disease,neutral,
polskie ogorki,kidney disease,neutral,
pomegranate juice,kidney disease,neutral,
pomegranate molasses,kidney disease,neutral,
pomegranate seed,kidney disease,neutral,
pomegranate syrup,kidney disease,neutral,
poppy seed,kidney disease,neutral,
porcini mushroom,kidney disease,neutral,
pork,kidney disease,neutral,
pork back fat,kidney disease,neutral,
pork backfat,kidney disease,neutral,
pork belly,kidney disease,neutral,
pork breakfast chop,kidney disease,neutral,
pork butt,kidney disease,neutral,
pork butt roast,kidney disease,neutral,
pork chop,kidney disease,neutral,
pork cutlet,kidney disease,neutral,
pork loin,kidney disease,neutral,
pork loin chop,kidney disease,neutral,
pork loin roast,kidney disease,neutral,
pork roast,kidney disease,negative,"High in protein and phosphorus, which should be limited in a kidney-friendly diet."
pork sausage,kidney disease,very negative,"Very high in sodium, protein, and phosphorus additives, which are harmful to kidney function."
pork shank,kidney disease,negative,"High in protein and phosphorus, which should be limited in a kidney-friendly diet."
pork shoulder,kidney disease,negative,"High in protein and phosphorus, which should be limited in a kidney-friendly diet."
pork shoulder roast,kidney disease,negative,"High in protein and phosphorus, which should be limited in a kidney-friendly diet."
pork sirloin,kidney disease,negative,"High in protein and phosphorus, which should be limited in a kidney-friendly diet."
pork sirloin roast,kidney disease,negative,"High in protein and phosphorus, which should be limited in a kidney-friendly diet."
pork sparerib,kidney disease,negative,"High in protein and phosphorus, which should be limited in a kidney-friendly diet."
pork steak,kidney disease,negative,"High in protein and phosphorus, which should be limited in a kidney-friendly diet."
pork stew meat,kidney disease,negative,"High in protein and phosphorus, which should be limited in a kidney-friendly diet."
pork tenderloin,kidney disease,negative,"A leaner cut, but still high in protein and phosphorus which should be limited."
port wine,kidney disease,negative,"Alcohol can raise blood pressure and cause dehydration, stressing the kidneys."
port wine flavored gelatin mix,kidney disease,neutral,
portobello mushroom,kidney disease,negative,"High in potassium, which needs to be restricted in most kidney diets."
portobello mushroom cap,kidney disease,negative,"High in potassium, which needs to be restricted in most kidney diets."
portuguese chourico sausage,kidney disease,very negative,"Processed meat, extremely high in sodium, protein, and phosphorus additives."
portuguese hot pepper sauce,kidney disease,negative,Prepared sauces are typically very high in sodium.
portuguese linguica sausage,kidney disease,very negative,"Processed meat, extremely high in sodium, protein, and phosphorus additives."
portuguese sausage,kidney disease,very negative,"Processed meat, extremely high in sodium, protein, and phosphorus additives."
potato,kidney disease,very negative,"Very high in potassium, a mineral that must be strictly limited for kidney patients."
potato cooking water,kidney disease,very negative,Contains high levels of potassium that has leached from the potatoes during cooking.
potato flake,kidney disease,very negative,"A concentrated source of potato, making it very high in potassium."
potato flour,kidney disease,very negative,"A concentrated source of potato, making it very high in potassium."
potato starch,kidney disease,neutral,Used in small amounts as a thickener and is lower in potassium and phosphorus than other potato products.
poultry seasoning,kidney disease,negative,Seasoning blends are often very high in sodium (salt).
powdered milk,kidney disease,very negative,"A concentrated source of dairy, making it very high in both phosphorus and potassium."
prawn,kidney disease,negative,"High in protein and sodium, both of which should be limited."
processed american cheese,kidney disease,very negative,"Extremely high in sodium and phosphate additives, which are easily absorbed and very damaging to kidneys."
processed cheese sauce,kidney disease,very negative,"Extremely high in sodium and phosphate additives, which are easily absorbed and very damaging to kidneys."
provolone cheese,kidney disease,negative,"High in sodium, phosphorus, and protein."
prune,kidney disease,very negative,A dried fruit that is extremely high in potassium.
puff pastry,kidney disease,negative,"Typically high in sodium and phosphorus from salt, butter, and flour."
puff pastry sheet,kidney disease,negative,"Typically high in sodium and phosphorus from salt, butter, and flour."
pulled pork,kidney disease,negative,"High in protein and phosphorus, and often prepared with high-sodium sauces."
pumpkin,kidney disease,negative,A winter squash that is high in potassium.
pumpkin puree,kidney disease,negative,"A concentrated source of pumpkin, making it high in potassium."
purple daikon radish,kidney disease,positive,Radishes are low-potassium vegetables that are a good choice for a kidney-friendly diet.
purple food coloring,kidney disease,neutral,
purple onion,kidney disease,positive,Onions are a low-potassium vegetable that can add significant flavor without adding sodium.
purslane,kidney disease,negative,A green leafy vegetable that is moderately high in potassium.
quail egg,kidney disease,negative,"High in protein, and the yolk is a significant source of phosphorus."
quark,kidney disease,negative,"A dairy product high in protein, phosphorus, and potassium."
queijo coalho cheese curd,kidney disease,negative,"Cheese is high in sodium, phosphorus, and protein."
queso chanco,kidney disease,negative,"Cheese is high in sodium, phosphorus, and protein."
queso fresco,kidney disease,negative,"Cheese is high in sodium, phosphorus, and protein."
quick cooking oat,kidney disease,negative,"Oats are a whole grain, which are typically high in phosphorus and potassium."
quick rise yeast,kidney disease,neutral,
quince,kidney disease,negative,A fruit that is high in potassium.
quince paste,kidney disease,negative,"A concentrated fruit product, making it high in potassium."
quinoa,kidney disease,negative,A whole grain that is high in both phosphorus and potassium.
rabbit,kidney disease,positive,A source of lean protein that is generally lower in phosphorus compared to other meats.
radish,kidney disease,positive,"Low in potassium, phosphorus, and sodium, making it a kidney-friendly vegetable."
raisin,kidney disease,very negative,Dried fruit that is extremely high in potassium.
ramen noodle,kidney disease,very negative,The accompanying seasoning packet is extremely high in sodium. The noodles may also contain phosphate additives.
rapeseed oil,kidney disease,neutral,
raspberry,kidney disease,positive,A low-potassium fruit that is a good source of fiber and antioxidants.
raspberry flavored soda water,kidney disease,negative,May contain phosphoric acid (a phosphorus additive) or potassium-based preservatives. Check labels carefully.
raspberry jam,kidney disease,negative,High in sugar and contains a moderate amount of potassium.
recao,kidney disease,neutral,"An herb used in small quantities, which has a minimal impact on overall mineral intake."
recaito,kidney disease,negative,Store-bought versions are typically very high in sodium.
red bean curd,kidney disease,very negative,Fermented and brined product that is extremely high in sodium.
red bean paste,kidney disease,negative,"Made from red beans, which are high in potassium and phosphorus."
red bell pepper,kidney disease,positive,Low in potassium and an excellent source of vitamins A and C.
red cabbage,kidney disease,positive,A low-potassium vegetable rich in vitamins and antioxidants.
red candied cherry,kidney disease,negative,Very high in sugar and may contain artificial colors and preservatives.
red caviar,kidney disease,very negative,Extremely high in both sodium and phosphorus.
red chile,kidney disease,neutral,"Used in small amounts as a spice, it has minimal impact on overall mineral intake."
red chile flake,kidney disease,neutral,"Used in small amounts as a spice, it has minimal impact on overall mineral intake."
red chile paste,kidney disease,very negative,Typically very high in sodium.
red chile pepper,kidney disease,positive,Low in potassium and can be used to add flavor instead of salt.
red chile powder,kidney disease,neutral,"Used in small amounts as a spice, it has minimal impact on overall mineral intake."
red chile sauce,kidney disease,very negative,Typically very high in sodium.
red chili pepper,kidney disease,positive,Low in potassium and can be used to add flavor instead of salt.
red chili powder,kidney disease,neutral,"Used in small amounts as a spice, it has minimal impact on overall mineral intake."
red cooking wine,kidney disease,very negative,Extremely high in sodium.
red currant,kidney disease,neutral,Contains moderate potassium; acceptable in small portions.
red currant jam,kidney disease,negative,High in sugar and contains a moderate amount of potassium.
red curry paste,kidney disease,very negative,Typically very high in sodium.
red food color,kidney disease,neutral,
red food coloring,kidney disease,neutral,
red grape,kidney disease,positive,A low-potassium fruit that is a good source of antioxidants.
red kidney bean,kidney disease,very negative,Very high in both potassium and phosphorus.
red lentil,kidney disease,very negative,Very high in both potassium and phosphorus.
red miso,kidney disease,very negative,A fermented paste that is extremely high in sodium.
red onion,kidney disease,positive,Low in potassium and a good source of flavonoids like quercetin.
red pepper,kidney disease,positive,"Assuming red bell pepper, which is low in potassium and high in vitamins."
red pepper flake,kidney disease,neutral,"Used in small amounts as a spice, it has minimal impact on overall mineral intake."
red potato,kidney disease,very negative,All potatoes are very high in potassium.
red skinned potato,kidney disease,very negative,All potatoes are very high in potassium.
red snapper,kidney disease,negative,Fish is a good source of protein but is high in phosphorus and must be portion-controlled.
red table wine,kidney disease,negative,"Alcohol should be consumed in moderation, and wine contains potassium."
red thai curry paste,kidney disease,very negative,Typically very high in sodium.
red wine,kidney disease,negative,"Alcohol should be consumed in moderation, and wine contains potassium."
red wine vinegar,kidney disease,positive,"A good way to add flavor without salt; low in sodium, potassium, and phosphorus."
refrigerated pie crust,kidney disease,very negative,Often high in sodium and may contain phosphate additives for preservation and leavening.
rennet tablet,kidney disease,neutral,Used in very small amounts for cheesemaking and not consumed directly.
rhubarb,kidney disease,negative,"High in oxalates, which can form crystals and may be harmful to damaged kidneys."
rib eye steak,kidney disease,negative,"Red meat is high in phosphorus and protein, which must be limited and portion-controlled."
rice,kidney disease,positive,White rice is a good energy source that is low in potassium and phosphorus.
rice cereal,kidney disease,positive,"Basic, non-fortified rice cereals are typically low in sodium, potassium, and phosphorus."
rice flour,kidney disease,positive,"Low in potassium, phosphorus, and sodium; a good flour choice for a kidney-friendly diet."
rice noodle,kidney disease,positive,"Made from rice, these are low in potassium, phosphorus, and sodium."
rice paper wrapper,kidney disease,positive,"Low in sodium, potassium, and phosphorus."
rice soup,kidney disease,negative,Soups and broths are typically very high in sodium.
rice stick noodle,kidney disease,positive,"Made from rice, these are low in potassium, phosphorus, and sodium."
rice vermicelli,kidney disease,positive,"Made from rice, these are low in potassium, phosphorus, and sodium."
rice vermicelli noodle,kidney disease,positive,"Made from rice, these are low in potassium, phosphorus, and sodium."
rice vinegar,kidney disease,positive,A low-sodium way to add flavor to foods.
rice wine,kidney disease,negative,Alcohol should be limited as it can dehydrate and stress the kidneys.
rice wine vinegar,kidney disease,positive,A low-sodium way to add flavor to foods.
rice wrapper,kidney disease,positive,"Low in sodium, potassium, and phosphorus."
ricotta cheese,kidney disease,negative,Dairy products are a significant source of phosphorus and potassium.
rigatoni pasta,kidney disease,neutral,
ripe olive,kidney disease,very negative,"Olives are typically cured or brined, making them extremely high in sodium."
roast beef,kidney disease,very negative,Deli and processed meats are very high in sodium and often contain phosphate additives.
roasted red bell pepper,kidney disease,positive,Red bell peppers are an excellent low-potassium vegetable choice.
roasted red pepper,kidney disease,positive,Red bell peppers are an excellent low-potassium vegetable choice.
rock salt,kidney disease,very negative,"A form of pure sodium, which must be strictly limited."
rock sugar,kidney disease,neutral,
rolled oat,kidney disease,negative,Whole grains like oats are high in phosphorus and potassium.
roma plum tomato,kidney disease,negative,Tomatoes and tomato products are high in potassium.
roma tomato,kidney disease,negative,Tomatoes and tomato products are high in potassium.
romaine lettuce,kidney disease,positive,"A low-potassium leafy green, good for salads."
romaine lettuce leaf,kidney disease,positive,"A low-potassium leafy green, good for salads."
romano,kidney disease,very negative,"Aged, hard cheeses are very high in both sodium and phosphorus."
romano cheese,kidney disease,very negative,"Aged, hard cheeses are very high in both sodium and phosphorus."
rose extract,kidney disease,neutral,
rose petal,kidney disease,neutral,
rose petal powder,kidney disease,neutral,
rose water,kidney disease,neutral,
rosemary,kidney disease,positive,A salt-free herb that can be used to add flavor.
rotelle pasta,kidney disease,neutral,
rotini pasta,kidney disease,neutral,
round steak,kidney disease,negative,"Red meat is high in phosphorus and protein, which may need to be limited."
rum,kidney disease,negative,Alcohol should be limited as it can dehydrate and stress the kidneys.
rum cream liqueur,kidney disease,very negative,"Contains alcohol, sugar, and cream (dairy), which is high in phosphorus."
rum flavored extract,kidney disease,neutral,
rum flavoring,kidney disease,neutral,
rump roast,kidney disease,negative,"Red meat is high in phosphorus and protein, which may need to be limited."
russet potato,kidney disease,very negative,Potatoes are extremely high in potassium.
rutabaga,kidney disease,negative,A root vegetable that is a significant source of potassium.
rye flake,kidney disease,negative,Whole grains like rye are high in phosphorus and potassium.
rye flour,kidney disease,negative,Whole grain flour is high in phosphorus and potassium.
saffron,kidney disease,positive,A spice that adds flavor without adding sodium.
saffron powder,kidney disease,positive,A spice that adds flavor without adding sodium.
saffron thread,kidney disease,positive,A spice that adds flavor without adding sodium.
sage,kidney disease,positive,A salt-free herb that can be used to add flavor.
sake,kidney disease,negative,Alcoholic beverage (rice wine) that should be limited.
salam leaf,kidney disease,neutral,
salami,kidney disease,very negative,"A cured, processed meat that is extremely high in sodium and phosphate additives."
salmon,kidney disease,positive,A good source of high-quality protein and anti-inflammatory omega-3 fatty acids.
salmon fillet,kidney disease,positive,A good source of high-quality protein and anti-inflammatory omega-3 fatty acids.
salsa,kidney disease,negative,"Typically very high in sodium and contains tomatoes, which are high in potassium."
salt,kidney disease,very negative,"The primary source of sodium, which must be strictly limited to control blood pressure and fluid retention."
salt beef,kidney disease,very negative,"A processed, cured meat that is extremely high in sodium and often contains phosphorus additives."
salt pork,kidney disease,very negative,A cured meat that is extremely high in sodium and often contains phosphorus additives.
saltine cracker,kidney disease,negative,"A processed food, typically high in sodium and may contain phosphorus additives."
sambal oelek,kidney disease,negative,A chili paste that is typically very high in sodium.
sardine,kidney disease,negative,Often canned and high in both sodium and phosphorus.
sashimi grade tuna,kidney disease,positive,A good source of high-quality protein and omega-3 fatty acids; best consumed in moderation.
sauce,kidney disease,negative,"Most pre-made sauces are very high in sodium, and some may also be high in potassium or phosphorus."
sauerkraut,kidney disease,negative,Very high in sodium due to the fermentation and brining process.
sausage,kidney disease,very negative,A processed meat that is extremely high in sodium and phosphorus additives.
sausage casing,kidney disease,negative,"Part of a processed meat product, contributing to high sodium and phosphorus content."
savory,kidney disease,neutral,
savoy cabbage,kidney disease,positive,A low-potassium vegetable that is a good source of vitamins and fiber.
sazon seasoning,kidney disease,very negative,A seasoning blend that is typically extremely high in sodium.
scallion,kidney disease,positive,A low-potassium vegetable that can add flavor to dishes without adding salt.
scallop,kidney disease,positive,A good source of high-quality protein; should be eaten in moderation due to phosphorus content.
scotch bonnet chile,kidney disease,neutral,
scotch bonnet chile pepper,kidney disease,neutral,
scotch bonnet hot sauce,kidney disease,negative,Commercially prepared hot sauces are typically very high in sodium.
scotch bonnet pepper,kidney disease,neutral,
sea bass,kidney disease,positive,A good source of high-quality protein and omega-3 fatty acids.
sea bass fillet,kidney disease,positive,A good source of high-quality protein and omega-3 fatty acids.
sea salt,kidney disease,very negative,Contains the same amount of sodium as table salt and must be strictly limited.
sea scallop,kidney disease,positive,A good source of high-quality protein; should be eaten in moderation due to phosphorus content.
seafood seasoning,kidney disease,very negative,A seasoning blend that is typically extremely high in sodium.
seafood stock,kidney disease,negative,Commercially prepared stocks are typically very high in sodium.
seasoned rice vinegar,kidney disease,negative,Contains added salt and sugar; plain rice vinegar is a better choice.
seasoned salt,kidney disease,very negative,A salt-based seasoning blend that is extremely high in sodium.
seasoning salt,kidney disease,very negative,A salt-based seasoning blend that is extremely high in sodium.
self rising cornmeal,kidney disease,negative,Contains leavening agents which are high in phosphorus and/or sodium.
self rising flour,kidney disease,negative,Contains leavening agents which are high in phosphorus and/or sodium.
seltzer water,kidney disease,neutral,
semi sweet chocolate chip,kidney disease,negative,Chocolate is a source of potassium and phosphorus and should be limited.
semisweet baking chocolate,kidney disease,negative,Chocolate is a source of potassium and phosphorus and should be limited.
semisweet chocolate,kidney disease,negative,Chocolate is a source of potassium and phosphorus and should be limited.
semisweet chocolate bar,kidney disease,negative,Chocolate is a source of potassium and phosphorus and should be limited.
semisweet chocolate chip,kidney disease,negative,Chocolate is a source of potassium and phosphorus and should be limited.
semolina,kidney disease,neutral,
semolina flour,kidney disease,neutral,
serrano,kidney disease,neutral,
serrano chile,kidney disease,neutral,
serrano chile pepper,kidney disease,neutral,
serrano ham,kidney disease,very negative,A cured meat that is extremely high in sodium.
serrano pepper,kidney disease,neutral,
sesame oil,kidney disease,neutral,
sesame seed,kidney disease,negative,High in phosphorus and should be limited.
sesame seed hamburger bun,kidney disease,negative,"Processed bread often contains sodium and phosphorus additives, and sesame seeds add more phosphorus."
seville orange marmalade,kidney disease,negative,"High in sugar and contains oranges, which are high in potassium."
shallot,kidney disease,neutral,
shaoxing rice wine,kidney disease,negative,"Contains sodium and alcohol, which can be detrimental to kidney health."
sheeps milk feta cheese,kidney disease,very negative,Very high in sodium and phosphorus.
sherry,kidney disease,negative,"Alcohol can dehydrate and raise blood pressure, stressing the kidneys."
sherry vinegar,kidney disease,positive,"Low in sodium, potassium, and phosphorus; can be used as a salt substitute for flavor."
sherry wine,kidney disease,negative,"Alcohol can dehydrate and raise blood pressure, stressing the kidneys."
shichimi togarashi,kidney disease,neutral,
shiitake mushroom,kidney disease,negative,High in potassium.
shoestring potato stick,kidney disease,very negative,Very high in sodium and potassium.
short grain brown rice,kidney disease,negative,Higher in potassium and phosphorus compared to white rice.
short grain rice,kidney disease,neutral,
short grain white rice,kidney disease,positive,"Lower in potassium and phosphorus than brown rice, making it a safer grain choice."
shortening,kidney disease,neutral,
shrimp,kidney disease,negative,High in phosphorus and often prepared with high amounts of sodium.
shrimp paste,kidney disease,very negative,Extremely high in sodium.
sichuan pepper,kidney disease,neutral,
silken tofu,kidney disease,positive,"A good source of plant-based protein, generally lower in phosphorus than meat."
silver tequila,kidney disease,negative,"Alcohol can dehydrate and raise blood pressure, stressing the kidneys."
simple syrup,kidney disease,negative,"High in sugar, which is detrimental to overall health and can worsen conditions like diabetes, a leading cause of kidney disease."
sirloin,kidney disease,negative,"High in protein and phosphorus, which need to be limited in a kidney-friendly diet."
sirloin steak,kidney disease,negative,"High in protein and phosphorus, which need to be limited in a kidney-friendly diet."
sirloin tip,kidney disease,negative,"High in protein and phosphorus, which need to be limited in a kidney-friendly diet."
skewer,kidney disease,neutral,
skinless chicken breast,kidney disease,positive,A lean source of high-quality protein; portions should be managed to control protein and phosphorus intake.
skirt steak,kidney disease,negative,"High in protein and phosphorus, which need to be limited in a kidney-friendly diet."
small shrimp,kidney disease,negative,High in phosphorus and often prepared with high amounts of sodium.
small white bean,kidney disease,very negative,Very high in potassium and phosphorus.
smelt,kidney disease,negative,"A source of protein and phosphorus, which need to be limited."
smoked ham,kidney disease,very negative,Extremely high in sodium and often contains phosphate additives.
smoked ham hock,kidney disease,very negative,Extremely high in sodium and often contains phosphate additives.
smoked paprika,kidney disease,neutral,
smoked pork chop,kidney disease,very negative,Extremely high in sodium and often contains phosphate additives.
smoked salmon,kidney disease,very negative,Very high in sodium due to the curing and smoking process.
smoked sausage,kidney disease,very negative,Extremely high in sodium and often contains phosphate additives.
smoked tempeh bacon,kidney disease,negative,"High in sodium, potassium, and phosphorus."
snap pea,kidney disease,positive,"A good source of vitamins and fiber; low in sodium and moderate in potassium, suitable in appropriate portions."
snow pea,kidney disease,positive,"A good source of vitamins and fiber; low in sodium and moderate in potassium, suitable in appropriate portions."
snow pea pod,kidney disease,positive,"A good source of vitamins and fiber; low in sodium and moderate in potassium, suitable in appropriate portions."
soba noodle,kidney disease,negative,"Made from buckwheat, which is higher in potassium and phosphorus than refined grains."
soaked in cold water,kidney disease,neutral,
soaked in water,kidney disease,neutral,
sofrito,kidney disease,negative,Typically contains tomatoes (high potassium) and commercial versions are very high in sodium.
sofrito sauce,kidney disease,negative,Typically contains tomatoes (high potassium) and commercial versions are very high in sodium.
soft brown sugar,kidney disease,negative,High in sugar; brown sugar also contains more potassium than white sugar.
solid white tuna,kidney disease,negative,High in protein and phosphorus; canned versions are typically very high in sodium.
sour cherry,kidney disease,positive,"A lower-potassium fruit choice, rich in antioxidants."
sour cherry preserve,kidney disease,negative,Preserves are very high in added sugar.
sour cream,kidney disease,negative,High in phosphorus and potassium.
sour manioc starch,kidney disease,positive,"A refined starch that is low in protein, potassium, and phosphorus."
soy based liquid seasoning,kidney disease,very negative,"Extremely high in sodium, which is harmful for blood pressure and fluid balance in kidney disease."
soy milk,kidney disease,neutral,
soy sauce,kidney disease,very negative,"Extremely high in sodium, which must be severely restricted in a kidney-friendly diet."
soy sauce flavored ramen noodle,kidney disease,very negative,The flavor packet is exceptionally high in sodium and often contains phosphate additives.
soybean sprout,kidney disease,positive,"Low in sodium, potassium, and phosphorus, making it a kidney-friendly vegetable."
spaghetti,kidney disease,neutral,
spanish chorizo,kidney disease,very negative,"A processed, cured meat that is very high in sodium, protein, and often phosphorus additives."
spanish chorizo sausage,kidney disease,very negative,"A processed, cured meat that is very high in sodium, protein, and often phosphorus additives."
spanish chorizo sausage link,kidney disease,very negative,"A processed, cured meat that is very high in sodium, protein, and often phosphorus additives."
spanish octopus,kidney disease,negative,"High in protein and phosphorus, which often need to be limited."
spanish olive,kidney disease,very negative,"Cured in brine, making them extremely high in sodium."
spanish onion,kidney disease,positive,"Low in sodium, potassium, and phosphorus; excellent for adding flavor to food without salt."
spanish peanut,kidney disease,negative,Nuts are typically high in potassium and phosphorus.
spanish serrano ham,kidney disease,very negative,A cured meat that is extremely high in sodium.
spanish smoked paprika,kidney disease,positive,A spice that adds flavor without adding sodium.
spanish style chorizo,kidney disease,very negative,"A processed, cured meat that is very high in sodium, protein, and often phosphorus additives."
spanish style olive,kidney disease,very negative,"Cured in brine, making them extremely high in sodium."
spanish yellow rice mix,kidney disease,very negative,Packaged mixes are typically very high in sodium and may contain phosphate additives.
sparkling mineral water,kidney disease,negative,"Can be high in sodium or other minerals like potassium, which may need to be restricted."
sparkling water,kidney disease,neutral,
spelt flour,kidney disease,negative,"As a whole grain, it is higher in potassium and phosphorus than refined white flour."
spicy brown mustard,kidney disease,negative,"Generally high in sodium and should be used sparingly, if at all."
spinach,kidney disease,negative,"Very high in potassium, which needs to be limited in most kidney diets."
split pea,kidney disease,negative,High in both potassium and phosphorus.
sponge cake,kidney disease,negative,High in sugar and may contain phosphorus from leavening agents.
spray,kidney disease,neutral,
spring garlic,kidney disease,positive,Excellent for adding flavor without sodium.
spring onion,kidney disease,positive,A good way to add flavor without salt. Use in moderation as it contains some potassium.
spring roll wrapper,kidney disease,neutral,
spring water,kidney disease,neutral,
sprinkle,kidney disease,negative,Primarily sugar and may contain phosphate-based additives.
squid,kidney disease,negative,"High in protein and phosphorus, which often need to be limited."
sriracha hot sauce,kidney disease,very negative,Very high in sodium.
sriracha sauce,kidney disease,very negative,Very high in sodium.
star anise,kidney disease,positive,A spice that adds flavor without adding sodium.
star anise pod,kidney disease,positive,A spice that adds flavor without adding sodium.
steelhead trout fillet,kidney disease,negative,High in phosphorus and potassium; protein must be consumed in appropriate portions.
stewed tomato,kidney disease,very negative,"Tomatoes are very high in potassium, and canned versions often have high added sodium."
straw mushroom,kidney disease,negative,Mushrooms are a source of potassium; canned versions can have added sodium.
strawberry,kidney disease,positive,A kidney-friendly fruit that is low in potassium and phosphorus and high in antioxidants.
strawberry flavored syrup,kidney disease,very negative,Very high in sugar and may contain phosphate additives.
strawberry jam,kidney disease,negative,"High in sugar, which should be limited."
string,kidney disease,neutral,Inedible.
sucralose sweetener,kidney disease,neutral,
sugar,kidney disease,negative,"Should be limited, especially for those with diabetes, a leading cause of kidney disease."
sugar based curing mixture,kidney disease,very negative,Contains high amounts of sugar and sodium used for curing meats.
sugar crystal,kidney disease,negative,"Pure sugar, which should be limited to manage blood sugar and inflammation."
sugar snap pea,kidney disease,positive,A low-potassium vegetable that is a good source of fiber.
sultana raisin,kidney disease,negative,Dried fruits are a concentrated source of potassium and sugar.
sumac,kidney disease,positive,A spice with a tart flavor that is an excellent substitute for salt.
sumac powder,kidney disease,neutral,
sun dried tomato,kidney disease,very negative,"Extremely high in potassium, which is often restricted in kidney disease."
sunflower oil,kidney disease,neutral,
sunflower seed kernel,kidney disease,negative,"High in both phosphorus and potassium, which need to be limited in a kidney-friendly diet."
sunflower seed oil,kidney disease,neutral,
superfine sugar,kidney disease,negative,"High sugar intake can contribute to diabetes and obesity, major risk factors for kidney disease."
sushi rice,kidney disease,neutral,"White rice is lower in potassium and phosphorus than whole grains, making it a safer choice for many kidney patients."
swanson chicken broth,kidney disease,very negative,Commercially prepared broths are typically extremely high in sodium.
swedish anchovy,kidney disease,very negative,Cured fish like anchovies are extremely high in sodium.
swedish arrack punsch,kidney disease,negative,"Alcoholic beverages can be dehydrating and hard on the kidneys, and liqueurs are high in sugar."
sweet bread roll,kidney disease,negative,Processed breads are often high in sodium and may contain phosphorus additives.
sweet cherry,kidney disease,positive,A good source of antioxidants and vitamins; considered a kidney-friendly fruit in moderation due to its potassium content.
sweet chili sauce,kidney disease,very negative,Typically very high in both sodium and sugar.
sweet corn,kidney disease,negative,Higher in phosphorus and potassium than many other vegetables; portion control is important.
sweet corn kernel,kidney disease,negative,Higher in phosphorus and potassium than many other vegetables; portion control is important.
sweet manioc starch,kidney disease,neutral,
sweet onion,kidney disease,positive,Low in potassium and provides excellent flavor without adding sodium.
sweet paprika,kidney disease,neutral,
sweet pea,kidney disease,negative,Contains moderate to high levels of potassium and phosphorus.
sweet potato,kidney disease,very negative,"Extremely high in potassium, a mineral that is strictly limited for most kidney patients."
sweet potato noodle,kidney disease,neutral,"Made from starch, which is low in potassium and phosphorus, unlike the whole vegetable."
sweet potato vermicelli,kidney disease,neutral,"Made from starch, which is low in potassium and phosphorus, unlike the whole vegetable."
sweet red chili sauce,kidney disease,very negative,Typically very high in both sodium and sugar.
sweet rice flour,kidney disease,neutral,
sweet soy sauce,kidney disease,very negative,Extremely high in sodium and typically high in sugar.
sweet spanish onion,kidney disease,positive,Low in potassium and provides excellent flavor without adding sodium.
sweet thai basil,kidney disease,neutral,
sweet yellow onion,kidney disease,positive,Low in potassium and provides excellent flavor without adding sodium.
sweetened condensed milk,kidney disease,very negative,Very high in both sugar and phosphorus from the milk.
swiss chard,kidney disease,very negative,A leafy green that is extremely high in potassium.
swiss cheese,kidney disease,negative,"High in phosphorus and sodium, which should be limited."
szechuan peppercorn,kidney disease,neutral,
table cream,kidney disease,negative,Dairy products are a significant source of phosphorus and potassium.
taco seasoning mix,kidney disease,very negative,Commercial seasoning mixes are typically extremely high in sodium.
tahini,kidney disease,negative,"Made from sesame seeds, which are high in phosphorus and potassium."
tahini paste,kidney disease,negative,"Made from sesame seeds, which are high in phosphorus and potassium."
tamari,kidney disease,very negative,"A type of soy sauce, which is extremely high in sodium."
tamari sauce,kidney disease,very negative,"A type of soy sauce, which is extremely high in sodium."
tamarind concentrate,kidney disease,very negative,"Tamarind is very high in potassium, and the concentrate is even more potent."
tamarind juice,kidney disease,negative,High in potassium.
tamarind paste,kidney disease,very negative,"A concentrated source of potassium, which is typically restricted."
tamarind powder,kidney disease,very negative,"A concentrated source of potassium, which is typically restricted."
tamarind soup base,kidney disease,very negative,Likely to be very high in both sodium and potassium (from tamarind).
tandoori masala,kidney disease,negative,Commercial spice blends often contain high amounts of added salt.
tangerine,kidney disease,positive,A good source of Vitamin C. Can be included in moderation as it contains some potassium.
tangerine zest,kidney disease,neutral,
tapioca flour,kidney disease,neutral,
tapioca starch,kidney disease,neutral,
tarama,kidney disease,very negative,Fish roe is very high in both phosphorus and sodium.
tarragon,kidney disease,neutral,
tart shell,kidney disease,negative,"Typically high in sodium, phosphorus, and refined carbohydrates."
tea biscuit,kidney disease,negative,"Typically high in sodium, phosphorus, and refined carbohydrates."
tempeh,kidney disease,negative,"High in phosphorus and potassium, which need to be limited in a kidney diet."
tempura batter mix,kidney disease,negative,Usually high in sodium and may contain phosphorus additives.
tequila,kidney disease,negative,"Alcohol can raise blood pressure and dehydrate the body, which is stressful for kidneys."
teriyaki sauce,kidney disease,very negative,"Extremely high in sodium, which can increase blood pressure and fluid retention."
texas toast thick sliced bread,kidney disease,negative,White bread is a source of phosphorus and sodium.
textured vegetable protein,kidney disease,negative,"High in protein, phosphorus, and potassium, requiring strict portion control."
thai basil,kidney disease,positive,"A salt-free way to add flavor to food. Used in small amounts, it is low in potassium."
thai basil leaf,kidney disease,positive,"A salt-free way to add flavor to food. Used in small amounts, it is low in potassium."
thai bird chile pepper,kidney disease,positive,"Adds flavor without sodium, helping to reduce salt intake."
thai chile,kidney disease,positive,"Adds flavor without sodium, helping to reduce salt intake."
thai chile pepper,kidney disease,positive,"Adds flavor without sodium, helping to reduce salt intake."
thai fish sauce,kidney disease,very negative,Extremely high in sodium.
thai green chile,kidney disease,positive,"Adds flavor without sodium, helping to reduce salt intake."
thai red curry paste,kidney disease,very negative,Typically very high in sodium from salt and shrimp paste.
thin rice noodle,kidney disease,positive,"A good low-protein, low-phosphorus, and low-potassium carbohydrate choice."
thousand island salad dressing,kidney disease,very negative,"Very high in sodium, fat, and often sugar."
thyme,kidney disease,positive,Herb that provides flavor without adding sodium.
thyme leaf,kidney disease,positive,Herb that provides flavor without adding sodium.
tiger prawn,kidney disease,negative,"High in protein and phosphorus, requiring strict portion control."
tilapia,kidney disease,negative,"A source of high-quality protein but also phosphorus, which must be limited and portioned."
tilapia fillet,kidney disease,negative,"A source of high-quality protein but also phosphorus, which must be limited and portioned."
toenjang,kidney disease,very negative,Fermented soybean paste that is extremely high in sodium.
tofu,kidney disease,negative,"A source of protein, phosphorus, and potassium that requires portion control."
tom yum paste,kidney disease,very negative,Typically very high in sodium.
tomato,kidney disease,very negative,"Very high in potassium, which is often restricted in kidney diets."
tomato juice,kidney disease,very negative,A concentrated source of potassium and often has high added sodium.
tomato paste,kidney disease,very negative,A highly concentrated source of potassium.
tomato puree,kidney disease,very negative,A concentrated source of potassium.
tomato sauce,kidney disease,very negative,Very high in potassium and typically very high in sodium.
tomato soup,kidney disease,very negative,Very high in potassium and typically very high in sodium.
toothpick,kidney disease,neutral,
top round steak,kidney disease,negative,"Red meat is high in protein, phosphorus, and potassium, which can be hard on the kidneys."
top sirloin steak,kidney disease,negative,"Red meat is high in protein, phosphorus, and potassium, which can be hard on the kidneys."
triple sec,kidney disease,negative,Alcohol and high sugar content can be detrimental to kidney health.
tsaoko,kidney disease,positive,A spice that adds flavor without sodium.
tuna,kidney disease,negative,High in protein and phosphorus. Canned versions are often very high in sodium.
tuna steak,kidney disease,negative,"High in protein and phosphorus, requiring portion control."
turbinado sugar,kidney disease,negative,"Excess sugar intake should be avoided, especially with co-morbidities like diabetes."
turkey,kidney disease,negative,A source of protein and phosphorus that requires careful portion control.
turkey carcass,kidney disease,negative,Making stock can leach high amounts of phosphorus and potassium into the broth.
turkey hot dog,kidney disease,very negative,Processed meats are extremely high in sodium and phosphorus additives.
turkey leg,kidney disease,negative,Dark meat is higher in phosphorus and potassium than breast meat.
turkish bay leaf,kidney disease,positive,Herb that provides flavor without adding sodium.
turmeric,kidney disease,positive,"Contains curcumin, which has anti-inflammatory properties that may be beneficial."
turmeric root,kidney disease,positive,"Contains curcumin, which has anti-inflammatory properties that may be beneficial."
turnip,kidney disease,positive,"A low-potassium root vegetable, making it a good alternative to potatoes."
tzatziki sauce,kidney disease,negative,"Can be high in sodium, and the dairy base contains potassium and phosphorus."
ube,kidney disease,very negative,A type of purple yam that is very high in potassium.
udon noodle,kidney disease,negative,Often high in sodium and made from refined flour.
unbleached all purpose flour,kidney disease,neutral,
unbleached flour,kidney disease,neutral,
unflavored gelatin,kidney disease,neutral,
unsalted butter,kidney disease,neutral,
unsweetened baking chocolate,kidney disease,negative,High in potassium and phosphorus.
unsweetened chocolate,kidney disease,negative,High in potassium and phosphorus.
unsweetened cocoa,kidney disease,negative,High in potassium and phosphorus.
unsweetened cocoa powder,kidney disease,negative,High in potassium and phosphorus.
unsweetened coconut flake,kidney disease,negative,High in potassium.
unsweetened flaked coconut,kidney disease,negative,High in potassium.
vanilla,kidney disease,neutral,
vanilla bean,kidney disease,neutral,
vanilla bean ice cream,kidney disease,negative,"High in sugar, phosphorus, and potassium from dairy."
vanilla custard powder,kidney disease,negative,Often contains high amounts of sugar and phosphate additives.
vanilla extract,kidney disease,neutral,
vanilla ice cream,kidney disease,negative,"High in sugar, phosphorus, and potassium from dairy."
vanilla powder,kidney disease,neutral,
vanilla pudding mix,kidney disease,negative,High in sugar and often contains phosphate additives.
vanilla rum,kidney disease,negative,Alcohol should be consumed in moderation.
vanilla sugar,kidney disease,negative,Added sugar should be limited.
veal,kidney disease,negative,"High in protein and phosphorus, which should be limited."
veal cutlet,kidney disease,negative,"High in protein and phosphorus, which should be limited."
veal stock,kidney disease,very negative,Typically very high in sodium and potassium.
vegan butter,kidney disease,negative,Can be high in sodium and unhealthy fats.
vegan margarine,kidney disease,negative,Can be high in sodium and unhealthy fats.
vegan white cheese,kidney disease,very negative,Often highly processed and very high in sodium and phosphate additives.
vegetable bouillon,kidney disease,very negative,Extremely high in sodium.
vegetable bouillon powder,kidney disease,very negative,Extremely high in sodium.
vegetable broth,kidney disease,very negative,Typically very high in sodium and potassium.
vegetable juice,kidney disease,very negative,Often high in potassium and sodium.
vegetable oil,kidney disease,neutral,
vegetable shortening,kidney disease,negative,A source of unhealthy processed fats.
vegetable stock,kidney disease,very negative,Typically very high in sodium and potassium.
vegetarian fish sauce,kidney disease,very negative,Typically very high in sodium.
vietnamese fish sauce,kidney disease,very negative,Extremely high in sodium.
vietnamese style rice noodle,kidney disease,neutral,
vine ripened tomato,kidney disease,very negative,Very high in potassium.
vinegar,kidney disease,positive,"Can be used as a salt-free flavor enhancer, helping to reduce sodium intake."
vino seco,kidney disease,negative,Alcohol should be consumed in moderation.
violet food coloring,kidney disease,neutral,
vodka,kidney disease,negative,Alcohol should be consumed in moderation.
wakame,kidney disease,very negative,Very high in potassium and sodium.
wakame seaweed flake,kidney disease,very negative,Very high in potassium and sodium.
walleye fillet,kidney disease,negative,"Source of protein and phosphorus, which need to be monitored and limited."
walnut,kidney disease,very negative,Very high in phosphorus and potassium.
walnut half,kidney disease,very negative,Very high in phosphorus and potassium.
walnut piece,kidney disease,very negative,Very high in phosphorus and potassium.
wasabi paste,kidney disease,negative,Often high in sodium.
water,kidney disease,positive,"Crucial for flushing toxins, though intake may be restricted in late-stage disease."
water chestnut,kidney disease,positive,"Low in potassium, phosphorus, and sodium, making it a kidney-friendly vegetable."
watercress,kidney disease,negative,"High in potassium, which needs to be limited in a renal diet."
watermelon,kidney disease,negative,Very high in potassium. The high water content can also be an issue for those on fluid restrictions.
wax bean,kidney disease,neutral,
waxy potato,kidney disease,very negative,"All potatoes are very high in potassium, which must be strictly limited for kidney disease."
wedge,kidney disease,very negative,"Typically refers to a potato wedge, which is very high in potassium."
well,kidney disease,neutral,Not a food ingredient.
wheat,kidney disease,negative,Whole wheat is high in both phosphorus and potassium.
wheat germ,kidney disease,very negative,Extremely high in phosphorus and potassium.
whipped cream,kidney disease,negative,Dairy-based creams are high in phosphorus and saturated fat.
whipped topping,kidney disease,negative,"Often contains phosphate additives, which are easily absorbed and should be avoided."
whipping cream,kidney disease,negative,Dairy-based creams are high in phosphorus and saturated fat.
whiskey,kidney disease,negative,Alcohol can raise blood pressure and be hard on the kidneys. It should be limited or avoided.
white anchovy,kidney disease,very negative,Extremely high in sodium due to curing and processing.
white asparagus,kidney disease,neutral,
white balsamic vinegar,kidney disease,positive,"A good way to add flavor to foods without adding sodium, potassium, or phosphorus."
white bean,kidney disease,very negative,Very high in both potassium and phosphorus.
white bread,kidney disease,positive,"Lower in phosphorus and potassium than whole wheat bread, making it a preferred choice in a renal diet."
white chocolate,kidney disease,negative,High in sugar and contains phosphorus.
white cornmeal,kidney disease,neutral,
white fish fillet,kidney disease,positive,A good source of high-quality protein and generally lower in phosphorus than red meat or oily fish.
white flour,kidney disease,positive,Lower in phosphorus and potassium than whole grain flours.
white miso,kidney disease,very negative,Extremely high in sodium.
white mushroom,kidney disease,neutral,
white onion,kidney disease,positive,Low in potassium and excellent for adding flavor to dishes without using salt.
white pea bean,kidney disease,very negative,A type of bean that is very high in both potassium and phosphorus.
white peach,kidney disease,neutral,
white pepper,kidney disease,neutral,
white peppercorn,kidney disease,neutral,
white potato,kidney disease,very negative,"Very high in potassium, which must be strictly limited for kidney disease."
white radish,kidney disease,positive,"Low in potassium, making it a good vegetable choice for a renal diet."
white rice,kidney disease,positive,"Lower in phosphorus and potassium than brown rice, making it a preferred grain."
white rum,kidney disease,negative,Alcohol can raise blood pressure and be hard on the kidneys. It should be limited or avoided.
white sandwich bread,kidney disease,positive,"Lower in phosphorus and potassium than whole wheat bread, making it a preferred choice in a renal diet."
white sesame seed,kidney disease,negative,High in phosphorus.
white sugar,kidney disease,neutral,
white vinegar,kidney disease,positive,"A good way to add flavor to foods without adding sodium, potassium, or phosphorus."
white wine,kidney disease,negative,Alcohol can raise blood pressure and be hard on the kidneys. It should be limited or avoided.
white wine vinegar,kidney disease,positive,"A good way to add flavor to foods without adding sodium, potassium, or phosphorus."
whitefish fillet,kidney disease,positive,A good source of high-quality protein and generally lower in phosphorus than red meat or oily fish.
whole beef rib,kidney disease,negative,"High in protein, phosphorus, and saturated fat. Portion control is crucial."
whole chicken,kidney disease,neutral,"A good protein source, but portion sizes must be controlled to manage protein and phosphorus intake. Skinless is preferred."
whole milk,kidney disease,very negative,Very high in both phosphorus and potassium.
whole milk mozzarella cheese,kidney disease,very negative,"High in sodium, phosphorus, and saturated fat."
whole rye flour,kidney disease,very negative,Whole grain flours are very high in phosphorus and potassium.
whole wheat berry,kidney disease,very negative,An unprocessed whole grain that is very high in phosphorus and potassium.
whole wheat bread,kidney disease,very negative,Very high in phosphorus and potassium compared to white bread.
whole wheat bread crumb,kidney disease,very negative,Made from whole wheat bread and is very high in phosphorus and potassium.
whole wheat flour,kidney disease,very negative,Very high in phosphorus and potassium.
wide egg noodle,kidney disease,neutral,"Made from refined flour, but the egg adds some phosphorus. Can be eaten in moderation."
wild duck,kidney disease,negative,"High in protein and phosphorus, which are difficult for compromised kidneys to process and must be limited."
wildflower honey,kidney disease,neutral,
wine vinegar,kidney disease,positive,"A salt-free way to add flavor to foods, helping to reduce overall sodium intake."
wonton wrapper,kidney disease,negative,Often high in sodium and made from refined flour.
wood chip,kidney disease,neutral,
wood chunk,kidney disease,neutral,
wood ear mushroom,kidney disease,negative,"Contains a moderate amount of potassium, which should be limited in a kidney-friendly diet."
wood fungus mushroom,kidney disease,negative,"Contains a moderate amount of potassium, which should be limited in a kidney-friendly diet."
wood skewer,kidney disease,neutral,
worcestershire sauce,kidney disease,very negative,"Extremely high in sodium, which must be strictly limited to manage blood pressure and fluid balance."
xylitol,kidney disease,neutral,
yautia,kidney disease,very negative,"Very high in potassium, which is dangerous for individuals with kidney disease who cannot excrete it properly."
yeast,kidney disease,negative,"Can be a significant source of phosphorus (especially nutritional yeast), which needs to be restricted."
yeasted puff pastry,kidney disease,negative,"Typically high in sodium, fat, and may contain phosphate additives which are easily absorbed."
yellow bell pepper,kidney disease,positive,"Low in potassium, sodium, and phosphorus, and a good source of vitamins A and C."
yellow cake mix,kidney disease,very negative,"Highly processed, containing high levels of sodium, sugar, and phosphorus additives."
yellow chili pepper,kidney disease,positive,"Can add flavor without salt, helping to reduce sodium intake."
yellow food coloring,kidney disease,neutral,
yellow lentil,kidney disease,very negative,"High in both potassium and phosphorus, which must be strictly restricted in a kidney diet."
yellow onion,kidney disease,positive,Low in potassium and sodium; an excellent base for flavoring foods without adding salt.
yellow plantain,kidney disease,very negative,"Very high in potassium, which needs to be strictly limited."
yellow saffron rice,kidney disease,negative,Pre-packaged rice mixes are typically very high in sodium.
yellow split pea,kidney disease,very negative,"High in both potassium and phosphorus, which must be strictly restricted in a kidney diet."
yellow squash,kidney disease,positive,"Low in potassium, making it a kidney-friendly vegetable choice."
yellow tomato,kidney disease,very negative,"High in potassium, which needs to be strictly limited in most kidney diets."
yogurt,kidney disease,negative,"High in phosphorus, potassium, and protein, all of which need to be limited in a kidney diet."
yuca,kidney disease,very negative,"Very high in potassium, which is dangerous for individuals with kidney disease."
yuca cassava root,kidney disease,very negative,"Very high in potassium, which is dangerous for individuals with kidney disease."
yukon gold potato,kidney disease,very negative,"Extremely high in potassium. While leaching can help, it remains a high-risk food."
zaatar,kidney disease,negative,"Spice blends often contain high amounts of added salt, and sesame seeds are a source of phosphorus."
zapallo squash,kidney disease,negative,"As a type of winter squash, it is typically high in potassium."
ziti pasta,kidney disease,neutral,
zucchini,kidney disease,positive,"Low in potassium, making it a kidney-friendly vegetable choice."
