ingredient,effect,reason
acacia honey,negative,"A form of sugar that will raise blood glucose levels, despite having a slightly lower glycemic index than table sugar."
achiote,neutral,
achiote seed,neutral,
active dry yeast,neutral,
adobo sauce,negative,"Often high in sodium and may contain added sugars, which can negatively impact blood pressure and blood sugar control."
adobo seasoning,negative,"Typically high in sodium, which can contribute to high blood pressure, a common comorbidity with diabetes."
aji amarillo,positive,Low in carbohydrates and calories; capsaicin may have metabolic benefits.
aji amarillo chile paste,neutral,"While the pepper is positive, pastes can contain added salt or sugar. Effect is neutral without knowing the specific formulation."
aji amarillo chili paste,neutral,"While the pepper is positive, pastes can contain added salt or sugar. Effect is neutral without knowing the specific formulation."
aji amarillo pepper,positive,Low in carbohydrates and calories; capsaicin may have metabolic benefits.
aji chile,positive,Low in carbohydrates and calories; capsaicin may have metabolic benefits.
aji dulce pepper,positive,Low in carbohydrates and a good source of vitamins without significantly impacting blood sugar.
aji pepper,positive,Low in carbohydrates and calories; capsaicin may have metabolic benefits.
ajies dulce pepper,positive,Low in carbohydrates and a good source of vitamins without significantly impacting blood sugar.
ale,negative,"Contains carbohydrates and alcohol, which can negatively affect blood sugar control and management."
aleppo chile,positive,Low in carbohydrates and calories; capsaicin may have metabolic benefits.
aleppo chili flake,positive,Low in carbohydrates and calories; capsaicin may have metabolic benefits.
aleppo pepper flake,positive,Low in carbohydrates and calories; capsaicin may have metabolic benefits.
aleppo red pepper flake,positive,Low in carbohydrates and calories; capsaicin may have metabolic benefits.
all purpose flour,very negative,"A refined carbohydrate with a high glycemic index, causing a rapid spike in blood sugar levels."
allspice,neutral,
allspice berry,neutral,
almond,positive,"High in healthy fats, fiber, and magnesium, which can help improve blood sugar control and insulin sensitivity."
almond extract,neutral,
almond flour,positive,"A low-carbohydrate, high-fiber alternative to traditional flour, which has a minimal impact on blood sugar."
almond half,positive,"High in healthy fats, fiber, and magnesium, which can help improve blood sugar control and insulin sensitivity."
almond meal,positive,"A low-carbohydrate, high-fiber alternative to traditional flour, which has a minimal impact on blood sugar."
almond milk,positive,"Unsweetened versions are very low in carbohydrates and calories, making it a good milk alternative that doesn't raise blood sugar."
almond paste,very negative,"Very high in sugar and carbohydrates, which will cause a significant spike in blood glucose."
almond sliver,positive,"High in healthy fats, fiber, and magnesium, which can help improve blood sugar control and insulin sensitivity."
aluminum foil,neutral,Not a food ingredient.
amaretto liqueur,very negative,"High in sugar and contains alcohol, both of which can severely disrupt blood sugar control."
american cheese,negative,"Highly processed and often high in sodium and unhealthy fats, which are not ideal for heart health, a concern for people with diabetes."
ancho chile pepper,positive,Low in carbohydrates and calories; capsaicin may have metabolic benefits.
ancho chili powder,neutral,
anchovy,positive,"Excellent source of protein and omega-3 fatty acids, which are beneficial for heart health and do not raise blood sugar."
anchovy fillet,positive,"Excellent source of protein and omega-3 fatty acids, which are beneficial for heart health and do not raise blood sugar."
angostura bitter,neutral,"Used in negligible amounts, so it has no significant impact on blood sugar."
anise extract,neutral,
anise oil,neutral,
anise seed,neutral,
anise seed powder,neutral,
annatto powder,neutral,
annatto seed,neutral,
apple,positive,"Contains fiber and vitamins; when eaten in moderation, the fiber helps slow the absorption of its natural sugars."
apple brandy,negative,"Contains alcohol and likely sugar, which can negatively affect blood sugar control."
apple cider,negative,"High in natural sugars with little fiber, leading to a quick rise in blood sugar levels."
apple cider vinegar,positive,May help improve insulin sensitivity and lower post-meal blood sugar levels.
apple juice,very negative,"A concentrated source of sugar with no fiber, causing a rapid and significant spike in blood sugar."
apple pie filling,very negative,"Extremely high in added sugars and refined carbohydrates, which will cause a very large spike in blood sugar."
applesauce,negative,"Often contains added sugar and is a processed form of fruit with less fiber than a whole apple, leading to a faster rise in blood sugar."
apricot,positive,"A whole fruit containing fiber, which helps slow the absorption of its natural sugars."
apricot jam,very negative,"Extremely high in added sugars, causing a rapid and significant spike in blood sugar."
apricot jelly,very negative,"Extremely high in added sugars, causing a rapid and significant spike in blood sugar."
apricot preserve,very negative,"Extremely high in added sugars, causing a rapid and significant spike in blood sugar."
arborio rice,negative,A high-glycemic index refined carbohydrate that can cause a rapid spike in blood sugar.
artichoke heart,positive,"High in fiber and low in calories, which can help with blood sugar regulation."
arugula,positive,"A non-starchy leafy green, very low in carbohydrates and rich in nutrients."
asafoetida powder,neutral,
asiago cheese,negative,"High in saturated fat and sodium, which can increase cardiovascular risk, a major concern for people with diabetes."
asian fish sauce,negative,"Extremely high in sodium, which can contribute to high blood pressure."
asian five spice powder,neutral,
asian pear,positive,"A whole fruit containing fiber, which helps slow the absorption of its natural sugars."
asparagus,positive,"A non-starchy vegetable, high in fiber and nutrients with minimal impact on blood sugar."
asturian fabada bean,positive,"Beans are an excellent source of fiber and protein, which help moderate blood sugar levels."
avocado,positive,"Rich in healthy monounsaturated fats and fiber, which helps improve insulin sensitivity and manage blood sugar."
baby bella mushroom,positive,A low-carbohydrate vegetable with beneficial nutrients.
baby bok choy,positive,"A non-starchy vegetable, very low in carbohydrates and rich in nutrients."
baby carrot,positive,A source of fiber and nutrients; a good carbohydrate choice in moderation.
baby corn ear,positive,A non-starchy vegetable with a low impact on blood sugar.
baby pea,positive,"Contains fiber and protein, but is a starchy vegetable, so portion control is important."
baby potato,negative,A starchy vegetable with a high glycemic index that can cause significant spikes in blood sugar.
baby red potato,negative,A starchy vegetable with a high glycemic index that can cause significant spikes in blood sugar.
baby spinach leaf,positive,"A non-starchy leafy green, very low in carbohydrates and packed with nutrients."
bacon,very negative,"Processed meat high in saturated fat and sodium, which significantly increases cardiovascular risk."
bacon dripping,very negative,"Pure saturated fat and sodium, which significantly increases cardiovascular risk."
bacon strip,very negative,"Processed meat high in saturated fat and sodium, which significantly increases cardiovascular risk."
bakers ammonia,neutral,
baking potato,negative,A starchy vegetable with a high glycemic index that can cause significant spikes in blood sugar.
baking powder,neutral,
baking soda,neutral,
balsamic vinegar,positive,"Can improve insulin sensitivity and has a minimal effect on blood sugar, provided it has no added sugar."
bamboo shoot,positive,"A low-carbohydrate, high-fiber vegetable."
bamboo skewer,neutral,
banana,negative,"Higher in sugar and carbohydrates compared to other fruits, which can cause a more significant rise in blood sugar."
banana extract,neutral,
banana pepper,positive,A non-starchy vegetable with a low impact on blood sugar.
barbecue sauce,very negative,"Typically loaded with added sugars and sodium, causing a sharp spike in blood sugar."
barberry,negative,"Often sold dried, making it a concentrated source of sugar. Unsweetened forms may have benefits, but are less common."
basil,positive,"A herb that adds flavor without adding salt, sugar, or significant calories."
basil leaf,positive,"A herb that adds flavor without adding salt, sugar, or significant calories."
basmati rice,negative,"A refined carbohydrate that raises blood sugar; while its glycemic index is lower than other white rices, portion control is crucial."
bavarian style sauerkraut,negative,"While fermented cabbage is healthy, commercially prepared sauerkraut is typically very high in sodium."
bay leaf,neutral,
bay powder,neutral,
bean,positive,"Excellent source of plant-based protein and fiber, which helps stabilize blood sugar levels."
bean sprout,positive,"A low-carbohydrate, nutrient-dense vegetable."
bean thread,negative,"Made from refined starch, these noodles are high in carbohydrates and can cause a rapid increase in blood sugar."
beef,negative,"Can be high in saturated fat, which increases the risk of heart disease, a common complication of diabetes. Lean cuts are a better choice."
beef base,negative,A concentrated flavoring agent that is typically very high in sodium.
beef birria,negative,"Typically made with fatty cuts of beef (like chuck or short rib), increasing saturated fat intake, which can worsen insulin resistance."
beef bouillon,negative,"Extremely high in sodium, which can negatively impact blood pressure, a common concern for people with diabetes."
beef bouillon cube,negative,"Extremely high in sodium, which can negatively impact blood pressure, a common concern for people with diabetes."
beef bouillon granule,negative,"Extremely high in sodium, which can negatively impact blood pressure, a common concern for people with diabetes."
beef broth,negative,Often very high in sodium. Low-sodium versions are a better choice.
beef chuck,negative,"A fattier cut of beef, high in saturated fat which can contribute to insulin resistance and cardiovascular risk."
beef chuck roast,negative,"A fattier cut of beef, high in saturated fat which can contribute to insulin resistance and cardiovascular risk."
beef consomme,negative,Often very high in sodium. Low-sodium versions are a better choice.
beef cube steak,neutral,
beef eye of round roast,neutral,
beef fat,very negative,"Pure saturated fat, which can worsen insulin resistance and significantly increase cardiovascular risk."
beef flank steak,neutral,
beef gravy,negative,Typically contains refined carbohydrates (flour/starch) and high amounts of sodium and fat.
beef oxtail,negative,Very high in saturated fat and cholesterol.
beef pot roast,negative,"Often made with fattier cuts like chuck, contributing significant saturated fat."
beef ravioli,very negative,The pasta is a refined carbohydrate that can cause a rapid and significant spike in blood sugar.
beef rib eye steak,negative,"A very fatty, marbled cut of beef, high in saturated fat."
beef roast,negative,"This is a general term, but roasts are often made from fattier cuts high in saturated fat."
beef round,neutral,
beef round steak,neutral,
beef rump roast,negative,"A moderately fatty cut of beef, contributing to saturated fat intake."
beef short rib,negative,Very high in saturated fat.
beef shoulder,negative,"A fattier cut of beef, high in saturated fat."
beef sirloin,neutral,
beef sirloin steak,neutral,
beef skirt steak,neutral,
beef soup bone,neutral,
beef steak,neutral,
beef stew meat,negative,"Usually from fattier cuts like chuck, increasing saturated fat intake."
beef stock,negative,Often very high in sodium. Low-sodium versions are a better choice.
beef tenderloin,neutral,
beef tenderloin steak,neutral,
beef tongue,negative,Very high in fat and cholesterol.
beef top round steak,neutral,
beef top sirloin,neutral,
beef top sirloin steak,neutral,
beef tri tip,neutral,
beer,very negative,"Contains carbohydrates and alcohol, which can cause unpredictable blood sugar fluctuations (both highs and lows) and provides empty calories."
beet,positive,Source of fiber and nitrates which can help manage blood pressure. Should be consumed in moderation due to natural sugar content.
belacan,negative,"Extremely high in sodium, which is detrimental for blood pressure control, a key aspect of diabetes management."
belacan shrimp paste,negative,"Extremely high in sodium, which is detrimental for blood pressure control, a key aspect of diabetes management."
bell pepper,positive,"A non-starchy vegetable, low in carbs and high in fiber, vitamins, and antioxidants."
birds eye chile,positive,"Contains capsaicin which may have anti-inflammatory and metabolic benefits, with negligible impact on blood sugar."
bitter melon,positive,Well-known for containing compounds that can help lower blood glucose levels.
bitter orange marinade,negative,Prepared marinades are often high in hidden sugars and sodium.
bitter,negative,"Assuming cocktail bitters, which contain alcohol and sometimes sugar, both of which can negatively affect blood sugar control."
bittersweet chocolate,negative,"Still contains a significant amount of sugar and fat, despite having some antioxidant benefits from cocoa. Should be consumed in very small portions."
black bean,positive,"High in plant-based protein and soluble fiber, which helps to slow carbohydrate absorption and stabilize blood sugar levels."
black bean paste,negative,Typically very high in sodium and often contains added sugars or starches as fillers.
black bean sauce,negative,Typically very high in sodium and often contains added sugars or starches as fillers.
black cardamom,neutral,
black cardamom pod,neutral,
black cardamom seed,neutral,
black cumin,positive,Some studies suggest it may help improve blood sugar control and insulin sensitivity.
black cumin seed,positive,Some studies suggest it may help improve blood sugar control and insulin sensitivity.
black garbanzo bean,positive,"High in fiber and protein, which helps stabilize blood sugar levels."
black italian olive,positive,A good source of healthy monounsaturated fats and low in carbohydrates.
black mustard seed,neutral,
black olive,positive,A good source of healthy monounsaturated fats and low in carbohydrates.
black pepper,neutral,
black peppercorn,neutral,
black sesame seed,positive,"Contains fiber, healthy fats, and magnesium, which can aid in blood sugar management."
black soy sauce,negative,"Can be high in sodium and may contain added sugars, which can impact blood pressure and blood sugar."
black tea,positive,Contains flavonoids that may improve insulin sensitivity; should be consumed unsweetened.
black tea leaf,positive,Contains flavonoids that may improve insulin sensitivity; should be consumed unsweetened.
black treacle,very negative,A concentrated form of sugar that will cause a rapid and significant spike in blood sugar.
blackberry,positive,High in fiber and antioxidants with a relatively low glycemic impact.
blood sausage,negative,"Highly processed meat, often high in saturated fat, sodium, and carb-based fillers."
blue food coloring,neutral,
blueberry,positive,"Rich in fiber and antioxidants (anthocyanins), which can improve insulin sensitivity."
bok choy,positive,"A non-starchy vegetable, very low in carbohydrates and calories."
bologna slice,negative,"Highly processed meat, high in sodium and unhealthy saturated fats."
bone in beef shank,neutral,
boneless chuck roast,neutral,
boneless country style pork rib,negative,"Can be high in saturated fat, which can affect insulin resistance and heart health."
bonito flake,neutral,
bonito shaving,neutral,
boston lettuce,positive,"A non-starchy vegetable, very low in carbohydrates and calories."
bourbon whiskey,negative,Alcohol can interfere with blood sugar control and liver function.
braising liquid,neutral,
brandy,negative,Alcohol can interfere with blood sugar control and liver function.
brandy based orange liqueur,very negative,"Contains both alcohol and a high concentration of sugar, leading to significant blood sugar spikes."
branzino,positive,Excellent source of lean protein and heart-healthy omega-3 fatty acids.
bratwurst,negative,"Processed meat, typically high in sodium and unhealthy saturated fats."
bratwurst sausage,negative,"Processed meat, typically high in sodium and unhealthy saturated fats."
bread,negative,"Typically made from refined flour, which is high in carbohydrates and can cause rapid blood sugar spikes."
bread crumb,negative,"Made from refined bread, they are a source of simple carbohydrates that can raise blood sugar."
bread dough,negative,A source of refined carbohydrates that will raise blood sugar when cooked and consumed.
bread flour,negative,"A refined, high-carbohydrate flour that will significantly raise blood sugar levels."
bread machine yeast,neutral,
breast chop,neutral,
broccoli,positive,"A non-starchy vegetable high in fiber, which helps slow sugar absorption."
broccoli floret,positive,"A non-starchy vegetable high in fiber, which helps slow sugar absorption."
broccoli in cheese sauce,negative,"While broccoli is good, the cheese sauce is often high in saturated fat, sodium, and carb-based thickeners."
broth,neutral,
brown gravy mix,negative,Usually contains refined starches and high levels of sodium.
brown lentil,positive,"High in fiber and protein with a low glycemic index, promoting stable blood sugar."
brown rice,neutral,
brown sugar,very negative,A form of sugar that causes a rapid and significant spike in blood sugar.
browning,neutral,
browning sauce,negative,"Typically contains added sugars, caramel color, and high levels of sodium, which can negatively impact blood sugar and blood pressure."
brushing,neutral,
bulgur,positive,"A whole grain with a low glycemic index and high fiber content, which helps manage blood sugar levels."
bulgur wheat,positive,"A whole grain with a low glycemic index and high fiber content, which helps manage blood sugar levels."
butter,negative,"High in saturated fat, which can contribute to insulin resistance and cardiovascular issues, common concerns for diabetics."
butter bean,positive,"Rich in fiber and protein, which helps slow down sugar absorption and improve blood glucose control."
butter flavoring,neutral,
butter flavored shortening,very negative,"Often contains hydrogenated oils (trans fats) and high levels of saturated fat, which are detrimental to cardiovascular health and can worsen insulin resistance."
buttermilk,neutral,"Can be part of a balanced diet in moderation, but contains carbohydrates from lactose. Low-fat versions are preferable."
butternut squash,positive,"A good source of fiber and vitamins with a lower glycemic index than many other starchy vegetables, suitable in moderation."
button mushroom,positive,"Low in calories and carbohydrates, and provides vitamins and minerals without impacting blood sugar."
cabbage,positive,"A low-carbohydrate, high-fiber vegetable that can help regulate blood sugar and is rich in nutrients."
cabbage leaf,positive,"A low-carbohydrate, high-fiber vegetable that can help regulate blood sugar and is rich in nutrients."
cabernet sauvignon wine,negative,"Alcohol can interfere with blood sugar control and medication, posing risks of both high and low blood sugar."
cacao powder,positive,"Unsweetened cacao is rich in flavonoids, which may improve insulin sensitivity and cardiovascular health."
cachaca,negative,A distilled spirit (alcohol) that can interfere with blood sugar control and medication.
cacho de cabra pepper,positive,Low in carbohydrates and calories; capsaicin may have a modest beneficial effect on blood glucose.
cake flour,very negative,"A highly refined carbohydrate with a high glycemic index, causing rapid spikes in blood sugar levels."
calabresa,negative,"A processed meat high in sodium and saturated fat, which can increase the risk of heart disease and high blood pressure."
calamari ring,neutral,"A source of lean protein. However, it is often breaded and fried, which would make it negative."
canadian bacon,negative,"A processed meat that is typically high in sodium, which can contribute to high blood pressure."
candied cherry,very negative,"Extremely high in added sugar, causing a sharp and significant spike in blood glucose levels."
candied citron,very negative,"Extremely high in added sugar, causing a sharp and significant spike in blood glucose levels."
candied lemon peel,very negative,"Extremely high in added sugar, causing a sharp and significant spike in blood glucose levels."
candied mixed fruit peel,very negative,"Extremely high in added sugar, causing a sharp and significant spike in blood glucose levels."
candied orange peel,very negative,"Extremely high in added sugar, causing a sharp and significant spike in blood glucose levels."
candlenut,neutral,"High in fat, but mostly unsaturated. Typically used in small quantities as a thickener."
candy sprinkle,very negative,"Composed almost entirely of sugar, leading to a rapid and unhealthy increase in blood sugar."
cane vinegar,positive,Vinegar may help improve insulin sensitivity and lower the glycemic response to a meal.
cannellini bean,positive,"An excellent source of plant-based protein and fiber, which helps to stabilize blood sugar levels."
canola oil,neutral,"A source of monounsaturated and polyunsaturated fats, which are preferable to saturated fats."
caper,negative,"Very high in sodium due to being packed in brine, which can negatively affect blood pressure."
caraway seed,neutral,
carbonated water,neutral,
cardamom,positive,Some studies suggest it may help lower blood sugar and improve insulin sensitivity.
cardamom flavored extract,neutral,
cardamom pod,positive,Some studies suggest it may help lower blood sugar and improve insulin sensitivity.
cardamom seed,positive,Some studies suggest it may help lower blood sugar and improve insulin sensitivity.
carrot,positive,"A non-starchy vegetable rich in fiber and beta-carotene, with a low glycemic load."
carrot matchstick,positive,"A non-starchy vegetable rich in fiber and beta-carotene, with a low glycemic load."
cashew,positive,"Contains healthy monounsaturated fats and magnesium, but should be eaten in moderation due to calorie density."
cashew half,positive,"Contains healthy monounsaturated fats and magnesium, but should be eaten in moderation due to calorie density."
cassava flour,negative,"A starchy, high-carbohydrate flour with a high glycemic index that can cause significant blood sugar spikes."
catfish fillet,positive,"A good source of lean protein and omega-3 fatty acids, which are beneficial for heart health and do not raise blood sugar."
cauliflower,positive,"A very low-carbohydrate, high-fiber vegetable that is versatile and has a minimal impact on blood sugar."
cayenne,positive,"Contains capsaicin, which may have a modest beneficial effect on blood glucose and metabolism."
cayenne pepper,positive,"Contains capsaicin, which may have a modest beneficial effect on blood glucose and metabolism."
celery,positive,"Extremely low in calories and carbohydrates, high in fiber and water content, making it excellent for blood sugar management."
celery rib,positive,"Extremely low in calories and carbohydrates, high in fiber and water content, making it excellent for blood sugar management."
celery salt,negative,"High in sodium, which can contribute to high blood pressure, a common comorbidity with diabetes."
celery seed,positive,"Low in carbs and calories, may have anti-inflammatory properties beneficial for diabetes management."
celery stalk,positive,"Very low in carbohydrates and high in fiber, which helps regulate blood sugar levels."
cellophane noodle,negative,"High in refined carbohydrates with a high glycemic index, which can cause rapid spikes in blood sugar."
chai tea bag,positive,"When brewed without sugar, it's a calorie-free beverage. Spices like cinnamon in chai may help improve insulin sensitivity."
chamoy,very negative,"Typically very high in added sugar and sodium, which can significantly raise blood sugar and blood pressure."
champagne,negative,Alcohol can interfere with blood sugar control and medication. It also contains carbohydrates and empty calories.
champagne vinegar,positive,"Contains acetic acid, which may help improve insulin sensitivity and lower blood sugar response after meals."
chana dal,positive,"A low-glycemic-index legume, high in fiber and protein, which helps manage blood sugar levels effectively."
charcoal,neutral,
chayote squash,positive,A non-starchy vegetable that is low in calories and carbohydrates and a good source of fiber.
cheddar cheese,negative,"Very low in carbohydrates but high in saturated fat, which should be limited to protect heart health, a common concern with diabetes."
cheese curd,negative,"Low in carbohydrates but high in saturated fat and often sodium, which are concerns for cardiovascular health."
cheese ravioli,very negative,"Made with refined flour pasta and cheese, resulting in a high-carbohydrate, high-saturated-fat meal that can significantly raise blood sugar."
cheese sauce,very negative,"Usually high in saturated fat, sodium, and refined carbohydrates from thickeners, negatively impacting blood sugar and heart health."
cheesecloth,neutral,
cherry,positive,"Contains fiber and beneficial antioxidants. Has a lower glycemic index than many other fruits, making it a good choice in moderation."
cherry tomato,positive,"A non-starchy vegetable, low in carbohydrates and calories, and a good source of vitamins and fiber."
chestnut,negative,"Higher in carbohydrates and starch compared to other nuts, which can impact blood sugar levels if not eaten in moderation."
chicken,positive,"An excellent source of lean protein with no carbohydrates, which helps with satiety and does not raise blood sugar."
chicken base,negative,"Typically very high in sodium, which can contribute to high blood pressure."
chicken bone,neutral,
chicken bouillon,negative,"Extremely high in sodium, which can negatively affect blood pressure."
chicken bouillon granule,negative,"Extremely high in sodium, which can negatively affect blood pressure."
chicken breast,positive,"A very lean source of protein with no carbohydrates, ideal for blood sugar control and weight management."
chicken breast half,positive,"A very lean source of protein with no carbohydrates, ideal for blood sugar control and weight management."
chicken breast meat,positive,"A very lean source of protein with no carbohydrates, ideal for blood sugar control and weight management."
chicken breast tenderloin,positive,"A very lean source of protein with no carbohydrates, ideal for blood sugar control and weight management."
chicken broth,negative,"Commercial versions are often very high in sodium, which is a concern for blood pressure management."
chicken chunk,negative,"Often processed with high amounts of added sodium; if breaded, it also contains refined carbohydrates."
chicken drumette,negative,"Part of the chicken wing, it has a high skin-to-meat ratio, making it high in saturated fat."
chicken drumstick,neutral,
chicken gizzard,positive,"A lean source of protein and rich in nutrients like vitamin B12, with minimal impact on blood sugar."
chicken leg,neutral,
chicken leg quarter,neutral,
chicken liver,positive,"Nutrient-dense and high in protein with virtually no carbs, making it beneficial for blood sugar control."
chicken meat,positive,"An excellent source of lean protein with no carbohydrates, which helps with satiety and does not raise blood sugar."
chicken part,neutral,
chicken piece,neutral,
chicken soup base,negative,"Typically very high in sodium, which can contribute to high blood pressure."
chicken stock,negative,"Commercial versions are often very high in sodium, which is a concern for blood pressure management."
chicken tender,positive,"A very lean source of protein with no carbohydrates, ideal for blood sugar control and weight management."
chicken thigh,neutral,
chicken wing,negative,High in saturated fat due to the skin. Often prepared by frying and coating in sugary or high-sodium sauces.
chicken wing drumette,negative,"Part of the chicken wing, it has a high skin-to-meat ratio, making it high in saturated fat."
chickpea,positive,"A low-glycemic-index legume, high in fiber and protein, which helps slow digestion and stabilize blood sugar."
chickpea flour,positive,"A lower-glycemic, higher-fiber, and higher-protein alternative to refined wheat flour."
chile flake,positive,"Adds flavor without sugar, salt, or calories. Capsaicin may have minor metabolic benefits."
chile garlic sauce,negative,Commercial varieties often contain significant amounts of added sugar and sodium.
chile padi,positive,"Adds flavor without sugar, salt, or calories. Capsaicin may have minor metabolic benefits."
chile paste,negative,"Many commercial preparations contain high amounts of added sugar, oil, and sodium."
chile pepper,positive,"Contains capsaicin, which may improve insulin sensitivity and has anti-inflammatory properties."
chile powder,positive,"Contains capsaicin from ground chiles, which may help regulate blood sugar levels."
chile sauce,negative,"Often contains high amounts of added sugar and sodium, which can negatively impact blood sugar and blood pressure."
chilean sea bass fillet,positive,"Excellent source of lean protein and omega-3 fatty acids, which are beneficial for heart health, with no impact on blood sugar."
chili bean paste,negative,"Typically very high in sodium, which can contribute to high blood pressure, a common comorbidity with diabetes."
chili garlic sauce,negative,"Usually contains added sugar and high levels of sodium, which can affect blood sugar and blood pressure."
chili lime seasoning,neutral,
chili oil,neutral,
chili pepper,positive,"Contains capsaicin, which may improve insulin sensitivity and has anti-inflammatory properties."
chili powder,positive,"Contains capsaicin from ground chiles, which may help regulate blood sugar levels."
chili sauce,negative,"Often contains high amounts of added sugar and sodium, which can negatively impact blood sugar and blood pressure."
chili seasoning mix,negative,Often high in sodium and may contain added sugars or refined starches as fillers.
chinese barbequed pork,very negative,"Typically made with a glaze high in sugar and sodium, leading to a significant blood sugar spike."
chinese broccoli,positive,"A non-starchy vegetable, high in fiber and nutrients, which helps regulate blood sugar."
chinese cabbage,positive,"A low-carbohydrate, high-fiber vegetable that has a minimal impact on blood sugar."
chinese chive,positive,A low-carbohydrate vegetable with beneficial nutrients.
chinese cooking wine,neutral,
chinese egg noodle,very negative,"Made from refined flour, causing a rapid and significant spike in blood sugar levels."
chinese egg noodle nest,very negative,"Made from refined flour, causing a rapid and significant spike in blood sugar levels."
chinese eggplant,positive,"A non-starchy vegetable, high in fiber, which can help manage blood sugar levels."
chinese five spice powder,positive,"A sugar-free spice blend; contains cinnamon, which may help improve insulin sensitivity."
chinese hot prepared mustard,neutral,
chinese moo shu pancake,negative,"Made from refined white flour, which is a high-glycemic carbohydrate that can raise blood glucose."
chinese rice vinegar,positive,Vinegar may help improve insulin sensitivity and lower the glycemic response to a meal.
chinese rice wine,neutral,
chinese roasted pork,negative,"Very high in saturated fat, which can negatively impact heart health and may contribute to insulin resistance."
chipotle chile powder,positive,"Contains capsaicin, which may help with blood sugar regulation and inflammation."
chipotle chili powder,positive,"Contains capsaicin, which may help with blood sugar regulation and inflammation."
chipotle mayonnaise,negative,"Often contains added sugars and is high in fat and calories, which should be limited."
chipotle pepper,positive,"Contains capsaicin, which may improve insulin sensitivity."
chive,positive,A low-carbohydrate herb that adds flavor without impacting blood sugar.
chocolate chip,very negative,"High in sugar and fat, causing a sharp increase in blood sugar."
chocolate mix,very negative,"Extremely high in sugar, leading to a rapid and significant blood sugar spike."
chocolate sprinkle,very negative,"Primarily made of sugar, which will cause a rapid spike in blood glucose."
chocolate wafer cookie,very negative,"A processed food high in refined flour, sugar, and unhealthy fats, leading to a large blood sugar spike."
chorizo,negative,"A processed meat high in saturated fat and sodium, which are risk factors for heart disease."
chorizo de bilbao,negative,"A processed meat high in saturated fat and sodium, which are risk factors for heart disease."
chorizo sausage,negative,"A processed meat high in saturated fat and sodium, which are risk factors for heart disease."
chourico,negative,"A processed meat high in saturated fat and sodium, which can negatively impact cardiovascular health."
chourico sausage,negative,"A processed meat high in saturated fat and sodium, which can negatively impact cardiovascular health."
chow mein noodle,very negative,"Made from refined flour and often fried, resulting in a high load of carbohydrates and unhealthy fats that spike blood sugar."
chutney,very negative,"Typically very high in sugar from fruit and added sweeteners, causing a significant rise in blood sugar."
ciabatta sandwich roll,very negative,"Made from refined white flour, which has a high glycemic index and causes a rapid spike in blood sugar."
cider vinegar,positive,Acetic acid in vinegar can help improve insulin sensitivity and moderate blood sugar spikes after meals.
cilantro,positive,"A nutrient-dense, low-carbohydrate herb that adds flavor without affecting blood sugar."
cilantro leaf,positive,"A nutrient-dense, low-carbohydrate herb that adds flavor without affecting blood sugar."
cilantro stem,positive,"A nutrient-dense, low-carbohydrate herb that adds flavor without affecting blood sugar."
cinnamon,positive,May help lower blood sugar levels and improve insulin sensitivity.
cinnamon stick,positive,May help lower blood sugar levels and improve insulin sensitivity.
cinnamon sugar,very negative,"Primarily consists of sugar, which directly and rapidly raises blood glucose levels."
citric acid,neutral,
clam,positive,"Excellent source of lean protein with no carbohydrates, which helps manage blood sugar levels."
clarified butter,negative,"A pure saturated fat, which should be limited to manage cardiovascular risk associated with diabetes."
clove,positive,A spice containing antioxidants that may help improve insulin sensitivity.
club soda,neutral,
coarse salt,negative,"High sodium intake can contribute to high blood pressure, a significant risk for people with diabetes."
cocoa,positive,"Unsweetened cocoa is rich in flavonoids, which can improve insulin sensitivity and heart health."
cocoa mix,very negative,"Typically very high in added sugar, which causes rapid spikes in blood glucose."
cocoa powder,positive,"Unsweetened cocoa powder is rich in flavonoids, which can improve insulin sensitivity and heart health."
coconut,negative,"High in saturated fat, which should be limited to manage cardiovascular risk associated with diabetes."
coconut cream,negative,"Very high in saturated fat, which can negatively impact heart health."
coconut extract,neutral,
coconut flake,negative,"High in saturated fat. Sweetened versions also contain added sugar, which spikes blood glucose."
coconut flavored rum,very negative,"Contains alcohol, which can cause unpredictable blood sugar fluctuations, and is high in added sugar."
coconut flour,positive,"High in fiber and lower in carbohydrates than traditional flours, leading to a smaller impact on blood sugar."
coconut milk,negative,"High in saturated fat, which should be limited to manage cardiovascular risk."
coconut milk powder,negative,"A concentrated source of saturated fat, which should be limited to protect heart health."
coconut oil,negative,"Very high in saturated fat, which is linked to increased cardiovascular risk."
coconut preserve,very negative,"Extremely high in added sugar, causing a sharp and significant rise in blood sugar levels."
coconut sugar,very negative,"It is a form of sugar that significantly raises blood glucose levels, similar to regular table sugar."
coconut water,negative,Contains natural sugars and carbohydrates that can raise blood sugar levels.
cod,positive,"An excellent source of lean protein and omega-3 fatty acids, which support heart health and do not raise blood sugar."
cod fish,positive,"An excellent source of lean protein and omega-3 fatty acids, which support heart health and do not raise blood sugar."
cod fillet,positive,"An excellent source of lean protein and omega-3 fatty acids, which support heart health and do not raise blood sugar."
coffee,positive,Unsweetened coffee contains antioxidants and may improve insulin sensitivity over the long term.
coffee bean,positive,Source of coffee's beneficial compounds; rich in antioxidants.
coffee flavored liqueur,very negative,"High in both sugar and alcohol, which can cause significant and unpredictable blood sugar spikes."
cola,very negative,A sugar-sweetened beverage that causes a rapid and severe spike in blood glucose levels.
cola flavored carbonated beverage,very negative,A sugar-sweetened beverage that causes a rapid and severe spike in blood glucose levels.
colby longhorn cheese,neutral,
coleslaw mix,positive,"Composed of non-starchy vegetables like cabbage and carrots, which are high in fiber and low in carbohydrates."
collard green,positive,"A non-starchy, leafy green vegetable that is high in fiber and nutrients, with a minimal impact on blood sugar."
colored sprinkle,very negative,"Made almost entirely of sugar, causing a rapid spike in blood glucose."
condensed beef broth,negative,"Often very high in sodium, which can contribute to high blood pressure."
condensed cream of chicken soup,negative,"Usually high in sodium, refined carbohydrates, and unhealthy fats."
condensed cream of mushroom soup,negative,"Typically high in sodium, refined carbohydrates, and unhealthy fats."
condensed milk,very negative,"Extremely high in added sugar, leading to a very sharp increase in blood sugar."
condensed tomato soup,negative,Frequently contains high levels of added sugar and sodium.
confectioners sugar,very negative,"A form of pure, refined sugar that is rapidly absorbed and causes a significant blood sugar spike."
cooking oil,neutral,
cooking sherry,negative,"Contains alcohol, which can affect blood sugar, and is often very high in sodium."
cooking spray,neutral,
cooking wine,negative,"Contains alcohol, which can affect blood sugar, and is typically very high in sodium."
coriander,positive,"Some studies suggest it may help lower blood sugar levels, and it adds flavor without calories or sodium."
coriander powder,positive,"Some studies suggest it may help lower blood sugar levels, and it adds flavor without calories or sodium."
coriander seed,positive,"Some studies suggest it may help lower blood sugar levels, and it adds flavor without calories or sodium."
corn,negative,A starchy vegetable high in carbohydrates that can significantly raise blood sugar levels if not portion-controlled.
corn flour,very negative,A refined starch with a high glycemic index that can cause a rapid and significant spike in blood sugar.
corn husk,neutral,
corn kernel,negative,A starchy vegetable high in carbohydrates that can significantly raise blood sugar levels if not portion-controlled.
corn oil,neutral,
corn syrup,very negative,"A pure, processed sugar that causes a very rapid and significant spike in blood glucose."
corn tortilla,negative,A carbohydrate source that will raise blood sugar. Portion control is essential.
corned beef,negative,"Processed meat that is very high in sodium and saturated fat, which are concerns for heart health."
corned beef brisket,negative,"Processed meat that is very high in sodium and saturated fat, which are concerns for heart health."
cornflakes cereal,negative,"A highly processed, high-glycemic-index carbohydrate that will cause a rapid spike in blood sugar."
cornichon,positive,Very low in carbohydrates and calories. The vinegar may also have a slight blood sugar-stabilizing effect.
cornmeal,negative,A refined carbohydrate that will raise blood sugar.
cornstarch,negative,"A pure, refined starch that acts like sugar in the body and will raise blood glucose quickly."
cottage cheese,positive,"High in protein, which helps with satiety and has a minimal impact on blood sugar."
country style pork rib,negative,"A fatty cut of meat, high in saturated fat, which is a concern for heart health."
couscous,negative,Typically made from refined wheat; a carbohydrate that will raise blood sugar.
cover,neutral,
crab meat,positive,An excellent source of lean protein with virtually no carbohydrates.
cranberry,positive,Fresh cranberries are low in sugar and high in fiber and antioxidants.
cranberry juice,very negative,"Typically loaded with added sugar, causing a rapid blood sugar spike. Lacks the fiber of the whole fruit."
cranberry sauce,very negative,Usually made with a very large amount of added sugar.
cream,negative,"High in saturated fat, a concern for cardiovascular health, which is often linked with diabetes."
cream cheese,negative,"High in saturated fat, a concern for cardiovascular health."
cream of coconut,very negative,Extremely high in both added sugar and saturated fat.
cream of tartar,neutral,
cream of wheat cereal,negative,A refined wheat product that is a high-carbohydrate food and will raise blood sugar.
creme fraiche,negative,"High in saturated fat, similar to cream."
crescent roll,negative,"Made from refined white flour, a simple carbohydrate that will raise blood sugar."
crescent roll dough,negative,"Made from refined white flour, a simple carbohydrate that will raise blood sugar."
crystallized ginger,very negative,"Ginger that has been candied in sugar, making it extremely high in sugar."
cuban bread,negative,"A type of white bread made from refined flour, which will cause a significant blood sugar spike."
cube,neutral,
cube steak,positive,"A lean source of protein, which has minimal impact on blood sugar and promotes satiety."
cucumber,positive,"Very low in carbohydrates and high in water content, making it great for hydration without affecting blood sugar."
culantro,neutral,
cultured buttermilk,neutral,
cumin,neutral,
cumin seed,neutral,
curing salt,negative,"Extremely high in sodium, which is a major concern for blood pressure and heart health."
currant,negative,"A dried fruit with a high concentration of sugar, which can raise blood glucose."
curry leaf,neutral,
curry paste,negative,Can be high in sodium and may contain added sugar or high-fat ingredients.
curry powder,neutral,
custard powder,negative,"Primarily cornstarch, a refined carbohydrate that will raise blood sugar."
daikon,positive,"A non-starchy vegetable, low in carbohydrates and a good source of fiber."
daikon radish,positive,"A non-starchy vegetable, low in carbohydrates and a good source of fiber."
damask rose petal,neutral,
danish butter,negative,"High in saturated fat, a concern for cardiovascular health."
dark brown sugar,very negative,"Functions identically to white sugar, causing a rapid and significant blood sugar spike."
dark chocolate,positive,"In moderation (70%+ cocoa), it is lower in sugar and contains antioxidants that may improve insulin sensitivity."
dark chocolate chip,negative,"While better than milk chocolate, chips are still typically high in sugar and fat."
dark corn syrup,very negative,"A pure, processed sugar that causes a very rapid and significant spike in blood glucose."
dark raisin,negative,"A dried fruit with a high concentration of sugar, which can raise blood glucose."
dark rum,negative,Alcohol can interfere with blood sugar management and liver function. It should be consumed with caution and in moderation.
dark soy sauce,negative,"High in sodium, which can contribute to high blood pressure, a common comorbidity with diabetes."
dashi granule,negative,"Extremely high in sodium, which can increase blood pressure."
dashi kombu,positive,A type of seaweed that is low in calories and carbohydrates and provides minerals and some fiber.
dashi stock,negative,"Can be very high in sodium, especially when made from instant granules, which can affect blood pressure."
date,very negative,"Extremely high in sugar and has a high glycemic index, causing rapid spikes in blood sugar."
date paste,very negative,"A concentrated source of sugar with a very high glycemic index, leading to sharp blood sugar increases."
deep frying,very negative,"This cooking method adds significant amounts of unhealthy fats and calories, increasing insulin resistance and cardiovascular risk."
deli roast pork loin,negative,"A processed meat that is typically very high in sodium, which can raise blood pressure."
dende oil,negative,"A type of palm oil high in saturated fat, which can negatively impact cholesterol levels and cardiovascular health."
diakon radish,positive,"A non-starchy vegetable, low in calories and carbohydrates and a good source of fiber."
diamond crystal,negative,"This is a brand of salt (sodium chloride), and excessive intake can lead to high blood pressure."
diced tomato,positive,"A non-starchy vegetable, low in carbohydrates and a good source of vitamins and fiber. Choose no-salt-added versions."
diet lemon lime soda,neutral,
dijon mustard,neutral,
dijon style mustard,neutral,
dill,neutral,
dill pickle,negative,"Extremely high in sodium, which can contribute to high blood pressure."
dill pickle juice,negative,"A concentrated source of sodium, which can negatively impact blood pressure."
dill pickle slice,negative,"Extremely high in sodium, which can contribute to high blood pressure."
dill pickle spear,negative,"Extremely high in sodium, which can contribute to high blood pressure."
dill seed,neutral,
dill weed,neutral,
dinner roll dough,very negative,"Made from refined flour, which is high in carbohydrates and has a high glycemic index, causing a rapid rise in blood sugar."
distilled white vinegar,positive,May help improve insulin sensitivity and lower the glycemic response of a meal.
double crust pie pastry,very negative,"High in refined carbohydrates and unhealthy fats, leading to significant blood sugar spikes and poor cardiovascular outcomes."
dragon fruit,positive,"Contains fiber and antioxidants, and has a relatively low glycemic index compared to other tropical fruits."
dried apricot,very negative,"A concentrated source of sugar with a high glycemic index, causing a rapid spike in blood sugar."
dried bonito flake,neutral,
dried chourico sausage,negative,"A processed meat high in saturated fat and sodium, which are detrimental to cardiovascular health."
dried coconut,negative,Often contains added sugar; even unsweetened versions are very high in saturated fat.
dried purple corn,negative,A starchy grain high in carbohydrates that can significantly raise blood sugar levels.
dried red chili flake,neutral,
dry corn muffin mix,very negative,"A highly processed mix of refined flour, cornmeal, and sugar, which will cause a very rapid and high spike in blood sugar."
dry egg noodle,negative,"Made from refined flour, a high-carbohydrate food that will raise blood sugar levels."
dry kidney bean,positive,"Excellent source of soluble fiber and protein, which helps stabilize blood sugar levels and has a low glycemic index."
dry milk powder,negative,A concentrated source of lactose (milk sugar) and carbohydrates that can raise blood sugar.
dry mushroom gravy mix,negative,"Highly processed and typically very high in sodium and refined starches, which can raise blood pressure and blood sugar."
dry mustard,neutral,
dry onion soup mix,very negative,"Extremely high in sodium, which significantly impacts blood pressure, a major concern for people with diabetes."
dry red wine,neutral,
dry white wine,neutral,
dry yeast,neutral,
duck blood,neutral,
duck breast half,negative,"High in saturated fat, especially with the skin on, which can negatively affect cholesterol levels."
duck fat,negative,"A pure fat that is high in saturated fat and calories, contributing to cardiovascular risk."
duck leg,negative,"High in saturated fat, particularly with the skin, which can negatively affect cholesterol levels."
dulce de leche,very negative,"A milk-based caramel that is extremely high in sugar, causing a severe spike in blood sugar."
dumpling wrapper,negative,"Made from refined white flour, which is high in carbohydrates and will raise blood sugar."
dungeness crab,positive,"An excellent source of lean protein with zero carbohydrates, which does not raise blood sugar."
durian,negative,"High in calories, sugar, and carbohydrates compared to most fruits, and can cause a significant increase in blood sugar."
dusting,neutral,
edible flower,neutral,
egg,positive,"Excellent source of protein with minimal carbohydrates, which helps with blood sugar control and satiety."
egg noodle,negative,A refined carbohydrate that can cause a rapid spike in blood sugar levels.
egg roll wrapper,negative,"Made from refined flour, which is a simple carbohydrate that can quickly raise blood sugar."
egg substitute,positive,"Typically made from egg whites, it's a low-fat, low-cholesterol source of protein with no carbs."
egg white,positive,"A pure source of protein with no carbohydrates or fat, excellent for blood sugar management."
egg yolk,neutral,"Contains protein and fats but no carbs. While it contains cholesterol, in moderation it does not negatively impact blood sugar."
eggnog,very negative,"Extremely high in sugar and fat, which can cause a very large and rapid spike in blood sugar."
eggplant,positive,"A non-starchy vegetable, low in calories and carbohydrates and high in fiber, which helps regulate blood sugar."
elbow macaroni,negative,A refined pasta product high in carbohydrates that can lead to a significant increase in blood sugar.
elephant garlic,neutral,"Used in small amounts for flavor, it has a negligible effect on blood sugar."
elk steak,positive,A very lean source of high-quality protein with no carbohydrates.
emmental cheese,neutral,High in protein and fat with minimal carbs. Should be consumed in moderation due to saturated fat content.
empanada dough,negative,"Made from refined flour and fat, it is high in carbohydrates that can spike blood sugar."
empanada pastry disc,negative,"Made from refined flour and fat, it is high in carbohydrates that can spike blood sugar."
empanada pastry round,negative,"Made from refined flour and fat, it is high in carbohydrates that can spike blood sugar."
english cucumber,positive,"A non-starchy vegetable with high water content, very low in carbohydrates and calories."
english mustard,neutral,Typically contains negligible carbohydrates and sugar; used in small quantities.
english walnut,positive,"Excellent source of healthy omega-3 fats, fiber, and protein, which can improve blood sugar control and heart health."
enoki mushroom,positive,"Low in calories and carbohydrates, and a good source of fiber and B vitamins."
evaporated milk,negative,A concentrated source of lactose (milk sugar) that can raise blood sugar more than regular milk.
extra virgin olive oil,positive,A healthy monounsaturated fat that can help improve insulin sensitivity and has anti-inflammatory benefits.
farina,negative,"A refined wheat cereal with a high glycemic index, causing a rapid rise in blood sugar."
farina cereal,negative,"A refined wheat cereal with a high glycemic index, causing a rapid rise in blood sugar."
farmers cheese,neutral,A good source of protein with very few carbohydrates. Consume in moderation.
fava bean,positive,"A good source of plant-based protein and fiber, which helps to slow digestion and prevent blood sugar spikes."
fennel seed,positive,"Rich in fiber and antioxidants, it may help improve blood sugar control when used regularly."
fenugreek,positive,Contains soluble fiber and compounds that can help slow sugar absorption and improve insulin function.
fenugreek leaf,positive,"Like the seeds, the leaves are high in fiber and may help in managing blood sugar levels."
fenugreek seed,positive,Well-studied for its ability to lower blood sugar levels and improve glucose tolerance.
fermented black bean,positive,"Good source of protein and fiber. However, often prepared in high-sodium sauces, which should be limited."
fermented soybean,positive,"Products like tempeh and natto are excellent sources of protein, fiber, and probiotics with minimal impact on blood sugar."
feta cheese,negative,"Very high in sodium, which is a concern for blood pressure and cardiovascular health, risks that are already elevated in people with diabetes."
fettuccine pasta,negative,A refined carbohydrate that is digested quickly and can cause a sharp increase in blood sugar levels.
fettuccini noodle,negative,A refined carbohydrate that is digested quickly and can cause a sharp increase in blood sugar levels.
fiddlehead fern,positive,"A non-starchy vegetable that is a good source of fiber, vitamins, and antioxidants."
filling,neutral,This term is too generic to classify; its effect depends entirely on the specific ingredients used.
fines herb,positive,"A mix of herbs that adds flavor without adding calories, carbs, or sodium."
fire roasted diced tomato,positive,"Tomatoes are a non-starchy fruit, low in carbs and a good source of vitamins and lycopene. Check labels for added sugar."
firm silken tofu,positive,An excellent plant-based protein source that is very low in carbohydrates.
firm tofu,positive,An excellent plant-based protein source that is very low in carbohydrates.
fish sauce,negative,"Extremely high in sodium, which can contribute to high blood pressure, a common comorbidity with diabetes."
fish stock,negative,"Often very high in sodium, which can negatively impact blood pressure and cardiovascular health."
five spice powder,neutral,A blend of spices used for flavor that has a negligible effect on blood sugar.
flank steak,positive,"A lean source of protein with zero carbohydrates, which helps with satiety and blood sugar stability."
flat iron steak,positive,"A lean source of protein with zero carbohydrates, which helps with satiety and blood sugar stability."
flat leaf italian parsley,positive,Adds flavor and nutrients like Vitamin K with negligible calories or carbohydrates.
flat leaf parsley,positive,Adds flavor and nutrients like Vitamin K with negligible calories or carbohydrates.
flat rice noodle,negative,A refined carbohydrate with a high glycemic index that can cause a rapid spike in blood sugar.
flaxseed meal,positive,"High in fiber and omega-3 fatty acids, which helps slow sugar absorption and improve insulin sensitivity."
flaxseed oil,positive,"Rich in omega-3 fatty acids, which can reduce inflammation and improve insulin sensitivity."
flour,negative,"Typically refers to refined white flour, a simple carbohydrate that is quickly digested and causes rapid spikes in blood sugar."
flour tortilla,negative,"Usually made from refined flour, causing a significant and rapid increase in blood sugar levels."
foil,neutral,
food coloring,neutral,
french baguette,very negative,"Made from highly refined white flour with a very high glycemic index, causing a sharp and rapid spike in blood sugar."
french bread,very negative,"Made from highly refined white flour, leading to a rapid and significant rise in blood sugar."
french bread baguette,very negative,"Made from highly refined white flour with a very high glycemic index, causing a sharp and rapid spike in blood sugar."
french cut green bean,positive,"A non-starchy vegetable, high in fiber and low in calories, which helps manage blood sugar."
french fry,very negative,"High in refined carbohydrates and unhealthy fats from deep frying, leading to blood sugar spikes and increased insulin resistance."
french green lentil,positive,"High in fiber and protein with a low glycemic index, promoting stable blood sugar levels."
french sandwich roll,very negative,"Made from refined white flour, causing a rapid and significant rise in blood sugar."
french style green bean,positive,"A non-starchy vegetable, high in fiber and low in calories, which helps manage blood sugar."
french fried onion,negative,"Coated in flour and deep-fried, adding refined carbs and unhealthy fats that can negatively impact blood sugar."
fresh ginger,positive,Contains compounds that may improve insulin sensitivity and have anti-inflammatory effects.
freshly ground black pepper,neutral,
fresno chile,positive,Low in carbohydrates and calories; capsaicin may have a modest beneficial effect on blood sugar.
fresno chile pepper,positive,Low in carbohydrates and calories; capsaicin may have a modest beneficial effect on blood sugar.
fried pork skin,negative,"Very high in unhealthy saturated fats and sodium, which are detrimental to cardiovascular health, a key concern for diabetics."
fried shallot,negative,"The frying process adds unhealthy fats and calories, which can contribute to insulin resistance."
frozen puff pastry,very negative,"Made with refined flour and high amounts of unhealthy fats, causing a significant blood sugar spike and contributing to insulin resistance."
fruit cocktail,very negative,"Usually canned in heavy syrup, which is extremely high in added sugar and causes a rapid spike in blood glucose."
fruit jam,very negative,"Very high in concentrated sugar, leading to a rapid and significant increase in blood sugar."
fruit preserve,very negative,"Very high in concentrated sugar, leading to a rapid and significant increase in blood sugar."
fruity red wine,negative,"Alcohol can interfere with blood sugar management, and sweeter wines contain more sugar, posing a risk for hyperglycemia."
frying,negative,"This cooking method adds significant amounts of unhealthy fats and calories, promoting inflammation and insulin resistance."
full fat plain greek yogurt,positive,"High in protein, which helps stabilize blood sugar and increase satiety. Choose unsweetened varieties."
furikake seasoning,neutral,"Used in small amounts; while it can contain some sugar and salt, the overall impact is typically negligible."
gai lan,positive,"A non-starchy, leafy green vegetable high in fiber and nutrients, which helps manage blood sugar."
galangal,neutral,
galangal powder,neutral,
gandule,positive,"Pigeon peas are a legume rich in fiber and protein, which helps to slow digestion and prevent blood sugar spikes."
garam masala,neutral,
garbanzo bean,positive,"High in fiber and protein with a low glycemic index, which helps to regulate blood sugar levels effectively."
garlic,positive,May improve cardiovascular health and has been shown in some studies to have a modest blood sugar-lowering effect.
garlic basil spread,neutral,"Effect depends on the base ingredients (e.g., oil vs. cream cheese), but is generally low in carbohydrates."
garlic chili sauce,negative,"Frequently contains high amounts of added sugar, which can cause a rapid increase in blood sugar."
garlic clove,positive,May improve cardiovascular health and has been shown in some studies to have a modest blood sugar-lowering effect.
garlic marinade,negative,"Often contains hidden sugars, salt, and oils that can negatively affect blood sugar and blood pressure."
garlic paste,positive,"Concentrated garlic, which may offer cardiovascular and modest blood sugar benefits without added sugar or salt."
garlic powder,positive,"A concentrated form of garlic, which may offer cardiovascular and modest blood sugar benefits."
garlic salt,negative,"High in sodium, which can increase blood pressure, a common comorbidity with diabetes."
gelatin,neutral,Unsweetened gelatin is protein-based and has no impact on blood sugar.
german bologna block,negative,"A processed meat high in sodium and unhealthy fats, which can negatively impact heart health, a major concern for people with diabetes."
german stone ground mustard,positive,"Low in calories and carbohydrates, it adds flavor without impacting blood sugar."
ghee,neutral,"Pure fat, so it doesn't raise blood sugar, but it is high in saturated fat and should be used in moderation."
gin,negative,"Alcohol can cause unpredictable blood sugar fluctuations, including dangerous hypoglycemia, and can interfere with diabetes medications."
ginger,positive,Contains compounds that may improve insulin sensitivity and have anti-inflammatory effects.
ginger garlic paste,positive,"Combines ginger and garlic, both of which have anti-inflammatory properties and may offer modest benefits for blood sugar control."
ginger paste,positive,Ginger may help lower blood sugar levels and improve insulin sensitivity.
ginger root,positive,May help lower blood sugar levels and improve insulin sensitivity due to its anti-inflammatory properties.
gingersnap cookie,very negative,"High in refined sugar and flour, which can cause a rapid spike in blood sugar levels."
gluten free all purpose baking flour,negative,Often made from high-glycemic refined starches like rice or potato flour that can raise blood sugar quickly.
glutinous rice flour,very negative,"Has a very high glycemic index, leading to a rapid and significant increase in blood sugar."
glutinous sweet rice,very negative,"Has a very high glycemic index, causing a sharp spike in blood sugar levels."
glutinous sticky white rice,very negative,"A refined grain with a very high glycemic index, which rapidly increases blood sugar."
glutinous white rice,very negative,"A refined grain with a very high glycemic index, which rapidly increases blood sugar."
goat cheese,neutral,
goat meat,positive,"A good source of lean protein, which helps with satiety and has a minimal impact on blood sugar."
goat stew meat,positive,"A good source of lean protein, which helps with satiety and has a minimal impact on blood sugar."
gochugaru,positive,"Contains capsaicin, which may have a modest beneficial effect on blood sugar control. Very low in carbs."
gochujang,negative,"Typically contains added sugars, such as corn syrup or rice syrup, which can raise blood sugar."
gold potato,negative,A starchy vegetable with a moderate to high glycemic index that can significantly raise blood sugar if not portion-controlled.
golden mushroom soup,negative,"Canned soups often contain added starches, sugars, and high levels of sodium."
golden raisin,negative,A concentrated source of sugar and carbohydrates that can quickly raise blood sugar levels.
golden syrup,very negative,"A form of liquid sugar that is rapidly absorbed, causing a very sharp spike in blood sugar."
gouda cheese,neutral,
graham cracker,negative,"Made from refined flour and contains added sugar, leading to a rise in blood sugar."
graham cracker crumb,negative,"Made from refined flour and contains added sugar, leading to a rise in blood sugar."
graham cracker crust,very negative,"High in refined carbohydrates from the crackers and added sugar, causing a significant blood sugar spike."
gram flour,positive,"Has a lower glycemic index and is higher in protein and fiber compared to refined wheat flour, leading to a slower rise in blood sugar."
granny smith apple,positive,"Lower in sugar than many other apple varieties and a good source of fiber, which helps moderate blood sugar levels."
granulated onion,neutral,
granulated sugar,very negative,Pure refined sugar that causes a rapid and significant spike in blood sugar levels.
grape leaf,positive,Low in calories and carbohydrates and a good source of fiber.
grape tomato,positive,"A non-starchy vegetable, low in carbohydrates and calories, with a minimal effect on blood sugar."
grapefruit juice,negative,"Lacks fiber and contains concentrated fruit sugars, leading to a rapid increase in blood sugar. Can also interact with medications."
grapeseed oil,neutral,
great northern bean,positive,"High in fiber and protein with a low glycemic index, which helps to stabilize blood sugar levels."
greek black olive,positive,A good source of healthy monounsaturated fats and very low in carbohydrates.
greek oregano,neutral,
greek seasoning,neutral,
greek style yogurt,positive,"High in protein, which can help with satiety and blood sugar control. Choose plain, unsweetened varieties."
greek yogurt,positive,"High in protein, which can help with satiety and blood sugar control. Choose plain, unsweetened varieties."
green apple,positive,"A good source of fiber and generally lower in sugar than red apples, helping to moderate blood sugar response."
green banana,positive,"Contains a higher amount of resistant starch and less sugar than ripe bananas, leading to a slower rise in blood sugar."
green bean,positive,"A non-starchy vegetable that is high in fiber and low in carbohydrates, having a minimal impact on blood sugar."
green bell pepper,positive,"A non-starchy vegetable, low in carbohydrates and calories, with a minimal effect on blood sugar."
green cabbage,positive,"A non-starchy vegetable that is high in fiber and low in carbohydrates, having a minimal impact on blood sugar."
green cardamom,neutral,
green chile,positive,"Low in carbohydrates and contains capsaicin, which may have modest benefits for blood sugar management."
green chile paste,neutral,
green chile pepper,positive,"Low in carbohydrates and contains capsaicin, which may have modest benefits for blood sugar management."
green curry paste,neutral,
green garlic,positive,"Like mature garlic, it may have properties that help improve insulin sensitivity and manage blood sugar."
green gel food coloring,neutral,
green grape,negative,Contains a significant amount of natural sugar and can raise blood sugar levels if not eaten in very small portions.
green lentil,positive,"Excellent source of fiber and protein with a low glycemic index, promoting stable blood sugar levels."
green mango,positive,"Lower in sugar and higher in fiber than ripe mango, resulting in a smaller impact on blood sugar."
green mung bean,positive,"High in fiber and protein, which helps regulate blood sugar levels."
green olive,positive,"Rich in healthy monounsaturated fats and low in carbs, but should be eaten in moderation due to high sodium from brining."
green onion,positive,"A low-calorie, low-carb, non-starchy vegetable that adds flavor without impacting blood sugar."
green onion top,positive,"A low-calorie, low-carb, non-starchy vegetable that adds flavor without impacting blood sugar."
green papaya,positive,Lower in sugar than ripe papaya and a good source of fiber.
green pea,neutral,
green pepper,positive,"A low-carb, high-fiber, non-starchy vegetable rich in vitamins."
green plantain,negative,"High in starchy carbohydrates, which can significantly raise blood sugar levels."
green tea powder,positive,Rich in antioxidants (catechins) that may improve insulin sensitivity and metabolic health.
grill,neutral,
grill seasoning,negative,"Often very high in sodium, which can contribute to high blood pressure, a common concern with diabetes."
ground beef,neutral,
ground black pepper,neutral,
ground cumin,positive,A spice that may have beneficial effects on blood sugar control and adds flavor without salt or sugar.
ground lamb,neutral,
ground pork,neutral,
gruyere cheese,neutral,
guava paste,very negative,"Highly concentrated in sugar, which will cause a rapid and significant spike in blood sugar."
habanero pepper,positive,"Contains capsaicin, which may have a modest positive effect on metabolism, and is very low in carbs."
half and half,neutral,
half and half cream,neutral,
halloumi cheese,negative,"Very high in sodium, which can increase blood pressure, and high in saturated fat."
ham,negative,A processed meat that is typically very high in sodium and may contain added sugars.
ham bone,negative,Adds significant amounts of sodium and saturated fat to dishes.
ham hock,negative,"High in sodium and saturated fat, contributing to risks of high blood pressure and heart disease."
hard boiled egg,positive,"High-quality protein source with zero carbs, which helps with satiety and does not raise blood sugar."
hash brown potato,negative,"Made from starchy potatoes and often fried, leading to a high carbohydrate and fat content that can spike blood sugar."
hazelnut,positive,"Good source of healthy fats, fiber, and protein, which can help manage blood sugar and improve heart health."
heavy cream,neutral,
heavy whipping cream,neutral,
herbes de provence,neutral,
herring fillet,positive,"An oily fish rich in omega-3 fatty acids, which are beneficial for heart health, a key concern for people with diabetes."
hibiscus petal,positive,"Often consumed as a tea, which may help lower blood pressure and has antioxidant properties."
hickory flavored liquid smoke,negative,Can be high in sodium and other additives.
hijiki seaweed,positive,A good source of dietary fiber and minerals with minimal impact on blood sugar.
hoagie roll,very negative,"Typically made from refined white flour, which is high in carbohydrates and has a high glycemic index, causing rapid blood sugar spikes."
hog casing,neutral,
hoisin sauce,very negative,"Very high in sugar and sodium, which can significantly raise blood sugar and blood pressure."
hominy,negative,"A starchy, high-carbohydrate food that can significantly raise blood sugar levels."
honey,very negative,A form of simple sugar that will cause a rapid and significant spike in blood sugar levels.
honey ham,very negative,"A processed meat that is high in sodium and also contains added sugar (honey), negatively impacting both blood pressure and blood sugar."
horseradish,neutral,
hot chile paste,negative,Often contains significant amounts of added sugar and sodium.
hot chile pepper,positive,"Contains capsaicin, which may have a modest positive effect on metabolism, and is very low in carbs."
hot chocolate mix,very negative,"Typically very high in sugar, causing a sharp increase in blood glucose levels."
hot italian sausage,negative,"A processed meat high in saturated fat and sodium, which are risk factors for heart disease."
hot pepper,positive,"Contains capsaicin, which may have a modest positive effect on metabolism, and is very low in carbs."
hot pepper flake,positive,"A good way to add flavor and capsaicin without adding calories, carbs, or sodium."
hot pepper sauce,negative,"Often very high in sodium, and some varieties contain added sugar."
hot red pepper,positive,"Contains capsaicin, which may have a modest positive effect on metabolism, and is very low in carbs."
hot sauce,neutral,
hummus,positive,"Made from chickpeas, it is high in fiber and protein with a low glycemic index, which helps manage blood sugar."
hungarian hot paprika,neutral,
hungarian sweet paprika,neutral,
ice,neutral,
ice cube,neutral,
iceberg lettuce,positive,"Very low in carbohydrates and calories, high in water and fiber, making it great for adding volume to meals without impacting blood sugar."
icing sugar,very negative,"A form of pure, refined sugar that causes a rapid and significant spike in blood glucose levels."
imitation crab,negative,"Contains added starches and sugar, which are high-glycemic carbohydrates that can raise blood sugar."
imitation crab meat,negative,"Contains added starches and sugar, which are high-glycemic carbohydrates that can raise blood sugar."
instant chocolate pudding mix,very negative,"Extremely high in sugar and refined starches, causing a sharp increase in blood sugar levels."
instant coffee granule,neutral,
instant coffee powder,neutral,
instant dry milk powder,negative,A concentrated source of lactose (milk sugar) and carbohydrates that can raise blood sugar levels.
instant nonfat dry milk,negative,A concentrated source of lactose (milk sugar) and carbohydrates that can raise blood sugar levels.
instant vanilla pudding mix,very negative,"Extremely high in sugar and refined starches, causing a sharp increase in blood sugar levels."
instant yeast,neutral,
italian cheese blend,neutral,"Low in carbohydrates, but can be high in saturated fat and sodium; should be consumed in moderation."
italian flat leaf parsley,neutral,
italian flat leaf parsley leaf,neutral,
italian herb seasoning,neutral,
italian hot sausage link,negative,"A processed meat, typically high in saturated fat and sodium, which are linked to cardiovascular risks for diabetics."
italian parsley,neutral,
italian plum,neutral,"Contains natural sugar but also fiber, which slows sugar absorption. Best consumed in moderation."
italian prune plum,neutral,"Contains natural sugar but also fiber, which slows sugar absorption. Best consumed in moderation."
italian sausage,negative,"A processed meat, typically high in saturated fat and sodium, which are linked to cardiovascular risks for diabetics."
italian seasoning,neutral,
italian style crushed tomato,neutral,"Tomatoes are healthy, but prepared versions can contain added sugar and sodium. Check labels."
italian style salad dressing,negative,"Often contains high amounts of added sugar, unhealthy fats, and sodium."
italian tomato,positive,"Low in carbohydrates and calories, a good source of vitamins and fiber."
italian vegetable salad,positive,"Vegetables are high in fiber and nutrients. However, the effect depends on the dressing used."
jaa jang myun noodle,negative,"Typically made from refined wheat flour, which is a high-glycemic carbohydrate that can spike blood sugar."
jalapeno chile pepper,positive,Very low in carbs and calories. Capsaicin may have minor metabolic benefits.
jalapeno pepper,positive,Very low in carbs and calories. Capsaicin may have minor metabolic benefits.
jamaican curry powder,neutral,
jamaican style curry powder,neutral,
japanese mayonnaise,negative,Often contains more sugar than American mayonnaise and is high in fat.
japanese purple sweet potato,positive,High in fiber and antioxidants with a lower glycemic index than regular potatoes. Should be eaten in moderation.
jasmine rice,negative,A refined white rice with a high glycemic index that can cause a rapid increase in blood sugar.
jellyfish,neutral,
jerk paste,negative,"Can be high in sugar and sodium, which should be limited in a diabetic diet."
jerk sauce,negative,Often contains significant amounts of sugar and sodium.
jerk seasoning,neutral,"Typically a dry spice blend with minimal impact, but check labels for added sugar."
jerk seasoning mix,neutral,"Typically a dry spice blend with minimal impact, but check labels for added sugar."
jicama,positive,"A low-calorie, low-carbohydrate root vegetable that is high in fiber, making it excellent for blood sugar control."
juice,very negative,"A concentrated source of sugar without the fiber of whole fruit, leading to rapid blood sugar spikes."
juniper berry,neutral,
kabob skewer,neutral,"This is a cooking utensil, not a food ingredient."
kaiser roll,negative,"Made from refined white flour, a high-glycemic carbohydrate that quickly raises blood sugar."
kalamata olive,positive,Low in carbohydrates and a good source of healthy monounsaturated fats. Monitor sodium content.
kale,positive,"Low in carbohydrates and calories, high in fiber and nutrients, which helps manage blood sugar levels."
kashmiri chile pepper,positive,A spice that adds flavor without carbs or sugar. Capsaicin may have metabolic benefits.
kasseri cheese,neutral,Low in carbohydrates but can be high in saturated fat and sodium. Best consumed in moderation.
kecap manis,very negative,"A sweet soy sauce with a very high sugar content, which will cause a rapid spike in blood sugar."
kefir,positive,"Unsweetened kefir is a good source of probiotics and protein, which can improve gut health and insulin sensitivity."
ketchup,negative,"Typically contains significant amounts of added sugar and sodium, which negatively impact blood sugar and blood pressure."
key lime juice,positive,"Low in sugar and calories, adds flavor without impacting blood sugar levels."
kidney bean,positive,"High in fiber and protein with a low glycemic index, leading to slow, steady glucose release."
kielbasa,negative,"A processed meat high in sodium and saturated fat, which are risk factors for heart disease, a common complication of diabetes."
kielbasa sausage,negative,"A processed meat high in sodium and saturated fat, which are risk factors for heart disease, a common complication of diabetes."
kimchi,positive,"Low-calorie, high-fiber, and rich in probiotics, which can improve gut health and insulin sensitivity. Check for added sugar."
kiwi,positive,A good source of fiber and vitamin C. Its fiber content helps moderate its effect on blood sugar when eaten in moderation.
kluski noodle,negative,"Made from refined flour, these noodles are high in carbohydrates and have a high glycemic index, causing blood sugar spikes."
kohlrabi bulb,positive,"A non-starchy vegetable that is low in carbohydrates and high in fiber, making it excellent for blood sugar control."
kombu,positive,A type of seaweed that is very low in calories and carbohydrates and a good source of minerals.
korean chile paste,negative,"Often contains added sugar, corn syrup, or other sweeteners that can raise blood sugar levels."
korean chile powder,positive,A pure spice with no added sugar; capsaicin may offer metabolic benefits.
korean chili pepper flake,positive,A pure spice with no added sugar; capsaicin may offer metabolic benefits.
korean dang myun noodle,negative,These are starch-based noodles (glass noodles) with a high glycemic index that can cause a rapid increase in blood sugar.
korean fish cake,negative,"A processed food that often contains starch, sugar, and high levels of sodium."
korean red chile flake,positive,A pure spice with no added sugar; capsaicin may offer metabolic benefits.
korean red pepper flake,positive,A pure spice with no added sugar; capsaicin may offer metabolic benefits.
korean red pepper powder,positive,A pure spice with no added sugar; capsaicin may offer metabolic benefits.
korean soy bean paste,positive,"Fermented food rich in protein and probiotics, with a low carbohydrate content. Should be used in moderation due to high sodium."
korean style short rib,negative,"The 'Korean style' marinade is typically very high in sugar and sodium, which negatively impacts blood sugar and blood pressure."
kosher salt,neutral,"Contains no carbohydrates but should be used in moderation to manage blood pressure, a common concern with diabetes."
lager beer,negative,"Contains carbohydrates and alcohol, which can interfere with blood sugar control and medication effectiveness."
lamb,neutral,A source of protein with no carbohydrates. The health impact depends on the cut's fat content and preparation method.
lamb chop,neutral,A source of protein with no carbohydrates. Trimming visible fat is recommended.
lamb loin chop,positive,"A lean source of protein with no carbohydrates, which helps with satiety without spiking blood sugar."
lamb meat,neutral,A source of protein with no carbohydrates. The health impact depends on the cut's fat content and preparation method.
lamb shank,neutral,A source of protein with no carbohydrates. Preparation method is key to managing fat content.
lamb shoulder,neutral,"A source of protein with no carbohydrates, but it is a fattier cut. Portion control and trimming fat are important."
lamb stew meat,neutral,A source of protein with no carbohydrates. Choose lean pieces and trim visible fat.
lard,negative,"High in saturated fat, which can contribute to insulin resistance and increase the risk of heart disease."
lasagna noodle,negative,"Made from refined flour, these noodles are high in carbohydrates and will cause a significant rise in blood sugar."
lavash bread,negative,"Typically made from refined flour, it is high in carbohydrates and can cause a rapid spike in blood sugar."
lavender flower,neutral,"Used in very small quantities for flavor, with no significant impact on blood sugar or nutrition."
lean beef,positive,A lean source of protein that does not raise blood sugar and helps with satiety.
lean beef rib eye steak,neutral,"A source of protein, but rib eye is a naturally fattier cut. Portion control is important."
lean ground beef,positive,A lean source of protein that does not raise blood sugar and helps with satiety.
lean pork,positive,A lean source of protein that does not raise blood sugar and helps with satiety.
leek,positive,"A low-carbohydrate, high-fiber vegetable that supports good blood sugar control."
leg of lamb,positive,"A lean source of protein when trimmed of visible fat, which does not impact blood sugar."
lemon,positive,"Very low in sugar and adds flavor without calories or carbs, helping to reduce the need for sugary or salty seasonings."
lemon basil,neutral,An herb used for flavoring with no significant nutritional impact on blood sugar.
lemon extract,neutral,A flavoring agent with negligible calories or carbohydrates.
lemon flavored rum,negative,"Contains alcohol, which can affect blood sugar, and flavored varieties often contain added sugars."
lemon flavored soda,very negative,"A sugar-sweetened beverage that provides a large, rapid dose of sugar, causing a severe blood sugar spike."
lemon grass,neutral,An herb used for flavoring with no significant nutritional impact on blood sugar.
lemon juice,positive,Very low in sugar and can help lower the glycemic index of a meal.
lemon lime soda,very negative,"Extremely high in sugar, causing a rapid and significant spike in blood sugar."
lemon peel,neutral,
lemon pepper,neutral,
lemon pepper seasoning,neutral,
lemon rind,neutral,
lemon slice,neutral,
lemon wedge,neutral,
lemon zest,neutral,
lemonade concentrate,very negative,A highly concentrated source of sugar that will cause a very rapid blood sugar spike.
lemongrass,neutral,
lemongrass paste,neutral,
lentil,positive,"High in fiber and protein with a low glycemic index, which helps stabilize blood sugar levels."
lettuce,positive,A non-starchy vegetable that is very low in carbohydrates and high in fiber.
lettuce leaf,positive,A non-starchy vegetable that is very low in carbohydrates and high in fiber.
light beer,negative,"Contains carbohydrates and alcohol, which can interfere with blood sugar management."
light brown sugar,very negative,A form of pure sugar that causes a rapid and significant spike in blood sugar.
light corn syrup,very negative,"A pure liquid sugar that is absorbed very quickly, causing a severe blood sugar spike."
light cream,negative,"High in saturated fat, which can contribute to insulin resistance and cardiovascular disease risk."
light rum,negative,Alcohol can cause unpredictable blood sugar fluctuations (both high and low) and should be consumed with caution.
light soy sauce,neutral,
lima bean,positive,"A good source of fiber and protein, which helps moderate blood sugar. Portion control is important due to its starch content."
lime,positive,Very low in sugar and can help lower the glycemic index of a meal.
lime juice,positive,Very low in sugar and can help lower the glycemic index of a meal.
lime peel,neutral,
lime slice,neutral,
lime wedge,neutral,
lime zest,neutral,
lingonberry,positive,Rich in fiber and antioxidants. Best consumed in moderation due to natural sugar content.
linguica,negative,"A processed meat high in sodium and saturated fat, which increases risk for heart disease."
linguica sausage,negative,"A processed meat high in sodium and saturated fat, which increases risk for heart disease."
linguine,negative,"Made from refined flour, a simple carbohydrate that can cause a rapid rise in blood sugar."
linguine pasta,negative,"Made from refined flour, a simple carbohydrate that can cause a rapid rise in blood sugar."
liquid smoke,neutral,
liquid smoke flavoring,neutral,
liquor,negative,Alcohol can cause unpredictable blood sugar fluctuations (both high and low) and can interfere with diabetes medications.
llautias,negative,"A type of sweet bread or pastry, which is high in refined carbohydrates and sugar."
lobster,positive,"An excellent source of lean protein with no carbohydrates, so it does not raise blood sugar."
lobster meat,positive,"An excellent source of lean protein with no carbohydrates, so it does not raise blood sugar."
lobster tail,positive,"An excellent source of lean protein with no carbohydrates, so it does not raise blood sugar."
long grain basmati rice,negative,A refined carbohydrate that raises blood sugar. Portion control is crucial.
long grain brown rice,positive,"A whole grain rich in fiber, which slows digestion and helps prevent blood sugar spikes."
long grain rice,negative,"Typically refers to white rice, a refined carbohydrate that can cause a rapid rise in blood sugar."
long grain white rice,negative,A refined carbohydrate with a high glycemic index that rapidly raises blood sugar.
longhorn cheese,negative,"While low in carbs, it is high in saturated fat, which can negatively impact heart health, a major concern for people with diabetes."
low sodium soy sauce,neutral,
lumpia wrapper,negative,"Made from refined flour, which acts like sugar in the body and can raise blood glucose."
luncheon meat,negative,"Highly processed and typically high in sodium and unhealthy fats, increasing cardiovascular risk."
lutefisk,positive,Plain fish is an excellent source of lean protein with no carbohydrates.
macadamia nut,positive,"High in healthy monounsaturated fats and fiber, with very few carbohydrates, making them excellent for blood sugar control."
macapuno,very negative,"Typically sold preserved in heavy syrup, making it extremely high in sugar."
macapuno string,very negative,"Typically sold preserved in heavy syrup, making it extremely high in sugar."
macaroni,negative,A refined carbohydrate that can cause significant spikes in blood sugar. Whole wheat versions are a better choice.
mace,neutral,
mackerel,positive,"An oily fish rich in omega-3 fatty acids, which are beneficial for heart health and may help reduce inflammation."
madras curry powder,positive,A blend of spices that adds flavor without sugar or significant calories. Some spices may have anti-inflammatory benefits.
mahlab,neutral,
mahleb,neutral,
makrut lime leaf,neutral,
malt vinegar,positive,Some studies suggest vinegar can help improve insulin sensitivity and lower the glycemic response to a meal.
mandarin orange peel,neutral,
mango nectar,very negative,"A sugar-sweetened beverage with a high concentration of sugar and no fiber, leading to rapid blood sugar spikes."
manzanilla olive,positive,A good source of healthy monounsaturated fats and low in carbohydrates. Be mindful of sodium content from brine.
maple syrup,very negative,A concentrated form of sugar that will cause a rapid and significant increase in blood sugar levels.
maraschino cherry,very negative,"Preserved in a high-sugar syrup, making it essentially a candy with a very high sugar content."
margarine,negative,"Often contains unhealthy trans fats or saturated fats, which can increase the risk of heart disease."
marjoram,neutral,
marsala,neutral,
marzipan,very negative,"Extremely high in sugar, essentially a confectionary paste that will cause a large blood sugar spike."
masa harina,negative,A starchy carbohydrate that will raise blood sugar. Portion control is essential.
masala curry powder,positive,A blend of spices that adds flavor without sugar or significant calories. Some spices may have anti-inflammatory benefits.
mascarpone cheese,negative,"Very high in saturated fat, which should be limited to manage cardiovascular risk associated with diabetes."
matzo cake meal,negative,A refined carbohydrate with a high glycemic index that can quickly raise blood sugar levels.
matzo meal,negative,A refined carbohydrate with a high glycemic index that can quickly raise blood sugar levels.
mayonnaise,neutral,
mayonnaise style sandwich spread,negative,"Typically contains more added sugar and fillers than regular mayonnaise, contributing to carbohydrate intake."
mcintosh apple,positive,"Contains fiber and vitamins. The fiber helps slow the absorption of its natural sugars, making it a good fruit choice in moderation."
meat tenderizer,negative,"Often very high in sodium, which can contribute to high blood pressure, a common comorbidity with diabetes."
meatball,negative,"Often made with high-fat meats and breadcrumbs (refined carbs), which can negatively impact both blood sugar and heart health."
meatloaf mix,negative,"Typically a blend of high-fat ground meats, increasing saturated fat intake."
medium grain rice,negative,A refined carbohydrate with a high glycemic index that is quickly digested and causes a rapid rise in blood sugar.
medium grain white rice,negative,A refined carbohydrate with a high glycemic index that is quickly digested and causes a rapid rise in blood sugar.
medjool date,negative,"Very high in concentrated natural sugars, leading to a significant increase in blood sugar if not eaten in very small portions."
metal skewer,neutral,
mexican cheese blend,negative,"Typically high in saturated fat and sodium, which should be limited for cardiovascular health."
mexican oregano,neutral,
miami style sazon seasoning,negative,"Typically very high in sodium, which can contribute to high blood pressure."
mild cheddar cheese,negative,"High in saturated fat and sodium, which should be consumed in moderation to protect heart health."
mild italian sausage,negative,"A processed meat that is typically high in saturated fat and sodium, both of which should be limited for heart health."
mild italian sausage link,negative,"A processed meat that is typically high in saturated fat and sodium, both of which should be limited for heart health."
milk,neutral,
milk cracker crumb,negative,"A refined carbohydrate, similar to breadcrumbs, that will raise blood sugar levels."
milkfish,positive,"A good source of lean protein and healthy fats, which has a minimal impact on blood sugar."
millet,positive,"A whole grain rich in fiber, which helps to slow down digestion and prevent rapid blood sugar spikes compared to refined grains."
miniature cocktail sausage,negative,"A highly processed meat product, typically high in sodium, unhealthy fats, and sometimes added sugars."
miniature marshmallow,very negative,"Composed almost entirely of sugar and corn syrup, causing a very sharp and rapid spike in blood sugar."
mint,neutral,
mint leaf,neutral,
mint sprig,neutral,
mirin,negative,A sweet cooking wine with a high sugar content that contributes to the overall carbohydrate load of a meal.
miso paste,positive,"Low glycemic index and contains probiotics, but can be high in sodium."
mixed berry,positive,"Low glycemic index, high in fiber and antioxidants which help manage blood sugar."
mixed candied fruit,very negative,"Extremely high in added sugar, causing a rapid and significant spike in blood sugar."
mixed color bell pepper,positive,"Non-starchy vegetable, low in carbs and high in fiber and vitamins."
mixed fruit,positive,Good source of fiber and vitamins; portion control is important due to natural sugar content.
mixed herb,positive,Adds flavor without calories or carbs and contains beneficial antioxidants.
mixed spice,positive,Adds flavor without calories or carbs; some spices like cinnamon may help regulate blood sugar.
mixed vegetable,positive,Excellent source of fiber and nutrients with a low impact on blood sugar.
mixed wild mushroom,positive,"Low in carbohydrates and calories, with a low glycemic index."
mochiko,negative,A refined starch (sweet rice flour) with a high glycemic index that can cause blood sugar spikes.
mojo marinade,neutral,
molasses,very negative,A concentrated form of sugar that will cause a rapid and large increase in blood sugar.
monkfish,positive,Excellent source of lean protein with no carbohydrates.
monosodium glutamate,neutral,
monterey jack cheese,neutral,
montreal style steak seasoning,neutral,
morcilla sausage,negative,"High in saturated fat, sodium, and often contains high-glycemic fillers like rice."
mozzarella cheese,neutral,
multicolored candy sprinkle,very negative,"Composed almost entirely of sugar, causing a sharp spike in blood glucose."
mung bean,positive,"High in fiber and protein with a low glycemic index, aiding in blood sugar control."
mung bean sprout,positive,Very low in carbohydrates and high in fiber and water.
muscatel wine,negative,A sweet wine high in sugar; alcohol can also unpredictably affect blood sugar levels.
mushroom,positive,"Low in carbohydrates and calories, with a low glycemic index."
mushroom cap,positive,"Low in carbohydrates and calories, with a low glycemic index."
mussel,positive,Excellent source of lean protein with no carbohydrates.
mustard,neutral,
mustard green,positive,"A non-starchy leafy green, very low in carbs and high in nutrients."
mustard oil,positive,"A source of healthy monounsaturated fats, which are beneficial for heart health."
mustard powder,neutral,
mustard seed,neutral,
napa cabbage,positive,A low-carbohydrate vegetable rich in fiber and water.
navel orange,positive,A whole fruit that provides fiber to slow sugar absorption; best consumed in moderation.
navy bean,positive,"Excellent source of fiber and protein, which helps to stabilize blood sugar levels."
new potato,negative,A starchy vegetable that raises blood sugar; requires strict portion control.
new york strip steak,negative,"High in saturated fat; high intake of red meat is associated with cardiovascular risks, a concern for diabetics."
non dairy creamer,negative,Often contains added sugars (like corn syrup solids) and unhealthy hydrogenated fats.
nonfat evaporated milk,negative,Contains a concentrated amount of lactose (milk sugar) which can raise blood sugar.
nonfat plain yogurt,positive,"Good source of protein with no added sugar, which helps manage blood sugar."
noodle,negative,"Typically made from refined flour, which is a high-glycemic carbohydrate that can spike blood sugar."
nori,positive,"Very low in calories and carbohydrates, and a good source of minerals."
nori seaweed,positive,"Very low in calories and carbohydrates, and a good source of minerals."
nori seaweed sheet,positive,"Very low in calories and carbohydrates, and a good source of minerals."
nuoc mam,neutral,
nut,positive,"High in healthy fats, fiber, and protein, which helps improve blood sugar control."
nutmeg,neutral,
oat,positive,"Rich in soluble fiber (beta-glucan), which can improve insulin sensitivity and lower blood sugar."
oatmeal,positive,"Rich in soluble fiber (beta-glucan), which can improve insulin sensitivity and lower blood sugar (when unsweetened)."
octopus,positive,Excellent source of lean protein with no carbohydrates.
oil,neutral,
okra,positive,"High in soluble fiber, which can help slow digestion and stabilize blood sugar levels."
okra pod,positive,High in soluble fiber which can help stabilize blood sugar levels.
olive,positive,Rich in healthy monounsaturated fats and low in carbohydrates.
olive oil,positive,Excellent source of monounsaturated fats which can improve insulin sensitivity.
onion,positive,Low glycemic index and contains beneficial compounds that may help regulate blood sugar.
onion powder,neutral,
onion salt,negative,"High in sodium, which can increase blood pressure, a common risk for people with diabetes."
orange,positive,A whole fruit containing fiber that slows sugar absorption; should be eaten in moderation.
orange bell pepper,positive,Low in carbohydrates and high in fiber and vitamins.
orange blossom,neutral,
orange blossom honey,very negative,A form of sugar that will cause a rapid increase in blood sugar levels.
orange blossom water,neutral,
orange flower water,neutral,
orange gel food coloring,negative,Often contains sugar or corn syrup as a primary ingredient.
orange juice,very negative,"A concentrated source of sugar without the beneficial fiber of the whole fruit, causing rapid blood sugar spikes."
orange juice concentrate,very negative,A highly concentrated form of sugar that will cause a very rapid spike in blood sugar.
orange liqueur,very negative,"Contains both high amounts of sugar and alcohol, which negatively impact blood sugar control."
orange peel,neutral,
orange zest,neutral,
oregano,neutral,
oregano leaf,neutral,
orzo pasta,negative,A refined carbohydrate that is quickly digested and can cause a significant spike in blood sugar.
oxtail,negative,"High in saturated fat, which can contribute to insulin resistance and cardiovascular disease, a major risk for diabetics."
oyster sauce,negative,Typically high in sodium and often contains added sugar.
palm oil,negative,"High in saturated fat, which can negatively impact heart health and insulin sensitivity."
palm sugar,very negative,A form of sugar that will cause a rapid increase in blood sugar levels.
panang curry paste,negative,Often contains high levels of sodium and added sugar.
pandan leaf,neutral,
pandan paste,negative,Typically contains a significant amount of added sugar.
paneer,neutral,
panko bread crumb,negative,A refined carbohydrate that can cause a rapid increase in blood sugar.
panko crumb,negative,A refined carbohydrate that can cause a rapid increase in blood sugar.
panquehue cheese,neutral,
paprika,neutral,
parmesan cheese,neutral,
parmigiano reggiano,neutral,
parmigiano reggiano cheese,neutral,
parsley,neutral,
parsley leaf,neutral,
parsnip,negative,A starchy vegetable with a higher carbohydrate content that can raise blood sugar if not portioned carefully.
partridge breast half,positive,A lean source of protein which does not raise blood sugar and promotes satiety.
passata,positive,"Made from tomatoes, which are low in carbs and high in nutrients; check labels for added sugar or salt."
passion fruit,positive,Low glycemic index and a good source of dietary fiber.
pasta,negative,"Typically made from refined flour, it is high in carbohydrates that can cause significant blood sugar spikes."
pasta sauce,negative,Commercially prepared sauces are often high in added sugar and sodium.
pastry,very negative,"Made with refined flour and unhealthy fats, causing a sharp spike in blood sugar and contributing to poor cardiovascular health."
pastry double crust pie,very negative,"Extremely high in refined carbohydrates, sugar, and unhealthy fats."
pastry flour,very negative,A highly refined carbohydrate that will cause a rapid spike in blood sugar.
pate,negative,"Often high in saturated fat and sodium, which are concerns for cardiovascular health in diabetics."
pea,neutral,
pea pod,positive,Low in carbohydrates and a good source of fiber.
peach,positive,"A whole fruit containing fiber, which helps to moderate blood sugar levels. Best consumed in moderation due to natural sugar content."
peach flavored vodka,very negative,"Contains alcohol and high amounts of added sugar, which can cause unpredictable and dangerous blood sugar fluctuations."
peach schnapps,very negative,"A liqueur with a very high sugar content and alcohol, which can sharply raise blood sugar."
peach slice,positive,"A whole fruit containing fiber, which helps to moderate blood sugar levels. Assumes no added sugar."
peanut,positive,"Good source of healthy fats, protein, and fiber with a low glycemic index, promoting satiety and stable blood sugar."
peanut butter,positive,Good source of healthy fats and protein. Choose natural varieties without added sugar or hydrogenated oils.
peanut oil,neutral,"Primarily fat, so it does not directly impact blood sugar. Should be used in moderation."
peanut sauce,negative,"Typically high in added sugar, sodium, and sometimes unhealthy fats."
pear,positive,"A whole fruit containing fiber, which helps to moderate blood sugar levels."
pear juice,negative,"Lacks the fruit's natural fiber, leading to a concentrated source of sugar that can cause rapid blood sugar spikes."
pearl barley,positive,"A whole grain with a low glycemic index and high in soluble fiber, which helps slow sugar absorption."
pearl couscous,negative,A refined pasta product that can cause blood sugar to spike more quickly than whole grains.
pearl onion,positive,"A non-starchy vegetable, low in carbohydrates and calories."
pearl sugar,very negative,A form of refined sugar that will rapidly and significantly raise blood sugar.
pecan,positive,Excellent source of healthy fats and fiber with very few carbohydrates.
pecan half,positive,Excellent source of healthy fats and fiber with very few carbohydrates.
pecorino romano cheese,neutral,"Very low in carbohydrates, but high in sodium and saturated fat. Best consumed in moderation."
pectin,positive,A type of soluble fiber that can slow sugar absorption and improve blood glucose control.
penne,negative,"Typically made from refined white flour, which has a high glycemic index and can cause blood sugar spikes."
penne pasta,negative,"Typically made from refined white flour, which has a high glycemic index and can cause blood sugar spikes."
pepper,positive,Refers to bell peppers (a non-starchy vegetable) or ground pepper (adds flavor without calories or carbs).
pepper jack cheese,neutral,"Very low in carbohydrates, but high in sodium and saturated fat. Best consumed in moderation."
pepper sauce,negative,Often high in sodium and may contain added sugar.
peppercorn,positive,"Adds flavor without calories, sugar, or sodium and contains antioxidants."
pepperoni,negative,"A processed meat high in sodium and saturated fat, which are risk factors for heart disease."
persian cucumber,positive,"A non-starchy vegetable, very low in carbohydrates and calories."
persian lime,positive,Adds flavor with minimal sugar and is a good source of vitamin C.
persian rose petal,neutral,
petite diced tomato,positive,Tomatoes are a non-starchy vegetable rich in vitamins and antioxidants. Check for no-salt-added versions.
petite pea,positive,"While a starchy vegetable, peas provide fiber and protein, leading to a moderate glycemic index. Best in controlled portions."
pho ga soup seasoning,negative,Seasoning packets are typically extremely high in sodium and may contain added sugar.
phyllo dough,negative,"Made from refined white flour, which acts like sugar in the body and can spike blood glucose."
picante sauce,negative,Often contains added sugar and high levels of sodium.
pickle,negative,"Very high in sodium, which can increase blood pressure, a common concern for people with diabetes."
pickled ginger,negative,Often preserved in a solution containing sugar and salt.
pickled mustard cabbage,negative,Typically very high in sodium due to the pickling process.
pickling spice,neutral,
pie crust,very negative,"Made with refined flour and unhealthy fats, causing a sharp spike in blood sugar and providing empty calories."
pie crust mix,very negative,"A mix of refined flour and unhealthy fats, which will spike blood sugar."
pie shell,very negative,"Made with refined flour and unhealthy fats, causing a sharp spike in blood sugar."
pigs foot,negative,"Very high in saturated fat and cholesterol, which is not a heart-healthy choice."
piloncillo,very negative,A form of unrefined cane sugar; it is still sugar and will significantly raise blood glucose.
pimento,positive,"A type of red pepper, low in carbohydrates and a good source of vitamins."
pimento stuffed green olive,negative,"Olives are brined and thus very high in sodium, which can raise blood pressure."
pimento stuffed olive,negative,"Olives are brined and thus very high in sodium, which can raise blood pressure."
pimiento pepper,positive,"A type of red pepper, low in carbohydrates and a good source of vitamins."
pimiento stuffed green olive,negative,"Olives are brined and thus very high in sodium, which can raise blood pressure."
pimiento stuffed olive,negative,"Olives are brined and thus very high in sodium, which can raise blood pressure."
pina colada drink mix,very negative,Extremely high in sugar with no nutritional value.
pine nut,positive,"Good source of healthy fats, protein, and minerals with few carbohydrates."
pineapple,negative,Contains natural sugars that raise blood sugar levels. Best consumed in moderation as the whole fruit for its fiber content.
pineapple chunk,negative,Contains natural sugars that raise blood sugar levels. Best consumed in moderation as the whole fruit for its fiber content.
pineapple juice,very negative,"A concentrated source of sugar without the fiber of the whole fruit, causing a rapid blood sugar spike."
pineapple preserve,very negative,"Very high in added sugar, which will cause a significant spike in blood sugar."
pineapple ring,negative,Contains natural sugars that raise blood sugar levels. Best consumed in moderation as the whole fruit for its fiber content.
pineapple tidbit,negative,Contains natural sugars that raise blood sugar levels. Best consumed in moderation as the whole fruit for its fiber content.
pink food coloring,neutral,
pink himalayan salt,neutral,
pinot noir wine,negative,Alcohol can interfere with blood sugar control and diabetes medications.
pinto bean,positive,"High in fiber and protein with a low glycemic index, which helps stabilize blood sugar."
pisco,negative,Alcohol can interfere with blood sugar control and diabetes medications.
pistachio,positive,"Rich in healthy fats, fiber, and protein, which helps manage blood sugar levels."
pistachio nut,positive,"Rich in healthy fats, fiber, and protein, which helps manage blood sugar levels."
pita bread,negative,"Typically made from refined flour, a high-glycemic carbohydrate that can rapidly increase blood sugar."
pita bread round,negative,"Typically made from refined flour, a high-glycemic carbohydrate that can rapidly increase blood sugar."
pita round,negative,"Typically made from refined flour, a high-glycemic carbohydrate that can rapidly increase blood sugar."
pizza crust,very negative,"Typically made from highly refined flour, leading to a significant and rapid spike in blood sugar."
pizza dough,very negative,"Made from highly refined flour, which will cause a significant spike in blood sugar when cooked and eaten."
pizza sauce,negative,"Frequently contains added sugars, which contribute to higher blood sugar levels."
plain low fat yogurt,positive,Unsweetened yogurt is a good source of protein with a low glycemic index.
plain yogurt,positive,Unsweetened yogurt is a good source of protein with a low glycemic index.
plantain,negative,"A starchy vegetable high in carbohydrates that significantly raises blood sugar, especially when ripe."
plantain leaf,neutral,
plum,positive,"A low-glycemic fruit rich in fiber, which helps moderate blood sugar response."
plum preserve,very negative,"Very high in added sugar, which will cause a significant spike in blood sugar."
plum tomato,positive,"A non-starchy vegetable, low in carbohydrates and calories."
poblano pepper,positive,"A non-starchy vegetable, very low in carbohydrates and high in fiber."
poi,negative,"A starchy food made from taro root, which is high in carbohydrates and will raise blood sugar."
polenta,negative,A high-glycemic carbohydrate that can cause a rapid increase in blood sugar levels.
polish kielbasa,negative,"Processed meat high in sodium and saturated fat, which can worsen insulin resistance and increase heart disease risk."
polish sausage,negative,"Processed meat high in sodium and saturated fat, which can worsen insulin resistance and increase heart disease risk."
polskie ogorki,neutral,
pomegranate juice,very negative,"A concentrated source of sugar without the fiber of the whole fruit, causing a rapid blood sugar spike."
pomegranate molasses,very negative,"A concentrated syrup, extremely high in sugar."
pomegranate seed,positive,"Contains fiber and antioxidants, which help moderate the impact of its natural sugar on blood glucose."
pomegranate syrup,very negative,"High in added sugar, which will cause a sharp rise in blood sugar."
poppy seed,neutral,
porcini mushroom,positive,"A non-starchy vegetable, low in carbohydrates and a good source of fiber."
pork,neutral,
pork back fat,negative,"High in saturated fat, which can contribute to insulin resistance and cardiovascular disease."
pork backfat,negative,"High in saturated fat, which can contribute to insulin resistance and cardiovascular disease."
pork belly,negative,"Very high in saturated fat, which can worsen insulin resistance and increase heart disease risk."
pork breakfast chop,negative,"A fatty cut of pork, high in saturated fat which can worsen insulin resistance."
pork butt,negative,"A fatty cut of pork, high in saturated fat which can worsen insulin resistance."
pork butt roast,negative,"A fatty cut of pork, high in saturated fat which can worsen insulin resistance."
pork chop,neutral,
pork cutlet,neutral,
pork loin,positive,A very lean source of protein that does not raise blood sugar and has minimal saturated fat.
pork loin chop,positive,A lean source of protein that does not raise blood sugar and has minimal saturated fat.
pork loin roast,positive,A lean source of protein that does not raise blood sugar and has minimal saturated fat.
pork roast,neutral,"Lean cuts are a good protein source, but fatty cuts are high in saturated fat. Preparation and portion size are key."
pork sausage,negative,"Typically high in saturated fat, sodium, and processed ingredients, which are risk factors for heart disease."
pork shank,neutral,"A source of protein, but can be high in fat. Portion control and trimming visible fat are important."
pork shoulder,negative,"A fatty cut of pork, high in saturated fat which can worsen insulin resistance and heart disease risk."
pork shoulder roast,negative,"A fatty cut of pork, high in saturated fat which can worsen insulin resistance and heart disease risk."
pork sirloin,positive,A lean cut of pork that is an excellent source of protein with minimal impact on blood sugar.
pork sirloin roast,positive,A lean cut of pork that is an excellent source of protein with minimal impact on blood sugar.
pork sparerib,negative,Very high in saturated fat and often served with sugary sauces.
pork steak,neutral,Health impact depends on the cut; lean cuts are positive while fatty cuts are negative.
pork stew meat,negative,"Often from fatty cuts like pork shoulder, making it high in saturated fat."
pork tenderloin,positive,"A very lean cut of pork, providing high-quality protein without excess saturated fat."
port wine,negative,"Contains both alcohol and sugar, which can cause unpredictable blood sugar fluctuations."
port wine flavored gelatin mix,very negative,"Primarily composed of sugar and artificial ingredients, causing a rapid spike in blood sugar."
portobello mushroom,positive,"Low in carbohydrates and calories, a good source of fiber and nutrients, with no impact on blood sugar."
portobello mushroom cap,positive,"Low in carbohydrates and calories, a good source of fiber and nutrients, with no impact on blood sugar."
portuguese chourico sausage,negative,"A processed meat high in sodium and saturated fat, increasing cardiovascular risk."
portuguese hot pepper sauce,neutral,"Typically low in sugar and carbs, but can be high in sodium. Use in moderation."
portuguese linguica sausage,negative,"A processed meat high in sodium and saturated fat, increasing cardiovascular risk."
portuguese sausage,negative,Generally refers to processed meats high in sodium and saturated fat.
potato,negative,A starchy vegetable with a high glycemic index that can cause significant spikes in blood sugar levels.
potato cooking water,neutral,
potato flake,very negative,"Highly processed, dehydrated potato with a very high glycemic index, leading to a rapid blood sugar spike."
potato flour,negative,"A refined starch that acts like white flour, causing a rapid rise in blood sugar."
potato starch,very negative,"A pure, refined starch that is rapidly digested and causes a sharp spike in blood sugar."
poultry seasoning,neutral,
powdered milk,negative,Contains concentrated milk sugar (lactose) which can raise blood sugar levels.
prawn,positive,"An excellent source of lean protein with virtually no carbohydrates, helping with satiety without affecting blood sugar."
processed american cheese,negative,"High in sodium, unhealthy fats, and additives, contributing to cardiovascular risk."
processed cheese sauce,very negative,"Highly processed, often containing starches, unhealthy fats, and high sodium, with a negative impact on blood sugar and heart health."
provolone cheese,neutral,Low in carbs but high in saturated fat and sodium; should be consumed in moderation.
prune,negative,A dried fruit with concentrated sugars that can raise blood sugar levels quickly despite its fiber content.
puff pastry,very negative,"Made from refined white flour and high amounts of saturated fat, causing a sharp blood sugar spike and being detrimental to heart health."
puff pastry sheet,very negative,"Made from refined white flour and high amounts of saturated fat, causing a sharp blood sugar spike and being detrimental to heart health."
pulled pork,negative,Typically made from fatty pork shoulder and often served with sugary sauces.
pumpkin,positive,"A non-starchy vegetable, low in calories and high in fiber, which helps regulate blood sugar."
pumpkin puree,positive,"Unsweetened pumpkin puree is low in carbs and high in fiber, making it a good choice for blood sugar management."
purple daikon radish,positive,A non-starchy vegetable that is low in carbs and high in fiber.
purple food coloring,neutral,
purple onion,positive,Low glycemic index and contains beneficial plant compounds that may help with blood sugar control.
purslane,positive,"A nutrient-dense leafy green, low in carbs and a good source of omega-3 fatty acids."
quail egg,positive,A great source of protein and healthy fats with no carbohydrates.
quark,positive,"High in protein and typically low in carbohydrates and fat, making it an excellent choice for blood sugar control."
queijo coalho cheese curd,neutral,High in protein but also in saturated fat and sodium. Best consumed in moderation.
queso chanco,neutral,"A source of protein, but high in saturated fat and sodium. Best consumed in moderation."
queso fresco,positive,"A lower-fat, lower-sodium cheese that provides protein without a significant amount of saturated fat."
quick cooking oat,neutral,"While a source of fiber, it is more processed and has a higher glycemic index than less processed oats like steel-cut or rolled."
quick rise yeast,neutral,
quince,neutral,A fruit containing fiber and natural sugar. Its impact on blood sugar depends on portion size and preparation.
quince paste,very negative,"Extremely high in added sugar, causing a very rapid and significant spike in blood sugar."
quinoa,positive,"A whole grain with a good balance of protein, fiber, and complex carbohydrates, leading to a slower, more gradual rise in blood sugar."
rabbit,positive,A lean source of protein that does not raise blood sugar and supports muscle health.
radish,positive,"A non-starchy, high-fiber vegetable with a minimal impact on blood sugar."
raisin,negative,"High in concentrated sugar and carbohydrates, which can cause a rapid spike in blood sugar levels."
ramen noodle,negative,"Typically made from refined flour, high in carbohydrates with a high glycemic index, leading to blood sugar spikes."
rapeseed oil,positive,"A source of healthy unsaturated fats, which can support heart health without impacting blood sugar."
raspberry,positive,"High in fiber and antioxidants with a relatively low glycemic index, helping to manage blood sugar."
raspberry flavored soda water,neutral,"If unsweetened or sweetened with zero-calorie sweeteners, it does not directly impact blood sugar levels."
raspberry jam,very negative,"Very high in added sugar, causing a sharp and significant rise in blood sugar."
recao,neutral,
recaito,positive,"A low-carbohydrate flavoring base made from vegetables and herbs, adding nutrients without affecting blood sugar."
red bean curd,positive,Low in carbohydrates and a good source of plant-based protein.
red bean paste,very negative,"Typically contains a very high amount of added sugar, leading to a rapid spike in blood sugar."
red bell pepper,positive,"A non-starchy vegetable, low in carbohydrates and high in vitamins and fiber."
red cabbage,positive,"A low-carbohydrate, high-fiber vegetable rich in antioxidants."
red candied cherry,very negative,"Extremely high in added sugar and syrup, causing a severe blood sugar spike."
red caviar,positive,Rich in protein and healthy omega-3 fatty acids with no carbohydrates.
red chile,positive,"Low in carbohydrates and contains capsaicin, which may have metabolic benefits."
red chile flake,positive,Adds flavor without carbohydrates or sugar.
red chile paste,neutral,"Generally low in sugar, but some brands may have added sugar; check labels."
red chile pepper,positive,"Low in carbohydrates and contains capsaicin, which may have metabolic benefits."
red chile powder,positive,"Adds flavor without carbohydrates, sugar, or significant calories."
red chile sauce,negative,"Often contains added sugars and sodium, which can negatively impact blood sugar and blood pressure."
red chili pepper,positive,"Low in carbohydrates and contains capsaicin, which may have metabolic benefits."
red chili powder,positive,"Adds flavor without carbohydrates, sugar, or significant calories."
red cooking wine,neutral,
red currant,positive,A fruit with a good fiber content and a lower sugar impact compared to many other fruits.
red currant jam,very negative,"Very high in added sugar, causing a sharp and significant rise in blood sugar."
red curry paste,positive,"A flavorful paste made from spices and herbs, generally low in sugar and carbohydrates."
red food color,neutral,
red food coloring,neutral,
red grape,negative,"Contains natural sugars and has a higher glycemic impact than berries, requiring portion control."
red kidney bean,positive,"High in fiber and protein, which helps slow down carbohydrate absorption and stabilize blood sugar."
red lentil,positive,"Excellent source of fiber and protein, leading to a slow, steady release of glucose."
red miso,positive,A fermented food low in carbohydrates that provides protein and probiotics.
red onion,positive,A low-carbohydrate vegetable that adds flavor and beneficial plant compounds.
red pepper,positive,"A non-starchy vegetable, low in carbohydrates and high in vitamins and fiber."
red pepper flake,positive,Adds flavor without carbohydrates or sugar.
red potato,negative,A starchy vegetable with a moderate-to-high glycemic index that can significantly raise blood sugar levels.
red skinned potato,negative,A starchy vegetable with a moderate-to-high glycemic index that can significantly raise blood sugar levels.
red snapper,positive,An excellent source of lean protein and healthy fats with no carbohydrates.
red table wine,neutral,Alcohol can have complex effects on blood sugar; dry wine is low in carbs but should be consumed in moderation.
red thai curry paste,positive,"A flavorful paste made from spices and herbs, generally low in sugar and carbohydrates."
red wine,neutral,Alcohol can have complex effects on blood sugar; dry wine is low in carbs but should be consumed in moderation.
red wine vinegar,positive,"Contains acetic acid, which may help improve insulin sensitivity and lower post-meal blood sugar response."
refrigerated pie crust,very negative,"Made with refined white flour and unhealthy fats, it is high in carbohydrates and can cause a large blood sugar spike."
rennet tablet,neutral,
rhubarb,positive,Very low in sugar and carbohydrates and a good source of fiber.
rib eye steak,neutral,"High in protein which is beneficial, but also high in saturated fat, which should be limited for heart health."
rice,very negative,"Assuming white rice, it is a refined carbohydrate with a high glycemic index that causes a rapid, significant spike in blood sugar."
rice cereal,very negative,"A highly processed refined grain, often with added sugar, leading to a very fast and high spike in blood sugar."
rice flour,negative,"A highly refined carbohydrate with a high glycemic index, which can cause rapid blood sugar spikes."
rice noodle,negative,"Made from refined rice flour, these noodles are high in carbohydrates and can quickly raise blood sugar levels."
rice paper wrapper,negative,"Made from refined rice flour, it is a source of carbohydrates that can raise blood sugar."
rice soup,negative,"Primarily composed of rice, a high-glycemic carbohydrate that can easily be over-consumed and spike blood sugar."
rice stick noodle,negative,"A refined carbohydrate with a high glycemic index, leading to blood sugar spikes."
rice vermicelli,negative,"A refined carbohydrate with a high glycemic index, leading to blood sugar spikes."
rice vermicelli noodle,negative,"A refined carbohydrate with a high glycemic index, leading to blood sugar spikes."
rice vinegar,neutral,
rice wine,negative,"Contains alcohol and carbohydrates, which can unpredictably affect blood sugar levels and interact with diabetes medications."
rice wine vinegar,neutral,
rice wrapper,negative,"Made from refined rice flour, it is a source of carbohydrates that can raise blood sugar."
ricotta cheese,positive,"Low in carbohydrates and a good source of protein, which has a minimal impact on blood sugar."
rigatoni pasta,negative,"Typically made from refined flour, it is a high-carbohydrate food that can significantly raise blood sugar."
ripe olive,positive,"Low in carbohydrates and high in healthy monounsaturated fats, which are beneficial for heart health."
roast beef,positive,"A source of protein with no carbohydrates, which does not raise blood sugar. Choose lean cuts."
roasted red bell pepper,positive,"A non-starchy vegetable, low in carbohydrates and high in fiber and vitamins."
roasted red pepper,positive,"A non-starchy vegetable, low in carbohydrates and high in fiber and vitamins."
rock salt,neutral,
rock sugar,very negative,A form of pure sugar that causes a very rapid and significant spike in blood sugar levels.
rolled oat,positive,"A whole grain high in soluble fiber, which helps slow down sugar absorption and improve blood sugar control."
roma plum tomato,positive,"A non-starchy vegetable, low in carbohydrates and a good source of vitamins and fiber."
roma tomato,positive,"A non-starchy vegetable, low in carbohydrates and a good source of vitamins and fiber."
romaine lettuce,positive,"A non-starchy vegetable, very low in calories and carbohydrates, with a negligible effect on blood sugar."
romaine lettuce leaf,positive,"A non-starchy vegetable, very low in calories and carbohydrates, with a negligible effect on blood sugar."
romano,positive,"A cheese that is very low in carbohydrates and high in protein, having a minimal impact on blood sugar."
romano cheese,positive,"A cheese that is very low in carbohydrates and high in protein, having a minimal impact on blood sugar."
rose extract,neutral,
rose petal,neutral,
rose petal powder,neutral,
rose water,neutral,
rosemary,neutral,
rotelle pasta,negative,"Typically made from refined flour, it is a high-carbohydrate food that can significantly raise blood sugar."
rotini pasta,negative,"Typically made from refined flour, it is a high-carbohydrate food that can significantly raise blood sugar."
round steak,positive,"A lean source of protein with no carbohydrates, which does not raise blood sugar."
rum,negative,"Alcohol can interfere with blood sugar control and liver function, potentially causing dangerous lows or highs."
rum cream liqueur,very negative,"High in both sugar and alcohol, causing a rapid blood sugar spike and interfering with blood sugar management."
rum flavored extract,neutral,
rum flavoring,neutral,
rump roast,positive,"A source of protein with no carbohydrates, which does not raise blood sugar. Choose lean preparations."
russet potato,negative,A starchy vegetable with a high glycemic index that can cause significant blood sugar spikes.
rutabaga,positive,"A root vegetable that is lower in carbohydrates and higher in fiber compared to potatoes, having a more moderate effect on blood sugar."
rye flake,positive,"A whole grain high in fiber, which helps slow sugar absorption and manage blood sugar levels."
rye flour,negative,"While potentially better than white flour, it is still a concentrated source of carbohydrates that can raise blood sugar. Whole-grain rye is a better choice."
saffron,neutral,
saffron powder,neutral,
saffron thread,neutral,
sage,neutral,
sake,negative,"A rice wine containing both alcohol and carbohydrates, which can negatively and unpredictably impact blood sugar control."
salam leaf,neutral,
salami,negative,"While low in carbs, it is high in saturated fat and sodium, which increase the risk of heart disease, a common complication of diabetes."
salmon,positive,"Excellent source of omega-3 fatty acids and lean protein, which are beneficial for heart health and do not spike blood sugar."
salmon fillet,positive,"Excellent source of omega-3 fatty acids and lean protein, which are beneficial for heart health and do not spike blood sugar."
salsa,positive,Typically low-carb and made from vegetables. Choose varieties with no added sugar and low sodium.
salt,negative,"High sodium intake is linked to high blood pressure, a significant risk for people with diabetes."
salt beef,very negative,"Highly processed meat, extremely high in sodium and saturated fat, which are detrimental to cardiovascular health."
salt pork,very negative,"Extremely high in sodium and saturated fat, increasing the risk of high blood pressure and heart disease."
saltine cracker,negative,"Made from refined flour with a high glycemic index, which can cause rapid blood sugar spikes. Often high in sodium."
sambal oelek,neutral,
sardine,positive,Rich in heart-healthy omega-3 fatty acids and protein. Choose options packed in water or olive oil.
sashimi grade tuna,positive,An excellent source of lean protein and omega-3 fatty acids.
sauce,negative,"A general term, but many commercial sauces are very high in hidden sugars and sodium, which negatively impact blood sugar and blood pressure."
sauerkraut,positive,Low in carbs and a good source of fiber and probiotics. Monitor sodium content in commercial brands.
sausage,very negative,"Processed meat that is typically very high in saturated fat and sodium, increasing cardiovascular risk."
sausage casing,neutral,
savory,neutral,
savoy cabbage,positive,"A non-starchy vegetable, low in carbohydrates and high in fiber and nutrients."
sazon seasoning,negative,Commercial blends are often very high in sodium.
scallion,positive,A non-starchy vegetable that adds flavor with negligible calories or carbs.
scallop,positive,A lean source of protein with minimal carbohydrates or fat.
scotch bonnet chile,positive,Adds flavor with negligible calories or carbs and may have metabolic benefits.
scotch bonnet chile pepper,positive,Adds flavor with negligible calories or carbs and may have metabolic benefits.
scotch bonnet hot sauce,negative,Commercial hot sauces can be very high in sodium and may contain added sugar.
scotch bonnet pepper,positive,Adds flavor with negligible calories or carbs and may have metabolic benefits.
sea bass,positive,A good source of lean protein and omega-3 fatty acids.
sea bass fillet,positive,A good source of lean protein and omega-3 fatty acids.
sea salt,negative,Has the same effect as regular salt on blood pressure; high sodium intake is a risk for people with diabetes.
sea scallop,positive,A lean source of protein with minimal carbohydrates or fat.
seafood seasoning,negative,Typically very high in sodium.
seafood stock,negative,Commercial versions are often very high in sodium.
seasoned rice vinegar,negative,The term 'seasoned' indicates that sugar and salt have been added.
seasoned salt,negative,Very high in sodium by definition.
seasoning salt,negative,Very high in sodium by definition.
self rising cornmeal,negative,A refined carbohydrate that will raise blood sugar levels. Also contains added sodium.
self rising flour,very negative,A refined white flour with a high glycemic index that causes a rapid spike in blood sugar. Also contains added sodium.
seltzer water,neutral,
semi sweet chocolate chip,negative,"Contains a significant amount of sugar and saturated fat, which negatively impacts blood sugar control."
semisweet baking chocolate,negative,"Contains a significant amount of sugar and saturated fat, which negatively impacts blood sugar control."
semisweet chocolate,negative,"Contains a significant amount of sugar and saturated fat, which negatively impacts blood sugar control."
semisweet chocolate bar,negative,"Contains a significant amount of sugar and saturated fat, which negatively impacts blood sugar control."
semisweet chocolate chip,negative,"Contains a significant amount of sugar and saturated fat, which negatively impacts blood sugar control."
semolina,negative,A refined wheat product with a high carbohydrate content that can raise blood sugar levels.
semolina flour,negative,A refined wheat product with a high carbohydrate content that can raise blood sugar levels.
serrano,positive,A chili pepper that adds flavor with negligible calories or carbs.
serrano chile,positive,Adds flavor with negligible calories or carbs.
serrano chile pepper,positive,Adds flavor with negligible calories or carbs.
serrano ham,negative,"A cured meat that is very high in sodium, which can increase blood pressure."
serrano pepper,positive,Adds flavor with negligible calories or carbs.
sesame oil,positive,"A source of healthy unsaturated fats, beneficial for heart health when used in moderation."
sesame seed,positive,"A good source of healthy fats, protein, and fiber, which can help moderate blood sugar."
sesame seed hamburger bun,very negative,"Typically made from refined white flour with a high glycemic index, causing a rapid blood sugar spike."
seville orange marmalade,very negative,"Extremely high in added sugar, which causes a rapid and significant spike in blood glucose levels."
shallot,positive,"A low-carb, low-calorie vegetable that adds flavor without sodium or sugar, and contains beneficial antioxidants."
shaoxing rice wine,negative,"Contains alcohol, which can cause unpredictable blood sugar fluctuations and may interact with diabetes medications."
sheeps milk feta cheese,negative,"High in saturated fat and sodium, which can negatively impact heart health and blood pressure, both of which are concerns for people with diabetes."
sherry,negative,An alcoholic beverage that can interfere with blood sugar control and medication.
sherry vinegar,neutral,
sherry wine,negative,An alcoholic beverage that can interfere with blood sugar control and medication.
shichimi togarashi,neutral,
shiitake mushroom,positive,"A low-carbohydrate, non-starchy vegetable rich in fiber and nutrients, which helps in blood sugar management."
shoestring potato stick,very negative,"Highly processed, fried, and made from refined carbohydrates. They are high in unhealthy fats, sodium, and will cause a sharp spike in blood sugar."
short grain brown rice,positive,A whole grain with a lower glycemic index than white rice; its fiber content helps slow sugar absorption.
short grain rice,negative,"Typically refers to white rice, a refined carbohydrate with a high glycemic index that can cause rapid blood sugar spikes."
short grain white rice,negative,A refined carbohydrate with a high glycemic index that can cause rapid blood sugar spikes.
shortening,very negative,"A solid fat high in unhealthy saturated and/or trans fats, which are detrimental to cardiovascular health."
shrimp,positive,"An excellent source of lean protein with virtually no carbohydrates, making it great for blood sugar control."
shrimp paste,negative,"Extremely high in sodium, which can contribute to high blood pressure, a common comorbidity with diabetes."
sichuan pepper,neutral,
silken tofu,positive,"A good source of plant-based protein, low in carbohydrates, and beneficial for blood sugar management."
silver tequila,negative,An alcoholic beverage that can interfere with blood sugar control and medication.
simple syrup,very negative,"A solution of pure sugar and water, it will cause an immediate and severe spike in blood glucose."
sirloin,positive,"A lean cut of beef that is a good source of protein without carbohydrates, supporting stable blood sugar levels."
sirloin steak,positive,"A lean cut of beef that is a good source of protein without carbohydrates, supporting stable blood sugar levels."
sirloin tip,positive,"A lean cut of beef that is a good source of protein without carbohydrates, supporting stable blood sugar levels."
skewer,neutral,
skinless chicken breast,positive,"An excellent source of lean protein with no carbs, ideal for managing blood sugar levels."
skirt steak,negative,"A fattier cut of beef, higher in saturated fat compared to leaner cuts like sirloin."
small shrimp,positive,"An excellent source of lean protein with virtually no carbohydrates, making it great for blood sugar control."
small white bean,positive,"High in fiber and plant-based protein, which helps to slow digestion and prevent blood sugar spikes."
smelt,positive,A fatty fish that is a good source of protein and heart-healthy omega-3 fatty acids.
smoked ham,negative,A processed meat that is typically high in sodium and may contain added sugars or nitrates.
smoked ham hock,negative,"Very high in saturated fat and sodium, which are detrimental to cardiovascular health."
smoked paprika,neutral,
smoked pork chop,negative,"A processed meat, often high in sodium and saturated fat."
smoked salmon,positive,Rich in heart-healthy omega-3 fatty acids and protein. Choose lower-sodium options when possible.
smoked sausage,very negative,"Highly processed meat, typically very high in sodium, unhealthy fats, and preservatives."
smoked tempeh bacon,positive,"A plant-based source of protein and fiber, generally lower in saturated fat than traditional bacon."
snap pea,positive,"A non-starchy vegetable high in fiber and nutrients, with a minimal impact on blood sugar."
snow pea,positive,"A non-starchy vegetable high in fiber and nutrients, with a minimal impact on blood sugar."
snow pea pod,positive,"A non-starchy vegetable high in fiber and nutrients, with a minimal impact on blood sugar."
soba noodle,positive,"Made from buckwheat, which has a lower glycemic index and more fiber than noodles made from refined wheat."
soaked in cold water,neutral,
soaked in water,neutral,
sofrito,neutral,
sofrito sauce,negative,Commercially prepared versions can be high in sodium and may contain added sugars.
soft brown sugar,very negative,A form of sugar that will cause a rapid and high spike in blood glucose levels.
solid white tuna,positive,An excellent source of lean protein and omega-3 fatty acids. Best when packed in water.
sour cherry,positive,A fruit with a relatively low glycemic index and anti-inflammatory properties. Portion control is important.
sour cherry preserve,very negative,"Contains a very high amount of added sugar, which will cause a sharp spike in blood glucose."
sour cream,negative,"High in saturated fat, which can impact heart health. Low-fat or fat-free options are better alternatives."
sour manioc starch,negative,A highly refined starch (tapioca) with a high glycemic index that can cause sharp spikes in blood sugar.
soy based liquid seasoning,negative,"Typically very high in sodium, which can impact blood pressure and cardiovascular health, a key concern for diabetics."
soy milk,positive,"Unsweetened soy milk is low in carbohydrates and a good source of plant-based protein, having a minimal impact on blood sugar."
soy sauce,negative,"Very high in sodium, which can contribute to high blood pressure, a common comorbidity with diabetes."
soy sauce flavored ramen noodle,very negative,Contains refined carbohydrates that rapidly raise blood sugar and very high levels of sodium.
soybean sprout,positive,"Low in carbohydrates and a good source of fiber, which helps regulate blood sugar."
spaghetti,negative,"Typically made from refined flour, which is a high-carbohydrate food that can significantly raise blood sugar levels."
spanish chorizo,negative,"A processed meat high in saturated fat and sodium, which can negatively impact heart health."
spanish chorizo sausage,negative,"A processed meat high in saturated fat and sodium, which can negatively impact heart health."
spanish chorizo sausage link,negative,"A processed meat high in saturated fat and sodium, which can negatively impact heart health."
spanish octopus,positive,"A lean source of protein with virtually no carbohydrates, which does not raise blood sugar levels."
spanish olive,positive,"Rich in healthy monounsaturated fats, which are beneficial for heart health. Should be consumed in moderation due to sodium from brining."
spanish onion,positive,"A low-carbohydrate, high-fiber vegetable that has a minimal impact on blood sugar."
spanish peanut,positive,"Provides healthy fats, protein, and fiber, which can help manage blood sugar levels when eaten in moderation."
spanish serrano ham,negative,"A cured meat that is very high in sodium, which can negatively affect blood pressure and cardiovascular health."
spanish smoked paprika,neutral,
spanish style chorizo,negative,"A processed meat high in saturated fat and sodium, which can negatively impact heart health."
spanish style olive,positive,"Rich in healthy monounsaturated fats, which are beneficial for heart health. Should be consumed in moderation due to sodium from brining."
spanish yellow rice mix,very negative,"Contains refined white rice, which spikes blood sugar, and seasoning packets that are typically very high in sodium."
sparkling mineral water,neutral,
sparkling water,neutral,
spelt flour,negative,"While a whole grain, it is a concentrated source of carbohydrates that will raise blood sugar levels."
spicy brown mustard,neutral,
spinach,positive,"A non-starchy vegetable, extremely low in carbohydrates and high in fiber and nutrients, making it excellent for blood sugar control."
split pea,positive,"High in fiber and protein, which helps slow digestion and prevent rapid blood sugar spikes."
sponge cake,very negative,"Made with refined flour and large amounts of sugar, causing a rapid and significant spike in blood sugar."
spray,neutral,
spring garlic,positive,A low-carbohydrate vegetable that adds flavor without impacting blood sugar.
spring onion,positive,A low-carbohydrate vegetable that adds flavor without impacting blood sugar.
spring roll wrapper,negative,"Made from refined flour, these are high in simple carbohydrates that can quickly raise blood sugar."
spring water,neutral,
sprinkle,very negative,"Typically made of pure sugar, offering no nutritional value and causing a sharp rise in blood sugar."
squid,positive,"A lean source of protein with no carbohydrates, so it does not raise blood sugar."
sriracha hot sauce,negative,"Often contains added sugar and sodium, which can negatively impact blood sugar control and blood pressure."
sriracha sauce,negative,"Often contains added sugar and sodium, which can negatively impact blood sugar control and blood pressure."
star anise,neutral,
star anise pod,neutral,
steelhead trout fillet,positive,An excellent source of lean protein and heart-healthy omega-3 fatty acids with no carbohydrates.
stewed tomato,negative,"Canned and stewed versions often contain added sugar and sodium, which are detrimental to diabetes management."
straw mushroom,positive,A low-carbohydrate vegetable that is a good source of nutrients and has a minimal effect on blood sugar.
strawberry,positive,"A low-glycemic fruit rich in fiber and antioxidants, which helps moderate its effect on blood sugar."
strawberry flavored syrup,very negative,"Typically high in sugar or high-fructose corn syrup, causing a very rapid spike in blood sugar."
strawberry jam,very negative,"Contains a high concentration of added sugar, which leads to a rapid increase in blood glucose levels."
string,neutral,
sucralose sweetener,positive,"A zero-calorie artificial sweetener that does not raise blood sugar levels, serving as a safe sugar substitute."
sugar,very negative,"Directly and rapidly raises blood glucose levels, and is a primary substance to limit for diabetes management."
sugar based curing mixture,very negative,"Contains high amounts of sugar and sodium, which are absorbed by the food and negatively impact blood sugar and blood pressure."
sugar crystal,very negative,A form of pure sugar that will cause a rapid and significant spike in blood sugar.
sugar snap pea,positive,"A good source of fiber, which helps to slow the absorption of its natural carbohydrates, leading to a moderate effect on blood sugar."
sultana raisin,negative,"A dried fruit with a high concentration of natural sugar, which can cause a rapid increase in blood sugar levels."
sumac,neutral,
sumac powder,positive,Contains antioxidants and some studies suggest it may help lower blood sugar levels.
sun dried tomato,positive,Low in carbohydrates and a good source of fiber and antioxidants.
sunflower oil,neutral,
sunflower seed kernel,positive,"Good source of healthy fats, fiber, and protein, which helps stabilize blood sugar."
sunflower seed oil,neutral,
superfine sugar,very negative,A refined sugar that causes a rapid and significant spike in blood glucose levels.
sushi rice,negative,A refined carbohydrate with a high glycemic index that can cause sharp increases in blood sugar.
swanson chicken broth,negative,"Often very high in sodium, which can negatively impact blood pressure, a common concern for people with diabetes."
swedish anchovy,negative,"Very high in sodium, which can contribute to high blood pressure."
swedish arrack punsch,very negative,"Contains both alcohol and high amounts of sugar, which can severely disrupt blood sugar control."
sweet bread roll,very negative,"Made with refined flour and added sugar, leading to a rapid spike in blood sugar levels."
sweet cherry,positive,"Contains fiber and antioxidants with a relatively low glycemic index, making it a good fruit choice in moderation."
sweet chili sauce,very negative,"Very high in sugar content, which will cause a significant and rapid rise in blood sugar."
sweet corn,negative,A starchy vegetable high in carbohydrates that can raise blood sugar levels if not eaten in moderation.
sweet corn kernel,negative,A starchy vegetable high in carbohydrates that can raise blood sugar levels if not eaten in moderation.
sweet manioc starch,very negative,A highly refined starch with a high glycemic index that can cause a rapid spike in blood sugar.
sweet onion,positive,Low in carbohydrates and a good source of fiber and beneficial plant compounds.
sweet paprika,neutral,
sweet pea,positive,"Good source of fiber and protein, which helps to moderate its impact on blood sugar."
sweet potato,positive,"A good source of fiber and nutrients with a lower glycemic index than white potatoes, leading to a slower rise in blood sugar."
sweet potato noodle,negative,"Made from refined sweet potato starch, these noodles are high in carbohydrates and can raise blood sugar quickly."
sweet potato vermicelli,negative,"Made from refined sweet potato starch, these noodles are high in carbohydrates and can raise blood sugar quickly."
sweet red chili sauce,very negative,"Very high in sugar content, which will cause a significant and rapid rise in blood sugar."
sweet rice flour,very negative,A highly refined flour with a very high glycemic index that causes a rapid spike in blood sugar.
sweet soy sauce,very negative,"Contains a very high amount of added sugar, in addition to sodium, which will significantly raise blood sugar."
sweet spanish onion,positive,Low in carbohydrates and a good source of fiber and beneficial plant compounds.
sweet thai basil,positive,"Adds flavor without calories, carbs, or sodium, and contains beneficial plant compounds."
sweet yellow onion,positive,Low in carbohydrates and a good source of fiber and beneficial plant compounds.
sweetened condensed milk,very negative,"Extremely high in added sugar, causing a severe and rapid spike in blood glucose."
swiss chard,positive,"A non-starchy, leafy green vegetable that is very low in carbohydrates and high in fiber and nutrients."
swiss cheese,neutral,
szechuan peppercorn,neutral,
table cream,neutral,
taco seasoning mix,negative,"Commercial mixes often contain added sugar, fillers, and high levels of sodium."
tahini,positive,"Low in carbohydrates and a good source of healthy fats, protein, and fiber."
tahini paste,positive,"Low in carbohydrates and a good source of healthy fats, protein, and fiber."
tamari,negative,"Very high in sodium, which can negatively impact blood pressure."
tamari sauce,negative,"Very high in sodium, which can negatively impact blood pressure."
tamarind concentrate,neutral,
tamarind juice,neutral,
tamarind paste,neutral,
tamarind powder,neutral,
tamarind soup base,negative,Likely to be a processed product high in sodium and potentially added sugars.
tandoori masala,neutral,
tangerine,positive,A good source of fiber and vitamin C with a relatively low glycemic index.
tangerine zest,positive,"Adds flavor without adding sugar, calories, or sodium."
tapioca flour,very negative,A highly refined starch with a high glycemic index that causes a rapid spike in blood sugar.
tapioca starch,very negative,A highly refined starch with a high glycemic index that causes a rapid spike in blood sugar.
tarama,negative,Very high in sodium due to the curing process.
tarragon,positive,"Adds flavor without calories, carbs, or sodium."
tart shell,negative,"Made with refined flour and often sugar, which can cause blood sugar spikes."
tea biscuit,negative,"High in refined carbohydrates and sugar, leading to increased blood glucose."
tempeh,positive,"High in protein and fiber with low carbohydrates, which helps stabilize blood sugar levels."
tempura batter mix,negative,"Made from refined flour, which has a high glycemic index and can raise blood sugar."
tequila,negative,"Alcohol can interfere with blood sugar control and diabetes medications, potentially causing hypoglycemia."
teriyaki sauce,negative,"Contains high amounts of sugar and sodium, which can lead to blood sugar spikes and affect blood pressure."
texas toast thick sliced bread,negative,"Made from refined white flour and served in large portions, leading to a significant spike in blood sugar."
textured vegetable protein,positive,"A high-protein, low-carbohydrate food that can help with blood sugar management."
thai basil,neutral,
thai basil leaf,neutral,
thai bird chile pepper,neutral,
thai chile,neutral,
thai chile pepper,neutral,
thai fish sauce,negative,"Very high in sodium, which can increase blood pressure, a common concern for individuals with diabetes."
thai green chile,neutral,
thai red curry paste,neutral,
thin rice noodle,negative,"Made from refined rice flour, these noodles are high in carbohydrates and have a high glycemic index, causing rapid blood sugar increases."
thousand island salad dressing,negative,"Often high in sugar, unhealthy fats, and sodium."
thyme,neutral,
thyme leaf,neutral,
tiger prawn,positive,"A lean source of protein with no carbohydrates, which does not raise blood sugar levels."
tilapia,positive,"A lean source of protein with no carbohydrates, beneficial for a diabetes-friendly diet."
tilapia fillet,positive,"A lean source of protein with no carbohydrates, beneficial for a diabetes-friendly diet."
toenjang,negative,"Extremely high in sodium, which is a concern for blood pressure management in people with diabetes."
tofu,positive,A plant-based protein that is low in carbohydrates and helps in managing blood sugar.
tom yum paste,negative,"Typically very high in sodium, which can negatively impact blood pressure."
tomato,positive,"A non-starchy vegetable, low in carbohydrates and calories, and a good source of vitamins and fiber."
tomato juice,negative,"Lacks the fiber of whole tomatoes and is often high in added sodium, leading to a quicker blood sugar response."
tomato paste,neutral,
tomato puree,neutral,
tomato sauce,negative,Canned or jarred versions often contain significant amounts of added sugar and sodium.
tomato soup,negative,Commercially prepared versions are typically high in added sugar and sodium.
toothpick,neutral,
top round steak,positive,"A lean source of protein with no carbohydrates, which helps with satiety and blood sugar control."
top sirloin steak,positive,"A lean source of protein with no carbohydrates, which helps with satiety and blood sugar control."
triple sec,very negative,"A liqueur with a very high sugar content, which will cause a rapid and significant spike in blood sugar."
tsaoko,neutral,
tuna,positive,"Rich in protein and healthy omega-3 fatty acids, with no carbs to affect blood sugar."
tuna steak,positive,"Rich in protein and healthy omega-3 fatty acids, with no carbs to affect blood sugar."
turbinado sugar,very negative,"A form of sugar that has the same negative impact on blood sugar levels as regular sugar, causing a sharp spike."
turkey,positive,"A lean source of protein with no carbohydrates, ideal for blood sugar management."
turkey carcass,neutral,
turkey hot dog,negative,"A processed meat product, often high in sodium and unhealthy fats, which are detrimental to cardiovascular health."
turkey leg,positive,A good source of protein with no carbohydrates.
turkish bay leaf,neutral,
turmeric,positive,"Contains curcumin, which has anti-inflammatory properties and may help improve insulin sensitivity."
turmeric root,positive,"Contains curcumin, which has anti-inflammatory properties and may help improve insulin sensitivity."
turnip,positive,"A non-starchy root vegetable, lower in carbohydrates and higher in fiber than potatoes, making it a good choice for blood sugar control."
tzatziki sauce,positive,"Typically made with Greek yogurt, which is high in protein, and is a healthy choice if made without added sugars."
ube,negative,A starchy vegetable high in carbohydrates that can significantly raise blood sugar levels if not consumed in moderation.
udon noodle,negative,"Made from refined wheat flour, which is high in carbohydrates and can cause a rapid spike in blood sugar."
unbleached all purpose flour,negative,A refined carbohydrate that is quickly digested and can cause a sharp increase in blood sugar levels.
unbleached flour,negative,A refined carbohydrate that is quickly digested and can cause a sharp increase in blood sugar levels.
unflavored gelatin,neutral,
unsalted butter,neutral,"Primarily fat, which does not directly raise blood sugar. However, it is high in saturated fat and should be consumed in moderation."
unsweetened baking chocolate,positive,"Low in sugar and contains flavonoids, which may improve insulin sensitivity. Should be consumed in moderation due to fat content."
unsweetened chocolate,positive,"Low in sugar and contains flavonoids, which may improve insulin sensitivity. Should be consumed in moderation due to fat content."
unsweetened cocoa,positive,"Rich in flavonoids and fiber with no added sugar, which can help with blood sugar control and insulin sensitivity."
unsweetened cocoa powder,positive,"Rich in flavonoids and fiber with no added sugar, which can help with blood sugar control and insulin sensitivity."
unsweetened coconut flake,neutral,"Contains fiber and fat which can slow sugar absorption, but should be used in moderation due to calorie and saturated fat content."
unsweetened flaked coconut,neutral,"Contains fiber and fat which can slow sugar absorption, but should be used in moderation due to calorie and saturated fat content."
vanilla,neutral,
vanilla bean,neutral,
vanilla bean ice cream,very negative,"Very high in sugar and saturated fat, causing a significant and rapid spike in blood sugar."
vanilla custard powder,negative,"Typically contains cornstarch and added sugar, which are refined carbohydrates that can raise blood sugar."
vanilla extract,neutral,
vanilla ice cream,very negative,"Very high in sugar and saturated fat, causing a significant and rapid spike in blood sugar."
vanilla powder,negative,"Often contains added sugar or maltodextrin as a bulking agent, which can raise blood sugar."
vanilla pudding mix,very negative,"High in sugar and refined starches, leading to a rapid increase in blood sugar."
vanilla rum,negative,"Contains alcohol, which can unpredictably affect blood sugar, and is often sweetened with added sugar."
vanilla sugar,very negative,"It is primarily sugar, which directly and rapidly increases blood sugar levels."
veal,neutral,
veal cutlet,neutral,
veal stock,neutral,
vegan butter,neutral,"Primarily fat, which does not directly raise blood sugar. Composition varies, so check for hydrogenated oils."
vegan margarine,neutral,"Primarily fat, which does not directly raise blood sugar. Composition varies, so check for hydrogenated oils."
vegan white cheese,neutral,
vegetable bouillon,neutral,
vegetable bouillon powder,neutral,
vegetable broth,neutral,
vegetable juice,negative,"Lacks the fiber of whole vegetables and can be high in natural sugars, leading to a quick rise in blood sugar."
vegetable oil,neutral,
vegetable shortening,negative,"A highly processed fat that can contain trans fats, which are detrimental to cardiovascular health, a key concern for people with diabetes."
vegetable stock,neutral,
vegetarian fish sauce,neutral,
vietnamese fish sauce,neutral,
vietnamese style rice noodle,negative,"Made from refined rice flour, a high-glycemic carbohydrate that can cause a rapid spike in blood sugar."
vine ripened tomato,positive,"A non-starchy vegetable, low in carbohydrates and a good source of fiber and nutrients."
vinegar,positive,Studies suggest it may help improve insulin sensitivity and lower the blood sugar response to a meal.
vino seco,neutral,"Dry wine is low in sugar, but alcohol can have unpredictable effects on blood sugar and should be consumed in moderation."
violet food coloring,neutral,
vodka,neutral,"Contains no carbohydrates, but alcohol can have unpredictable effects on blood sugar and should be consumed in moderation."
wakame,positive,A type of seaweed that is low in calories and carbohydrates but rich in fiber and nutrients.
wakame seaweed flake,positive,Low in calories and carbohydrates but rich in fiber and nutrients.
walleye fillet,positive,Excellent source of lean protein and omega-3 fatty acids with no carbohydrates.
walnut,positive,"Rich in healthy fats, fiber, and protein, which can help improve blood sugar control and insulin sensitivity."
walnut half,positive,"Rich in healthy fats, fiber, and protein, which can help improve blood sugar control and insulin sensitivity."
walnut piece,positive,"Rich in healthy fats, fiber, and protein, which can help improve blood sugar control and insulin sensitivity."
wasabi paste,neutral,"Used in very small amounts; commercial versions may contain starch, but the impact is typically negligible."
water,positive,"Essential for hydration and overall health, helps manage blood sugar levels, and contains no calories or sugar."
water chestnut,positive,"Good source of fiber and has a low glycemic index, helping to manage blood sugar levels."
watercress,positive,"A non-starchy vegetable, very low in carbohydrates and calories, with a minimal impact on blood sugar."
watermelon,neutral,
wax bean,positive,"A non-starchy vegetable, high in fiber and low in carbohydrates, which helps regulate blood sugar."
waxy potato,negative,A starchy vegetable with a moderate glycemic index that can raise blood sugar levels; portion control is crucial.
wedge,negative,"Typically made from potato, a starchy vegetable, and often fried, increasing fat and calories which can negatively impact blood sugar and heart health."
well,neutral,
wheat,positive,"In its whole form, it is a good source of fiber, which slows down the absorption of sugar and helps control blood glucose levels."
wheat germ,positive,"Rich in fiber, vitamins, and healthy fats, which can help improve glycemic control and heart health."
whipped cream,very negative,"High in saturated fat and typically contains large amounts of added sugar, contributing to insulin resistance and high blood sugar."
whipped topping,very negative,"Usually high in sugar, unhealthy fats (like hydrogenated oils), and empty calories, which can sharply increase blood sugar."
whipping cream,negative,"Very high in saturated fat, which can contribute to insulin resistance and cardiovascular issues, a common complication of diabetes."
whiskey,negative,"Alcohol can interfere with blood sugar control and diabetes medications, potentially causing dangerous hypoglycemia or hyperglycemia."
white anchovy,positive,"Excellent source of lean protein and omega-3 fatty acids, which have no impact on blood sugar and support heart health."
white asparagus,positive,"A non-starchy vegetable, low in carbohydrates and high in fiber, with minimal effect on blood sugar."
white balsamic vinegar,positive,Vinegar may help improve insulin sensitivity and lower the glycemic response to a meal.
white bean,positive,"High in plant-based protein and fiber, which helps to slow digestion and stabilize blood sugar levels."
white bread,very negative,"A refined carbohydrate with a high glycemic index and little fiber, causing a rapid spike in blood sugar levels."
white chocolate,very negative,"Extremely high in sugar and saturated fat with no nutritional benefits, leading to sharp increases in blood sugar."
white cornmeal,negative,"A refined carbohydrate that is digested quickly, leading to a significant rise in blood sugar levels."
white fish fillet,positive,"A great source of lean protein with no carbohydrates, which does not raise blood sugar and supports muscle health."
white flour,very negative,"A highly refined carbohydrate stripped of fiber and nutrients, causing a very rapid and high spike in blood sugar."
white miso,positive,"A fermented food with a low glycemic index; may offer probiotic benefits, but should be used in moderation due to sodium content."
white mushroom,positive,"A non-starchy vegetable, very low in calories and carbohydrates, having a negligible effect on blood sugar."
white onion,positive,A low-carbohydrate vegetable that adds flavor without impacting blood sugar levels.
white pea bean,positive,"A legume rich in fiber and protein, which helps to manage blood sugar by slowing down carbohydrate absorption."
white peach,neutral,
white pepper,neutral,
white peppercorn,neutral,
white potato,negative,A starchy vegetable with a high glycemic index that can cause a rapid increase in blood sugar levels.
white radish,positive,"A non-starchy root vegetable, low in carbohydrates and high in fiber, making it a good choice for blood sugar management."
white rice,very negative,A refined grain with a high glycemic index that is quickly digested and causes a sharp spike in blood sugar.
white rum,negative,"Alcohol can interfere with blood sugar control and diabetes medications, potentially causing dangerous hypoglycemia or hyperglycemia."
white sandwich bread,very negative,"A refined carbohydrate with a high glycemic index and little fiber, causing a rapid spike in blood sugar levels."
white sesame seed,positive,"Good source of healthy fats, fiber, and magnesium, which can help improve insulin sensitivity."
white sugar,very negative,A simple sugar with no nutritional value that causes a very rapid and significant spike in blood sugar levels.
white vinegar,positive,Vinegar may help improve insulin sensitivity and lower the glycemic response to a meal.
white wine,negative,"Contains alcohol and sugar, which can disrupt blood sugar control and add empty calories."
white wine vinegar,positive,Vinegar may help improve insulin sensitivity and lower the glycemic response to a meal.
whitefish fillet,positive,"A great source of lean protein with no carbohydrates, which does not raise blood sugar and supports muscle health."
whole beef rib,negative,"High in saturated fat, which can contribute to insulin resistance and increase the risk of heart disease."
whole chicken,positive,A good source of lean protein (especially without the skin) that does not raise blood sugar and promotes satiety.
whole milk,negative,"Contains saturated fat, which can negatively impact heart health and insulin sensitivity. Lower-fat milk is a better choice."
whole milk mozzarella cheese,negative,"High in saturated fat, which can contribute to cardiovascular issues. Part-skim versions are a better option."
whole rye flour,positive,"A whole grain flour that is typically high in fiber and has a lower glycemic index than refined flours, leading to better blood sugar control."
whole wheat berry,positive,"An intact whole grain, extremely high in fiber, which significantly slows down sugar absorption and helps manage blood glucose."
whole wheat bread,positive,"Made from whole grains, it provides fiber that helps slow the rise in blood sugar compared to white bread."
whole wheat bread crumb,positive,"Made from whole wheat, providing more fiber than white bread crumbs for better blood sugar management."
whole wheat flour,positive,"A whole grain flour that retains fiber and nutrients, resulting in a slower, more moderate impact on blood sugar than white flour."
wide egg noodle,negative,"Usually made from refined white flour, which has a high glycemic index and can cause a rapid increase in blood sugar."
wild duck,positive,A lean source of protein which helps with satiety and does not raise blood sugar levels.
wildflower honey,very negative,A simple sugar that causes a rapid and significant spike in blood glucose levels.
wine vinegar,positive,May help improve insulin sensitivity and lower the glycemic response of a meal.
wonton wrapper,negative,"Made from refined flour, a high-glycemic carbohydrate that can quickly raise blood sugar."
wood chip,neutral,
wood chunk,neutral,
wood ear mushroom,positive,"Low in carbohydrates and calories, and a good source of fiber, which helps regulate blood sugar."
wood fungus mushroom,positive,"Low in carbohydrates and calories, and a good source of fiber, which helps regulate blood sugar."
wood skewer,neutral,
worcestershire sauce,negative,"Often contains added sugar and high levels of sodium, which should be limited."
xylitol,positive,A sugar substitute with a very low glycemic index that does not significantly impact blood sugar levels.
yautia,negative,A starchy root vegetable high in carbohydrates that can significantly raise blood sugar.
yeast,neutral,
yeasted puff pastry,very negative,"Made with refined flour and high amounts of fat, causing a large spike in blood sugar and being detrimental to heart health."
yellow bell pepper,positive,"A non-starchy vegetable, low in carbohydrates and high in fiber and vitamins."
yellow cake mix,very negative,"Extremely high in refined sugar and white flour, causing a very rapid and high spike in blood sugar."
yellow chili pepper,positive,Low in carbohydrates and calories; capsaicin may have metabolic benefits.
yellow food coloring,neutral,
yellow lentil,positive,"A complex carbohydrate rich in fiber and protein, leading to a slow, gradual rise in blood sugar."
yellow onion,positive,A low-carbohydrate vegetable that adds flavor and contains beneficial plant compounds.
yellow plantain,negative,"A starchy fruit that is high in carbohydrates and sugar, which can raise blood sugar levels, especially when ripe."
yellow saffron rice,negative,"Typically made with white rice, a refined carbohydrate with a high glycemic index that can spike blood sugar."
yellow split pea,positive,"A complex carbohydrate rich in fiber and protein, which helps manage blood sugar levels."
yellow squash,positive,"A non-starchy vegetable, low in carbohydrates and a good source of fiber."
yellow tomato,positive,A low-carbohydrate fruit with beneficial vitamins and antioxidants.
yogurt,positive,"Plain, unsweetened yogurt is a good source of protein and probiotics, which can be beneficial for blood sugar control."
yuca,very negative,"A very starchy root vegetable with a high carbohydrate content and high glycemic index, causing a significant blood sugar spike."
yuca cassava root,very negative,"A very starchy root vegetable with a high carbohydrate content and high glycemic index, causing a significant blood sugar spike."
yukon gold potato,negative,A starchy vegetable high in carbohydrates that can cause a significant rise in blood sugar levels.
zaatar,positive,"A spice blend that adds flavor without calories, carbohydrates, or sugar, and contains beneficial herbs."
zapallo squash,positive,"A starchy vegetable that also contains a good amount of fiber, leading to a more moderate impact on blood sugar than other starches."
ziti pasta,negative,"Typically made from refined flour, a high-glycemic carbohydrate that can cause a rapid increase in blood sugar."
zucchini,positive,A non-starchy vegetable that is very low in carbohydrates and high in fiber.
