title,ingredients
Easy Chicken Fajita Marinade,"[('0.5 cup', 'vegetable oil'), ('2 tablespoons', 'chili powder'), ('2 tablespoons', 'lime juice'), ('2 tablespoons', 'honey'), ('2 tablespoons', 'garlic powder'), ('0.5 teaspoon', 'paprika'), ('0.5 teaspoon ground', 'black pepper'), ('3 pounds', 'chicken breasts')]"
Boneless Buffalo Wings,"[('oil for', 'deep frying'), ('1 cup', 'all-purpose flour'), ('2 teaspoons', 'salt'), ('0.5 teaspoon ground', 'black pepper'), ('0.5 teaspoon', 'cayenne pepper'), ('0.5 teaspoon', 'paprika'), ('0.25 teaspoon', 'garlic powder'), ('1', 'egg'), ('1 cup', 'milk'), ('3', 'chicken breasts'), ('0.25 cup', 'hot pepper sauce'), ('1 tablespoon', 'butter')]"
Vietnamese Aromatic Lamb Chops,"[('15 (3 ounce)', 'lamb loin chops'), ('2 tablespoons', 'white sugar'), ('2 cloves', 'garlic'), ('1 teaspoon', 'garlic powder'), ('1 pinch', 'chili powder'), ('freshly ground black pepper to taste', ''), ('2 tablespoons', 'olive oil'), ('1 tablespoon', 'lime juice'), ('1 tablespoon', 'soy sauce'), ('0.25 cup chopped fresh', 'cilantro'), ('2', 'lemon wedges'), ('2', 'lime wedges')]"
Joy&#39;s Green Banana Salad,"[('6 small', 'bananas'), ('2 tablespoons', 'olive oil'), ('1', 'green bell pepper'), ('1 cup', 'shrimp'), ('1 cup', 'crabmeat'), ('1', 'sweet onion'), ('1 pinch', 'salt'), ('1 teaspoon', 'sugar'), ('0.75 cup', 'red wine vinegar'), ('2 slices', 'bacon'), ('1 hard-cooked', 'egg')]"
Danish Christmas Red Cabbage,"[('1 small head', 'red cabbage'), ('3 cups', 'water'), ('2 cups', 'sugar'), ('2 cups', 'white vinegar'), ('2 teaspoons', 'salt')]"
Sweet Plantain Pie,"[('2 tablespoons', 'canola oil'), ('1 pound', 'pork'), ('2 ounces', 'ham'), ('0.5 cup', 'sofrito'), ('12 small pitted', 'olives'), ('1 tablespoon', 'capers'), ('0.75 teaspoon', 'salt'), ('0.25 teaspoon', 'garlic powder'), ('0.25 teaspoon dried', 'oregano'), ('0.5 cup', 'tomato sauce'), ('5 large', 'plantains'), ('0.25 cup', 'butter'), ('0.75 teaspoon', 'white sugar'), ('2 tablespoons melted', 'butter')]"
Bulgogi (Korean Barbecued Beef),"[('3 tablespoons', 'soy sauce'), ('1 tablespoon', 'sesame oil'), ('1 tablespoon', 'sesame seeds'), ('1 clove', 'garlic'), ('1 teaspoon', 'white sugar'), ('0.5 teaspoon', 'salt'), ('0.5 teaspoon ground', 'black pepper'), ('0.25 teaspoon', 'monosodium glutamate'), ('1 pound', 'beef top sirloin'), ('1', 'carrot'), ('1', 'green onion'), ('0.5', 'onion')]"
Greek Seasoning Blend,"[('2 teaspoons', 'salt'), ('2 teaspoons', 'garlic powder'), ('2 teaspoons dried', 'basil'), ('2 teaspoons dried', 'Greek oregano'), ('1 teaspoon ground', 'cinnamon'), ('1 teaspoon ground', 'black pepper'), ('1 teaspoon', 'parsley'), ('1 teaspoon', 'rosemary'), ('1 teaspoon dried', 'dill weed'), ('1 teaspoon dried', 'marjoram'), ('1 teaspoon', 'cornstarch'), ('0.5 teaspoon ground', 'thyme'), ('0.5 teaspoon ground', 'nutmeg')]"
Godeungeo Jorim (Korean Braised Mackerel with Radish),"[('1', 'red chile pepper'), ('1', 'green chile pepper'), ('2 tablespoons', 'cooking wine'), ('2 tablespoons', 'gochugaru'), ('1 tablespoon', 'gochujang'), ('2 tablespoons', 'soy sauce'), ('1 tablespoon', 'brown sugar'), ('5 cloves', 'garlic'), ('0.5 teaspoon minced fresh', 'ginger'), ('2 cups', 'water'), ('1', 'daikon radish'), ('2 whole', 'mackerel'), ('2 green', 'onions')]"
Chocolate Yule Log,"[('1.6666667461395 cups', 'sugar'), ('0.5 cup', 'butter'), ('2 tablespoons', 'coffee-flavored liqueur'), ('1.5 tablespoons', 'cocoa powder'), ('1 pinch', 'salt'), ('0.33333334326744 cup', 'mascarpone cheese'), ('2 tablespoons melted', 'butter'), ('0.5 cup', 'cocoa powder'), ('2 tablespoons', 'all-purpose flour'), ('0.5 teaspoon', 'kosher salt'), ('5 large', 'eggs'), ('0.66666668653488 cup', 'white sugar'), ('0.5 teaspoon', 'vanilla'), ('2 tablespoons', 'sugar'), ('1 cup', 'heavy cream'), ('1 (8 ounce) package', 'dark chocolate chips')]"
Curry Stand Chicken Tikka Masala Sauce,"[('2 tablespoons', 'ghee'), ('1', 'onion'), ('4 cloves', 'garlic'), ('1 tablespoon', 'cumin'), ('1 teaspoon', 'salt'), ('1 teaspoon ground', 'ginger'), ('1 teaspoon', 'cayenne pepper'), ('0.5 teaspoon ground', 'cinnamon'), ('0.25 teaspoon ground', 'turmeric'), ('1 (14 ounce) can', 'tomato sauce'), ('1 cup', 'heavy whipping cream'), ('1 tablespoon', 'white sugar'), ('2 teaspoons', 'paprika'), ('1 tablespoon', 'vegetable oil'), ('4', 'chicken breast'), ('0.5 teaspoon', 'curry powder')]"
Filipino-Style Congee (Lugaw),"[('5 cups', 'water'), ('2 cups uncooked', 'white rice'), ('3 tablespoons', 'vegetable oil'), ('1 whole head', 'garlic'), ('1 tablespoon sliced', 'ginger'), ('2 tablespoons sliced', 'onion'), ('2 skinless, boneless', 'chicken breasts'), ('1 tablespoon', 'fish sauce'), ('to taste', 'black pepper'), ('1 teaspoon', 'annatto powder'), ('2 hard-boiled', 'eggs'), ('2 tablespoons chopped', 'spring onions')]"
Air Fryer Chicken Katsu with Homemade Katsu Sauce,"[('0.5 cup', 'ketchup'), ('2 tablespoons', 'soy sauce'), ('1 tablespoon', 'brown sugar'), ('1 tablespoon', 'sherry'), ('2 teaspoons', 'Worcestershire sauce'), ('1 teaspoon minced', 'garlic'), ('1 pound', 'chicken breast'), ('1 pinch', 'salt'), ('2 large', 'eggs'), ('1.5 cups', 'panko bread crumbs'), ('cooking', 'spray')]"
Tom Ka Gai (Coconut Chicken Soup),"[('0.75 pound', 'chicken meat'), ('3 tablespoons', 'vegetable oil'), ('2 (14 ounce) cans', 'coconut milk'), ('2 cups', 'water'), ('2 tablespoons minced', 'ginger root'), ('4 tablespoons', 'fish sauce'), ('0.25 cup fresh', 'lime juice'), ('0.25 teaspoon', 'cayenne pepper'), ('0.5 teaspoon ground', 'turmeric'), ('2 tablespoons thinly sliced', 'green onion'), ('1 tablespoon chopped fresh', 'cilantro')]"
Bacalao a la Vizcaina (Basque-Style Codfish Stew),"[('1 pound salted', 'cod fish'), ('4 medium', 'potatoes'), ('2 medium', 'onions'), ('4 large hard-boiled', 'eggs'), ('2 teaspoons', 'capers'), ('2 large cloves', 'garlic'), ('0.25 cup', 'green olives'), ('1 (4 ounce) jar', 'roasted red bell peppers'), ('0.5 cup', 'golden raisins'), ('1 large', 'bay leaf'), ('1 (8 ounce) can', 'tomato sauce'), ('0.5 cup extra virgin', 'olive oil'), ('1 cup', 'water'), ('0.25 cup', 'white wine')]"
Canadian Yellow Split Pea Soup with Ham,"[('1', 'ham bone'), ('2.5 cups', 'yellow split peas'), ('5 stalks', 'celery'), ('4', 'carrots'), ('0.5 large', 'Spanish onion'), ('2 tablespoons', 'kosher salt'), ('2 teaspoons dried', 'thyme'), ('1', 'bay leaf'), ('1 pinch', 'black pepper'), ('8 cups', 'water')]"
Adobong Pusit (Squid Adobo),"[('2.25 pounds', 'squid'), ('0.5 cup', 'white vinegar'), ('0.5 cup', 'water'), ('to taste', 'salt and ground black pepper'), ('2 tablespoons', 'olive oil'), ('1 small', 'onion'), ('2 cloves', 'garlic'), ('1', 'tomato'), ('1 tablespoon', 'soy sauce')]"
Israeli Tomato and Cucumber Salad,"[('4', 'English cucumbers'), ('4', 'Roma tomatoes'), ('1', 'red bell pepper'), ('1 cup chopped fresh', 'parsley'), ('0.5', 'purple onion'), ('3 tablespoons chopped fresh', 'mint'), ('2 tablespoons chopped', 'garlic'), ('0.5 cup', 'olive oil'), ('2 tablespoons fresh', 'lemon juice'), ('1 tablespoon', 'kosher salt'), ('1 tablespoon ground', 'black pepper')]"
Danish Almond Puff,"[('1 cup', 'all-purpose flour'), ('0.5 cup', 'butter'), ('2 tablespoons', 'water'), ('0.5 cup', 'butter'), ('1 cup', 'water'), ('1 teaspoon', 'almond extract'), ('3', 'eggs'), ('1 cup', 'all-purpose flour'), ('1 cup', ""confectioners' sugar""), ('1 teaspoon', 'almond extract'), ('1 tablespoon', 'milk'), ('2 tablespoons', 'candy sprinkles')]"
Instant Pot Haluski with Kielbasa,"[('1 small', 'yellow onion'), ('2 tablespoons', 'butter'), ('1 medium head', 'cabbage'), ('1 pound', 'kielbasa sausage'), ('2 cups', 'chicken broth'), ('1 (12 ounce) bag', 'egg noodles'), ('to taste', 'salt and ground black pepper')]"
Slow Cooker Spanish Beef Stew,"[('1 pound', 'beef stew meat'), ('salt and ground black pepper to taste', ''), ('0.5 cup chopped', 'Spanish onion'), ('2 cloves', 'garlic'), ('2 cups chopped red', 'potatoes'), ('1 (14.5 ounce) can', 'tomatoes'), ('1 (12 ounce) jar', 'sofrito'), ('0.5 cup', 'green olives')]"
Macarons (French Macaroons),"[('3', 'egg whites'), ('0.25 cup', 'sugar'), ('1.6666667461395 cups', ""confectioners' sugar""), ('1 cup finely ground', 'almonds')]"
Instant Pot® Cuban-Style Black Beans,"[('3 slices', 'bacon'), ('0.5 cup chopped', 'onion'), ('3 tablespoons minced', 'jalapeno pepper'), ('1 tablespoon minced', 'garlic'), ('3 cups', 'water'), ('3 cups', 'chicken broth'), ('1 pound dried', 'black beans'), ('0.25 cup', 'red wine vinegar'), ('1 (1.41 ounce) package', 'sazon seasoning'), ('1 teaspoon', 'cumin'), ('1 teaspoon', 'oregano'), ('1', 'bay leaf'), ('salt and ground black pepper to taste', ''), ('2', 'limes'), ('0.25 cup chopped', 'cilantro')]"
Goat Stew,"[('1 pound bone-in', 'goat meat'), ('0.25 cup', 'vinegar'), ('0.25 cup', 'soy sauce'), ('4 cloves', 'garlic'), ('1 tablespoon', 'vegetable oil'), ('1', 'onion'), ('1', 'red bell pepper'), ('1 cup', 'tomato sauce'), ('2 cups', 'beef stock'), ('1', 'potato'), ('2', 'carrots'), ('0.5 cup', 'green peas'), ('0.5 teaspoon', 'salt'), ('0.25 teaspoon', 'pepper'), ('1 pinch', 'cayenne pepper')]"
Keema Aloo (Ground Beef and Potatoes),"[('2 tablespoons extra-virgin', 'olive oil'), ('1 extra-large', 'Spanish onion'), ('2 tablespoons', 'water'), ('2 pounds', 'lean ground beef'), ('4 cloves', 'garlic'), ('2 tablespoons grated', 'ginger root'), ('1', 'serrano chile pepper'), ('2 teaspoons chopped fresh', 'cilantro'), ('1 tablespoon', 'coriander'), ('1.5 teaspoons', 'salt'), ('1.5 teaspoons ground', 'cumin'), ('1 teaspoon ground', 'cayenne pepper'), ('1 teaspoon ground', 'turmeric'), ('3', 'potatoes'), ('1 (28 ounce) can', 'tomatoes'), ('1 cup frozen', 'green peas'), ('1 teaspoon', 'garam masala')]"
Chef John&#39;s Quick Cassoulet,"[('4 ounces', 'bacon'), ('8 ounces', 'sausage'), ('12 ounces boneless, skinless', 'chicken thighs'), ('1', 'onion'), ('to taste', 'salt and pepper'), ('2 cups', 'chicken broth'), ('2 (15 ounce) cans', 'cannellini beans'), ('1.5 teaspoons minced fresh', 'rosemary'), ('1.5 teaspoons minced fresh', 'thyme'), ('to taste', 'cayenne pepper'), ('0.25 cup melted', 'butter'), ('1 cup', 'bread crumbs'), ('0.5 cup finely grated', 'Parmigiano-Reggiano')]"
Stir-Fried Mushrooms with Baby Corn,"[('2 tablespoons', 'cooking oil'), ('3 cloves', 'garlic'), ('1', 'onion'), ('8', 'baby corn ears'), ('0.66666668653488 pound fresh', 'mushrooms'), ('1 tablespoon', 'fish sauce'), ('1 tablespoon', 'soy sauce'), ('1 tablespoon', 'oyster sauce'), ('3 tablespoons', 'water'), ('2 teaspoons', 'cornstarch'), ('1', 'red chile pepper'), ('0.25 cup chopped fresh', 'cilantro')]"
Meze Fava Beans,"[('3 tablespoons', 'olive oil'), ('0.5', 'onion'), ('1.5 pounds', 'fava beans'), ('2 tablespoons', 'water'), ('1 teaspoon', 'all-purpose flour'), ('1 cup', 'water'), ('1 teaspoon', 'lemon juice'), ('0.5 teaspoon', 'white sugar'), ('to taste', 'salt'), ('0.5 cup chopped fresh', 'dill')]"
Instant Pot Bahn Flan (Vietnamese Flan),"[('2 cups', 'milk'), ('1.6666667461395 cups', 'white sugar'), ('4 large', 'eggs'), ('1 large', 'egg yolk'), ('1 teaspoon', 'vanilla extract')]"
Biriyani,"[('2.5 tablespoons', 'olive oil'), ('3 tablespoons', 'yogurt'), ('2 tablespoons', 'distilled white vinegar'), ('1 medium', 'onion'), ('2 medium', 'tomatoes'), ('2 small', 'green chile peppers'), ('2 cloves', 'garlic'), ('1 tablespoon', 'ginger paste'), ('2 tablespoons', 'garam masala'), ('1 tablespoon dried', 'mint'), ('to taste', 'salt and pepper'), ('5 sprigs', 'cilantro'), ('1 (3 pound) whole', 'chicken'), ('2 quarts', 'water'), ('4 cups uncooked', 'basmati rice'), ('1', 'cinnamon stick'), ('1', 'bay leaf'), ('4 pods', 'green cardamom'), ('1 pod', 'black cardamom'), ('0.25 teaspoon powdered', 'yellow food coloring')]"
Balti Chicken Pasanda,"[('4 tablespoons', 'Greek yogurt'), ('1 tablespoon', 'almonds'), ('2 teaspoons', 'garam masala'), ('1 teaspoon minced', 'garlic'), ('1 teaspoon grated', 'ginger'), ('1 teaspoon', 'chili powder'), ('1 teaspoon', 'salt'), ('0.5 teaspoon', 'black cumin seeds'), ('1 (1 inch) piece', 'cinnamon stick'), ('4 pods', 'green cardamom'), ('6 whole', 'black peppercorns'), ('1.5 pounds', 'chicken'), ('5 tablespoons', 'vegetable oil'), ('2 medium', 'onions'), ('3 fresh', 'green chile peppers'), ('2 tablespoons finely chopped', 'cilantro'), ('0.5 cup', 'light cream')]"
Cordon Bleu Chicken Rolls,"[('8', 'chicken breasts'), ('8 slices', 'ham'), ('4 slices', 'Swiss cheese'), ('1 teaspoon', 'thyme'), ('to taste', 'salt and pepper'), ('0.25 cup melted', 'butter'), ('0.5 cup', 'cornflakes cereal'), ('1 (10.75 ounce) can', 'condensed cream of chicken soup'), ('0.5 cup', 'sour cream'), ('1 teaspoon', 'lemon juice')]"
Cheater Pierogi,"[('2 teaspoons', 'butter'), ('4 slices', 'bacon'), ('2 tablespoons', 'bacon drippings'), ('0.5', 'onion'), ('5 medium', 'Yukon Gold potatoes'), ('salt and ground black pepper to taste', ''), ('1 pinch', 'cayenne pepper'), ('1 large', 'egg'), ('1.5 cups', 'farmer’s cheese'), ('1 large', 'egg'), ('1 tablespoon', 'water'), ('50', 'wonton wrappers'), ('1 cup', 'sour cream'), ('0.25 cup chopped fresh', 'chives')]"
Beijinho de Coco (Coconut Little Kiss),"[('1 (14 ounce) can', 'sweetened condensed milk'), ('1 tablespoon', 'butter'), ('0.25 cup', 'coconut'), ('sweetened flaked', 'coconut'), ('whole', 'cloves')]"
Beef Asado,"[('1 (4 pound)', 'beef chuck roast'), ('to taste', 'salt and pepper'), ('2 tablespoons', 'cooking oil'), ('1', 'onion'), ('2 cloves', 'garlic'), ('2 large', 'tomatoes'), ('1', 'onion'), ('1 (5 ounce) jar', 'Manzanilla olives'), ('2', 'beef bouillon cubes'), ('2', 'bay leaves'), ('1 tablespoon', 'peppercorns'), ('0.5 cup', 'ketchup'), ('1 large', 'red bell pepper'), ('4 small', 'potatoes'), ('1 tablespoon', 'corn flour'), ('1 teaspoon', 'water')]"
Brazilian Peanut Fudge,"[('1 (8 ounce) jar', 'peanuts'), ('1 (8 ounce) package', 'tea biscuits'), ('2 tablespoons', 'white sugar'), ('1 (14 ounce) can', 'sweetened condensed milk')]"
Lentil and Green Collard Soup,"[('3 tablespoons', 'olive oil'), ('1 large', 'onion'), ('1 tablespoon', 'salt'), ('1 cup', 'red lentils'), ('6 cups', 'water'), ('1 bunch', 'collard greens'), ('2 tablespoons minced', 'garlic'), ('1 tablespoon', 'cumin'), ('1 teaspoon ground', 'cinnamon'), ('0.33333334326744 cup', 'lemon juice')]"
Oyakodon (Japanese Chicken and Egg Rice Bowl),"[('1 tablespoon', 'olive oil'), ('4', 'chicken thighs'), ('1', 'onion'), ('2 cups', 'dashi stock'), ('0.25 cup', 'soy sauce'), ('3 tablespoons', 'mirin'), ('3 tablespoons', 'brown sugar'), ('4 large', 'eggs'), ('4 cups hot cooked', 'white rice')]"
Menemen,"[('1 tablespoon extra-virgin', 'olive oil'), ('0.25 cup chopped', 'onion'), ('2 tablespoons diced', 'red bell pepper'), ('2 tablespoons diced', 'Aleppo chiles'), ('0.5 teaspoon', 'red pepper flakes'), ('1 teaspoon minced', 'garlic'), ('0.25 cup chopped', 'tomato'), ('to taste', 'salt and ground black pepper'), ('3 large', 'eggs'), ('1 tablespoon thinly sliced', 'basil'), ('1 tablespoon crumbled', 'feta cheese')]"
Sofrito,"[('10', 'ajies dulces peppers'), ('4', 'onions'), ('3 medium', 'tomatoes'), ('2', 'green bell peppers'), ('1', 'red bell peppers'), ('3 medium heads', 'garlic'), ('25', 'cilantro stems'), ('25', 'recao'), ('1 tablespoon', 'salt'), ('1 tablespoon', 'black pepper')]"
The Best Classic Beef Stroganoff,"[('3 tablespoons', 'all-purpose flour'), ('1.5 teaspoons', 'salt'), ('0.25 teaspoon ground', 'black pepper'), ('1 pound', 'beef tenderloin'), ('0.25 cup', 'butter'), ('0.5 cup', 'water'), ('0.5 cup chopped', 'onion'), ('1 clove', 'garlic'), ('1 pound', 'mushrooms'), ('1 (10.75 ounce) can', 'condensed cream of chicken soup'), ('1 cup', 'sour cream')]"
Victor&#39;s Non-Dairy Hawaiian Coconut Mochi Cake,"[('3 cups', 'almond milk'), ('2.5 cups', 'sugar'), ('5', 'eggs'), ('0.5 (16 ounce) tub', 'vegan margarine'), ('1 teaspoon', 'vanilla extract'), ('2 teaspoons', 'baking powder'), ('3.5 cups', 'sweet rice flour'), ('1.5 cups', 'coconut flakes')]"
Mom&#39;s Portuguese Beef Stew,"[('2 tablespoons', 'olive oil'), ('1 pound', 'beef stew meat'), ('1 tablespoon', 'all-purpose flour'), ('8 cloves', 'garlic'), ('2', 'bay leaves'), ('1 pinch', 'black pepper'), ('1 pinch', 'salt'), ('1', 'onion'), ('1', 'green bell pepper'), ('1', 'carrot'), ('1 pinch', 'paprika'), ('0.5 fresh', 'tomato'), ('1 cup', 'white wine'), ('1 cup', 'water'), ('2 sprigs', 'parsley'), ('3', 'potatoes'), ('1', 'sweet potato'), ('1 (14.5 ounce) can', 'green beans')]"
South African Bobotie,"[('1 tablespoon', 'oil'), ('1', 'onion'), ('1 pound', 'beef'), ('0.5 slice', 'bread'), ('0.5 cup', 'milk'), ('1', 'egg'), ('0.25 cup', 'raisins'), ('1 tablespoon', 'white vinegar'), ('2 teaspoons', 'white sugar'), ('1 teaspoon ground', 'turmeric'), ('1 teaspoon', 'salt'), ('0.5 teaspoon', 'curry powder'), ('0.25 teaspoon ground', 'black pepper'), ('2', 'bay leaves'), ('1.5 tablespoons', 'chutney')]"
Pure Maple Candy,"[('2 cups', 'maple syrup'), ('0.5 cup chopped', 'walnuts')]"
Banh-Mi Style Vietnamese Baguette,"[('2', 'portobello mushroom caps'), ('2 teaspoons', 'olive oil'), ('to taste', 'salt and pepper'), ('1', 'carrot'), ('1', 'daikon radish'), ('1 cup', 'rice vinegar'), ('0.5 cup fresh', 'lime juice'), ('0.5 cup cold', 'water'), ('0.5 cup chilled', 'lime juice'), ('2 teaspoons', 'soy sauce'), ('1 teaspoon', 'nuoc mam'), ('0.5 teaspoon', 'sesame oil'), ('2 tablespoons', 'canola oil'), ('2 teaspoons minced', 'garlic'), ('0.33333334326744 cup', 'white sugar'), ('0.33333331346512 cup cold', 'water'), ('1', 'jalapeno pepper'), ('8 sprigs', 'cilantro'), ('1 medium', 'cucumber'), ('2 sprigs', 'Thai basil'), ('2 (7 inch)', 'French bread baguettes')]"
Lefse II,"[('1 cup', 'buttermilk'), ('6 tablespoons', 'light corn syrup'), ('0.25 cup', 'sugar'), ('0.5 teaspoon', 'baking soda'), ('0.125 teaspoon ground', 'cardamom'), ('3.5 cups', 'all-purpose flour')]"
Thai Coffee,"[('2 tablespoons ground', 'coffee beans'), ('0.25 teaspoon ground', 'cardamom'), ('', 'water'), ('2 tablespoons', 'sweetened condensed milk')]"
Finnish-Style Mojakka,"[('2 sticks', 'butter'), ('3 pounds', 'beef roast'), ('4.5 cups', 'water'), ('1', 'onion'), ('2 teaspoons', 'salt'), ('0.5 teaspoon ground', 'black pepper'), ('4', 'potatoes'), ('4', 'carrots'), ('2 stalks', 'celery'), ('2 tablespoons', 'all-purpose flour')]"
Tteokbokki (Korean Spicy Rice Cakes),"[('3 cups', 'water'), ('2', 'anchovies'), ('3 tablespoons', 'chile paste'), ('2 tablespoons', 'white sugar'), ('1 tablespoon', 'soy sauce'), ('1 tablespoon', 'corn syrup'), ('2', 'Korean fish cakes'), ('0.5', 'onion'), ('1', 'spring onion')]"
Scandinavian Sweetheart Waffles,"[('2', 'eggs'), ('0.25 cup', 'sugar'), ('1 teaspoon', 'vanilla sugar'), ('0.25 cup', 'water'), ('3 tablespoons', 'butter'), ('1 cup', 'buttermilk'), ('1.5 cups', 'all-purpose flour'), ('0.25 teaspoon ground', 'cardamom'), ('1 pinch', 'salt')]"
BaumKuchen,"[('0.875 cup', 'unsalted butter'), ('1 cup sifted', ""confectioners' sugar""), ('0.875 cup', 'cornstarch'), ('5.5 ounces', 'almond paste'), ('1.5 teaspoons', 'vanilla extract'), ('1 pinch', 'salt'), ('2', 'egg yolks'), ('6', 'egg whites'), ('0.75 cup', 'white sugar'), ('0.75 cup', 'all-purpose flour'), ('9 (1 ounce) squares', 'semisweet chocolate'), ('2.5 teaspoons', 'vegetable oil')]"
Chef John&#39;s Chinese Scallion Pancakes,"[('2 cups', 'bread flour'), ('1.5 teaspoons', 'kosher salt'), ('0.75 cup very hot', 'water'), ('3 tablespoons', 'vegetable oil'), ('2 teaspoons', 'sesame oil'), ('1 tablespoon', 'all-purpose flour'), ('1 teaspoon', 'all-purpose flour'), ('1 bunch', 'green onions'), ('1.5 tablespoons', 'vegetable oil')]"
Dol Sot Bi Bim Bap,"[('0.5 cup', 'soy sauce'), ('0.5 cup', 'sugar'), ('0.5 cup', 'brown sugar'), ('0.25 cup minced', 'garlic'), ('0.33333334326744 cup chopped', 'green onion'), ('4 tablespoons', 'sesame seeds'), ('20 ounces', 'rib-eye steak'), ('to taste', 'salt and pepper'), ('3 cups uncooked', 'glutinous (sticky) white rice'), ('6.5 cups', 'water'), ('4 dried', 'shiitake mushrooms'), ('1 pound', 'spinach'), ('12 ounces', 'cucumber'), ('12 ounces', 'carrots'), ('', 'sesame oil'), ('8 ounces fresh', 'bean sprouts'), ('6', 'eggs'), ('6 sheets', 'nori'), ('6 tablespoons', 'sesame oil'), ('0.25 cup', 'chili bean paste')]"
Japanese-Style Sesame Green Beans,"[('1 tablespoon', 'canola oil'), ('1.5 teaspoons', 'sesame oil'), ('1 pound', 'green beans'), ('1 tablespoon', 'soy sauce'), ('1 tablespoon toasted', 'sesame seeds')]"
Vermicelli Noodle Bowl,"[('0.25 cup', 'white vinegar'), ('0.25 cup', 'fish sauce'), ('2 tablespoons', 'white sugar'), ('2 tablespoons', 'lime juice'), ('1 clove', 'garlic'), ('0.25 teaspoon', 'red pepper flakes'), ('0.5 teaspoon', 'canola oil'), ('2 tablespoons chopped', 'shallots'), ('2', 'skewers'), ('8 medium', 'shrimp'), ('1 (8 ounce) package', 'rice vermicelli noodles'), ('1 cup finely chopped', 'lettuce'), ('1 cup', 'bean sprouts'), ('1', 'English cucumber'), ('0.25 cup finely chopped pickled', 'carrots'), ('0.25 cup finely chopped', 'diakon radish'), ('0.25 cup', 'peanuts'), ('3 tablespoons chopped', 'cilantro'), ('3 tablespoons finely chopped', 'Thai basil'), ('3 tablespoons chopped fresh', 'mint')]"
Lebanese Bean Salad,"[('1 (15 ounce) can', 'fava beans'), ('1 (15 ounce) can', 'chickpeas'), ('1 (15.5 ounce) can', 'white beans'), ('0.25 cup chopped', 'flat leaf parsley'), ('3 tablespoons', 'olive oil'), ('2 cloves', 'garlic'), ('1', 'lemon'), ('to taste', 'kosher salt and ground black pepper')]"
Easy Garam Masala,"[('1 tablespoon', 'cumin'), ('1.5 teaspoons ground', 'coriander'), ('1.5 teaspoons ground', 'cardamom'), ('1.5 teaspoons ground', 'black pepper'), ('1 teaspoon ground', 'cinnamon'), ('0.5 teaspoon ground', 'cloves'), ('0.5 teaspoon', 'nutmeg')]"
Mojito Perfecto,"[('6', 'mint leaves'), ('4 teaspoons', 'sugar'), ('1', 'lime'), ('2 (1.5 fluid ounce) jiggers', 'lemon-flavored rum'), ('1 cup', 'ice cubes'), ('0.5 cup', 'carbonated water')]"
Naan,"[('1 (.25 ounce) package', 'active dry yeast'), ('1 cup warm', 'water'), ('0.25 cup', 'sugar'), ('3 tablespoons', 'milk'), ('1 large', 'egg'), ('2 teaspoons', 'salt'), ('4.5 cups', 'bread flour'), ('2 teaspoons minced', 'garlic'), ('0.25 cup', 'butter')]"
Ropa Vieja (Cuban Beef),"[('1 (1 1/2-pound)', 'flank steak'), ('2 teaspoons', 'kosher salt'), ('1 teaspoon freshly ground', 'black pepper'), ('1 pinch', 'cayenne pepper'), ('2 tablespoons', 'olive oil'), ('1 large', 'red onion'), ('4 cloves', 'garlic'), ('2 teaspoons', 'cumin'), ('2 teaspoons', 'paprika'), ('1 teaspoon dried', 'oregano'), ('0.25 teaspoon', 'cayenne pepper'), ('0.125 teaspoon ground', 'cloves'), ('0.125 teaspoon ground', 'allspice'), ('0.5 cup', 'white wine'), ('1.5 cups', 'tomato sauce'), ('1.5 cups', 'chicken broth'), ('2', 'bay leaves'), ('2', 'bell peppers'), ('1', 'poblano pepper'), ('0.5 teaspoon', 'smoked paprika'), ('2 tablespoons', 'capers'), ('1 cup', 'green olives'), ('1 teaspoon', 'white sugar'), ('0.33333334326744 cup chopped fresh', 'cilantro')]"
Maja Blanca,"[('2 cups thin', 'coconut milk'), ('0.5 cup', 'sugar'), ('0.5 cup', 'cornstarch'), ('2 cups thin', 'coconut milk'), ('0.75 cup', 'corn'), ('3 tablespoons', 'corn kernels')]"
Brazilian-Style Carrot Cake with Chocolate Sauce,"[('2 cups', 'white sugar'), ('3', 'eggs'), ('0.5 cup', 'vegetable oil'), ('3', 'carrots'), ('2 cups', 'all-purpose flour'), ('1 tablespoon', 'baking powder'), ('0.5 cup', 'sugar'), ('0.5 cup', 'cocoa powder'), ('6 tablespoons', 'milk'), ('2 tablespoons', 'unsalted butter')]"
Pani PoPo,"[('1 (12 ounce) package', 'dinner rolls dough'), ('15 ounces', 'water'), ('1 (14 ounce) can', 'coconut milk'), ('1 cup', 'sugar'), ('2 tablespoons', 'cornstarch')]"
Cuban Pork,"[('1 (1 1/4 pound)', 'pork tenderloin'), ('1', 'lime'), ('1 teaspoon', 'olive oil'), ('1 teaspoon ground', 'cumin'), ('0.5 teaspoon', 'salt'), ('1 pinch', 'red pepper flakes'), ('1 clove', 'garlic')]"
Rendang Gaging (Beef Stew),"[('5', 'shallots'), ('5 stalks', 'lemongrass'), ('5 cloves', 'garlic'), ('1 (1 inch) piece', 'ginger root'), ('1 (1 inch) piece', 'galangal'), ('5 dried', 'red chile peppers'), ('3 tablespoons', 'vegetable oil'), ('2 tablespoons', 'curry powder'), ('2 pounds', 'beef stew meat'), ('1 cup', 'coconut milk'), ('1 tablespoon', 'vinegar'), ('2 teaspoons', 'brown sugar'), ('to taste', 'salt')]"
Aranitas (Shredded Green Plantain Patties),"[('3 cups', 'canola oil'), ('2 green', 'plantains'), ('2 teaspoons', 'garlic salt')]"
Gochujang Fried Rice,"[('2 tablespoons', 'vegetable oil'), ('2 teaspoons minced', 'garlic'), ('2 teaspoons minced', 'ginger'), ('1 cup thinly-sliced', 'mixed color bell peppers'), ('0.5 cup diced', 'carrots'), ('0.25 cup diced', 'onion'), ('4 cups', 'white rice'), ('2 tablespoons', 'gochujang'), ('2 tablespoons', 'low-sodium soy sauce'), ('2 teaspoons', 'sesame oil'), ('2 tablespoons sliced', 'green onions'), ('1 teaspoon', 'sesame seeds')]"
Slow Cooker German-Style Pork Roast with Sauerkraut and Potatoes,"[('6', 'white potatoes'), ('1 tablespoon minced', 'garlic'), ('to taste', 'salt and pepper'), ('1 (3 pound)', 'pork loin roast'), ('1 (32 ounce) jar', 'sauerkraut'), ('2 teaspoons', 'caraway seeds')]"
Shiraz Salad,"[('2 small', 'cucumbers'), ('1', 'tomato'), ('1', 'onion'), ('2 tablespoons', 'lemon juice'), ('1 teaspoon chopped fresh', 'mint'), ('salt and ground black pepper to taste', '')]"
Swedish Limpa Rye Bread,"[('1.5 teaspoons', 'caraway seeds'), ('1.5 teaspoons', 'fennel seeds'), ('1.5 teaspoons', 'anise seeds'), ('1.25 cups', 'milk'), ('0.25 cup', 'butter'), ('0.25 cup', 'molasses'), ('3.5 teaspoons', 'active dry yeast'), ('2 cups', 'all-purpose flour'), ('1 cup', 'rye flour'), ('1.5 teaspoons', 'sea salt'), ('1 teaspoon', 'orange zest')]"
Pasteles with Yuca and Plantains,"[('2 pounds', 'yuca'), ('2 pounds', 'green plantains'), ('2 pounds', 'yautia'), ('2 cups', 'milk'), ('1 pound', 'lard'), ('1 pound', 'achiote seeds'), ('1 tablespoon', 'olive oil'), ('1', 'onion'), ('1', 'green bell pepper'), ('2 pounds', 'pork shoulder roast'), ('1 pound', 'ham'), ('2 cups', 'garbanzo beans'), ('2 (8 ounce) cans', 'tomato sauce'), ('1 (5 ounce) jar', 'Spanish olives'), ('1 (4 ounce) jar', 'capers'), ('3 tablespoons', 'orange juice'), ('4 sprigs', 'cilantro'), ('2 tablespoons dried', 'oregano'), ('1 tablespoon', 'salt'), ('2 cloves', 'garlic'), ('24', 'plantain leaves'), ('kitchen', 'string')]"
Pakistani Chapli Kebab,"[('cooking', 'spray'), ('1 large', 'egg'), ('1 pound', 'beef'), ('1', 'red onion'), ('1', 'tomato'), ('0.25 cup finely chopped', 'cilantro'), ('0.25 cup finely chopped', 'mint'), ('2 teaspoons', 'ginger-garlic paste'), ('2 teaspoons', 'coriander seeds'), ('1 teaspoon', 'salt'), ('0.75 teaspoon', 'cumin'), ('0.75 teaspoon ground', 'cayenne pepper'), ('2', 'tomato'), ('0.25 cup', 'vegetable oil')]"
Thai Fried Rice with Pineapple and Chicken,"[('3 slices', 'bacon'), ('3', 'shallots'), ('4 ounces', 'chicken breast'), ('4 teaspoons', 'curry powder'), ('1 teaspoon', 'vegetable oil'), ('3', 'egg yolks'), ('3 cups cooked', 'jasmine rice'), ('1 red', 'Thai bird chile pepper'), ('2 tablespoons whole', 'cilantro leaves'), ('1 tablespoon', 'soy sauce'), ('2 teaspoons', 'fish sauce'), ('0.5 teaspoon', 'white sugar'), ('4 ounces', 'tiger prawns'), ('0.25 cup chopped fresh', 'pineapple'), ('3', 'green onions')]"
Danish Oatmeal Cookies,"[('1 cup', 'all-purpose flour'), ('0.5 teaspoon', 'baking soda'), ('0.25 teaspoon', 'salt'), ('1 cup', 'butter'), ('1 cup', ""confectioners' sugar""), ('2 teaspoons', 'vanilla extract'), ('1 cup', 'oatmeal'), ('1 cup chopped', 'pecans'), ('1 tablespoon', ""confectioners' sugar"")]"
Tahini Butter Cookies,"[('1 cup', 'butter'), ('0.5 cup', 'sugar'), ('1 teaspoon', 'vanilla extract'), ('0.5 cup', 'tahini'), ('1.25 cups', 'all-purpose flour'), ('0.5 teaspoon', 'baking powder')]"
Onigiri (Japanese Rice Balls),"[('4 cups uncooked', 'short-grain white rice'), ('5.5 cups', 'water'), ('0.25 teaspoon', 'salt'), ('0.25 cup', 'bonito shavings'), ('2 sheets', 'nori'), ('2 tablespoons', 'sesame seeds')]"
Nasi Goreng (Indonesian Fried Rice),"[('cooking', 'spray'), ('3 large', 'eggs'), ('1 tablespoon', 'vegetable oil'), ('1', 'onion'), ('1', 'leek'), ('2', 'green chile peppers'), ('1 clove', 'garlic'), ('0.5 pound', 'chicken breasts'), ('0.5 pound', 'prawns'), ('1 teaspoon ground', 'coriander'), ('1 teaspoon ground', 'cumin'), ('1 cup uncooked', 'white rice'), ('3 tablespoons', 'sweet soy sauce')]"
Ostkaka (Swedish Cheesecake),"[('1 cube', 'milk'), ('0.75 cup', 'all-purpose flour'), ('1/2', 'rennet tablet'), ('1 tablespoon', 'water'), ('1 teaspoon', 'butter'), ('5 large', 'eggs'), ('1 cup', 'sugar'), ('1 cup', 'whipping cream')]"
Instant Pot Bobo de Frango (Brazilian Chicken Stew),"[('1 pound', 'chicken tenders'), ('to taste', 'salt'), ('1 medium', 'lime'), ('3 tablespoons', 'olive oil'), ('1 medium', 'yellow onion'), ('1', 'yellow bell pepper'), ('4 cloves', 'garlic'), ('2 cups low-sodium', 'chicken broth'), ('2 cups', 'yuca (cassava) roots'), ('1 medium', 'tomato'), ('1 cup', 'coconut milk'), ('0.66666668653488 cup', 'table cream'), ('1 cup', 'evaporated milk'), ('2 tablespoons chopped', 'cilantro'), ('1 tablespoon', 'dende oil')]"
French Onion Soup Gratinée,"[('4 tablespoons', 'butter'), ('2 large', 'red onions'), ('2 large', 'onions'), ('1 teaspoon', 'salt'), ('1 (48 fluid ounce) can', 'chicken broth'), ('1 (14 ounce) can', 'beef broth'), ('0.5 cup', 'red wine'), ('1 tablespoon', 'Worcestershire sauce'), ('2 sprigs', 'parsley'), ('1 sprig', 'thyme leaves'), ('1', 'bay leaf'), ('1 tablespoon', 'balsamic vinegar'), ('salt and freshly ground black pepper to taste', ''), ('4 thick slices', 'French bread'), ('8 slices', 'Gruyère cheese'), ('0.5 cup shredded', 'Asiago cheese'), ('4 pinches', 'paprika')]"
Russian Green Bean and Potato Soup,"[('1 tablespoon', 'vegetable oil'), ('1 large', 'onion'), ('4 red', 'potatoes'), ('0.5 pound', 'green beans'), ('5 cups', 'broth'), ('2 tablespoons', 'whole wheat flour'), ('0.5 cup', 'sour cream'), ('0.75 cup', 'sauerkraut'), ('1 tablespoon chopped fresh', 'dill'), ('to taste', 'Salt and pepper')]"
Khao Soi Soup,"[('2 tablespoons', 'vegetable oil'), ('3', 'shallots'), ('3 cloves', 'garlic'), ('0.25 cup', 'red curry paste'), ('1 tablespoon', 'curry powder'), ('4 cups', 'coconut milk'), ('2 cups', 'water'), ('2 cups chopped cooked', 'chicken'), ('1 teaspoon', 'sea salt'), ('2 tablespoons', 'fish sauce'), ('2 tablespoons', 'white sugar'), ('1 tablespoon', 'lime juice'), ('0.5 cup', 'vegetable oil'), ('12 whole dried', 'Thai chile peppers'), ('6 small', 'shallots'), ('0.5 head', 'bok choy'), ('1 (8 ounce) package', 'rice noodles'), ('1 cup', 'pickled mustard cabbage'), ('0.5 cup coarsely chopped fresh', 'cilantro'), ('1', 'lime')]"
Korean Soft Tofu Stew (Soon Du Bu Jigae),"[('1 teaspoon', 'vegetable oil'), ('1 teaspoon', 'Korean chile powder'), ('2 tablespoons', 'ground beef'), ('1 tablespoon', 'Korean soy bean paste'), ('1 cup', 'water'), ('to taste', 'salt and pepper'), ('1 (12 ounce) package', 'tofu'), ('1', 'egg'), ('1 teaspoon', 'sesame seeds'), ('1', 'green onion')]"
Garlic Dill New Potatoes,"[('8 medium', 'red potatoes'), ('3 tablespoons', 'butter'), ('1 tablespoon chopped fresh', 'dill'), ('2 teaspoons minced', 'garlic'), ('0.25 teaspoon', 'salt')]"
Stuffed Turkey Legs,"[('4', 'turkey legs'), ('1 cup', 'olive oil'), ('2', 'green bell peppers'), ('1 large', 'white onion'), ('2 tablespoons', 'salt'), ('1 pinch', 'black pepper'), ('1 teaspoon dried', 'oregano'), ('2 tablespoons', 'distilled white vinegar'), ('5 slices', 'bacon'), ('2 tablespoons', 'teriyaki sauce')]"
Dutch Bokkenpootjes - Goat&#39;s Feet,"[('8', 'egg whites'), ('1.75 cups', 'white sugar'), ('5.25 cups', 'almond meal'), ('1 teaspoon ground', 'cinnamon'), ('zest from 1', 'lemon'), ('1 teaspoon', 'vanilla extract'), ('3.5 tablespoons', 'butter'), ('1.25 cups', ""confectioners' sugar""), ('0.25 teaspoon', 'vanilla extract'), ('4 ounces', 'bittersweet chocolate')]"
Greek-Style Potatoes,"[('6', 'potatoes'), ('1.5 cups', 'water'), ('0.33333334326744 cup', 'olive oil'), ('0.25 cup fresh', 'lemon juice'), ('2 cloves', 'garlic'), ('2 cubes', 'chicken bouillon'), ('1 teaspoon', 'thyme'), ('1 teaspoon dried', 'rosemary'), ('to taste', 'black pepper')]"
Kalam Polo (Persian Cabbage and Rice),"[('1.5 cups', 'water'), ('1 tablespoon', 'saffron'), ('3 tablespoons', 'vegetable oil'), ('0.5 cup chopped', 'onion'), ('1 pound', 'beef'), ('1 teaspoon', 'salt'), ('0.5 teaspoon ground', 'black pepper'), ('0.25 teaspoon ground', 'turmeric'), ('3 cups chopped', 'cabbage'), ('1 teaspoon ground', 'cinnamon'), ('0.25 teaspoon ground', 'ginger'), ('2 cups', 'basmati rice'), ('1.5 cups cold', 'water'), ('1 tablespoon', 'butter'), ('1 cup hot', 'water')]"
Pakistani Batter-Fried Potatoes,"[('1 quart', 'vegetable oil'), ('1.5 cups', 'gram flour'), ('1 teaspoon', 'salt'), ('1 teaspoon', 'cayenne pepper'), ('1 teaspoon whole', 'cumin seeds'), ('0.25 teaspoon', 'baking powder'), ('0.5 cup lukewarm', 'water'), ('4 large', 'potatoes')]"
Jamaican Beef Patties,"[('2 cups', 'all-purpose flour'), ('1.5 teaspoons', 'curry powder'), ('1 pinch', 'salt'), ('0.25 cup', 'margarine'), ('0.25 cup', 'shortening'), ('0.33333334326744 cup', 'water'), ('2 tablespoons', 'margarine'), ('1 pound', 'beef'), ('1 small', 'onion'), ('1', 'Scotch bonnet chile'), ('1 teaspoon', 'curry powder'), ('1 teaspoon', 'allspice'), ('1 teaspoon ground', 'cloves'), ('1 teaspoon', 'thyme'), ('1 teaspoon', 'pepper'), ('1 teaspoon', 'salt'), ('1', 'beef bouillon'), ('1/2 cup', 'water'), ('2 tablespoons', 'browning'), ('1', 'bay leaf'), ('0.5 cup', 'bread crumbs'), ('1', 'egg')]"
Chipotle Barbacoa,"[('2 tablespoons', 'vegetable oil'), ('1 (2 pound)', 'beef chuck roast'), ('4', 'chipotle peppers'), ('0.33333334326744 cup', 'apple cider'), ('3 tablespoons', 'lime juice'), ('4 cloves', 'garlic'), ('4 teaspoons', 'cumin'), ('1', 'serrano chile pepper'), ('1 tablespoon ground', 'cayenne pepper'), ('2.5 teaspoons dried', 'oregano'), ('1 teaspoon ground', 'black pepper'), ('1 teaspoon', 'garlic powder'), ('0.5 teaspoon', 'salt'), ('0.5 teaspoon ground', 'cloves'), ('1 cup', 'chicken broth'), ('1 small', 'onion'), ('3', 'bay leaves')]"
Canadian Sharp Cheddar Cheese Spread,"[('1 (8 ounce) package', 'cream cheese'), ('1 (8 ounce) container', 'Cheddar cheese'), ('0.25 cup finely chopped', 'red onion'), ('1 tablespoon', 'Worcestershire sauce'), ('2 teaspoons', 'black pepper'), ('1 teaspoon', 'paprika'), ('1 dash', 'hot sauce')]"
Quick Vegetarian Picadillo Empanadas,"[('1 tablespoon', 'olive oil'), ('1 (15 ounce) can', 'lentils'), ('0.25 cup', 'sofrito'), ('3 cloves', 'garlic'), ('0.5 teaspoon dried', 'oregano'), ('0.5 teaspoon', 'salt'), ('0.25 teaspoon ground', 'black pepper'), ('1 (15 ounce) can', 'potatoes'), ('1 (8 ounce) can', 'tomato sauce'), ('0.5 cup sliced', 'pimento-stuffed green olives'), ('2 cups', 'vegetable oil'), ('16 pieces', 'empanada pastry discs')]"
Jamaican Style Curry Chicken,"[('0.25 cup', 'vegetable oil'), ('1', 'onion'), ('1', 'tomato'), ('2 slices', 'habanero pepper'), ('1', 'garlic clove'), ('2 tablespoons', 'Jamaican-style curry powder'), ('0.25 teaspoon ground', 'thyme'), ('2', 'chicken breast halves'), ('1 cup', 'water'), ('0.5 teaspoon', 'salt')]"
Red Wine Reduction Sauce,"[('2 tablespoons', 'olive oil'), ('1', 'shallot'), ('1 cup', 'pinot noir wine'), ('1 cup', 'beef broth'), ('1 tablespoon', 'butter'), ('1 tablespoon', 'Italian seasoning'), ('1 pinch', 'salt')]"
Chewy Coconut Bibingka (Filipino Rice Cake),"[('1 (13.5 ounce) can', 'coconut milk'), ('1 (14 ounce) can', 'sweetened condensed milk'), ('1 stick', 'butter'), ('4', 'eggs'), ('2 (12 ounce) jars', 'macapuno strings'), ('2.5 cups', 'sweet rice flour'), ('1 cup packed', 'brown sugar'), ('1 tablespoon', 'vanilla extract')]"
Cinnamon Babka,"[('3 cups', 'all-purpose flour'), ('1 (.25 ounce) package', 'instant yeast'), ('0.25 cup', 'sugar'), ('1.25 teaspoons', 'kosher salt'), ('0.25 teaspoon ground', 'cinnamon'), ('1 large', 'egg'), ('0.5 cup warm', 'water'), ('5 tablespoons', 'unsalted butter'), ('1.5 teaspoons', 'vanilla extract'), ('cooking', 'spray'), ('0.5 cup firmly packed', 'light brown sugar'), ('0.25 cup', 'all-purpose flour'), ('4 teaspoons ground', 'cinnamon'), ('0.25 cup', 'unsalted butter'), ('1 large', 'egg yolk'), ('1 tablespoon', 'water'), ('2 tablespoons', 'all-purpose flour'), ('1 tablespoon firmly packed', 'light brown sugar'), ('0.5 teaspoon ground', 'cinnamon'), ('0.125 teaspoon', 'kosher salt'), ('2 tablespoons cold', 'unsalted butter')]"
Beef Empanadas,"[('1 tablespoon extra-virgin', 'olive oil'), ('1 pound', 'yellow onions'), ('6', 'scallions'), ('1', 'green bell pepper'), ('2 pounds', 'ground beef'), ('2 tablespoons dried', 'oregano'), ('1.5 tablespoons', 'salt'), ('1 tablespoon', 'cayenne pepper'), ('1.5 teaspoons ground', 'cumin'), ('1 tablespoon', 'butter'), ('36', 'empanada pastry discs'), ('1', 'egg white')]"
Jerk Seasoning,"[('2 tablespoons dried minced', 'onion'), ('2.5 teaspoons dried', 'thyme'), ('2 teaspoons ground', 'allspice'), ('2 teaspoons ground', 'black pepper'), ('0.5 teaspoon ground', 'cinnamon'), ('0.5 teaspoon', 'cayenne pepper'), ('0.5 teaspoon', 'salt')]"
Greek Garbanzo Bean Salad,"[('2 (15 ounce) cans', 'garbanzo beans'), ('2', 'cucumbers'), ('1 (15 ounce) can', 'black olives'), ('12', 'cherry tomatoes'), ('0.5 red', 'onion'), ('0.5 cup', 'Italian-style salad dressing'), ('2 cloves', 'garlic'), ('0.5', 'lemon'), ('1 ounce crumbled', 'feta cheese'), ('0.5 teaspoon', 'garlic salt'), ('0.5 teaspoon ground', 'black pepper')]"
Galaktoboureko,"[('2.5 cups', 'white sugar'), ('1 cup', 'semolina flour'), ('3.5 tablespoons', 'cornstarch'), ('0.25 teaspoon', 'salt'), ('6 cups', 'whole milk'), ('6 large', 'eggs'), ('1 teaspoon', 'vanilla extract'), ('0.75 cup', 'butter'), ('12 sheets', 'phyllo dough'), ('1 cup', 'water')]"
Beef and Beet Borscht,"[('1 (1 inch thick) slice', 'bone-in beef shank'), ('3 quarts', 'water'), ('1', 'onion'), ('1 cup chopped', 'carrots'), ('0.5 cup chopped', 'celery'), ('1', 'bay leaf'), ('3 cups diced peeled', 'beets'), ('2 cups chopped', 'cabbage'), ('0.25 cup', 'white vinegar'), ('salt and ground black pepper to taste', ''), ('1 cup', 'sour cream'), ('2 tablespoons', 'dill')]"
Poutine Gravy,"[('1 tablespoon', 'vegetable oil'), ('1 pound', 'beef chuck'), ('4 tablespoons', 'butter'), ('1 cup diced', 'onions'), ('to taste', 'salt'), ('freshly ground to taste', 'black pepper'), ('1 pinch', 'cayenne pepper'), ('0.33333334326744 cup', 'all-purpose flour'), ('4 cups', 'beef broth'), ('1 (16 ounce) package', 'French fries'), ('1 cup fresh', 'cheese curds'), ('1 teaspoon chopped fresh', 'chives')]"
Botercake (Butter Cake),"[('1.125 cups', 'butter'), ('1.25 cups', 'white sugar'), ('1.25 teaspoons', 'vanilla sugar'), ('2 tablespoons grated', 'lemon zest'), ('1 tablespoon', 'sugar'), ('1 teaspoon', 'salt'), ('5', 'eggs'), ('2 cups', 'all-purpose flour'), ('1 teaspoon', 'baking powder')]"
Jujeh Kabob (Persian Chicken Kabobs),"[('1 medium', 'onion'), ('1', 'lime'), ('1', 'lemon'), ('1 tablespoon', 'salt'), ('1 teaspoon ground', 'black pepper'), ('0.33333334326744 teaspoon crushed', 'saffron'), ('0.25 cup', 'olive oil'), ('3 pounds', 'chicken breasts'), ('', 'metal skewers')]"
Gulab Jamun or Kala Jam (Waffle Balls),"[('2 cups', 'water'), ('2 cups', 'white sugar'), ('0.5 teaspoon ground', 'cardamom'), ('2 drops', 'rose water'), ('1 pinch', 'saffron'), ('0.5 cup', 'instant dry milk powder'), ('2 tablespoons', 'all-purpose flour'), ('0.25 teaspoon', 'baking soda'), ('1 tablespoon', 'unsalted butter'), ('2 tablespoons', 'yogurt'), ('2 cups', 'vegetable oil')]"
Persian Rice,"[('3 quarts', 'water'), ('3 tablespoons', 'kosher salt'), ('2 cups', 'basmati rice'), ('2 tablespoons', 'olive oil'), ('1', 'russet potato'), ('1 pinch', 'cumin'), ('to taste', 'salt'), ('3 tablespoons', 'butter'), ('1 pinch', 'saffron'), ('1.5 tablespoons', 'water'), ('1 tablespoon chopped', 'parsley')]"
Maui Banana Cream Tube Cake,"[('0.33333334326744 cup', 'butter'), ('1.25 cups', 'white sugar'), ('2', 'eggs'), ('2 teaspoons', 'vanilla extract'), ('1.25 cups mashed', 'bananas'), ('2 cups', 'all-purpose flour'), ('1.25 teaspoons', 'baking powder'), ('1 teaspoon', 'baking soda'), ('0.5 teaspoon', 'salt'), ('1 cup', 'nonfat plain yogurt'), ('0.75 cup chopped', 'pecans'), ('2 tablespoons', ""confectioners' sugar"")]"
Roast Peruvian Turkey,"[('1 (12 pound)', 'turkey'), ('0.5 cup', 'cumin'), ('0.5 cup', 'soy sauce'), ('0.5 cup', 'white vinegar'), ('0.33333334326744 cup', 'vegetable oil'), ('12 cloves', 'garlic'), ('3 tablespoons', 'paprika'), ('2 tablespoons freshly ground', 'black pepper'), ('1 tablespoon', 'paprika'), ('1 tablespoon dried', 'oregano'), ('2 teaspoons', 'kosher salt'), ('1 tablespoon', 'vegetable oil'), ('2 teaspoons', 'water'), ('1 (8 ounce) container', 'creme fraiche'), ('1 cup', 'chicken broth'), ('1', 'lime'), ('2', 'jalapeno peppers'), ('0.5 cup chopped fresh', 'cilantro'), ('salt and freshly ground black pepper to taste', ''), ('1 pinch', 'cayenne pepper')]"
Cuban-Style Roast Pork,"[('4 cloves', 'garlic'), ('2 teaspoons', 'kosher salt'), ('1 teaspoon ground', 'black pepper'), ('1 teaspoon ground', 'cumin'), ('1 teaspoon dried', 'oregano'), ('1 teaspoon ground', 'coriander'), ('3 tablespoons', 'lime juice'), ('3 tablespoons', 'orange juice'), ('3 tablespoons', 'olive oil'), ('1.5 teaspoons', 'white wine vinegar'), ('1 (4 pound)', 'pork shoulder roast')]"
Portuguese Sweet Rice,"[('1.5 quarts', 'milk'), ('1 cup uncooked', 'white rice'), ('1 cup', 'sugar'), ('2', 'eggs')]"
Easy Chimichurri Sauce,"[('0.25 cup', 'water'), ('2 tablespoons dried', 'oregano'), ('1 teaspoon', 'salt'), ('1 cup chopped fresh', 'parsley'), ('0.66666668653488 cup chopped fresh', 'cilantro'), ('6 cloves', 'garlic'), ('1', 'shallot'), ('1 red', 'jalapeno pepper'), ('0.5 cup', 'red wine vinegar'), ('0.75 cup', 'extra virgin olive oil')]"
Indian Summer Raspberry Peach Sangria,"[('1 (750 milliliter) bottle', 'red wine'), ('24 fluid ounces', 'raspberry-flavored soda water'), ('0.5 cup', 'peach schnapps'), ('0.5 cup', 'pomegranate juice'), ('0.5 cup', 'lemon juice'), ('2', 'peaches'), ('2', 'lemons'), ('1 cup fresh', 'raspberries'), ('1', 'orange'), ('4 cups', 'ice cubes')]"
Chupe (Peruvian Shrimp Chowder),"[('2 tablespoons', 'olive oil'), ('1 large', 'red onion'), ('to taste', 'salt'), ('2.5 cups cubed', 'butternut squash'), ('3 cloves', 'garlic'), ('to taste', 'black pepper'), ('4 cups', 'chicken stock'), ('2 ears', 'corn'), ('0.25 cup', 'peas'), ('0.25 cup', 'white rice'), ('0.5 pound uncooked', 'shrimp'), ('1 (6 ounce) package', 'feta cheese'), ('0.5 cup', 'milk')]"
Tortilla de Patatas,"[('2 cups', 'extra-virgin olive oil'), ('2 pounds', 'Yukon Gold potatoes'), ('1 medium', 'onion'), ('2 teaspoons', 'pink Himalayan salt'), ('6 large', 'eggs'), ('1 teaspoon', 'olive oil')]"
Danish Cinnamon Snails,"[('1 cup warm', 'milk'), ('3 (0.6 ounce) cakes', 'yeast'), ('6.5 tablespoons', 'butter'), ('2', 'eggs'), ('2 tablespoons', 'white sugar'), ('0.5 teaspoon ground', 'cardamom'), ('0.25 teaspoon', 'salt'), ('4 cups', 'all-purpose flour'), ('0.66666668653488 cup', 'butter'), ('0.5 cup', 'sugar'), ('2 tablespoons', 'cinnamon')]"
Sharon&#39;s Jamaican Fruit Cake,"[('2 cups', 'butter'), ('2 cups', 'sugar'), ('9 large', 'eggs'), ('0.25 cup', 'white rum'), ('1 tablespoon', 'lime juice'), ('1 tablespoon', 'almond extract'), ('1 teaspoon', 'vanilla extract'), ('1 grated zest of one', 'lime'), ('2 pounds chopped dried', 'mixed fruit'), ('2 cups', 'red wine'), ('1 cup', 'molasses'), ('2.5 cups', 'all-purpose flour'), ('3 teaspoons', 'baking powder'), ('0.5 teaspoon ground', 'nutmeg'), ('0.5 teaspoon ground', 'allspice'), ('0.5 teaspoon', 'cinnamon'), ('1 pinch', 'salt')]"
Beefs Portuguese Style,"[('0.75 cup', 'red wine'), ('0.25 cup', 'water'), ('10 cloves', 'garlic'), ('1 tablespoon', 'chile paste'), ('0.5 teaspoon', 'white pepper'), ('0.5 teaspoon', 'salt'), ('6 (4 ounce)', 'beef tenderloin steaks'), ('0.33333334326744 cup', 'vegetable oil')]"
Vietnamese Style Vegetarian Curry Soup,"[('2 tablespoons', 'vegetable oil'), ('1', 'onion'), ('2', 'shallots'), ('2 cloves', 'garlic'), ('2 inch piece', 'ginger root'), ('1 stalk', 'lemon grass'), ('4 tablespoons', 'curry powder'), ('1', 'green bell pepper'), ('2', 'carrots'), ('8', 'mushrooms'), ('1 pound', 'tofu'), ('4 cups', 'vegetable broth'), ('4 cups', 'water'), ('2 tablespoons', 'vegetarian fish sauce'), ('2 teaspoons', 'red pepper flakes'), ('1', 'bay leaf'), ('2', 'makrut lime leaves'), ('8 small', 'potatoes'), ('1 (14 ounce) can', 'coconut milk'), ('2 cups fresh', 'bean sprouts'), ('8 sprigs fresh chopped', 'cilantro')]"
Sunomono (Japanese Cucumber Salad),"[('2 large', 'cucumbers'), ('0.33333334326744 cup', 'rice vinegar'), ('4 teaspoons', 'sugar'), ('1.5 teaspoons minced', 'ginger root'), ('1 teaspoon', 'salt')]"
Bistek (Filipino Beef Steak),"[('0.5 cup', 'soy sauce'), ('0.25 cup', 'lime juice'), ('3 cloves', 'garlic'), ('2 teaspoons', 'white sugar'), ('1 teaspoon', 'fish sauce'), ('to taste', 'black pepper'), ('1 pound', 'beef steak'), ('2 tablespoons', 'vegetable oil'), ('4', 'potatoes'), ('1 large', 'onion'), ('0.125 cup', 'water')]"
Puerto Rican Arroz con Pollo,"[('3 pounds', 'chicken thighs'), ('1 cup', 'apple cider vinegar'), ('0.25 cup', 'canola oil'), ('0.25 pound', 'pork'), ('0.25 pound cooked', 'ham'), ('1', 'red bell pepper'), ('1', 'green bell pepper'), ('1', 'yellow onion'), ('0.25 cup', 'sofrito'), ('0.25 cup', 'recaito'), ('0.25 teaspoon dried', 'oregano'), ('0.25 teaspoon ground', 'cumin'), ('0.25 teaspoon ground', 'black pepper'), ('1 tablespoon', 'capers'), ('6 cloves', 'garlic'), ('1 (8 ounce) can', 'tomato sauce'), ('0.25 cup rinsed and diced', 'Spanish olives'), ('3 cups', 'chicken broth'), ('1 (1.41 ounce) package', 'sazon seasoning'), ('3 cups uncooked', 'white rice')]"
Kid-Friendly Chicken Katsu,"[('2 pounds', 'chicken tenders'), ('1 cup', 'garlic salt'), ('1 cup', 'all-purpose flour'), ('2', 'eggs'), ('2 cups', 'panko bread crumbs'), ('', 'vegetable oil'), ('0.33333334326744 cup', 'ketchup'), ('0.25 cup', 'soy sauce'), ('0.125 cup', 'white sugar'), ('1.5 tablespoons', 'Worcestershire sauce'), ('1 pinch', 'cayenne pepper')]"
Pumpkin Kaya,"[('4.25 cups cubed', 'pumpkin'), ('1 cup', 'coconut cream'), ('0.375 cup', 'brown sugar'), ('8 young', 'pandan leaves')]"
Australian Federation Biscuits,"[('0.66666668653488 cup', 'butter'), ('1 cup', 'white sugar'), ('2', 'eggs'), ('0.5 teaspoon', 'baking soda'), ('0.25 cup', 'water'), ('1.5 cups chopped pitted', 'dates'), ('1.5 cups', 'golden raisins'), ('1.6666666269302 cups', 'all-purpose flour'), ('1 teaspoon ground', 'cinnamon'), ('1 cup chopped', 'walnuts')]"
Russian Poppy Seed Roll,"[('1 cup warm', 'milk'), ('2 (.25 ounce) packages', 'active dry yeast'), ('1 teaspoon', 'sugar'), ('0.5 cup', 'sugar'), ('0.5 teaspoon', 'lemon zest'), ('2', 'eggs'), ('2', 'egg yolks'), ('0.25 teaspoon', 'salt'), ('6 cups', 'all-purpose flour'), ('7 tablespoons', 'unsalted butter'), ('2 cups', 'poppy seeds'), ('1 cup', 'milk'), ('0.5 cup', 'raisins'), ('2', 'egg whites'), ('0.25 cup', 'honey'), ('0.25 cup', 'sugar'), ('0.25 cup chopped', 'walnuts'), ('3.5 tablespoons', 'unsalted butter'), ('1', 'egg'), ('1 tablespoon', 'water')]"
Spanish-Style Oxtail Stew,"[('3 tablespoons', 'olive oil'), ('4 pounds', 'beef oxtail'), ('2', 'onions'), ('2', 'green bell pepper'), ('1 tablespoon minced', 'garlic'), ('4 cups', 'white wine'), ('1 cup', 'beef broth'), ('3', 'bay leaves'), ('1 (1 ounce) square', 'unsweetened chocolate'), ('2 tablespoons', 'paprika'), ('0.5 teaspoon', 'salt'), ('2', 'carrots')]"
Cream Cheese and Crab Sushi Rolls,"[('1 cup uncooked', 'white rice'), ('2 cups', 'water'), ('2 tablespoons', 'rice vinegar'), ('1 teaspoon', 'salt'), ('2 sheets', 'nori seaweed'), ('0.25', 'cucumber'), ('2 pieces', 'imitation crab'), ('0.5 (3 ounce) package', 'cream cheese'), ('1 teaspoon minced', 'ginger root')]"
Portuguese Coconut Cakes (Bolos de Coco),"[('1.75 cups shredded', 'coconut'), ('0.75 cup', 'white sugar'), ('3', 'eggs'), ('1 tablespoon grated', 'lemon zest')]"
Chocolate Chip Belgian Waffles,"[('1 large', 'egg'), ('1 cup', 'all-purpose flour'), ('7 fluid ounces', 'milk'), ('0.33333334326744 cup', 'chocolate chips'), ('0.25 cup', 'vegetable oil'), ('1 tablespoon', 'sugar'), ('2 teaspoons', 'baking powder'), ('0.25 teaspoon', 'vanilla extract'), ('0.125 teaspoon', 'salt'), ('nonstick', 'cooking spray')]"
Dulce de Leche,"[('1 gallon', 'milk'), ('1', 'vanilla bean'), ('4.5 cups', 'white sugar'), ('1 teaspoon', 'baking soda')]"
Tulumba (Deep-Fried Pastry with Syrup),"[('2 cups', 'water'), ('6 tablespoons', 'vegetable oil'), ('3.25 cups', 'all-purpose flour'), ('1 tablespoon', 'baking powder'), ('5 large', 'eggs'), ('2 cups', 'vegetable oil'), ('5 cups', 'white sugar'), ('2.5 cups', 'water')]"
Jalapeño Jelly,"[('1 large', 'green bell pepper'), ('12', 'jalapeno peppers'), ('1.5 cups', 'apple cider vinegar'), ('1 pinch', 'salt'), ('4.25 cups', 'granulated sugar'), ('4 ounces', 'pectin'), ('4', 'jalapeno peppers')]"
Opor Ayam (Chicken in Coconut Milk),"[('1', 'chicken'), ('1', 'lemon'), ('4', 'candlenuts'), ('1 teaspoon ground', 'coriander'), ('0.5 teaspoon', 'cumin seeds'), ('7', 'shallots'), ('5 cloves', 'garlic'), ('1 tablespoon chopped', 'galangal'), ('0.5 tablespoon chopped', 'ginger'), ('0.5 teaspoon', 'white peppercorns'), ('0.5 teaspoon chopped fresh', 'turmeric root'), ('3 tablespoons', 'vegetable oil'), ('2 stalks', 'lemongrass'), ('1 tablespoon', 'tamarind juice'), ('5', 'makrut lime leaves'), ('3', 'bay leaves'), ('1 teaspoon', 'salt'), ('0.5 teaspoon', 'white sugar'), ('3.3333332538605 cups thin', 'coconut milk'), ('1 cup thick', 'coconut milk'), ('1 small bunch', 'Thai basil'), ('1 (2.8 ounce) package', 'fried shallots')]"
Chinese Broccoli,"[('1 bunch', 'Gai Lan'), ('3 tablespoons', 'hoisin sauce'), ('2 tablespoons', 'white sugar'), ('2 tablespoons', 'soy sauce'), ('1 tablespoon', 'cornstarch'), ('1 tablespoon', 'rice vinegar'), ('1 tablespoon', 'sesame oil'), ('2 cloves', 'garlic'), ('1 teaspoon minced fresh', 'ginger root')]"
Malaysian Chicken Curry,"[('8', 'shallots'), ('6', 'hot chile peppers'), ('8 stalks', 'lemongrass'), ('0.5 cup chopped', 'almonds'), ('1 small bunch', 'cilantro'), ('8 cloves', 'garlic'), ('1 (1 inch) piece', 'ginger'), ('2 tablespoons', 'peanut oil'), ('3 pounds', 'chicken thighs'), ('1 tablespoon', 'peanut oil'), ('1', 'onion'), ('1', 'red bell pepper'), ('1', 'yellow bell pepper'), ('1', 'orange bell pepper'), ('1 cup halved', 'snow peas'), ('1 large', 'carrot'), ('2 (14 ounce) cans', 'coconut milk'), ('1 teaspoon', 'white sugar'), ('1 teaspoon', 'salt')]"
Norwegian Lefse,"[('10 pounds', 'potatoes'), ('0.5 cup', 'butter'), ('0.33333331346512 cup', 'heavy cream'), ('1 tablespoon', 'salt'), ('1 tablespoon', 'sugar'), ('2.5 cups', 'all-purpose flour')]"
Scandinavian Almond Bars,"[('0.5 cup', 'butter'), ('1 cup', 'white sugar'), ('1', 'egg'), ('0.5 teaspoon', 'almond extract'), ('1.75 cups', 'all-purpose flour'), ('2 teaspoons', 'baking powder'), ('0.25 teaspoon', 'salt'), ('0.5 cup sliced', 'almonds'), ('2 tablespoons', 'milk'), ('1 cup', ""confectioners' sugar""), ('0.25 teaspoon', 'almond extract'), ('0.25 cup', 'milk')]"
Russian Syrniki,"[('1 cup', 'cottage cheese'), ('2', 'eggs'), ('3 tablespoons', 'sugar'), ('2 tablespoons', 'semolina flour'), ('3 tablespoons', 'all-purpose flour'), ('0.33333334326744 cup', 'canola oil')]"
Peruvian Cilantro Rice,"[('2 (4 ounce)', 'chicken breast halves'), ('1 bunch', 'cilantro'), ('0.5 cup', 'water'), ('1 tablespoon', 'vegetable oil'), ('1 tablespoon minced', 'garlic'), ('0.25 cup', 'carrots'), ('0.25 cup', 'peas'), ('1 tablespoon', 'cumin'), ('salt and freshly ground black pepper to taste', ''), ('1 cup uncooked', 'white rice')]"
Russian Cabbage Pie,"[('3 tablespoons', 'butter'), ('1 small head', 'cabbage'), ('3', 'eggs'), ('3 sprigs', 'dill'), ('to taste', 'salt'), ('2 sheets', 'yeasted puff pastry'), ('1', 'egg')]"
Mom&#39;s Buttermilk Pancakes,"[('1 cup', 'flour'), ('1 teaspoon', 'salt'), ('1 teaspoon', 'baking soda'), ('1 large', 'egg'), ('1.125 cups', 'buttermilk'), ('2 tablespoons', 'butter')]"
Bang Bang Chicken,"[('0.33333334326744 cup', 'milk'), ('1 large', 'egg'), ('1 pound', 'chicken breasts'), ('0.25 cup', 'potato starch'), ('0.25 cup', 'all-purpose flour'), ('0.5 teaspoon', 'salt'), ('0.25 teaspoon ground', 'black pepper'), ('0.25 teaspoon', 'shichimi togarashi'), ('2 cups', 'oil'), ('0.25 cup', 'mayonnaise'), ('2 tablespoons', 'honey'), ('2 tablespoons', 'sweet chili sauce'), ('1 teaspoon', 'gochujang')]"
Instant Pot® Pho,"[('3 pounds', 'oxtail'), ('1 (1 inch) piece', 'ginger'), ('1 medium', 'onion'), ('1', 'cinnamon stick'), ('3', 'cardamom pods'), ('3 whole', 'cloves'), ('2 whole', 'star anise'), ('1 teaspoon', 'coriander seeds'), ('1 teaspoon', 'fennel seeds'), ('6 cups', 'water'), ('0.25 cup', 'fish sauce'), ('3 green', 'onions'), ('1.5 tablespoons', 'sugar'), ('1 teaspoon', 'salt'), ('1 (8 ounce) package', 'rice noodles')]"
Persian Shish Kabob,"[('2 pounds', 'beef tenderloin'), ('1', 'onion'), ('0.125 cup fresh', 'lime juice'), ('1 tablespoon', 'salt'), ('1 pinch', 'black pepper')]"
Tandoori Masala Spice Mix,"[('2 tablespoons', 'coriander'), ('1.5 tablespoons ground', 'cumin'), ('1 teaspoon', 'garlic powder'), ('1 teaspoon ground', 'ginger'), ('1 teaspoon ground', 'cloves'), ('1 teaspoon ground', 'mace'), ('1 teaspoon ground', 'fenugreek'), ('1 teaspoon ground', 'cinnamon'), ('1 teaspoon ground', 'black pepper'), ('1 teaspoon ground', 'cardamom'), ('0.5 teaspoon ground', 'nutmeg')]"
Jay&#39;s Jerk Chicken,"[('6', 'green onions'), ('1', 'onion'), ('1', 'jalapeno pepper'), ('0.75 cup', 'soy sauce'), ('0.5 cup', 'distilled white vinegar'), ('0.25 cup', 'vegetable oil'), ('2 tablespoons', 'brown sugar'), ('1 tablespoon', 'thyme'), ('0.5 teaspoon ground', 'cloves'), ('0.5 teaspoon ground', 'nutmeg'), ('0.5 teaspoon ground', 'allspice'), ('1.5 pounds', 'chicken breast'), ('lime', 'wedges')]"
Authentic Miso Soup,"[('4 cups', 'water'), ('1 (4 inch) piece', 'dashi kombu'), ('0.5 cup', 'bonito flakes'), ('0.5 (12 ounce) package', 'tofu'), ('1 teaspoon dried', 'wakame'), ('3 tablespoons', 'miso paste'), ('0.25 cup chopped', 'green onions')]"
Chicken Arroz Caldo (Chicken Rice Porridge),"[('2 tablespoons', 'olive oil'), ('1', 'onion'), ('2 cloves', 'garlic'), ('1 (2 inch) piece', 'ginger'), ('2.25 pounds', 'chicken wings'), ('1 tablespoon', 'fish sauce'), ('5.25 cups', 'chicken broth'), ('1 cup', 'glutinous sweet rice'), ('to taste', 'salt and pepper'), ('1', 'green onion'), ('1', 'lemon'), ('1 teaspoon', 'fish sauce')]"
Japanese-Style Deep-Fried Shrimp,"[('1 pound medium', 'shrimp'), ('0.5 teaspoon', 'salt'), ('0.5 teaspoon ground', 'black pepper'), ('0.5 teaspoon', 'garlic powder'), ('1 cup', 'all-purpose flour'), ('1 teaspoon', 'paprika'), ('2 large', 'eggs'), ('1 cup', 'panko crumbs'), ('1 quart', 'vegetable oil')]"
Fairy Bread,"[('8 slices', 'white bread'), ('0.25 cup', 'butter or margarine'), ('0.25 cup', 'multicolored candy sprinkles')]"
Korean-Style Salad Dressing,"[('0.25 cup', 'low-sodium soy sauce'), ('0.25 cup', 'water'), ('3 tablespoons', 'rice vinegar'), ('3 tablespoons', 'sesame oil'), ('2 tablespoons', 'sugar'), ('1 tablespoon ground', 'red chile pepper')]"
Kimchi Jun (Kimchi Pancake) and Dipping Sauce,"[('1 cup', 'kimchi'), ('0.5 cup reserved', 'juice'), ('1 cup', 'all-purpose flour'), ('2', 'eggs'), ('1', 'green onion'), ('1 tablespoon', 'vegetable oil'), ('to taste', 'salt'), ('1 tablespoon', 'rice vinegar'), ('1 tablespoon', 'soy sauce'), ('0.5 teaspoon', 'sesame oil'), ('0.5 teaspoon', 'Korean chili pepper flakes'), ('0.5 teaspoon', 'sesame seeds')]"
Korean BBQ Galbi,"[('5 pounds', 'beef short ribs'), ('1', 'Asian pear'), ('1', 'onion'), ('5 cloves', 'garlic'), ('1 cup', 'soy sauce'), ('1 cup', 'brown sugar'), ('0.25 cup', 'honey'), ('0.25 cup', 'sesame oil'), ('to taste', 'black pepper')]"
Kwek Kwek (Filipino Street Food),"[('12', 'quail eggs'), ('0.25 cup', 'rice vinegar'), ('0.25 cup', 'ketchup'), ('0.25 cup', 'brown sugar'), ('2 teaspoons', 'soy sauce'), ('0.5 cup', 'water'), ('1 drop', 'yellow food coloring'), ('1 drop', 'red food coloring'), ('1 cup', 'all-purpose flour'), ('to taste', 'salt and freshly ground black pepper'), ('oil for', 'deep frying'), ('0.25 cup', 'cornstarch'), ('1', 'bamboo skewer')]"
Best Hummus,"[('1 (15 ounce) can', 'garbanzo beans'), ('3 tablespoons', 'tahini'), ('2 tablespoons', 'olive oil'), ('1 tablespoon fresh', 'lemon juice'), ('0.25 cup', 'water'), ('3 cloves', 'garlic'), ('0.5 teaspoon ground', 'cumin'), ('1 pinch', 'paprika'), ('1 sprig', 'parsley')]"
Vegetarian Moussaka,"[('1', 'eggplant'), ('1 teaspoon', 'salt'), ('1 tablespoon', 'olive oil'), ('1 large', 'zucchini'), ('2', 'potatoes'), ('1', 'onion'), ('1 clove', 'garlic'), ('1 tablespoon', 'white vinegar'), ('1 (14.5 ounce) can', 'tomatoes'), ('0.5 (14.5 ounce) can', 'lentils'), ('2 tablespoons chopped fresh', 'parsley'), ('1 teaspoon dried', 'oregano'), ('to taste', 'black pepper'), ('1 cup crumbled', 'feta cheese'), ('1.25 cups', 'milk'), ('2 tablespoons', 'all-purpose flour'), ('1.5 tablespoons', 'butter'), ('1 pinch', 'nutmeg'), ('to taste', 'black pepper'), ('1 large', 'egg'), ('0.25 cup grated', 'Parmesan cheese')]"
Homemade Pickled Ginger (Gari),"[('8 ounces', 'ginger root'), ('1.5 teaspoons', 'sea salt'), ('1 cup', 'rice vinegar'), ('0.33333334326744 cup', 'white sugar')]"
Szechuan Beef,"[('1 tablespoon', 'soy sauce'), ('2 teaspoons', 'cornstarch'), ('1 clove', 'garlic'), ('0.25 teaspoon', 'red pepper'), ('1 pound', 'sirloin steak'), ('2 tablespoons', 'vegetable oil'), ('3 cups fresh', 'broccoli'), ('2 small', 'onions'), ('1 (8 ounce) can', 'water chestnuts'), ('0.25 cup', 'chicken broth'), ('0.5 cup', 'peanuts')]"
Refreshing Brazilian Lemonade,"[('4.25 cups', 'water'), ('4 large', 'limes'), ('0.5 (14 ounce) can', 'sweetened condensed milk'), ('ice', 'cubes'), ('5 tablespoons', 'sugar')]"
Light and Easy Greek Potato Salad,"[('12', 'potatoes'), ('0.25 cup chopped', 'green onion'), ('0.25 cup', 'olive oil'), ('0.25 cup', 'red wine vinegar'), ('1.5 teaspoons fresh', 'lemon juice'), ('0.5 teaspoon', 'garlic powder'), ('0.5 teaspoon', 'onion powder'), ('0.5 teaspoon', 'salt'), ('0.5 teaspoon ground', 'black pepper'), ('0.25 teaspoon dried', 'oregano'), ('0.25 teaspoon', 'white sugar'), ('0.25 teaspoon', 'rosemary'), ('1 pinch', 'red pepper')]"
Lebanese Fattoush,"[('6', 'lettuce leaves'), ('3', 'cabbage leaves'), ('2 small', 'radishes'), ('1 medium', 'cucumber'), ('1', 'red bell pepper'), ('1', 'carrot'), ('0.25 cup', 'sweet corn kernels'), ('1 large', 'tomato'), ('1 small', 'onion'), ('2 large cloves', 'garlic'), ('12 sprigs', 'parsley'), ('12', 'mint leaves'), ('0.25 cup', 'olive oil'), ('0.25 cup', 'pomegranate seeds'), ('0.25 cup', 'pomegranate syrup'), ('2 (6 inch)', 'pita bread rounds'), ('2 cups', 'vegetable oil')]"
"Chicken French (Rochester, NY Style)","[('0.25 cup', 'all-purpose flour'), ('to taste', 'salt and black pepper'), ('2 large', 'eggs'), ('1 tablespoon', 'sugar'), ('1 tablespoon grated', 'Parmesan cheese'), ('2 tablespoons', 'olive oil'), ('4', 'chicken breast halves'), ('0.25 cup', 'butter'), ('2 teaspoons minced', 'garlic'), ('0.25 cup', 'sherry'), ('0.25 cup', 'lemon juice'), ('2 teaspoons', 'chicken base')]"
Bo Nuong Xa,"[('2 teaspoons', 'white sugar'), ('2 tablespoons', 'soy sauce'), ('1 teaspoon ground', 'black pepper'), ('2 cloves', 'garlic'), ('2 stalks', 'lemon grass'), ('2 teaspoons', 'sesame seeds'), ('1.5 pounds', 'sirloin tip'), (None, 'skewers'), ('12 leaves', 'romaine lettuce'), ('fresh', 'cilantro'), ('fresh', 'basil'), ('fresh', 'mint'), ('thinly sliced', 'green onion')]"
Korean BBQ Short Ribs (Galbi),"[('0.75 cup', 'soy sauce'), ('0.75 cup', 'water'), ('3 tablespoons', 'white vinegar'), ('2 tablespoons', 'sesame oil'), ('0.5 large', 'onion'), ('0.25 cup minced', 'garlic'), ('0.25 cup', 'dark brown sugar'), ('2 tablespoons', 'white sugar'), ('1 tablespoon', 'black pepper'), ('3 pounds', 'Korean-style short ribs')]"
Argentinian-Style Ribs,"[('6 pounds', 'beef short ribs'), ('1 cup', 'salt'), ('6 medium', 'limes')]"
Escabeche,"[('2 pounds', 'chicken gizzards'), ('1 large', 'onion'), ('1 large', 'green bell pepper'), ('1 medium head', 'garlic'), ('1.5 cups', 'white wine vinegar'), ('1 cup', 'corn oil'), ('3', 'bay leaves'), ('2 tablespoons', 'black peppercorns'), ('0.5 cup', 'green olives'), ('to taste', 'salt')]"
Swiss Steak Quick and Easy,"[('1 tablespoon', 'vegetable oil'), ('2 pounds', 'cube steaks'), ('1.5 tablespoons', 'all-purpose flour'), ('2 (14.5 ounce) cans', 'tomatoes'), ('1 pound', 'mushrooms'), ('1 medium', 'onion'), ('1 (1.2 ounce) package', 'brown gravy mix'), ('to taste', 'salt and pepper'), ('1 (12 ounce) package', 'egg noodles')]"
Banh Mi Burgers,"[('0.5 cup chopped', 'cucumber'), ('0.25 cup thinly sliced', 'green onion'), ('0.25 cup chopped', 'carrot'), ('0.5 cup', 'rice vinegar'), ('2 tablespoons', 'mirin'), ('1 teaspoon', 'white sugar'), ('2 pounds', 'pork'), ('2 tablespoons', 'tamari sauce'), ('1 tablespoon toasted', 'sesame oil'), ('1 teaspoon', 'mirin'), ('1 tablespoon grated', 'ginger'), ('1 tablespoon', 'chili garlic sauce'), ('1 teaspoon', 'fish sauce'), ('6', 'sesame seed hamburger buns'), ('1 teaspoon chopped fresh', 'basil'), ('1 teaspoon chopped fresh', 'mint')]"
Haupia and Purple Sweet Potato Pie,"[('1.5 cups', 'all-purpose flour'), ('0.33333334326744 cup', 'white sugar'), ('0.75 cup', 'butter'), ('0.5 cup', 'butter'), ('0.5 cup', 'sugar'), ('2', 'eggs'), ('3 cups', 'Japanese purple sweet potatoes'), ('0.5 cup', 'milk'), ('1 teaspoon', 'vanilla extract'), ('1.25 cups cold', 'water'), ('0.5 cup', 'sugar'), ('0.5 cup', 'cornstarch'), ('2 (14 ounce) cans', 'coconut milk'), ('2 cups shredded', 'coconut')]"
Easy Pina Colada French Toast,"[('8', 'eggs'), ('0.66666668653488 cup', 'milk'), ('0.5 cup', 'pina colada drink mix'), ('1 tablespoon', 'butter'), ('12 (1/2 inch thick) slices', 'French bread'), ('2', 'bananas')]"
Fereni Starch Pudding,"[('0.66666668653488 cup', 'cornstarch'), ('2 cups', 'milk'), ('0.5 cup', 'almonds'), ('6 whole', 'cardamom seeds'), ('0.25 cup', 'sugar'), ('to taste', 'rosewater'), ('0.25 cup blanched slivered', 'almonds')]"
Chilean Pebre Sauce,"[('6', 'scallions'), ('2', 'Roma tomatoes'), ('1 bunch', 'cilantro'), ('3 tablespoons', 'red wine vinegar'), ('2 tablespoons', 'chile-garlic sauce'), ('5 cloves', 'garlic'), ('0.5 tablespoon', 'olive oil'), ('0.5 teaspoon', 'garlic salt')]"
Kaiserschmarrn,"[('0.25 cup', 'raisins'), ('0.25 cup', 'rum'), ('5', 'eggs'), ('1 cup', 'milk'), ('0.25 cup', 'sugar'), ('0.5 teaspoon', 'vanilla extract'), ('', 'salt'), ('1 cup', 'all-purpose flour'), ('2 tablespoons', 'butter'), ('1 tablespoon', 'butter'), ('0.25 cup', ""confectioners' sugar""), ('for serving', 'plum preserves')]"
Butter Chicken (Murgh Makhani),"[('2 teaspoons', 'garam masala'), ('2 teaspoons', 'tandoori masala'), ('2 teaspoons', 'Madras curry powder'), ('1 teaspoon ground', 'cumin'), ('0.5 teaspoon ground', 'cardamom'), ('0.5 teaspoon ground', 'cayenne pepper'), ('salt and ground black pepper to taste', ''), ('1.5 pounds boneless, skinless', 'chicken thighs'), ('3 tablespoons', 'butter'), ('1', 'yellow onion'), ('4 cloves', 'garlic'), ('1 tablespoon', 'lemon juice'), ('2 teaspoons chopped fresh', 'ginger'), ('1 cup', 'tomato puree'), ('1 cup', 'half-and-half'), ('0.25 cup', 'yogurt'), ('0.33333334326744 cup', 'cashews'), ('1 bunch', 'cilantro')]"
Spanish Octopus,"[('1', 'yellow onion'), ('3 cloves', 'garlic'), ('1 large', 'bay leaf'), ('1.5 teaspoons smoked Spanish', 'paprika'), ('1.5 teaspoons', 'kosher salt'), ('1 tablespoon', 'olive oil'), ('0.5 cup', 'white wine'), ('1 (1 pound) piece', 'Spanish octopus'), ('2 tablespoons', 'olive oil'), ('.333 cup', 'braising liquid'), ('1 tablespoon', 'lemon juice'), ('1 tablespoon', 'olive oil'), ('to taste', 'salt'), ('1 pinch', 'cayenne pepper')]"
German Wiener Schnitzel,"[('2 pounds', 'veal'), ('1 cup', 'all-purpose flour'), ('4', 'eggs'), ('1 tablespoon', 'vegetable oil'), ('to taste', 'salt and pepper'), ('4 cups', 'bread crumbs'), ('0.125 cup', 'oil')]"
Pan de Queso (Brazilian Cheese Buns),"[('0.5 cup', 'water'), ('0.5 cup', 'milk'), ('0.25 cup', 'oil'), ('0.5 teaspoon', 'salt'), ('1.5 cups', 'tapioca starch'), ('1', 'egg'), ('1 cup grated', 'Parmesan cheese')]"
Spanish Paella,"[('4 tablespoons', 'olive oil'), ('1', 'onion'), ('2 cloves', 'garlic'), ('1', 'red bell pepper'), ('4 ounces', 'Spanish chorizo'), ('2', 'chicken breast halves'), ('1 (12 ounce) package', 'Arborio rice'), ('5 cups', 'chicken broth'), ('0.5 cup', 'white wine'), ('1 sprig', 'thyme'), ('1 pinch', 'saffron'), ('to taste', 'salt'), ('to taste', 'black pepper'), ('2', 'squid'), ('2', 'tomatoes'), ('0.5 cup frozen', 'green peas'), ('12 large', 'shrimp'), ('1 pound', 'mussels'), ('0.25 cup chopped', 'Italian flat leaf parsley'), ('8 slices', 'lemon')]"
Jamaican Jerk Chicken,"[('6', 'chicken breast halves'), ('1 cup', 'water'), ('4', 'limes'), ('2 tablespoons', 'vegetable oil'), ('2 teaspoons ground', 'allspice'), ('2 teaspoons dried', 'thyme'), ('1.5 teaspoons ground', 'black pepper'), ('1 teaspoon', 'salt'), ('1 teaspoon', 'brown sugar'), ('1 teaspoon ground', 'ginger'), ('0.5 teaspoon', 'nutmeg'), ('2', 'onions'), ('1.5 cups chopped green', 'onions'), ('2', 'habanero peppers'), ('6 cloves', 'garlic')]"
Ginataang Manok (Chicken Cooked in Coconut Milk),"[('3 tablespoons', 'canola oil'), ('0.5 cup sliced fresh', 'ginger'), ('1 (5 pound)', 'chicken'), ('salt and ground black pepper to taste', ''), ('2 (14 ounce) cans', 'coconut milk'), ('1 (10 ounce) package', 'spinach')]"
Dutch Croquetten,"[('1 pound', 'veal'), ('2 tablespoons', 'butter'), ('4 tablespoons', 'all-purpose flour'), ('0.5 cup', 'milk'), ('0.5 cup', 'chicken broth'), ('0.5 teaspoon', 'paprika'), ('0.5 teaspoon', 'chili powder'), ('1 teaspoon', 'curry powder'), ('0.5 teaspoon', 'salt'), ('0.25 teaspoon', 'pepper'), ('1 teaspoon', 'Worcestershire sauce'), ('1 teaspoon finely chopped fresh', 'parsley'), ('8 ounces', 'Gouda cheese'), ('1', 'egg'), ('0.5 cup', 'all-purpose flour'), ('2 tablespoons', 'water'), ('1.5 cups', 'bread crumbs'), ('1 cup', 'oil')]"
Thai Chicken,"[('1 cup', 'soy sauce'), ('8 cloves', 'garlic'), ('2 tablespoons', 'hot pepper sauce'), ('1 tablespoon minced', 'ginger root'), ('2 pounds', 'chicken thighs'), ('1 tablespoon', 'sesame oil'), ('1 tablespoon', 'brown sugar'), ('1', 'onion'), ('0.5 cup', 'water'), ('4 tablespoons', 'peanut butter'), ('2 tablespoons', 'green onions')]"
Sausage and Sauerkraut,"[('2 pounds', 'sauerkraut'), ('1 tablespoon', 'caraway seeds'), ('0.25 cup', 'brown sugar'), ('1', 'apple'), ('cooking', 'spray'), ('0.5 pound', 'bacon'), ('1 large', 'onion'), ('1.5 pounds', 'kielbasa sausage')]"
Jamaican Curry Chicken,"[('0.25 cup', 'curry powder'), ('2 tablespoons', 'garlic powder'), ('1 tablespoon', 'salt'), ('1 tablespoon', 'onion powder'), ('2 teaspoons', 'salt'), ('1 sprig', 'thyme'), ('1 pinch', 'allspice'), ('to taste', 'salt and ground black pepper'), ('2.25 pounds', 'chicken'), ('3 tablespoons', 'vegetable oil'), ('3 cups', 'water'), ('1', 'potato'), ('0.5 cup chopped', 'carrots'), ('2', 'scallions'), ('1 (1 inch) piece', 'ginger root'), ('1', 'Scotch bonnet chile pepper')]"
Cuban Goulash,"[('1 tablespoon', 'vegetable oil'), ('1 pound', 'pork roast'), ('1 pound', 'onions'), ('1 pound', 'bananas'), ('1 (16 ounce) can', 'tomatoes'), ('to taste', 'cayenne pepper'), ('salt and ground black pepper to taste', '')]"
Chef John&#39;s Baklava,"[('2.5 cups', 'walnut halves'), ('1 cup shelled', 'pistachios'), ('1.5 teaspoons ground', 'cinnamon'), ('0.5 cup', 'unsalted butter'), ('12 sheets', 'phyllo dough'), ('1.5 cups', 'sugar'), ('0.75 cup', 'water'), ('0.25 cup', 'honey'), ('3 whole', 'cloves'), ('0.25 teaspoon', 'vanilla extract'), ('1.5 teaspoons', 'orange flower water')]"
Swedish Tea Ring,"[('1 cup', 'milk'), ('1', 'egg'), ('1 tablespoon', 'butter'), ('3 tablespoons', 'sugar'), ('0.5 teaspoon', 'salt'), ('3.25 cups', 'bread flour'), ('0.75 teaspoon', 'active dry yeast'), ('2 tablespoons', 'butter'), ('2 teaspoons', 'cinnamon'), ('0.75 cup packed', 'brown sugar'), ('0.5 cup', 'raisins'), (None, ""1 cup confectioners' sugar, sifted""), ('0.5 teaspoon', 'almond extract'), ('1 tablespoon', 'milk')]"
Sour Cream Dough for Pierogi,"[('6 cups', 'all-purpose flour'), ('2 teaspoons', 'salt'), ('3', 'eggs'), ('0.5 cup', 'sour cream'), ('0.25 cup', 'milk')]"
Shami Kabab (Bun Kabab),"[('2 pounds', 'beef'), ('1 tablespoon', 'garlic paste'), ('1 tablespoon', 'ginger paste'), ('1 teaspoon', 'coriander'), ('1 teaspoon', 'cumin'), ('0.5 teaspoon ground', 'turmeric'), ('0.5 teaspoon', 'garam masala'), ('0.5 teaspoon ground', 'red chile pepper'), ('to taste', 'salt'), ('0.5 cup', 'water'), ('0.5 cup', 'chana dal'), ('0.5 cup chopped', 'cilantro'), ('2', 'eggs'), ('1 tablespoon chopped fresh', 'cilantro'), ('0.5 teaspoon ground', 'red chile pepper'), ('to taste', 'salt'), ('0.25 cup', 'bread crumbs'), ('0.25 cup', 'vegetable oil')]"
Korean Tofu and Vegetable Soup,"[('3 cups', 'beef stock'), ('0.25 cup', 'toenjang'), ('1 (4 inch) piece', 'dashi kombu'), ('5 cloves', 'garlic'), ('1 (16 ounce) package', 'tofu'), ('1 pound', 'napa cabbage'), ('1 pound', 'daikon radish'), ('1 pound', 'yellow squash'), ('2 large', 'green onions'), ('1', 'hot red pepper')]"
Turkish Chicken Kebabs,"[('1 cup', 'Greek yogurt'), ('6 cloves', 'garlic'), ('2 tablespoons', 'olive oil'), ('2 tablespoons', 'lemon juice'), ('2 tablespoons', 'ketchup'), ('1 tablespoon', 'Aleppo red pepper flakes'), ('1 tablespoon', 'kosher salt'), ('1.5 teaspoons ground', 'cumin'), ('1 teaspoon freshly ground', 'black pepper'), ('1 teaspoon', 'paprika'), ('0.125 teaspoon ground', 'cinnamon'), ('2.5 pounds', 'chicken thighs'), ('4 long', 'metal skewers')]"
Super Easy Polish Cabbage Rolls,"[('0.667 cup uncooked', 'white rice'), ('1.33 cups', 'water'), ('1 large head', 'cabbage'), ('2 tablespoons', 'butter'), ('1', 'onion'), ('1.5 pounds', 'chicken'), ('2', 'eggs'), ('4 cloves', 'garlic'), ('to taste', 'salt and ground black pepper'), ('1 pinch', 'marjoram'), ('2 (8 ounce) cans', 'tomato sauce')]"
Pakistani-Style Roast Chicken Thighs,"[('2 pounds', 'chicken thighs'), ('1', 'lemon'), ('2 tablespoons', 'ketchup'), ('2 teaspoons', 'garlic powder'), ('2 teaspoons', 'onion powder'), ('2 teaspoons ground', 'coriander'), ('2 teaspoons', 'cumin'), ('2 teaspoons', 'garam masala'), ('2 teaspoons', 'brown sugar'), ('2 teaspoons', 'chile powder'), ('1 teaspoon', 'paprika'), ('1 teaspoon', 'sage'), ('1 teaspoon dried', 'mint'), ('cooking', 'spray')]"
Easy Plum Cake,"[('0.75 cup', 'sugar'), ('0.5 cup', 'butter'), ('2 large', 'eggs'), ('1 cup', 'all-purpose flour'), ('1 teaspoon', 'baking powder'), ('1 pinch', 'salt'), ('12 medium', 'Italian plums'), ('1.5 tablespoons', 'cinnamon sugar')]"
Polvorones from Puerto Rico,"[('0.5 cup', 'vegetable shortening'), ('0.5 cup', 'butter'), ('1 cup', 'sugar'), ('1 large', 'egg'), ('1 large', 'egg yolk'), ('1 tablespoon', 'vanilla extract'), ('1 teaspoon', 'almond extract'), ('3 cups', 'all-purpose flour'), ('1 (21 ounce) package', 'guava paste')]"
Banket,"[('2 cups', 'all-purpose flour'), ('1 cup', 'butter'), ('0.5 cup', 'water'), ('1.5 cups', 'almond paste'), ('2', 'eggs'), ('0.75 cup', 'sugar'), ('0.25 teaspoon', 'almond extract'), ('1 pinch', 'salt'), ('1', 'egg white')]"
Hasty Pudding,"[('1 cup packed', 'brown sugar'), ('1 teaspoon', 'vanilla extract'), ('2 tablespoons', 'butter'), ('1 cup', 'water'), ('0.5 cup', 'sugar'), ('0.75 cup', 'all-purpose flour'), ('0.5 cup', 'milk'), ('1 teaspoon', 'baking powder'), ('0.75 cup chopped', 'nuts'), ('0.5 cup', 'raisins')]"
Pork Lo Mein,"[('1 (8 ounce) package', 'linguine'), ('0.33333334326744 cup', 'low-sodium soy sauce'), ('2 tablespoons', 'rice vinegar'), ('2 teaspoons', 'cornstarch'), ('1 teaspoon', 'white sugar'), ('0.5 teaspoon', 'sesame oil'), ('2 tablespoons', 'canola oil'), ('2 cups', 'snap peas'), ('1 small', 'sweet onion'), ('1 (12 ounce)', 'pork tenderloin'), ('1 (8 ounce) package sliced', 'white mushrooms'), ('1 medium', 'red bell pepper'), ('3 cloves', 'garlic'), ('0.5 teaspoon chopped fresh', 'ginger'), ('3 green', 'onions')]"
Cheese Rösti,"[('6 large', 'potatoes'), ('6 tablespoons', 'butter'), ('8 ounces', 'Swiss cheese'), ('to taste', 'salt'), ('to taste', 'black pepper'), ('2 tablespoons', 'water')]"
We Be Jammin&#39; Jamaican Banana Bread,"[('2 tablespoons', 'unsalted butter'), ('2 tablespoons', 'cream cheese'), ('1 cup', 'sugar'), ('1', 'egg'), ('2 cups', 'all-purpose flour'), ('2 teaspoons', 'baking powder'), ('0.5 teaspoon', 'baking soda'), ('0.125 teaspoon', 'salt'), ('1 cup mashed overripe', 'bananas'), ('0.5 cup', 'milk'), ('2 tablespoons', 'dark rum'), ('0.5 teaspoon', 'lime zest'), ('2 teaspoons', 'lime juice'), ('1 teaspoon', 'vanilla extract'), ('0.25 cup chopped toasted', 'pecans'), ('0.25 cup', 'coconut'), ('0.25 cup', 'brown sugar'), ('2 teaspoons', 'unsalted butter'), ('2 teaspoons', 'lime juice'), ('2 teaspoons', 'dark rum'), ('2 tablespoons chopped toasted', 'pecans'), ('2 tablespoons flaked', 'coconut')]"
Matar Pulao (Rice with Peas),"[('2 tablespoons', 'vegetable oil'), ('4 whole', 'cloves'), ('3', 'black cardamom seeds'), ('6 whole', 'black peppercorns'), ('2 (3 inch)', 'cinnamon sticks'), ('2 teaspoons', 'garlic powder'), ('2 tablespoons', 'water'), ('1 cup', 'green peas'), ('2 cups uncooked', 'basmati rice'), ('4 cups', 'water'), ('to taste', 'salt')]"
Pakistani Chicken Karahi,"[('0.5 cup', 'sunflower oil'), ('1 (3 pound)', 'chicken'), ('0.25 cup', 'water'), ('2 teaspoons ground', 'cumin'), ('1.5 teaspoons', 'salt'), ('1.5 teaspoons', 'ginger and garlic paste'), ('0.5 teaspoon', 'red chile powder'), ('0.25 teaspoon ground', 'turmeric'), ('6 ripe', 'tomatoes'), ('4', 'green chile peppers'), ('1 bunch', 'cilantro leaves')]"
Chef John&#39;s Drunken Noodles,"[('8 ounces dried', 'rice noodles'), ('0.25 cup', 'oyster sauce'), ('0.25 cup', 'soy sauce'), ('1 tablespoon', 'Asian fish sauce'), ('1 tablespoon', 'maple syrup'), ('1 teaspoon', 'white sugar'), ('2 tablespoons cold', 'water'), ('2 tablespoons', 'vegetable oil'), ('1 teaspoon', 'sesame oil'), ('1 cup', 'shallots'), ('6 teaspoons', 'chile padi'), ('4 cloves', 'garlic'), ('2.5 pounds', 'chicken thighs'), ('1 pound', 'Chinese broccoli'), ('4', 'green onions'), ('1 cup fresh', 'Thai basil')]"
Chakalaka,"[('1 tablespoon', 'oil'), ('3 medium', 'onions'), ('2 medium', 'green bell peppers'), ('3 medium', 'carrots'), ('3 medium', 'tomatoes'), ('2 small', 'Thai green chiles'), ('0.25 cup', 'water'), ('1 cube', 'vegetable bouillon'), ('1 teaspoon', 'curry powder'), ('1 teaspoon', 'chili powder'), ('salt and ground black pepper to taste', '')]"
Instant Pot Baked Beans,"[('8 cups', 'water'), ('1 pound', 'navy beans'), ('1 tablespoon', 'olive oil'), ('6 ounces', 'salt pork'), ('6 ounces', 'bacon'), ('1 small', 'onion'), ('1.5 cups', 'water'), ('0.33333334326744 cup', 'molasses'), ('0.25 cup', 'ketchup'), ('0.25 cup', 'brown sugar'), ('1 tablespoon', 'mustard')]"
Chinese Steamed Buns,"[('1.75 cups', 'all-purpose flour'), ('0.75 cup', 'water'), ('1 tablespoon', 'active dry yeast'), ('1 teaspoon', 'sugar'), ('2 tablespoons', 'white sugar'), ('1 tablespoon', 'vegetable oil'), ('0.25 teaspoon', 'salt'), ('0.5 teaspoon', 'baking powder')]"
Danish Spiced Rye Bread (Sigtebrod),"[('1 cup', 'milk'), ('1 cup', 'water'), ('0.5 cup', 'molasses'), ('0.33333334326744 cup', 'white sugar'), ('3 tablespoons', 'butter'), ('1 tablespoon grated', 'orange zest'), ('1 tablespoon', 'fennel seed'), ('1 tablespoon', 'anise seed'), ('1 tablespoon', 'caraway seed'), ('1 tablespoon', 'cardamom'), ('1 teaspoon', 'salt'), ('2 (.25 ounce) packages', 'active dry yeast'), ('0.25 cup warm', 'water'), ('5 cups', 'all-purpose flour'), ('2 cups', 'rye flour'), ('3 tablespoons', 'butter')]"
Polish Cabbage Noodles,"[('1 medium head shredded', 'cabbage'), ('2 red', 'onions'), ('0.5 cup', 'butter'), ('1 (16 ounce) package', 'wide egg noodles'), ('to taste', 'salt'), ('to taste', 'black pepper')]"
Cheese Babka,"[('1 (.25 ounce) package', 'active dry yeast'), ('1 pinch', 'sugar'), ('0.25 cup warm', 'water'), ('0.5 cup', 'butter'), ('0.25 cup', 'sugar'), ('1.5 teaspoons', 'salt'), ('2 teaspoons', 'vanilla extract'), ('0.75 cup lukewarm', 'milk'), ('3', 'eggs'), ('4 cups', 'all-purpose flour'), ('1.5 cups', 'farmers cheese'), ('0.33333334326744 cup', 'white sugar'), ('1.5 tablespoons', 'sour cream'), ('1', 'egg'), ('1 teaspoon', 'vanilla extract'), ('0.5 teaspoon dried', 'lemon peel'), ('2 tablespoons', 'butter')]"
Filipino Fish Escabeche,"[('1 cup', 'oil'), ('1 (4 ounce)', 'tilapia'), ('to taste', 'salt'), ('3 tablespoons', 'olive oil'), ('1', 'onion'), ('2 cloves', 'garlic'), ('1', 'red bell pepper'), ('1 (1 inch) piece', 'ginger'), ('1.25 cups', 'water'), ('1 cup', 'distilled white vinegar'), ('5 tablespoons', 'sugar'), ('to taste', 'salt and ground black pepper'), ('1 tablespoon', 'cornstarch')]"
Apple Strudel II,"[('3 cups', 'all-purpose flour'), ('1', 'egg'), ('1 cup lukewarm', 'water'), ('1 teaspoon', 'white sugar'), ('1 teaspoon', 'lard'), ('1 pinch', 'salt'), ('1.5 cups', 'butter'), ('1 cup toasted', 'bread crumbs'), ('1 cup ground', 'walnuts'), ('3.5 pounds', 'apples'), ('0.75 cup', 'raisins'), ('1 teaspoon ground', 'cinnamon'), ('1.75 cups', 'white sugar')]"
Bánh Mì,"[('0.5 cup', 'rice vinegar'), ('0.25 cup', 'sugar'), ('0.25 cup', 'water'), ('0.25 cup', 'carrots'), ('0.25 cup peeled and matchstick-cut', 'daikon radish'), ('0.25 cup thinly sliced', 'white onion'), ('1', 'chicken breast half'), ('1 pinch', 'garlic salt'), ('to taste', 'black pepper'), ('1 (12 inch)', 'French baguette'), ('4 tablespoons', 'mayonnaise'), ('0.25 cup thinly sliced', 'cucumber'), ('1 tablespoon fresh', 'cilantro leaves'), ('1 small', 'jalapeno pepper'), ('1 wedge', 'lime')]"
Lazy Man&#39;s Pierogi,"[('1 (16 ounce) package', 'rotelle pasta'), ('0.5 pound', 'bacon'), ('2', 'onions'), ('1 tablespoon', 'butter'), ('0.5 pound', 'mushrooms'), ('2 (10.75 ounce) cans', 'condensed cream of mushroom soup'), ('1 (16 ounce) can', 'sauerkraut'), ('to taste', 'salt and pepper')]"
Instant Pot Lebanese Lentil and Chard Soup,"[('2 tablespoons extra-virgin', 'olive oil'), ('1 medium', 'onion'), ('1', 'russet potato'), ('3 ribs', 'celery'), ('4 cloves', 'garlic'), ('1 small bunch', 'cilantro'), ('1.5 teaspoons', 'kosher salt'), ('1 teaspoon ground', 'cumin'), ('1 teaspoon ground', 'coriander'), ('0.25 teaspoon', 'cinnamon'), ('8 cups', 'water'), ('1.5 cups', 'brown lentils'), ('1 bunch', 'Swiss chard'), ('2', 'lemons')]"
Chef John&#39;s Brazilian Feijoada,"[('1 pound', 'black beans'), ('2 quarts', 'water'), ('3 ounces', 'beef'), ('1', 'bay leaf'), ('2', 'smoked pork chops'), ('4 ounces', 'bacon'), ('12 ounces', 'linguica sausage'), ('2 (4 ounce) links', 'Italian sausage'), ('1', 'onion'), ('6 cloves', 'garlic'), ('1 teaspoon ground', 'cumin'), ('0.5 teaspoon ground', 'coriander'), ('1 pinch', 'cayenne pepper'), ('to taste', 'salt and ground black pepper'), ('1 tablespoon chopped', 'Italian parsley'), ('1 tablespoon', 'olive oil'), ('0.5 cup', 'bread crumbs'), ('2 tablespoons chopped', 'Italian parsley'), ('2 teaspoons grated', 'orange zest')]"
Mom&#39;s Kimchi Egg,"[('2 tablespoons', 'vegetable oil'), ('1 cup', 'kimchi'), ('2 large', 'eggs')]"
Atsara (Papaya Relish),"[('4 cups grated fresh', 'green papaya'), ('0.25 cup', 'salt'), ('1', 'carrot'), ('1', 'red bell pepper'), ('2', 'green chile peppers'), ('1 (2 inch) piece', 'ginger root'), ('1 (1.5 ounce) box', 'raisins'), ('1 cup', 'white vinegar'), ('1 cup', 'water'), ('1 cup', 'sugar'), ('1 teaspoon', 'salt')]"
Perfect Sushi Rice,"[('2 cups uncooked', 'glutinous white rice'), ('3 cups', 'water'), ('0.5 cup', 'rice vinegar'), ('1 tablespoon', 'vegetable oil'), ('0.25 cup', 'sugar'), ('1 teaspoon', 'salt')]"
Caldo Verde (Portuguese Green Soup),"[('4 tablespoons', 'olive oil'), ('1 medium', 'onion'), ('1 clove', 'garlic'), ('6 medium', 'potatoes'), ('2 quarts cold', 'water'), ('6 ounces', 'linguiça sausage'), ('2.5 teaspoons', 'kosher salt'), ('to taste', 'black pepper'), ('1 pound', 'kale')]"
Danish Kringle,"[('2 cups', 'all-purpose flour'), ('1/4 teaspoon', 'salt'), ('1 cup cold', 'butter'), ('1 cup', 'sour cream'), ('1 large', 'egg'), ('1 (8 ounce) package', 'cream cheese'), ('2 cups', 'brown sugar'), ('1/2 teaspoon ground', 'cinnamon'), ('1.5 cups', 'English walnuts'), ('1 cup', ""confectioners' sugar""), ('2 tablespoons', 'water')]"
Ube-Macapuno Cake,"[('2.5 cups', 'cake flour'), ('3 teaspoons', 'baking powder'), ('1 teaspoon', 'salt'), ('1 cup', 'ube'), ('0.75 cup', 'milk'), ('1 teaspoon', 'vanilla extract'), ('7', 'egg yolks'), ('0.5 cup', 'corn syrup'), ('0.5 cup', 'vegetable oil'), ('7', 'egg whites'), ('1 teaspoon', 'cream of tartar'), ('1 cup', 'sugar'), ('6 drops', 'red food color'), ('6 drops', 'blue food coloring'), ('1 (12 ounce) jar', 'macapuno'), ('1 cup', 'evaporated milk'), ('0.75 cup', 'white sugar'), ('1 cup', 'butter'), ('1 drop', 'violet food coloring')]"
Dessert Crepes,"[('4', 'eggs'), ('1.3333333730698 cups', 'milk'), ('1 cup', 'all-purpose flour'), ('2 tablespoons', 'butter'), ('2 tablespoons', 'white sugar'), ('0.5 teaspoon', 'salt')]"
The Perfect Simplified Sushi Vinegar,"[('2 cups', 'rice vinegar'), ('1.5 cups', 'white sugar'), ('1.5 tablespoons', 'salt'), ('0.125', 'lemon')]"
Japanese Pan Noodles,"[('1 (10 ounce) package', 'udon noodles'), ('0.5 teaspoon', 'sesame oil'), ('2 cups chopped', 'broccoli'), ('0.5', 'green bell pepper'), ('2 small', 'carrots'), ('0.5', 'zucchini'), ('2 tablespoons', 'soy sauce'), ('2 tablespoons', 'mirin'), ('1 tablespoon', 'chili-garlic sauce'), ('0.75 teaspoon minced', 'ginger')]"
Caipirinha Cocktail,"[('1', 'lime'), ('1 teaspoon', 'sugar'), ('2 fluid ounces', 'cachaca'), ('1.5 cups', 'ice')]"
Mulligatawny Soup,"[('0.5 cup chopped', 'onion'), ('2 stalks', 'celery'), ('1', 'carrot'), ('0.25 cup', 'butter'), ('1.5 tablespoons', 'all-purpose flour'), ('1.5 teaspoons', 'curry powder'), ('4 cups', 'chicken broth'), ('0.5', 'apple'), ('0.25 cup', 'white rice'), ('1', 'chicken breast half'), ('1 pinch', 'thyme'), ('salt and ground black pepper to taste', ''), ('0.5 cup', 'heavy cream')]"
Polish Meat and Potatoes,"[('4', 'potatoes'), ('1', 'onion'), ('2', 'green bell peppers'), ('0.5 teaspoon', 'onion powder'), ('0.5 teaspoon', 'garlic powder'), ('0.5 teaspoon', 'salt'), ('0.25 teaspoon', 'black pepper'), ('0.25 cup', 'vegetable oil'), ('1 (16 ounce) package', 'kielbasa sausage')]"
Chinese Tea Eggs,"[('3 cups', 'water'), ('2 tablespoons', 'black tea leaves'), ('1 tablespoon', 'soy sauce'), ('1 tablespoon', 'black soy sauce'), ('1 tablespoon', 'tangerine zest'), ('1 (2 inch) piece', 'cinnamon stick'), ('2 pods', 'star anise'), ('1.25 teaspoons', 'salt'), ('8 large', 'eggs')]"
Muhammara (Roasted Pepper &amp; Walnut Spread),"[('4 tablespoons', 'olive oil'), ('1.25 cups raw', 'walnut halves'), ('0.33333334326744 cup fresh', 'breadcrumbs'), ('1 cup', 'red bell peppers'), ('2', 'garlic cloves'), ('2 tablespoons', 'lemon juice'), ('2 teaspoons', 'pomegranate molasses'), ('1 teaspoon', 'salt'), ('1 teaspoon', 'paprika'), ('1 teaspoon', 'Aleppo pepper flakes'), ('0.5 teaspoon', 'cumin'), ('0.5 teaspoon', 'cayenne pepper'), ('1 tablespoon chopped', 'Italian parsley')]"
Slow Cooker Mojo Pork,"[('1 (4 pound)', 'pork butt roast'), ('1.5 teaspoons', 'salt'), ('1 teaspoon ground', 'black pepper'), ('0.75 cup freshly squeezed', 'orange juice'), ('0.5 cup freshly squeezed', 'lime juice'), ('0.5 cup', 'extra-virgin olive oil'), ('0.25 cup chopped', 'cilantro'), ('6 cloves', 'garlic'), ('2', 'oranges'), ('1', 'lime'), ('2', 'bay leaves'), ('2 teaspoons dried', 'oregano'), ('1 teaspoon ground', 'cumin')]"
Carrie&#39;s Pad Thai Salad,"[('1 (12 ounce) package', 'rice noodles'), ('0.5 cup', 'sugar'), ('0.25 cup', 'water'), ('0.5', 'lime'), ('2 tablespoons', 'soy sauce'), ('2 tablespoons', 'fish sauce'), ('1 teaspoon', 'tamarind concentrate'), ('0.25 cup', 'peanut oil'), ('1 clove', 'garlic'), ('4', 'eggs'), ('1 tablespoon', 'paprika'), ('0.25 teaspoon', 'chili powder'), ('1 head', 'lettuce'), ('2 tablespoons', 'flaxseed oil'), ('0.5 cup fresh', 'bean sprouts'), ('0.5 cup chopped', 'green onion'), ('0.5 cup chopped fresh', 'cilantro'), ('0.5 cup chopped', 'peanuts'), ('0.5', 'lime')]"
Espinacas con Garbanzos (Spinach with Garbanzo Beans),"[('1 tablespoon extra-virgin', 'olive oil'), ('4 cloves', 'garlic'), ('0.5', 'onion'), ('1 (10 ounce) box frozen', 'spinach'), ('1 (12 ounce) can', 'garbanzo beans'), ('0.5 teaspoon', 'cumin'), ('0.5 teaspoon', 'salt')]"
German Strawberry Roll,"[('4', 'eggs'), ('0.5 cup', 'sugar'), ('2 teaspoons', 'vanilla sugar'), ('3 tablespoons', ""confectioners' sugar""), ('0.25 cup', 'all-purpose flour'), ('0.5 teaspoon', 'baking powder'), ('2 teaspoons', 'white sugar'), ('0.75 cup', 'heavy whipping cream'), ('teaspoon', 'vanilla sugar'), ('2 cups finely chopped', 'strawberries'), ('0.5 cup', 'whipping cream'), ('1 teaspoon', 'vanilla sugar'), ('5 fresh', 'strawberries')]"
Celery Herb Stuffing and Savory Chicken,"[('1 small', 'onion'), ('0.5 cup diced', 'celery'), ('6 slices', 'bread'), ('1 tablespoon ground', 'black pepper'), ('1 tablespoon chopped fresh', 'parsley'), ('1 teaspoon', 'sage'), ('1 teaspoon dried', 'rosemary'), ('1 teaspoon', 'thyme'), ('1 teaspoon', 'celery salt'), ('0.5 cup melted', 'butter'), ('1 (3 pound)', 'chicken'), ('0.25 cup chopped fresh', 'savory')]"
Israeli Salad Recipe,"[('6', 'cucumbers'), ('4', 'roma tomatoes'), ('5 green', 'onions'), ('1', 'red bell pepper'), ('0.33333334326744 cup chopped', 'garlic'), ('1 cup chopped fresh', 'parsley'), ('0.5 cup minced fresh', 'mint leaves'), ('0.5 cup', 'olive oil'), ('2 tablespoons fresh', 'lemon juice'), ('1 tablespoon', 'salt'), ('1 tablespoon ground', 'black pepper')]"
My Mango Lassi,"[('1.5 cups', 'mangos'), ('1.5 cups', 'plain yogurt'), ('0.5 cup cold', 'milk'), ('2 tablespoons', 'heavy cream'), ('2 tablespoons', ""confectioners' sugar""), ('0.5 teaspoon ground', 'cardamom')]"
Vanille Kipferl II,"[('2.125 cups', 'all-purpose flour'), ('1 pinch', 'salt'), ('7 tablespoons', 'unsalted butter'), ('0.5 cup', ""confectioners' sugar""), ('1', 'egg'), ('3 teaspoons', 'vanilla sugar'), ('1.25 cups', 'almonds'), ('6 tablespoons', ""confectioners' sugar""), ('1.5 teaspoons', 'vanilla sugar')]"
Hachee (Dutch Beef Stew),"[('2 tablespoons', 'oil'), ('1 (1 pound) package', 'beef stew meat'), ('1 pinch', 'salt and pepper'), ('1 cup', 'water'), ('2 pounds', 'onions'), ('2 whole', 'cloves'), ('2 large', 'bay leaves'), ('1 cube', 'beef bouillon granules'), ('1 tablespoon', 'vinegar'), ('1 teaspoon', 'white sugar'), ('1 teaspoon', 'curry powder'), ('1 tablespoon', 'potato starch')]"
Chef John&#39;s Miso Soup,"[('6 cups cold', 'water'), ('0.5 ounce', 'kombu'), ('2 cups lightly packed', 'dried bonito flakes'), ('7 ounces', 'silken tofu'), ('4 tablespoons', 'white miso'), ('2 tablespoons', 'red miso'), ('dried', 'wakame seaweed flakes'), ('shredded', 'wakame or hijiki seaweed'), ('2', 'green onions')]"
Hawaiian Chicken Pineapple Kabobs,"[('3 tablespoons', 'soy sauce'), ('3 tablespoons', 'brown sugar'), ('2 tablespoons', 'sherry'), ('1 tablespoon', 'sesame oil'), ('0.25 teaspoon', 'ginger'), ('0.25 teaspoon', 'garlic powder'), ('8', 'chicken breast halves'), ('1 (20 ounce) can', 'pineapple chunks'), (None, 'skewers')]"
Thai-Style Ground Pork Skewers,"[('2 pounds', 'pork'), ('0.25 cup', 'sugar'), ('2 tablespoons', 'fish sauce'), ('6 cloves', 'garlic'), ('1 teaspoon', 'sea salt'), ('1 teaspoon ground', 'black pepper'), ('1.5 teaspoons', 'baking powder'), ('1 tablespoon', 'water'), ('wooden skewers', 'soaked in water')]"
Mizeria (Polish Cucumber Salad),"[('1 pound', 'cucumbers'), ('to taste', 'salt'), ('1 bunch', 'dill'), ('2.5 tablespoons', 'sour cream'), ('1 teaspoon', 'lemon juice'), ('1 pinch', 'white sugar'), ('to taste', 'black pepper')]"
The Best Pavlova,"[('1 cup', 'white sugar'), ('1 tablespoon', 'cornstarch'), ('3 large', 'egg whites'), ('1 teaspoon', 'lemon juice'), ('1.25 cups', 'heavy whipping cream'), ('0.5 cup', ""confectioners' sugar""), ('1 pint', 'strawberries')]"
Chicken Souvlaki with Tzatziki Sauce,"[('0.25 cup', 'olive oil'), ('2 cloves', 'garlic'), ('2 tablespoons', 'lemon juice'), ('1 teaspoon dried', 'oregano'), ('0.5 teaspoon', 'salt'), ('1.5 pounds', 'chicken breast'), ('6', 'wooden skewers'), ('1 (6 ounce) container', 'Greek-style yogurt'), ('0.5', 'cucumber'), ('1 tablespoon', 'olive oil'), ('2 teaspoons', 'white vinegar'), ('1 clove', 'garlic'), ('1 pinch', 'salt')]"
Vegetarian Korma,"[('1.5 tablespoons', 'vegetable oil'), ('1 small', 'onion'), ('4 cloves', 'garlic'), ('1 teaspoon minced fresh', 'ginger root'), ('4', 'carrots'), ('2', 'potatoes'), ('1 (4 ounce) can', 'tomato sauce'), ('3 tablespoons ground unsalted', 'cashews'), ('1 fresh', 'jalapeno pepper'), ('1.5 tablespoons', 'curry powder'), ('2 teaspoons', 'salt'), ('1 cup', 'heavy cream'), ('1 cup frozen', 'green peas'), ('0.5', 'green bell pepper'), ('0.5', 'red bell pepper'), ('1 bunch', 'cilantro')]"
Authentic Thai Green Curry,"[('2 (8 ounce) cans', 'bamboo shoots'), ('3 tablespoons', 'corn oil'), ('3 tablespoons', 'green curry paste'), ('1 pound', 'pork'), ('2 (14 ounce) cans', 'coconut milk'), ('1 small', 'red bell pepper'), ('1 tablespoon', 'sugar'), ('0.5 teaspoon', 'salt'), ('8', 'makrut lime leaves'), ('2 teaspoons', 'fish sauce'), ('0.5 cup', 'Thai basil')]"
Kesme Helva,"[('4 cups', 'all-purpose flour'), (None, ""1 cup confectioners' sugar, sifted""), ('7 ounces', 'butter'), ('1 teaspoon', 'vanilla extract')]"
Traditional Springerle,"[('cooking', 'spray'), ('1.5 tablespoons crushed', 'anise seeds'), ('3.5 cups', 'all-purpose flour'), ('1 teaspoon', 'baking powder'), ('2 cups', 'sugar'), ('4', 'eggs'), ('0.5 teaspoon', 'vanilla extract'), ('0.25 cup', ""confectioners' sugar"")]"
Quindim,"[('1 cup', 'sugar'), ('1 cup shredded', 'coconut'), ('1 tablespoon', 'butter'), ('5 large', 'egg yolks'), ('1 large', 'egg white')]"
Finnish Nissua,"[('2 cups', 'milk'), ('0.5 cup', 'margarine'), ('1 cup', 'sugar'), ('1 teaspoon', 'salt'), ('2 (.25 ounce) packages', 'active dry yeast'), ('0.5 cup warm', 'water'), ('3', 'eggs'), ('1 teaspoon ground', 'cardamom'), ('7.5 cups', 'bread flour'), ('2 tablespoons', 'butter'), ('1 cup', ""confectioners' sugar""), ('0.5 teaspoon', 'vanilla extract'), ('2 teaspoons', 'milk')]"
Empanadas Fritas de Queso,"[('3 cups', 'all-purpose flour'), ('1 teaspoon', 'baking powder'), ('0.5 teaspoon', 'salt'), ('2 tablespoons', 'lard'), ('1 cup', 'milk'), ('1', 'egg'), ('1 cup', 'queso chanco')]"
Cucumber Chili Salad,"[('1 large', 'cucumber'), ('1', 'serrano chile pepper'), ('0.5 red', 'onion'), ('0.25 cup chopped fresh', 'mint'), ('1', 'lime'), ('1 tablespoon', 'grapeseed oil'), ('1 teaspoon', 'sugar'), ('to taste', 'salt and ground black pepper')]"
Cold Russian Borscht,"[('4 medium', 'beets'), ('4 cups', 'beef broth'), ('1', 'onion'), ('2 tablespoons', 'red wine vinegar'), ('0.5 teaspoon', 'salt'), ('0.25 teaspoon', 'black pepper'), ('1', 'cucumber'), ('0.5 cup', 'sour cream')]"
Greek-Style Garlic Chicken Breasts,"[('4', 'chicken breast halves'), ('1 cup extra virgin', 'olive oil'), ('1 medium', 'lemon'), ('2 teaspoons', 'garlic'), ('1.5 teaspoons', 'black pepper'), ('1 teaspoon', 'salt'), ('0.33333334326744 teaspoon', 'paprika')]"
Brazilian Lemonade,"[('2', 'limes'), ('3 cups', 'water'), ('0.5 cup', 'sugar'), ('3 tablespoons', 'sweetened condensed milk'), ('', 'ice cubes')]"
Aebleskiver (Danish Pancakes),"[('1 cup', 'whole wheat flour'), ('2 tablespoons', 'white sugar'), ('2.5 teaspoons', 'baking powder'), ('0.5 teaspoon', 'salt'), ('0.25 teaspoon', 'cinnamon'), ('1 dash', 'nutmeg'), ('1 dash', 'cloves'), ('1', 'egg'), ('0.75 cup', 'milk'), ('2 tablespoons', 'unsalted butter'), ('1 teaspoon', 'vanilla extract')]"
Beef Birria Queso Tacos with Consommé,"[('2 cups reserved', 'sauce'), ('1 cup', 'chicken broth'), ('0.25 cup diced', 'carrots'), ('0.25 cup diced', 'celery'), ('0.5 cup diced', 'cabbage'), ('3 tablespoons reserved', 'beef fat'), ('8 (5 inch)', 'corn tortillas'), ('2 cups freshly grated', 'Monterey Jack cheese'), ('2 cups shredded', 'Beef Birria'), ('4 tablespoons chopped', 'white onion'), ('4 tablespoons chopped fresh', 'cilantro'), ('1 medium', 'lime')]"
Sangria Cocktail,"[('0.75 cup', 'sugar'), ('1 cup', 'water'), ('1', 'orange'), ('1', 'lime'), ('5 (750 milliliter) bottles', 'red wine'), ('12 cubes', 'ice'), ('6 fluid ounces', 'sparkling water'), ('1 cup fresh', 'raspberries, blackberries, blueberries, or halved strawberries')]"
Russian Carrot Salad (Korean-Style),"[('1 pound', 'carrots'), ('3 cloves', 'garlic'), ('0.25 cup', 'vinegar'), ('1 tablespoon', 'sugar'), ('2.5 teaspoons', 'salt'), ('0.33333334326744 cup', 'vegetable oil'), ('0.5', 'onion'), ('1 teaspoon ground', 'coriander'), ('0.5 teaspoon', 'cayenne pepper')]"
Mallorca Bread,"[('1 (.25 ounce) package', 'active dry yeast'), ('0.25 cup warm', 'water'), ('2.5 cups', 'all-purpose flour'), ('0.5 cup', 'milk'), ('0.25 cup', 'sugar'), ('6 tablespoons', 'butter'), ('3', 'egg yolks'), ('0.75 teaspoon', 'salt'), ('2 tablespoons', ""confectioners' sugar"")]"
Australian English Trifle,"[('1 (10 inch)', 'sponge cake'), ('1 (15.25 ounce) can', 'fruit cocktail'), ('1 (3 ounce) package', 'port wine flavored gelatin mix'), ('2 tablespoons', 'custard powder'), ('4 teaspoons', 'sugar'), ('0.5 cup', 'milk')]"
Dave Matthews,"[('1 fluid ounce', 'rum'), ('1 fluid ounce', 'amaretto liqueur'), ('0.25 fluid ounce', 'lime juice'), ('0.75 fluid ounce', 'pineapple juice'), ('0.5 fluid ounce', 'cranberry juice')]"
Bannock,"[('3 cups', 'all-purpose flour'), ('2 tablespoons', 'baking powder'), ('1 teaspoon', 'salt'), ('1.5 cups', 'water'), ('0.25 cup', 'butter')]"
Spicy Korean Fried Chicken with Gochujang Sauce,"[('0.33333334326744 cup', 'milk'), ('1', 'egg'), ('1 pound', 'chicken breast tenderloins'), ('0.25 cup', 'all-purpose flour'), ('0.25 cup', 'potato starch'), ('0.5 teaspoon', 'salt'), ('0.25 teaspoon ground', 'black pepper'), ('vegetable oil for', 'frying'), ('0.25 cup', 'honey'), ('0.25 cup', 'brown sugar'), ('2 tablespoons', 'soy sauce'), ('2 tablespoons', 'gochujang'), ('1 tablespoon', 'Worcestershire sauce'), ('2 teaspoons', 'red pepper flakes'), ('1 teaspoon', 'ginger')]"
Chicken with Black Beans,"[('1 tablespoon', 'soy sauce'), ('1 tablespoon', 'cornstarch'), ('1 teaspoon', 'white sugar'), ('0.5 teaspoon ground', 'black pepper'), ('1.5 pounds', 'chicken breast meat'), ('0.25 cup', 'water'), ('2 tablespoons', 'vegetable oil'), ('2 (2 inch) pieces', 'ginger'), ('2 cloves', 'garlic'), ('0.25 cup', 'fermented black beans'), ('1 tablespoon', 'sugar'), ('2', 'red bell pepper'), ('2 green', 'bell pepper'), ('4', 'green onions'), ('1 small', 'carrot'), ('2 tablespoons', 'oyster sauce'), ('1 teaspoon', 'soy sauce')]"
Roscones,"[('1 cup', 'milk'), ('1 large', 'egg'), ('3 tablespoons', 'unsalted butter'), ('3 cups', 'all-purpose flour'), ('3 tablespoons', 'sugar'), ('1 tablespoon', 'icing sugar'), ('1 teaspoon', 'salt'), ('2.5 teaspoons', 'instant yeast'), ('0.5 cup', 'guava paste'), ('2 large', 'eggs'), ('0.5 cup coarse', 'sugar')]"
Russian Doughnuts,"[('9 ounces', ""farmer's cheese""), ('1 cup', 'all-purpose flour'), ('2', 'eggs'), ('1 tablespoon', 'sugar'), ('0.5 teaspoon', 'vanilla extract'), ('0.25 teaspoon', 'salt'), ('oil for', 'frying'), ('1 tablespoon', ""confectioners' sugar"")]"
Chicken Satay,"[('2 tablespoons', 'peanut butter'), ('0.5 cup', 'soy sauce'), ('0.5 cup', 'lemon or lime juice'), ('1 tablespoon', 'brown sugar'), ('2 tablespoons', 'curry powder'), ('2 cloves', 'garlic'), ('1 teaspoon', 'hot pepper sauce'), ('6 skinless, boneless', 'chicken breast halves'), ('wooden skewers', 'soaked in cold water')]"
Moqueca de Peixe Baiana (Brazilian Fish Stew),"[('4 (4 ounce) fillets', 'sea bass'), ('4 tablespoons', 'lime juice'), ('3 cloves', 'garlic'), ('to taste', 'salt'), ('3 tablespoons extra virgin', 'olive oil'), ('3 tablespoons grated', 'onion'), ('3 tablespoons', 'palm oil'), ('1 large', 'onion'), ('1.5 cups', 'water'), ('0.5 (14 ounce) can', 'coconut milk'), ('1', 'green bell pepper'), ('1', 'red bell pepper'), ('2', 'tomatoes'), ('1 bunch chopped fresh', 'cilantro'), ('0.5 bunch', 'green onions')]"
Restaurant-Style French Onion Soup,"[('0.5 cup', 'butter'), ('8', 'onions'), ('2 cloves', 'garlic'), ('1 teaspoon', 'thyme'), ('0.5 teaspoon', 'salt'), ('0.5 teaspoon', 'black pepper'), ('1 cup', 'red wine'), ('1 tablespoon', 'sherry'), ('2 tablespoons', 'all-purpose flour'), ('2 quarts', 'beef broth'), ('1', 'French baguette'), ('2 tablespoons', 'olive oil'), ('6 slices', 'Swiss cheese'), ('6 slices', 'provolone cheese')]"
Borscht I,"[('6 cups', 'water'), ('0.75 tablespoon', 'salt'), ('0.5 cup finely chopped', 'carrots'), ('0.25 cup chopped', 'green bell pepper'), ('0.5 stalk', 'celery'), ('1 medium', 'beet'), ('0.5 cup', 'tomatoes'), ('3', 'potatoes'), ('0.33333334326744 cup', 'butter'), ('0.5 cup chopped', 'onion'), ('1.5 cups canned', 'tomatoes'), ('3 cups finely shredded', 'cabbage'), ('0.25 cup', 'heavy cream'), ('0.75 cup diced', 'potatoes'), ('1 tablespoon dried', 'dill weed'), ('0.25 teaspoon', 'black pepper'), ('salt and freshly ground black pepper to taste', '')]"
Japanese-Style Cabbage Salad,"[('0.5 large head', 'cabbage'), ('1 bunch', 'green onions'), ('1 cup', 'almond slivers'), ('0.25 cup toasted', 'sesame seeds'), ('3 tablespoons', 'sesame oil'), ('3 tablespoons', 'rice vinegar'), ('1 tablespoon', 'sugar'), ('1 clove', 'garlic'), ('1 teaspoon grated', 'ginger'), ('1 teaspoon', 'salt'), ('1 teaspoon', 'black pepper')]"
Chicken Madras,"[('5 tablespoons', 'cooking oil'), ('3 whole', 'cloves'), ('2', 'cardamom pods'), ('2 large', 'onions'), ('3', 'green chile peppers'), ('4 cloves', 'garlic'), ('1 (1 inch) piece', 'ginger'), ('1 teaspoon ground', 'red chili pepper'), ('1 teaspoon ground', 'turmeric'), ('0.5 teaspoon ground', 'cumin'), ('0.5 teaspoon ground', 'coriander'), ('to taste', 'salt'), ('1.5 pounds skinless, boneless', 'chicken breasts'), ('0.25 cup', 'water'), ('0.5 (14 ounce) can', 'tomato puree'), ('1 teaspoon ground', 'nutmeg'), ('1 teaspoon', 'garam masala'), ('0.5 cup chopped fresh', 'cilantro')]"
Old German Honey Cookies,"[('1 cup', 'sugar'), ('1 cup', 'shortening'), ('1 cup', 'honey'), ('2 large', 'eggs'), ('1 teaspoon', 'vanilla extract'), ('1 teaspoon', 'baking soda'), ('1 teaspoon ground', 'ginger'), ('4 cups', 'all-purpose flour')]"
Crispy Orange Beef,"[('1.5 pounds', 'beef top sirloin'), ('2 cups', 'water'), ('1 cup', 'long grain rice'), ('0.33333334326744 cup', 'white sugar'), ('0.33333334326744 cup', 'rice wine vinegar'), ('2 tablespoons', 'orange juice concentrate'), ('1 tablespoon', 'soy sauce'), ('1 teaspoon', 'salt'), ('2 cups', 'oil'), ('0.25 cup', 'cornstarch'), ('3 tablespoons grated', 'ginger'), ('1.5 tablespoons minced', 'garlic'), ('2 teaspoons', 'orange zest'), ('8', 'broccoli florets')]"
Swedish Meatballs (From a Swede!),"[('1 tablespoon', 'butter'), ('1 tablespoon minced', 'onion'), ('0.33333334326744 cup fine dry', 'bread crumbs'), ('0.5 cup', 'water'), ('0.5 cup', 'half-and-half'), ('0.75 pound', 'beef'), ('0.25 pound', 'pork'), ('2 teaspoons', 'salt'), ('0.25 teaspoon ground', 'white pepper'), ('0.33333334326744 teaspoon', 'white sugar'), ('3 tablespoons', 'butter')]"
Authentic Chicken Tikka Masala,"[('0.25 cup', 'yogurt'), ('2 teaspoons', 'garam masala'), ('2 teaspoons', 'paprika'), ('0.5 teaspoon freshly ground', 'black pepper'), ('0.5 teaspoon', 'salt'), ('0.5 teaspoon', 'cayenne pepper'), ('0.5 teaspoon ground', 'coriander'), ('1 pound', 'chicken breast'), ('3 tablespoons', 'vegetable oil'), ('1 teaspoon', 'cumin seeds'), ('1 large', 'onion'), ('2', 'green chile peppers'), ('3 cloves', 'garlic'), ('1 tablespoon grated', 'ginger'), ('2 medium', 'Roma tomatoes'), ('0.5 cup', 'tomato paste'), ('0.25 cup', 'water'), ('1 teaspoon', 'garam masala'), ('0.5 teaspoon ground', 'coriander'), ('0.5 teaspoon ground', 'turmeric'), ('0.5 teaspoon', 'salt'), ('0.5 cup', 'heavy whipping cream'), ('0.5 bunch', 'cilantro')]"
Vietnamese Coffee,"[('2 tablespoons', 'sweetened condensed milk'), ('0.66666668653488 cup', 'coffee'), ('1 teaspoon', 'non-dairy creamer'), ('1 teaspoon', 'cocoa mix')]"
Hawaiian Banana Nut Bread,"[('3 cups', 'all-purpose flour'), ('0.75 teaspoon', 'salt'), ('1 teaspoon', 'baking soda'), ('2 cups', 'sugar'), ('1 teaspoon ground', 'cinnamon'), ('1 cup chopped', 'walnuts'), ('3', 'eggs'), ('1 cup', 'vegetable oil'), ('2 cups mashed very ripe', 'banana'), ('1 (8 ounce) can', 'pineapple'), ('2 teaspoons', 'vanilla extract'), ('1 cup', 'coconut'), ('1 cup', 'maraschino cherries')]"
Peruvian Lomo Saltado,"[('1 (16 ounce) package', 'French fries'), ('2 tablespoons', 'vegetable oil'), ('1 pound', 'beef tri tip'), ('to taste', 'salt and pepper'), ('1 large', 'onion'), ('3 large', 'tomatoes'), ('1', 'yellow chili pepper'), ('0.25 cup', 'distilled white vinegar'), ('1 dash', 'soy sauce'), ('2 tablespoons chopped fresh', 'parsley')]"
Strassburgare,"[('1 cup', 'butter'), ('0.5 cup', ""confectioners' sugar""), ('1.5 tablespoons', 'vanilla sugar'), ('1 cup', 'all-purpose flour'), ('0.5 cup', 'potato flour'), ('1 drop', 'red food coloring')]"
Samoan Panikeke,"[('3.5 cups', 'all-purpose flour'), ('1.3333333730698 cups', 'white sugar'), ('2 teaspoons', 'baking powder'), ('1.5 cups', 'water'), ('2 medium very ripe', 'bananas'), ('1 tablespoon', 'vanilla extract'), ('1.5 cups', 'vegetable oil')]"
Super Easy Cabbage Stir Fry,"[('1 tablespoon', 'vegetable oil'), ('2 cloves', 'garlic'), ('1 pound shredded', 'cabbage'), ('1 tablespoon', 'soy sauce'), ('1 tablespoon', 'Chinese cooking wine')]"
Swedish Spareribs,"[('2 tablespoons', 'white sugar'), ('2 tablespoons', 'allspice'), ('2 teaspoons', 'salt'), ('0.5 teaspoon ground', 'black pepper'), ('2 pounds', 'country style pork ribs'), ('0.25 cup', 'butter'), ('1 (10.5 ounce) can', 'beef broth')]"
Best Hawaiian Banana Nut Bread,"[('2 cups', 'all-purpose flour'), ('1.25 cups', 'white sugar'), ('1 tablespoon', 'light brown sugar'), ('0.75 teaspoon', 'baking soda'), ('0.75 teaspoon ground', 'cinnamon'), ('0.5 teaspoon', 'baking powder'), ('0.5 teaspoon', 'salt'), ('1.3333333730698 cups mashed', 'bananas'), ('0.66666668653488 cup', 'canola oil'), ('0.66666668653488 cup', 'pineapple'), ('0.66666668653488 cup', 'coconut'), ('0.25 cup chopped', 'walnuts'), ('0.25 cup chopped', 'macadamia nuts'), ('2', 'eggs'), ('4 teaspoons', 'applesauce'), ('1.5 teaspoons', 'vanilla extract'), ('1 teaspoon', 'lemon extract'), ('0.5 teaspoon', 'coconut extract'), ('2 tablespoons', 'butter'), ('0.25 cup', 'sugar'), ('0.25 cup chopped', 'walnuts'), ('0.25 cup chopped', 'macadamia nuts'), ('1 teaspoon', 'milk')]"
Swedish Christmas Glogg,"[('2 (750 milliliter) bottles', 'fruity red wine'), ('1 (750 milliliter) bottle', 'port wine'), ('3 (3 inch)', 'cinnamon sticks'), ('14 whole', 'cloves'), ('1', 'orange'), ('1 cup', 'sugar'), ('0.75 cup', 'rum'), ('0.25 cup', 'brandy'), ('1 cup', 'raisins'), ('1 cup', 'almonds')]"
"Chard Lentil Soup, Lebanese-Style","[('8 cups', 'water'), ('1 cup', 'brown lentils'), ('4 cups thinly sliced', 'Swiss chard'), ('4 large', 'potatoes'), ('1 cup freshly squeezed', 'lemon juice'), ('6 cloves', 'garlic'), ('1 tablespoon', 'salt'), ('0.5 cup', 'olive oil')]"
Goi Ga (Vietnamese Chicken and Cabbage Salad),"[('4 skinless cooked', 'chicken breasts'), ('1 small head', 'cabbage'), ('1 bunch', 'cilantro'), ('1', 'red onion'), ('1 small', 'carrot'), ('0.5 cup', 'white vinegar'), ('4 tablespoons', 'sugar'), ('2 tablespoons', 'lime juice'), ('2 tablespoons', 'fish sauce'), ('4 cloves', 'garlic'), ('0.5 teaspoon', 'cayenne pepper'), ('to taste', 'salt and ground black pepper'), ('0.5 cup chopped roasted', 'peanuts')]"
Simple Malaysian Fried Chicken,"[('1 (4 pound)', 'chicken'), ('6 cloves', 'garlic'), ('4 tablespoons', 'oyster sauce'), ('2 tablespoons', 'curry powder'), ('0.5 cup', 'vegetable oil')]"
Cilantro and Garlic Potatoes,"[('1 quart', 'oil'), ('4 large', 'potatoes'), ('1 teaspoon', 'vegetable oil'), ('2 cups chopped fresh', 'cilantro'), ('4 cloves', 'garlic'), ('1 tablespoon fresh', 'lemon juice'), ('0.5 teaspoon', 'cumin'), ('to taste', 'salt')]"
Nut Filling for Kolacky Cookies,"[('0.5 pound', 'walnuts'), ('2', 'egg whites'), ('0.5 cup', 'sugar')]"
Pineapple Mango Daiquiri,"[('2 (1.5 fluid ounce) jiggers', 'mango nectar'), ('1 (1.5 fluid ounce) jigger', 'pineapple juice'), ('1 (1.5 fluid ounce) jigger', 'rum'), ('1 (1.5 fluid ounce) jigger', 'triple sec'), ('0.5', 'lime'), ('2 cups', 'ice cubes')]"
Jamaican Cornmeal Porridge,"[('1 cup', 'water'), ('0.33333334326744 cup', 'cornmeal'), ('0.25 cup', 'milk'), ('0.25 cup', 'coconut milk'), ('3 tablespoons', 'sugar'), ('0.5 teaspoon', 'vanilla extract'), ('0.5 teaspoon', 'salt'), ('0.25 teaspoon', 'nutmeg'), ('0.25 teaspoon ground', 'cinnamon'), ('2 tablespoons', 'raisins')]"
Mom&#39;s Beef Shish Kabobs,"[('0.5 cup', 'soy sauce'), ('0.33333334326744 cup', 'vegetable oil'), ('0.25 cup', 'lemon juice'), ('1 clove', 'garlic'), ('1 tablespoon', 'mustard'), ('1 tablespoon', 'Worcestershire sauce'), ('1.5 teaspoons', 'salt'), ('1 teaspoon coarsely cracked', 'black pepper'), ('1.5 pounds', 'lean beef'), ('16', 'mushroom caps'), ('8', 'metal skewers'), ('2', 'green bell peppers'), ('1', 'red bell pepper'), ('1 large', 'onion')]"
Easy Crispy Vietnamese Shrimp Balls,"[('1 pound', 'shrimp'), ('1 large', 'egg'), ('2 tablespoons minced', 'shallot'), ('1 tablespoon', 'sesame oil'), ('2 teaspoons', 'cornstarch'), ('2 teaspoons packed', 'light brown sugar'), ('2 teaspoons', 'fish sauce'), ('2 cloves', 'garlic'), ('salt and ground black pepper to taste', ''), ('1.5 cups fine', 'bread crumbs'), ('2 large', 'eggs'), ('0.5 cup', 'vegetable oil')]"
Kruschicki,"[('6', 'egg yolks'), ('0.5 pint', 'sour cream'), ('3 tablespoons', 'sugar'), ('1 tablespoon', 'vanilla extract'), ('1 tablespoon', 'whiskey'), ('3 cups', 'all-purpose flour'), ('1 cup', 'vegetable oil'), ('0.33333298563957 cup', ""confectioners' sugar"")]"
Indian-Style Seekh Kebab,"[('2 pounds', 'ground lamb'), ('2 medium', 'onions'), ('0.5 cup', 'mint leaves'), ('0.5 cup', 'cilantro'), ('1 tablespoon', 'ginger paste'), ('1 tablespoon', 'green chile paste'), ('2 teaspoons ground', 'cumin'), ('2 teaspoons ground', 'coriander'), ('2 teaspoons', 'paprika'), ('2 teaspoons', 'salt'), ('1 teaspoon', 'cayenne pepper'), ('8', 'skewers'), ('0.25 cup', 'vegetable oil')]"
Brazilian Passion Fruit Mousse (Maracuja),"[('8', 'passion fruits'), ('1 tablespoon', 'sugar'), ('1 (14 ounce) can', 'sweetened condensed milk'), ('2 cups', 'cream')]"
Norwegian Almond Cake,"[('5', 'egg yolks'), ('0.66666668653488 cup', 'white sugar'), ('0.5 cup', 'heavy cream'), ('0.66666668653488 cup', 'butter'), ('5', 'egg whites'), ('1.6666667461395 cups', ""confectioners' sugar""), ('1 teaspoon', 'baking powder'), ('2 cups', 'almond meal')]"
Danish Pastry Apple Bars,"[('2.5 cups', 'all-purpose flour'), ('1 teaspoon', 'salt'), ('1 cup', 'shortening'), ('1', 'egg yolk'), ('0.5 cup', 'milk'), ('10', 'apples'), ('0.5 cup', 'light brown sugar'), ('0.25 cup', 'sugar'), ('0.5 teaspoon ground', 'cinnamon'), ('0.25 teaspoon ground', 'nutmeg'), ('1', 'egg white')]"
Kringla,"[('1.5 cups', 'sugar'), ('1', 'egg'), ('2.5 cups', 'sour cream'), ('4 cups', 'all-purpose flour'), ('2 teaspoons', 'baking soda'), ('0.25 teaspoon', 'salt')]"
Turkey Kofta Kebabs,"[('vegetable oil for', 'grill'), ('1 pound', 'turkey'), ('1 small', 'onion'), ('0.25 cup chopped fresh', 'cilantro'), ('1 large', 'egg'), ('2 cloves', 'garlic'), ('0.25 teaspoon chopped', 'green chile pepper'), ('0.25 teaspoon ground', 'coriander'), ('0.25 teaspoon ground', 'paprika'), ('0.25 teaspoon', 'chili powder'), ('to taste', 'salt')]"
Orange Chicken,"[('1.5 cups', 'water'), ('0.33333334326744 cup', 'rice vinegar'), ('0.25 cup', 'lemon juice'), ('2.5 tablespoons', 'soy sauce'), ('2 tablespoons', 'orange juice'), ('1 cup packed', 'brown sugar'), ('2 tablespoons chopped', 'green onion'), ('1 tablespoon grated', 'orange zest'), ('0.5 teaspoon minced', 'ginger root'), ('0.5 teaspoon minced', 'garlic'), ('0.25 teaspoon', 'red pepper flakes'), ('3 tablespoons', 'cornstarch'), ('2 tablespoons', 'water'), ('2 large', 'chicken breasts'), ('1 cup', 'all-purpose flour'), ('0.25 teaspoon', 'salt'), ('0.25 teaspoon', 'pepper'), ('3 tablespoons', 'olive oil')]"
Diana&#39;s Hawaiian Bread Rolls,"[('1.5 cups warm', 'water'), ('1', 'egg'), ('1 teaspoon', 'salt'), ('1 teaspoon', 'vanilla extract'), ('1 teaspoon', 'lemon extract'), ('1 tablespoon', 'molasses'), ('1 tablespoon', 'honey'), ('5 tablespoons', 'sugar'), ('2 tablespoons', 'dry milk powder'), ('2 tablespoons', 'butter flavored shortening'), ('4.5 cups', 'bread flour'), ('2 teaspoons', 'active dry yeast')]"
Indian Chicken Curry,"[('3 tablespoons', 'olive oil'), ('1 small', 'onion'), ('2 cloves', 'garlic'), ('3 tablespoons', 'curry powder'), ('1 teaspoon ground', 'cinnamon'), ('1 teaspoon', 'paprika'), ('1', 'bay leaf'), ('0.5 teaspoon grated', 'ginger'), ('0.5 teaspoon', 'white sugar'), ('to taste', 'salt'), ('2', 'chicken breast halves'), ('1 tablespoon', 'tomato paste'), ('1 cup', 'yogurt'), ('0.75 cup', 'coconut milk'), ('0.5', 'lemon'), ('0.5 teaspoon', 'cayenne pepper')]"
Bistec Encebollao,"[('2 pounds', 'beef sirloin steak'), ('2 large', 'white onions'), ('1 cup', 'beef stock'), ('0.5 cup', 'olive oil'), ('0.25 cup', 'distilled white vinegar'), ('2 tablespoons minced', 'garlic'), ('1 (.18 ounce) packet', 'sazon seasoning'), ('1 teaspoon', 'salt'), ('1 pinch', 'oregano')]"
Shadi&#39;s One-Pot Turmeric Chicken and Rice,"[('3 cups', 'water'), ('1.5 pounds', 'chicken breasts'), ('1 large', 'onion'), ('6 cloves', 'garlic'), ('1 teaspoon ground', 'turmeric'), ('1 teaspoon', 'salt'), ('0.25 teaspoon ground', 'black pepper'), ('2 cups', 'basmati rice'), ('1 medium', 'carrot'), ('3 tablespoons fresh', 'lemon juice'), ('2 tablespoons chopped fresh', 'parsley')]"
Swedish Saffron Buns,"[('2.125 cups', 'milk'), ('0.5 cup', 'butter'), ('3 (0.6 ounce) cakes compressed fresh', 'yeast'), ('8 ounces', 'quark or sour cream'), ('2 (.5 gram) packets', 'saffron'), ('0.66666668653488 cup', 'sugar'), ('0.5 teaspoon', 'salt'), ('7.5 cups', 'all-purpose flour'), ('1 cup', 'raisins'), ('1', 'eggs')]"
Chamoyada,"[('1 cup', 'mango'), ('1 (6 ounce) can', 'pineapple juice'), ('0.5', 'lime'), ('2 teaspoons', 'chili-lime seasoning'), ('2 tablespoons', 'chamoy')]"
Fish Sinigang (Tilapia) - Filipino Sour Broth Dish,"[('0.5 pound', 'tilapia fillets'), ('1 small head', 'bok choy'), ('2 medium', 'tomatoes'), ('1 cup thinly sliced', 'daikon radish'), ('0.25 cup', 'tamarind paste'), ('3 cups', 'water'), ('2 dried', 'red chile peppers')]"
Vegetable Biryani,"[('2 tablespoons', 'ghee'), ('1', 'red onion'), ('0.5 teaspoon', 'cumin seed'), ('1 (1 inch) piece', 'cinnamon stick'), ('7', 'peppercorns'), ('1 tablespoon', 'ginger garlic paste'), ('1', 'tomato'), ('0.5 cup', 'water'), ('0.5 cup', 'peas'), ('0.5 cup diced', 'carrot'), ('0.5 cup diced', 'potato'), ('1 cube', 'chicken bouillon'), ('1 teaspoon', 'salt'), ('0.25 teaspoon ground', 'red chile pepper'), ('0.25 teaspoon', 'black pepper'), ('0.5 teaspoon', 'garam masala'), ('0.25 teaspoon ground', 'turmeric'), ('4 cups', 'water'), ('2 cups', 'basmati rice')]"
Hawaiian Millionaire Pie,"[('1 (9 inch)', 'pie crust'), ('1 (15 ounce) can', 'pineapple'), ('0.25 cup', 'lemon juice'), ('1 (12 ounce) container', 'whipped topping'), ('0.5 cup', 'maraschino cherries'), ('1 (14 ounce) can', 'sweetened condensed milk'), ('1 cup chopped', 'walnuts')]"
Mojo Pollo Asada (Roast Chicken),"[('0.5 cup extra-virgin', 'olive oil'), ('1.5 teaspoons ground', 'cumin'), ('1.5 teaspoons', 'kosher salt'), ('0.5 teaspoon dried', 'oregano'), ('2 tablespoons minced', 'garlic'), ('3 tablespoons', 'lime juice'), ('3 tablespoons', 'orange juice'), ('1 (6 pound)', 'chicken')]"
Authentic Swedish Meatballs,"[('1.3333333730698 cups', 'heavy cream'), ('0.75 cup', 'rolled oats'), ('8 teaspoons', 'potato flour'), ('1 teaspoon', 'salt'), ('1 teaspoon', 'black pepper'), ('2 tablespoons', 'butter'), ('4 tablespoons finely chopped', 'onion'), ('1 pound 85% lean', 'ground beef'), ('2 teaspoons ground', 'allspice'), ('2 tablespoons', 'vegetable oil')]"
Thai Dipping Sauce for Spring Rolls (Nam Jim Po Piah),"[('1 cup', 'sugar'), ('0.5 cup', 'water'), ('0.5 cup', 'white vinegar'), ('2 teaspoons', 'salt'), ('1', ""bird's eye chile""), ('1 clove', 'garlic')]"
Canadian Walleye (Pickerel),"[('vegetable oil for', 'frying'), ('1 cup', 'all-purpose flour'), ('0.5 teaspoon', 'salt'), ('1 teaspoon ground', 'black pepper'), ('0.25 cup', 'milk'), ('2', 'eggs'), ('2 cups Italian seasoned', 'bread crumbs'), ('8', 'walleye fillets')]"
Alfajor Cake,"[('6 tablespoons unsalted', 'butter'), ('0.33 cup', 'sugar'), ('2 large', 'eggs'), ('2.5 cups', 'all-purpose flour'), ('0.5 cup', 'cornstarch'), ('1 teaspoon', 'baking powder'), ('0.5 teaspoon', 'kosher salt'), ('0.5 cup', 'milk'), ('1 (13.4 ounce) can', 'dulce de leche'), ('0.5 cup', 'heavy whipping cream'), ('0.25 cup', 'sugar')]"
Healthier Swedish Meatballs,"[('1 tablespoon', 'olive oil'), ('0.5', 'onion'), ('1 pound', 'sirloin'), ('0.5 pound', 'pork'), ('0.75 cup', 'panko bread crumbs'), ('1', 'egg'), ('1 tablespoon', 'milk'), ('1 teaspoon', 'garlic powder'), ('1 teaspoon', 'salt'), ('0.5 teaspoon freshly ground', 'black pepper'), ('4 dashes', 'Worcestershire sauce'), ('4.5 cups', 'beef broth'), ('1 tablespoon', 'soy sauce'), ('1 tablespoon finely chopped fresh', 'rosemary'), ('0.25 cup', 'cornstarch'), ('0.33333334326744 cup', 'Greek yogurt'), ('2 tablespoons chopped fresh', 'parsley')]"
Air Fryer Pakoras,"[('2 cups chopped', 'cauliflower'), ('1.25 cups', 'chickpea flour'), ('1 cup diced', 'potatoes'), ('0.75 cup', 'water'), ('0.5', 'red onion'), ('1 tablespoon', 'salt'), ('1 clove', 'garlic'), ('1 teaspoon', 'curry powder'), ('1 teaspoon', 'coriander'), ('0.5 teaspoon ground', 'cayenne pepper'), ('0.5 teaspoon', 'cumin'), ('cooking', 'spray')]"
Bierock Casserole,"[('0.5 cup chopped', 'onion'), ('1.5 pounds', 'ground beef'), ('1 (16 ounce) can', 'sauerkraut'), ('2 (8 ounce) cans', 'crescent rolls'), ('1 (8 ounce) package shredded', 'Cheddar cheese')]"
Huancaina Sauce,"[('0.25 cup', 'vegetable oil'), ('0.5 cup chopped', 'onion'), ('3', 'aji amarillo peppers'), ('2 cloves', 'garlic'), ('0.75 cup', 'evaporated milk'), ('2 cups crumbled', 'queso fresco'), ('4', 'saltine crackers'), ('to taste', 'salt and ground black pepper')]"
Russian Beet and Potato Salad,"[('2', 'beets'), ('4 small', 'potatoes'), ('2 small', 'carrots'), ('3 small', 'dill pickles'), ('0.25 cup', 'vegetable oil'), ('2 tablespoons', 'champagne vinegar'), ('to taste', 'salt'), ('3 green', 'onions')]"
Bolo Facil de Fuba Cremoso (Easy Creamy Cornmeal Cake),"[('4 cups', 'milk'), ('3 cups', 'sugar'), ('1.5 cups', 'cornmeal'), ('3', 'eggs'), ('2 tablespoons', 'unsalted butter'), ('2 tablespoons', 'all-purpose flour'), ('1 tablespoon', 'baking powder')]"
Chimichurri Muy Pefecto,"[('1.75 cups chopped', 'Italian flat-leaf parsley leaves'), ('1 cup', 'olive oil'), ('0.25 cup', 'red wine vinegar'), ('2 tablespoons dried', 'oregano'), ('1 teaspoon ground', 'cumin'), ('1 teaspoon', 'kosher salt'), ('1 tablespoon minced', 'garlic'), ('0.5 teaspoon', 'hot sauce'), ('0.25 teaspoon', 'red pepper flakes'), ('1 tablespoon', 'lemon juice')]"
Roasted Greek Lemon Potatoes,"[('3 pounds', 'potatoes'), ('0.33333334326744 cup', 'olive oil'), ('2', 'lemons'), ('2 teaspoons', 'salt'), ('1 teaspoon', 'oregano'), ('0.5 teaspoon ground', 'black pepper'), ('3 cups', 'chicken broth')]"
Mongo Guisado (Mung Bean Soup),"[('2 cups', 'water'), ('0.5 pound raw', 'mung beans'), ('2 tablespoons', 'olive oil'), ('1', 'onion'), ('2 cloves', 'garlic'), ('0.25 pound', 'pork loin'), ('to taste', 'salt and ground black pepper'), ('0.25 pound peeled and deveined', 'prawns'), ('1 small', 'tomato'), ('3 cups', 'chicken broth'), ('0.5 pound', 'spinach')]"
Japanese Tamago Egg,"[('4', 'eggs'), ('0.25 cup', 'dashi stock'), ('1 tablespoon', 'sugar'), ('1 teaspoon', 'mirin'), ('0.5 teaspoon', 'soy sauce'), ('0.5 teaspoon', 'vegetable oil')]"
Pierogi (Traditional Polish Dumplings),"[('3 tablespoons', 'vegetable oil'), ('3', 'onions'), ('2.5 cups', 'mushrooms'), ('7', 'potatoes'), ('1.3333333730698 (15 ounce) containers', ""farmer's cheese""), ('1 tablespoon', 'sour cream'), ('salt and ground black pepper to taste', ''), ('8 cups', 'all-purpose flour'), ('2 large', 'eggs'), ('6 tablespoons', 'unsalted butter'), ('2 cups lukewarm', 'water')]"
Beef Stroganoff with Ground Beef,"[('2 tablespoons', 'butter'), ('1 cup sliced', 'mushrooms'), ('0.33333334326744 cup chopped', 'onion'), ('1 pound', 'ground beef'), ('2 tablespoons', 'all-purpose flour'), ('1 teaspoon', 'garlic powder'), ('1 teaspoon', 'seasoning salt'), ('0.5 teaspoon ground', 'paprika'), ('0.25 teaspoon ground', 'black pepper'), ('1 (10.75 ounce) can', 'condensed cream of mushroom soup'), ('0.75 cup', 'sour cream'), ('1 tablespoon', 'liquid smoke'), ('1 tablespoon', 'Worcestershire sauce')]"
Apple Crisp Cups,"[('3 large', 'McIntosh apples'), ('0.25 cup', 'water'), ('2 tablespoons', 'white sugar'), ('0.5 teaspoon', 'cinnamon'), ('2 cups', 'all-purpose flour'), ('2 cups', 'rolled oats'), ('1.5 cups', 'brown sugar'), ('1 teaspoon ground', 'cinnamon'), ('0.5 teaspoon ground', 'nutmeg'), ('1.5 cups', 'butter')]"
Jaeger Schnitzel,"[('2 pounds', 'pork chops'), ('oil for', 'frying'), ('2', 'eggs'), ('plain', 'bread crumbs'), ('3 (1 ounce) packages', 'dry mushroom gravy mix'), ('1 pound', 'mushrooms'), ('1 (16 ounce) package', 'dry egg noodles')]"
Duck a l&#39;Orange,"[('2', 'duck breast halves'), ('to taste', 'salt'), ('1 cup', 'chicken broth'), ('2 tablespoons', 'orange liqueur'), ('1 tablespoon', 'sherry vinegar'), ('1 tablespoon', 'Seville orange marmalade'), ('2 teaspoons grated', 'orange zest'), ('1 pinch', 'cayenne pepper'), ('1 tablespoon reserved', 'duck fat'), ('1 teaspoon', 'all-purpose flour'), ('1 tablespoon', 'butter')]"
Buchi,"[('1.25 cups', 'water'), ('3.5 ounces', 'green mung beans'), ('0.5 cup', 'sugar'), ('2 cups', 'glutinous rice flour'), ('2 tablespoons', 'white sugar'), ('0.125 teaspoon', 'salt'), ('1 quart', 'cooking oil')]"
Fried Cabbage and Egg Noodles,"[('1 (16 ounce) package', 'egg noodles'), ('1 stick', 'butter'), ('1 medium head', 'green cabbage'), ('to taste', 'salt and pepper')]"
Middle Eastern Kibbeh,"[('0.66666668653488 cup medium coarse', 'bulgur'), ('1 cup fresh', 'mint leaves'), ('1 large', 'onion'), ('1 teaspoon ground', 'cumin'), ('1 teaspoon ground', 'allspice'), ('1 teaspoon', 'salt'), ('0.5 teaspoon ground', 'black pepper'), ('1.5 pounds', 'ground lamb'), ('3 tablespoons', 'olive oil')]"
The Original Donair From the East Coast of Canada,"[('1 pound', 'beef'), ('2 teaspoons', 'cayenne pepper'), ('1 teaspoon ground', 'black pepper'), ('1 teaspoon', 'onion powder'), ('1 teaspoon', 'garlic powder'), ('1 teaspoon', 'salt'), ('1 teaspoon', 'paprika'), ('1 teaspoon dried', 'oregano'), ('1 (12 ounce) can', 'evaporated milk'), ('0.5 cup', 'sugar'), ('0.25 cup', 'white vinegar'), ('6 large', 'pita bread rounds')]"
Vietnamese Fresh Spring Rolls,"[('2 ounces', 'rice vermicelli'), ('8', 'rice wrappers'), ('8 large', 'shrimp'), ('2 leaves', 'lettuce'), ('3 tablespoons chopped fresh', 'mint leaves'), ('3 tablespoons chopped fresh', 'cilantro'), ('1.3333333730698 tablespoons chopped fresh', 'Thai basil'), ('0.25 cup', 'water'), ('2 tablespoons fresh', 'lime juice'), ('2 tablespoons', 'white sugar'), ('4 teaspoons', 'fish sauce'), ('1 clove', 'garlic'), ('0.5 teaspoon', 'garlic chili sauce'), ('3 tablespoons', 'hoisin sauce'), ('1 teaspoon finely chopped', 'peanuts')]"
Holland Boterkoek,"[('0.66666668653488 cup', 'butter'), ('1 cup', 'sugar'), ('1.5 teaspoons', 'almond extract'), ('1', 'egg'), ('1.5 cups', 'all-purpose flour'), ('0.5 teaspoon', 'baking powder')]"
Roasted Pork Bánh Mì (Vietnamese Sandwich),"[('0.25 cup julienned (2-inch matchsticks)', 'daikon radish'), ('0.25 cup julienned (2-inch matchsticks)', 'carrots'), ('1 tablespoon', 'rice vinegar'), ('0.25 cup', 'mayonnaise'), ('1 teaspoon', 'hoisin sauce'), ('1 teaspoon', 'sriracha hot sauce'), ('1 crusty', 'French sandwich roll'), ('4 ounces', 'pork roast'), ('2 ounces', 'pate'), ('6 thin spears', 'English cucumber'), ('6 thin slices', 'jalapeno pepper'), ('0.25 cup', 'cilantro leaves')]"
3-Ingredient Japanese Potsticker Dip,"[('1 tablespoon', 'soy sauce'), ('1 tablespoon', 'rice vinegar'), ('0.25 teaspoon', 'chili oil')]"
Toaster Biscuits,"[('1.5 teaspoons', 'active dry yeast'), ('1 teaspoon', 'white sugar'), ('1 cup warm', 'water'), ('3 cups', 'unbleached flour'), ('2 teaspoons', 'salt'), ('0.75 cup', 'milk'), ('2 tablespoons', 'vegetable oil'), ('0.25 cup', 'cornmeal')]"
Pain au Chocolat (Chocolate Croissants),"[('0.25 cup warm', 'water'), ('2.25 cups', 'bread flour'), ('2 tablespoons', 'instant nonfat dry milk'), ('1 tablespoon', 'sugar'), ('0.5 teaspoon', 'salt'), ('2 tablespoons', 'butter'), ('1.5 teaspoons', 'instant yeast'), ('0.5 cup', 'butter'), ('1', 'egg yolk'), ('1 tablespoon', 'milk'), ('8 ounces', 'semisweet chocolate')]"
Spicy Crab Curry - Bangla Style,"[('2 fresh', 'Dungeness crabs'), ('2 teaspoons ground', 'turmeric'), ('0.5 teaspoon', 'salt'), ('1 tablespoon', 'mustard seed'), ('1 tablespoon', 'water'), ('1 tablespoon', 'mustard oil'), ('3 cups sliced', 'red onion'), ('1.75 cups', 'potatoes'), ('2 whole', 'cloves'), ('1 (1 inch) piece', 'cinnamon stick'), ('2 pods', 'green cardamom'), ('5 whole', 'peppercorns'), ('2 large', 'tomatoes'), ('4', 'Thai green chiles'), ('1.5 teaspoons', 'garlic paste'), ('1.5 teaspoons', 'ginger paste'), ('1 teaspoon', 'cayenne pepper'), ('to taste', 'salt'), ('1 teaspoon', 'sugar'), ('1 wedge', 'lemon'), ('0.5 cup chopped fresh', 'cilantro')]"
Chef John&#39;s Spanish Garlic Soup (Sopa de Ajo),"[('6 cups cubed', 'French bread'), ('1 tablespoon extra-virgin', 'olive oil'), ('0.25 cup extra virgin', 'olive oil'), ('6 cloves', 'garlic'), ('2 ounces', 'ham'), ('1.5 teaspoons', 'smoked paprika'), ('6 cups', 'chicken broth'), ('1 pinch', 'cayenne pepper'), ('salt and ground black pepper to taste', ''), ('0.25 cup chopped fresh', 'flat-leaf parsley'), ('4 large', 'eggs')]"
Danish Chicken Liver Pate,"[('2 tablespoons', 'all-purpose flour'), ('1 teaspoon', 'water'), ('1 pound', 'chicken livers'), ('1.25 cups', 'heavy whipping cream'), ('1', 'onion'), ('2', 'eggs'), ('2 tablespoons', 'butter'), ('1 teaspoon', 'salt'), ('0.25 teaspoon ground', 'nutmeg'), ('to taste', 'black pepper')]"
Thai Chicken Spring Rolls,"[('1.5 cups', 'peanut sauce'), ('1 (1 1/2 inch) piece', 'ginger root'), ('2 cloves', 'garlic'), ('2 teaspoons', 'soy sauce'), ('1 pound', 'chicken breast'), ('2 teaspoons', 'peanut oil'), ('12 ounces', 'bean sprouts'), ('6 ounces fresh', 'snow pea pods'), ('4', 'green onions'), ('1 pound', 'watercress'), ('0.25 cup chopped fresh', 'cilantro'), ('2 large', 'carrots'), ('12', 'spring roll wrappers')]"
Mum&#39;s Swedish Meatballs,"[('3 tablespoons', 'butter'), ('1', 'onion'), ('2 slices', 'bread'), ('1 (12 fluid ounce) can', 'evaporated milk'), ('1.5 pounds', 'ground beef'), ('0.5 pound', 'pork'), ('2', 'eggs'), ('2 tablespoons', 'Worcestershire sauce'), ('1 tablespoon dried', 'parsley'), ('1 teaspoon ground', 'nutmeg'), ('1 teaspoon ground', 'allspice'), ('1 teaspoon', 'salt'), ('0.5 teaspoon', 'lemon pepper'), ('0.25 teaspoon ground', 'black pepper'), ('2 tablespoons', 'olive oil'), ('4 cups', 'beef stock'), ('0.25 cup', 'all-purpose flour'), ('0.25 cup', 'sherry')]"
Spicy Szechuan Green Beans,"[('0.5 pound', 'green beans'), ('0.25 cup', 'water'), ('1 tablespoon minced', 'ginger'), ('2 cloves', 'garlic'), ('1 teaspoon', 'sesame oil'), ('2 tablespoons', 'soy sauce'), ('1 tablespoon', 'rice vinegar'), ('0.5 teaspoon', 'sugar'), ('0.25 teaspoon', 'red pepper flakes')]"
Malaysian Flatbread (Roti Canai) with Curried Lentil Dip,"[('4 cups', 'bread flour'), ('2 tablespoons', 'white sugar'), ('1.5 teaspoons', 'kosher salt'), ('1 large', 'egg'), ('3 tablespoons', 'unsalted butter'), ('1.25 cups', 'water'), ('2 teaspoons', 'vegetable oil'), ('2 tablespoons', 'unsalted butter'), ('0.5 cup diced', 'yellow onion'), ('2 teaspoons grated', 'ginger'), ('4 cloves', 'garlic'), ('1.5 teaspoons', 'kosher salt'), ('2 tablespoons', 'curry powder'), ('1 teaspoon ground', 'paprika'), ('1 teaspoon ground', 'cumin'), ('0.5 teaspoon', 'black pepper'), ('0.5 teaspoon', 'cayenne pepper'), ('0.25 cup', 'tomato paste'), ('3 cups cold', 'water'), ('1 (14 ounce) can', 'coconut milk'), ('1 cup dried', 'red lentils'), ('0.25 cup', 'unsalted butter'), ('2 tablespoons chopped fresh', 'cilantro'), ('1 tablespoon finely chopped', 'serrano pepper')]"
Cuban Mini Melts,"[('10 slices', 'white sandwich bread'), ('12 slices', 'honey ham'), ('1.5 cups shredded', 'Swiss cheese'), ('2 tablespoons', 'spicy brown mustard'), ('2 tablespoons', 'mayonnaise'), ('20', 'dill pickle slices'), ('20', 'toothpicks')]"
Malaysian Barbecue Chicken Wings,"[('12', 'chicken wings'), ('4 tablespoons', 'soy sauce'), ('2 tablespoons', 'dark soy sauce'), ('1 tablespoon', 'sesame oil'), ('2 tablespoons', 'oyster sauce'), ('0.5 tablespoon', 'garlic powder'), ('0.5 teaspoon', 'onion powder'), ('to taste', 'black pepper'), ('1 tablespoon dried', 'basil')]"
Cucumber Gyro Sauce,"[('1 cup', 'sour cream'), ('0.66666668653488 cup peeled and grated', 'cucumber'), ('0.5 teaspoon minced', 'garlic'), ('0.5 teaspoon', 'dill'), ('0.25 teaspoon', 'mustard'), ('0.25 teaspoon', 'garlic powder')]"
Spicy Peruvian Pork,"[('2.5 pounds', 'pork shoulder'), ('0.25 cup', 'white vinegar'), ('1 tablespoon', 'cumin'), ('1 tablespoon ground', 'turmeric'), ('0.5 teaspoon', 'garlic powder'), ('1 teaspoon', 'salt'), ('0.25 teaspoon', 'black pepper'), ('1 tablespoon', 'vegetable oil'), ('1 cup', 'orange juice'), ('0.5 cup', 'water'), ('1 tablespoon dried minced', 'onion'), ('1 tablespoon', 'all-purpose flour'), ('2 tablespoons', 'water')]"
Pork Pie,"[('2 pounds', 'ground pork'), ('1 pound', 'ground beef'), ('1.5 cups mashed', 'potatoes'), ('1 teaspoon ground', 'nutmeg'), ('to taste', 'salt'), ('2 (9 inch)', 'pie shells'), ('1', 'egg white')]"
General Tso&#39;s Chicken,"[('4 cups', 'vegetable oil'), ('1 large', 'egg'), ('1.5 pounds', 'chicken thighs'), ('1 teaspoon', 'salt'), ('1 teaspoon', 'sugar'), ('1 pinch', 'white pepper'), ('1 cup', 'cornstarch'), ('2 tablespoons', 'vegetable oil'), ('3 tablespoons chopped', 'green onion'), ('1 clove', 'garlic'), ('6 dried whole', 'red chilies'), ('1 strip', 'orange zest'), ('0.5 cup', 'sugar'), ('0.25 cup', 'soy sauce'), ('3 tablespoons', 'chicken broth'), ('2 tablespoons', 'peanut oil'), ('1 tablespoon', 'rice vinegar'), ('2 teaspoons', 'sesame oil'), ('0.25 teaspoon ground', 'ginger'), ('2 teaspoons', 'cornstarch'), ('0.25 cup', 'water')]"
Perfectly Dry Roasted Chickpeas,"[('1 (15 ounce) can', 'chickpeas'), ('1 teaspoon', 'mixed spice'), ('to taste', 'sea salt')]"
Mediterranean Meat Pies (Sfeeha),"[('1 pound', 'beef'), ('0.5 pound', 'lamb'), ('1', 'white onion'), ('0.75 cup', 'pine nuts'), ('0.125 teaspoon ground', 'cinnamon'), ('salt and ground black pepper to taste', ''), ('0.33333334326744 cup', 'lemon juice'), ('2 (17.3 ounce) packages', 'frozen puff pastry'), ('1', 'egg')]"
Patacones de Colombia (Fried Plantains),"[('0.5 cup', 'oil'), ('1 ripe', 'plantain'), ('1 pinch', 'salt')]"
Branzino Mediterranean,"[('2 tablespoons', 'olive oil'), ('1', 'red onion'), ('salt and ground black pepper to taste', ''), ('2 whole', 'Branzino'), ('4', 'lemon wedges'), ('2 sprigs', 'rosemary'), ('0.5 cup', 'white wine'), ('0.25 cup', 'lemon juice'), ('1 tablespoon fresh', 'oregano'), ('0.25 cup chopped', 'Italian flat-leaf parsley')]"
Anzac Biscuits,"[('0.75 cup', 'rolled oats'), ('0.75 cup', 'coconut'), ('0.5 cup', 'all-purpose flour'), ('0.5 cup', 'sugar'), ('0.5 teaspoon', 'baking powder'), ('2 tablespoons', 'water'), ('0.5 cup', 'butter'), ('1 tablespoon', 'golden syrup')]"
Mailäenderli (Swiss Butter Cookies),"[('4', 'eggs'), ('1.25 cups', 'white sugar'), ('1.125 cups', 'butter'), ('1 pinch', 'salt'), ('4 cups', 'all purpose flour'), ('1.5 teaspoons grated', 'lemon zest'), ('2', 'egg yolks'), ('seasonal', 'colored sprinkles')]"
Portuguese Chourico and Peppers,"[('2 pounds', 'chorizo sausage'), ('2 green', 'bell peppers'), ('2', 'sweet onion'), ('1 (6 ounce) can', 'tomato paste'), ('1 cup', 'red wine'), ('1 cup', 'water'), ('2 tablespoons', 'garlic')]"
Classic Beef Empanadas,"[('2 medium', 'potatoes'), ('1 tablespoon', 'butter'), ('2', 'onion'), ('3 green', 'onions'), ('1', 'red bell pepper'), ('1 pound', 'ground beef'), ('1 teaspoon', 'paprika'), ('0.5 teaspoon', 'cayenne pepper'), ('to taste', 'salt'), ('0.75 cup', 'green olives'), ('2 hard-cooked', 'eggs'), ('1 tablespoon', 'olive oil'), ('24', 'empanada pastry rounds'), ('1', 'egg')]"
Italian-Style Bruschetta,"[('1.5 pounds', 'plum tomatoes'), ('6 tablespoons', 'extra-virgin olive oil'), ('0.25 cup chopped fresh', 'basil'), ('2 tablespoons finely chopped', 'red onion'), ('2 large cloves', 'garlic'), ('2 teaspoons', 'red wine vinegar'), ('freshly ground to taste', 'black pepper'), ('1', 'French baguette'), ('1 tablespoon', 'balsamic vinegar')]"
Alfajores (Dulce de Leche Sandwich Cookies),"[('2 cups sifted', 'all-purpose flour'), ('0.5 cup sifted', ""confectioners' sugar""), ('0.25 cup sifted', 'cornstarch'), ('0.25 teaspoon', 'salt'), ('2 sticks', 'butter'), ('0.25 cup', 'sugar'), ('1 teaspoon', 'vanilla extract'), ('1 (11.5 ounce) jar', 'dulce de leche'), ('0.25 cup', ""confectioners' sugar"")]"
Easy Shrimp Mozambique,"[('4 tablespoons', 'butter'), ('0.25 cup finely chopped', 'onion'), ('0.5 cup', 'water'), ('8 cloves', 'garlic'), ('2 (1.41 ounce) packages', 'sazon seasoning with saffron'), ('1', 'lemon'), ('salt and ground black pepper to taste', ''), ('0.5 (12 ounce) bottle', 'beer'), ('2 teaspoons', 'hot sauce'), ('1 pound', 'shrimp')]"
Turkish Stuffed Flatbread (Gozleme),"[('1 cup lukewarm', 'water'), ('1 teaspoon', 'butter-flavored shortening'), ('0.5 teaspoon', 'salt'), ('1 teaspoon', 'sugar'), ('2.3333332538605 cups', 'bread flour'), ('1 teaspoon', 'yeast'), ('1 tablespoon', 'olive oil'), ('1 tablespoon', 'butter'), ('0.5 medium', 'onion'), ('0.5 teaspoon', 'salt'), ('1.5 cups', 'spinach'), ('0.5 teaspoon', 'garlic'), ('6 tablespoons grated', 'Parmesan cheese'), ('2 tablespoons', 'olive oil')]"
Carrots and Lentils,"[('3 tablespoons extra-virgin', 'olive oil'), ('1', 'onion'), ('1 clove', 'garlic'), ('1 pound', 'carrots'), ('1 tablespoon', 'tomato paste'), ('0.5 teaspoon ground', 'chile pepper'), ('0.25 teaspoon', 'sea salt'), ('3 cups', 'water'), ('1 cup', 'lentils'), ('salt and freshly ground black pepper to taste', ''), ('0.25 cup', 'Greek yogurt')]"
Israeli Charoset,"[('2', 'apples'), ('3', 'bananas'), ('1 cup', 'dates'), ('1 cup chopped', 'walnuts'), ('1', 'orange'), ('1', 'lemon'), ('2 teaspoons', 'cinnamon'), ('2 teaspoons', 'white sugar'), ('0.33333334326744 cup', 'dry red wine'), ('2 tablespoons', 'matzo meal')]"
Biko,"[('4 cups uncooked', 'glutinous white rice'), ('6 cups cold', 'water'), ('1 (14 ounce) can', 'coconut milk'), ('1.3333333730698 cups', 'white sugar'), ('1.3333333730698 cups', 'brown sugar'), ('3 tablespoons', 'coconut preserves')]"
Eggs in Purgatory,"[('2 tablespoons extra-virgin', 'olive oil'), ('1 clove', 'garlic'), ('3', 'black Italian olives'), ('1 teaspoon', 'capers'), ('1', 'anchovy fillet'), ('7 ounces', 'passata'), ('0.5 cup', 'water'), ('1 sprig chopped fresh', 'parsley'), ('to taste', 'salt'), ('2', 'eggs')]"
Bengali Chicken Curry with Potatoes,"[('2 tablespoons', 'olive oil'), ('2 large', 'onions'), ('1 tablespoon', 'ginger-garlic paste'), ('2 large', 'tomatoes'), ('1 teaspoon', 'cayenne pepper'), ('1 teaspoon', 'curry powder'), ('1 teaspoon', 'garam masala'), ('1 teaspoon ground', 'turmeric'), ('1 teaspoon ground', 'cumin'), ('4', 'chicken breast halves'), ('2 large', 'red-skinned potatoes'), ('0.5 cup fresh', 'cilantro')]"
Spinach and Cauliflower Bhaji,"[('0.25 cup', 'vegetable oil'), ('2 large', 'onions'), ('1 head', 'cauliflower'), ('2 teaspoons ground', 'coriander'), ('2 cloves', 'garlic'), ('1.25 teaspoons', 'cayenne pepper'), ('1 (1 inch) piece', 'ginger'), ('1 teaspoon ground', 'cumin'), ('1 teaspoon ground', 'turmeric'), ('1 (14.5 ounce) can', 'tomatoes'), ('1.25 cups', 'vegetable broth'), ('salt and ground black pepper to taste', ''), ('1 pound', 'spinach')]"
Chinese Pork Dumplings,"[('0.5 cup', 'soy sauce'), ('1 tablespoon', 'rice vinegar'), ('1 tablespoon finely chopped', 'Chinese chives'), ('1 tablespoon', 'sesame seeds'), ('1 teaspoon', 'chile-garlic sauce'), ('1 pound', 'pork'), ('3 cloves', 'garlic'), ('1 large', 'egg'), ('2 tablespoons finely chopped', 'Chinese chives'), ('2 tablespoons', 'soy sauce'), ('1.5 tablespoons', 'sesame oil'), ('1 tablespoon minced', 'ginger'), ('50', 'dumpling wrappers'), ('0.5 cup', 'vegetable oil')]"
Authentic Empanada Pastry Dough,"[('2 cups', 'all-purpose flour'), ('0.25 cup', 'unsalted butter'), ('1', 'egg'), ('6 tablespoons warm', 'water'), ('1 teaspoon', 'salt')]"
Bee Sting Cake (Bienenstich),"[('1.625 cups', 'all-purpose flour'), ('1 tablespoon', 'active dry yeast'), ('2 tablespoons', 'white sugar'), ('1 pinch', 'salt'), ('0.75 cup lukewarm', 'milk'), ('3 tablespoons', 'butter'), ('3 tablespoons', 'butter'), ('1.5 tablespoons', ""confectioners' sugar""), ('1 tablespoon', 'milk'), ('0.625 cup sliced', 'almonds'), ('1 tablespoon', 'honey'), ('1.5 cups', 'milk'), ('0.33329999446869 cup', 'cornstarch'), ('1 tablespoon', 'sugar'), ('1', 'egg'), ('1 teaspoon', 'almond extract'), ('1 cup', 'heavy whipping cream'), ('0.5 tablespoon', 'cream of tartar')]"
Jerk Marinade Seasoning Rub,"[('3 tablespoons', 'onion powder'), ('3 tablespoons dried', 'thyme'), ('3 tablespoons ground', 'allspice'), ('3 tablespoons cracked', 'black pepper'), ('2 tablespoons', 'turbinado sugar'), ('2 tablespoons', 'garlic powder'), ('1.5 tablespoons', 'sea salt'), ('1 tablespoon ground', 'ginger'), ('1 tablespoon', 'cinnamon'), ('1 tablespoon ground', 'nutmeg'), ('1 tablespoon', 'cayenne pepper'), ('1 tablespoon dried', 'marjoram'), ('1 tablespoon', 'sage'), ('1 tablespoon dried', 'rosemary')]"
Middle Eastern-Style Dolma (Stuffed Vegetables),"[('3 pounds', 'beef'), ('3 (6 ounce) cans', 'tomato paste'), ('0.75 cup chopped fresh', 'parsley'), ('0.75 cup chopped', 'green onion'), ('0.5 cup', 'butter'), ('1 tablespoon', 'salt'), ('0.75 tablespoon ground', 'black pepper'), ('1.5 cups uncooked', 'white rice'), ('1 medium head', 'cabbage'), ('4 large', 'green bell pepper'), ('2 large', 'eggplants'), ('2 large', 'zucchini')]"
Ratatouille Bake,"[('1 tablespoon', 'olive oil'), ('2 cups peeled and diced', 'eggplant'), ('1', 'onion'), ('5 cloves', 'garlic'), ('2 cups chopped', 'zucchini'), ('1 (14.5 ounce) can', 'tomatoes'), ('1', 'green bell pepper'), ('1 tablespoon dried', 'basil'), ('1 tablespoon dried', 'parsley'), ('0.5 teaspoon', 'salt'), ('0.125 teaspoon', 'black pepper'), ('1 (8 ounce) package frozen', 'cheese ravioli'), ('0.75 cup shredded', 'mozzarella cheese')]"
Greek Lemon Chicken Soup,"[('8 cups', 'chicken broth'), ('0.5 cup fresh', 'lemon juice'), ('0.5 cup shredded', 'carrots'), ('0.5 cup finely chopped', 'onion'), ('0.5 cup finely chopped', 'celery'), ('6 tablespoons', 'chicken soup base'), ('0.25 teaspoon ground', 'white pepper'), ('0.25 cup', 'margarine'), ('0.25 cup', 'all-purpose flour'), ('8', 'egg yolks'), ('1 cup cooked', 'white rice'), ('1 cup', 'chicken meat'), ('16 slices', 'lemon')]"
Empanada Dough,"[('2 cups', 'all-purpose flour'), ('0.33333334326744 cup', 'white sugar'), ('0.5 teaspoon', 'salt'), ('0.5 cup', 'water'), ('1 large', 'egg yolk'), ('2 tablespoons', 'all-purpose flour'), ('2 tablespoons', 'butter')]"
Thai Steamed Mussels,"[('1 (13.5 ounce) can', 'coconut milk'), ('0.33333334326744 cup fresh', 'lime juice'), ('0.33333334326744 cup', 'dry white wine'), ('1.5 tablespoons', 'Thai red curry paste'), ('1.5 tablespoons minced', 'garlic'), ('1 tablespoon', 'Asian fish sauce'), ('1 tablespoon', 'sugar'), ('5 pounds', 'mussels'), ('2 cups chopped fresh', 'cilantro')]"
Cold Yogurt Soup (Abdoogh Khiar),"[('2 cups', 'Greek-style yogurt'), ('2 teaspoons crushed dried', 'mint'), ('1 teaspoon', 'salt'), ('2 cups cold', 'water'), ('2', 'Persian cucumbers'), ('0.5 cup chopped fresh', 'mint'), ('0.5 cup chopped fresh', 'parsley'), ('0.25 cup', 'raisins'), ('0.25 cup chopped', 'walnuts'), ('2 teaspoons ground dried', 'Persian rose petals'), ('ice', 'cubes'), ('2', 'pita bread rounds')]"
Vegetarian Bibimbap,"[('2 tablespoons', 'sesame oil'), ('1 cup', 'carrot matchsticks'), ('1 cup', 'zucchini'), ('0.5 (14 ounce) can', 'bean sprouts'), ('6 ounces canned', 'bamboo shoots'), ('1 (4.5 ounce) can', 'mushrooms'), ('0.125 teaspoon', 'salt'), ('2 cups', 'rice'), ('0.33333334326744 cup sliced', 'green onions'), ('2 tablespoons', 'soy sauce'), ('0.25 teaspoon ground', 'black pepper'), ('1 tablespoon', 'butter'), ('3', 'eggs'), ('3 teaspoons', 'sweet red chili sauce')]"
Glogi,"[('1.5 cups', 'water'), ('1.5 cups', 'white sugar'), ('4 whole', 'cloves'), ('1 (3 inch)', 'cinnamon stick'), ('0.5 cup', 'raisins'), ('1 (750 milliliter) bottle', 'red wine'), ('2', 'lemons'), ('1', 'orange'), ('0.25 cup sliced', 'almonds')]"
Labneh (Lebanese Yogurt),"[('1.5 cups', 'Greek yogurt'), ('0.25 cup', 'extra-virgin olive oil'), ('1 tablespoon chopped fresh', 'mint'), ('1 tablespoon chopped fresh', 'dill'), ('0.5 teaspoon', 'kosher salt')]"
Quick Whole Wheat Chapati,"[('2.5 cups', 'whole wheat flour'), ('0.75 teaspoon', 'salt'), ('1 cup', 'water')]"
Greek Couscous Salad,"[('0.5 cup', 'water'), ('0.25 cup', 'chicken broth'), ('1 teaspoon minced', 'garlic'), ('0.5 cup', 'pearl couscous'), ('1 cup canned', 'garbanzo beans'), ('0.25 cup chopped', 'sun-dried tomatoes'), ('0.25 cup sliced', 'Kalamata olives'), ('2 tablespoons crumbled', 'feta cheese'), ('1 tablespoon', 'white wine vinegar'), ('1.5 teaspoons', 'lemon juice'), ('1 teaspoon dried', 'oregano'), ('0.5 teaspoon ground', 'black pepper')]"
Chinese Hand-Pulled Noodles in Beef Broth,"[('1 gallon', 'water'), ('2 pounds', 'beef shoulder'), ('0.25 cup sliced fresh', 'ginger'), ('2 tablespoons', 'Szechuan peppercorns'), ('2 dried', 'tsaoko'), ('2 pieces dried', 'mandarin orange peel'), ('4', 'bay leaves'), ('2 tablespoons', 'salt'), ('8 cups', 'all-purpose flour'), ('2.5 cups', 'water'), ('0.25 cup', 'vegetable oil'), ('1 pound', 'daikon'), ('3 stalks', 'green garlic'), ('1 bunch', 'cilantro'), ('8 drops', 'chili oil')]"
Olivie (Russian Potato Salad),"[('2 large', 'potatoes'), ('3', 'carrots'), ('1 (15 ounce) can', 'sweet peas'), ('3', 'dill pickles'), ('1', 'onion'), ('3', 'bologna slices'), ('2 hard-boiled', 'eggs'), ('2 tablespoons', 'mayonnaise'), ('2 tablespoons', 'sour cream'), ('0.5 teaspoon', 'salt'), ('to taste', 'black pepper')]"
Turmeric Golden Milk with Turmeric Paste,"[('0.5 cup', 'water'), ('0.25 cup', 'turmeric'), ('0.5 teaspoon ground', 'black pepper'), ('1 teaspoon', 'water'), ('2 cups', 'almond milk'), ('1 teaspoon extra-virgin', 'coconut oil'), ('1 teaspoon ground', 'ginger'), ('1 teaspoon ground', 'cinnamon'), ('1 teaspoon', 'honey')]"
Italian Capezzoli di Venere (Chocolate Truffles of Venus),"[('12 ounces', 'dark chocolate'), ('16 ounces canned', 'chestnuts'), ('6 tablespoons', 'butter'), ('0.5 cup', 'sugar'), ('0.25 cup', 'brandy'), ('1 teaspoon', 'vanilla extract'), ('12 ounces', 'white chocolate'), ('1 dash', 'red food coloring')]"
Beef Bulgogi,"[('5 tablespoons', 'soy sauce'), ('0.25 cup chopped', 'green onion'), ('2.5 tablespoons', 'white sugar'), ('2 tablespoons minced', 'garlic'), ('2 tablespoons', 'sesame seeds'), ('2 tablespoons', 'sesame oil'), ('0.5 teaspoon ground', 'black pepper'), ('1 pound', 'flank steak')]"
Abuela&#39;s Picadillo,"[('2 pounds', 'lean ground beef'), ('0.25 cup', 'olive oil'), ('0.5', 'onion'), ('0.5', 'green bell pepper'), ('2 tablespoons minced', 'garlic'), ('2 (8 ounce) cans', 'tomato sauce'), ('2 cups', 'water'), ('0.5 cup', 'red cooking wine'), ('3 tablespoons', 'hot sauce'), ('1 (1.41 ounce) package', 'sazon seasoning'), ('1 tablespoon chopped fresh', 'parsley'), ('0.5 teaspoon', 'garlic powder'), ('0.5 teaspoon', 'onion powder'), ('0.5 teaspoon ground', 'cumin'), ('0.5 teaspoon ground', 'black pepper'), ('0.25 teaspoon ground', 'bay leaf'), ('3 ounces', 'Spanish-style olives'), ('1 small', 'butternut squash'), ('1 teaspoon', 'salt')]"
Bulgogi Beef (Korean-Style Barbecue),"[('1.25 pounds', 'beef short ribs'), ('4 cloves', 'garlic'), ('0.25 cup grated', 'yellow onion'), ('1 tablespoon freshly grated', 'gingerroot'), ('1 tablespoon', 'sesame oil'), ('1 tablespoon', 'light brown sugar'), ('0.33333334326744 cup freshly grated', 'Asian pear'), ('0.25 cup', 'soy sauce'), ('1 tablespoon', 'Korean red pepper flakes'), ('0.5 teaspoon', 'kosher salt'), ('1 tablespoon', 'vegetable oil'), ('2 cups hot steamed', 'rice'), ('2 sliced', 'green onion tops')]"
Lolah&#39;s Chicken Adobo,"[('3 tablespoons', 'vegetable oil'), ('3 pounds', 'chicken thighs'), ('6 cloves', 'garlic'), ('0.5 cup', 'soy sauce'), ('0.5 cup', 'apple cider vinegar'), ('0.5 cup', 'water'), ('2 tablespoons', 'pickling spice')]"
Porotos Granados (Chilean Bean Stew),"[('1 tablespoon', 'olive oil'), ('1', 'yellow onion'), ('2 cups cubed', 'butternut squash'), ('1 (15 ounce) can', 'great Northern beans'), ('1 cup frozen', 'lima beans'), ('3 cups', 'chicken stock'), ('2 cups', 'corn'), ('2 tablespoons chopped fresh', 'basil'), ('1', 'banana pepper')]"
Miraculous Canadian Sugar Pie,"[('2 cups', 'brown sugar'), ('0.25 cup', 'butter'), ('2', 'eggs'), ('1 teaspoon', 'vanilla extract'), ('1 teaspoon', 'salt'), ('0.5 cup', 'all-purpose flour'), ('1.5 cups', 'milk')]"
Quince Empanadas,"[('6 tablespoons warm', 'water'), ('1 teaspoon', 'salt'), ('2 cups', 'all-purpose flour'), ('0.25 cup', 'unsalted butter'), ('1 large', 'egg'), ('1 teaspoon', 'sunflower oil'), ('0.5 pound', 'quince paste'), ('1 large', 'egg'), ('1 tablespoon', 'white sugar')]"
Pfeffernusse,"[('4 cups', 'all-purpose flour'), ('1 teaspoon', 'baking powder'), ('0.5 teaspoon', 'baking soda'), ('1 teaspoon ground', 'white pepper'), ('1 teaspoon ground', 'cinnamon'), ('0.5 teaspoon ground', 'cardamom'), ('0.5 teaspoon', 'ginger'), ('0.75 teaspoon', 'salt'), ('0.75 cup', 'butter'), ('1.25 cups packed', 'brown sugar'), ('2', 'eggs'), ('0.75 cup finely chopped', 'almonds')]"
Bill&#39;s Peruvian Chicken and Rice,"[('2 tablespoons', 'white wine vinegar'), ('2 tablespoons', 'olive oil'), ('2 tablespoons minced', 'garlic'), ('1 tablespoon', 'paprika'), ('1 tablespoon', 'cumin'), ('1 teaspoon', 'lemon juice'), ('1 teaspoon', 'sea salt'), ('0.25 teaspoon ground', 'black pepper'), ('0.25 teaspoon', 'chile powder'), ('2', 'onions'), ('3', 'chicken breasts'), ('2 cups', 'chicken broth'), ('1 cup', 'basmati rice'), ('1.5 teaspoons minced', 'garlic'), ('1.5 teaspoons extra-virgin', 'olive oil'), ('0.5 teaspoon ground', 'cumin'), ('0.5 teaspoon dried', 'cilantro'), ('0.5 teaspoon', 'sea salt'), ('0.25 teaspoon ground', 'black pepper'), ('0.5 cup', 'peas')]"
Authentic Chicken Empanadas (Empanadas de Pollo),"[('3 cups', 'all-purpose flour'), ('1 teaspoon', 'salt'), ('0.5 teaspoon', 'baking powder'), ('0.5 teaspoon', 'baking soda'), ('1 cup warm', 'water'), ('0.25 cup', 'vegetable oil'), ('2 tablespoons', 'vegetable oil'), ('1 pound', 'chicken'), ('0.5 medium', 'onion'), ('0.5', 'green bell pepper'), ('0.125 cup chopped fresh', 'cilantro'), ('0.125 cup sliced', 'green olives'), ('3 cloves', 'garlic'), ('1 (1.41 ounce) package', 'sazon seasoning with annato'), ('1 tablespoon', 'tomato paste'), ('to taste', 'salt and ground black pepper'), ('1 cup', 'vegetable oil')]"
Homemade Muesli,"[('4 cups', 'oats'), ('1 cup', 'rice cereal'), ('0.5 cup coarsely chopped', 'pecans'), ('0.5 cup coarsely chopped', 'almonds'), ('0.5 cup raw', 'sunflower seed kernels'), ('0.5 cup', 'cherries'), ('0.5 cup', 'golden raisins')]"
Russian Cabbage and Beet Salad,"[('4 pounds shredded', 'cabbage'), ('2', 'carrots'), ('1', 'beet'), ('1 clove', 'garlic'), ('4 cups', 'water'), ('0.5 cup', 'sugar'), ('2 tablespoons', 'salt'), ('0.5 teaspoon ground', 'black pepper'), ('1 cup', 'white vinegar'), ('0.5 cup', 'vegetable oil')]"
Hearty Portuguese Bean Soup,"[('2 quarts', 'water'), ('1', 'ham hock'), ('1 (10 ounce)', 'linguica sausage'), ('1', 'onion'), ('4', 'potatoes'), ('2', 'celery rib'), ('2', 'carrots'), ('1 (15 ounce) can', 'tomatoes'), ('1 (8 ounce) can', 'tomato sauce'), ('1 clove', 'garlic'), ('1 (15 ounce) can', 'kidney beans'), ('0.5 head', 'cabbage')]"
Lyonnaise Potatoes,"[('2 pounds', 'russet potatoes'), ('2 tablespoons', 'olive oil'), ('4', 'onions'), ('2 tablespoons chopped', 'garlic'), ('0.5 cup', 'butter'), ('to taste', 'salt'), ('to taste', 'white pepper'), ('1 tablespoon finely minced', 'parsley')]"
Traditional Russian Pirozhki,"[('2 cups', 'milk'), ('1 tablespoon', 'sugar'), ('1 tablespoon', 'active dry yeast'), ('2 tablespoons', 'butter'), ('1', 'egg'), ('1 teaspoon', 'salt'), ('6 cups', 'all-purpose flour'), ('1 tablespoon', 'butter'), ('0.5 medium head', 'cabbage'), ('6 hard-cooked', 'eggs'), ('to taste', 'salt and pepper')]"
Ashley&#39;s Chicken Katsu with Tonkatsu Sauce,"[('0.5 cup', 'Worcestershire sauce'), ('0.25 cup', 'ketchup'), ('2 tablespoons', 'soy sauce'), ('to taste', 'pepper'), ('2 cups', 'vegetable oil'), ('0.5 cup', 'all-purpose flour'), ('0.5 cup', 'panko bread crumbs'), ('to taste', 'salt and pepper'), ('1', 'egg'), ('2', 'chicken breast halves'), ('1', 'green onion')]"
Mitzie&#39;s Beef Stroganoff,"[('1 pound', 'beef'), ('0.25 teaspoon', 'salt'), ('0.25 teaspoon ground', 'black pepper'), ('1 tablespoon', 'butter'), ('1', 'onion'), ('2 teaspoons minced', 'garlic'), ('3 tablespoons', 'all-purpose flour'), ('1 cup', 'beef broth'), ('2 teaspoons', 'Worcestershire sauce'), ('0.75 teaspoon', 'mustard'), ('0.25 cup light', 'sour cream'), ('0.25 cup', 'cream cheese')]"
Air-Fried Korean Chicken Wings,"[('0.25 cup', 'honey'), ('3 tablespoons', 'gochujang'), ('1 tablespoon', 'brown sugar'), ('1 tablespoon', 'soy sauce'), ('1 teaspoon', 'lemon juice'), ('2 teaspoons minced', 'garlic'), ('1 teaspoon minced fresh', 'ginger root'), ('0.5 teaspoon', 'salt'), ('0.25 teaspoon', 'black pepper'), ('0.25 cup finely chopped', 'green onions'), ('2 pounds', 'chicken wings'), ('1 teaspoon', 'salt'), ('1 teaspoon', 'garlic powder'), ('1 teaspoon', 'onion powder'), ('0.5 teaspoon', 'black pepper'), ('0.5 cup', 'cornstarch'), ('2 tablespoons chopped', 'green onions'), ('1 teaspoon', 'sesame seeds')]"
Beef Bulgogi with Dipping Sauce,"[('0.25 cup', 'soy sauce'), ('3 green', 'onions'), ('3 tablespoons', 'sugar'), ('1 tablespoon', 'vegetable oil'), ('3 cloves', 'garlic'), ('1 teaspoon', 'sesame oil'), ('1 teaspoon', 'sesame seeds'), ('2 pounds', 'beef sirloin steak'), ('6 tablespoons', 'soy sauce'), ('2 tablespoons', 'rice vinegar'), ('2 teaspoons crushed toasted', 'sesame seeds'), ('1 teaspoon grated', 'ginger'), ('0.25 teaspoon', 'sweet paprika'), ('0.25 teaspoon', 'cayenne pepper'), ('1 pinch', 'sugar')]"
Filipino Lumpia,"[('1 (12 ounce) package', 'lumpia wrappers'), ('1 pound', 'beef'), ('0.5 pound', 'pork'), ('0.33333334326744 cup finely chopped', 'onion'), ('0.33333334326744 cup finely chopped', 'green bell pepper'), ('0.33333334326744 cup finely chopped', 'carrot'), ('1 quart', 'oil')]"
Absolutely Fabulous Greek Salad Dressing,"[('1.5 quarts', 'olive oil'), ('0.33333334326744 cup', 'garlic powder'), ('0.33333334326744 cup', 'oregano'), ('0.33333334326744 cup', 'basil'), ('0.25 cup', 'pepper'), ('0.25 cup', 'salt'), ('0.25 cup', 'onion powder'), ('0.25 cup', 'Dijon-style mustard'), ('2 quarts', 'red wine vinegar')]"
Lebanese Chicken and Potatoes,"[('8', 'chicken pieces'), ('8 medium', 'potatoes'), ('to taste', 'salt'), ('to taste', 'white pepper'), ('4 cloves', 'garlic'), ('0.5 cup extra virgin', 'olive oil'), ('1 cup fresh', 'lemon juice')]"
Egg and Potato Curry,"[('3 tablespoons', 'vegetable oil'), ('2', 'onions'), ('3', 'tomatoes'), ('2 small', 'green chile peppers'), ('2 teaspoons', 'garlic paste'), ('2 teaspoons', 'ginger paste'), ('2 teaspoons ground', 'coriander'), ('1 teaspoon ground', 'cumin'), ('1 teaspoon', 'garam masala'), ('0.5 teaspoon ground', 'turmeric'), ('0.5 teaspoon', 'cayenne pepper'), ('to taste', 'salt'), ('2 cups', 'water'), ('1 large', 'potato'), ('6 hard-cooked', 'eggs'), ('2 tablespoons chopped fresh', 'cilantro')]"
Easy New Zealand Squares,"[('1 cup', 'all-purpose flour'), ('1 cup', 'coconut'), ('1 cup chopped', 'dates'), ('0.5 cup', 'sugar'), ('1 teaspoon', 'baking powder'), ('0.25 cup', 'butter'), ('1 tablespoon', 'golden syrup'), ('1 teaspoon', 'vanilla'), ('0.25 cup', 'coconut')]"
Lahmacun Turkish Pizza,"[('1 yellow', 'onion'), ('0.5 cup chopped fresh', 'parsley'), ('0.5 cup', 'green bell pepper'), ('0.5 cup', 'red bell pepper'), ('3 tablespoons chopped fresh', 'basil'), ('2 tablespoons chopped fresh', 'mint'), ('0.5', 'lemon'), ('4 teaspoons', 'olive oil'), ('1 teaspoon chopped', 'garlic'), ('0.5 teaspoon', 'paprika'), ('0.5 teaspoon ground', 'coriander seed'), ('0.5 teaspoon ground', 'cumin'), ('4', 'roma tomatoes'), ('1 pound', 'lamb'), ('6 tablespoons double concentrated', 'tomato paste'), ('to taste', 'cayenne pepper'), ('to taste', 'salt'), ('3.25 teaspoons', 'active dry yeast'), ('0.5 teaspoon', 'white sugar'), ('1 cup warm', 'water'), ('5 cups', 'all-purpose flour'), ('2 teaspoons', 'salt'), ('0.5 cup', 'water'), ('0.25 cup', 'vegetable oil'), ('1 cup', 'yogurt'), ('0.5 teaspoon chopped fresh', 'parsley'), ('0.25 teaspoon crushed', 'garlic'), ('salt and ground black pepper to taste', ''), ('1 cup shredded', 'green cabbage'), ('1 cup shredded', 'red cabbage')]"
Dragon Fruit Shake,"[('1', 'dragon fruit'), ('2', 'tangerines'), ('1', 'lime'), ('4 leaves', 'basil'), ('2 tablespoons', 'brown sugar'), ('1 cup', 'sparkling mineral water'), ('1 cup crushed', 'ice')]"
Telur Balado (Spicy Chile Sauce with Eggs),"[('1 cup', 'vegetable oil'), ('6 hard-boiled', 'eggs'), ('6', 'red chile peppers'), ('4 cloves', 'garlic'), ('4 medium', 'shallots'), ('2', 'tomatoes'), ('1 teaspoon', 'shrimp paste'), ('1.5 tablespoons', 'peanut oil'), ('1 tablespoon', 'vegetable oil'), ('1 teaspoon', 'white vinegar'), ('1 teaspoon', 'sugar'), ('to taste', 'salt and pepper')]"
Beef Stifado in the Slow Cooker,"[('3 tablespoons', 'olive oil'), ('2 pounds cubed', 'beef stew meat'), ('1 large', 'onion'), ('2 cloves', 'garlic'), ('1 (14.5 ounce) can', 'tomatoes'), ('1 (3 inch)', 'cinnamon stick'), ('2 large', 'bay leaves'), ('1 sprig', 'rosemary'), ('1 teaspoon ground', 'nutmeg'), ('0.063 teaspoon', 'black pepper'), ('to taste', 'salt'), ('1 cup', 'red wine'), ('2 tablespoons', 'vinegar'), ('2 tablespoons', 'ketchup'), ('1 pound', 'shallots')]"
Easter White Borscht,"[('9 cups', 'water'), ('3 pounds', 'kielbasa sausage'), ('2 cloves', 'garlic'), ('3 tablespoons', 'butter'), ('2', 'leeks'), ('1 medium', 'white onion'), ('3 cloves', 'garlic'), ('2 large', 'bay leaves'), ('1.5 cups', 'sour cream'), ('0.25 cup', 'all-purpose flour'), ('0.25 cup chopped fresh', 'dill'), ('2 tablespoons', 'white vinegar'), ('salt and ground black pepper to taste', ''), ('4 large', 'eggs')]"
Cuban-Style Picadillo,"[('2', 'potatoes'), ('to taste', 'salt'), ('2 tablespoons', 'olive oil'), ('1', 'onion'), ('1', 'green bell pepper'), ('2 teaspoons', 'garlic'), ('1.5 pounds', 'ground beef'), ('2 cups dry', 'red wine'), ('1 (15 ounce) can', 'tomato sauce'), ('0.66666668653488 cup', 'pimiento-stuffed green olives'), ('0.5 cup', 'capers'), ('0.25 cup', 'golden raisins'), ('1 teaspoon ground', 'cumin'), ('1 pinch', 'oregano'), ('0.25 teaspoon', 'black pepper'), ('0.25 teaspoon', 'salt'), ('1 teaspoon', 'olive oil')]"
Tourtière (French Canadian Meat Pie),"[('1 large', 'potato'), ('1.5 pounds', 'pork'), ('1 large', 'onion'), ('0.5 teaspoon', 'salt'), ('0.5 teaspoon ground', 'black pepper'), ('0.5 teaspoon ground', 'cinnamon'), ('0.25 teaspoon ground', 'cloves'), ('1 pinch', 'allspice'), ('0.5 cup', 'water'), ('1 (14.1 ounce) package', 'double-crust pie pastry'), ('1 large', 'egg'), ('0.25 teaspoon', 'paprika')]"
Empanada Filling,"[('2 tablespoons', 'all-purpose flour'), ('1 cup', 'water'), ('3 tablespoons', 'olive oil'), ('1 large', 'onion'), ('1 pound', 'beef'), ('12 pitted', 'kalamata olives'), ('0.5 teaspoon ground', 'cumin'), ('0.5 teaspoon', 'paprika'), ('0.5 cup', 'raisins'), ('3 hard-cooked', 'eggs'), ('salt and ground black pepper to taste', '')]"
Cuban Ropa Vieja,"[('1 tablespoon', 'vegetable oil'), ('2 pounds', 'beef flank steak'), ('1 cup', 'beef broth'), ('1 (8 ounce) can', 'tomato sauce'), ('1 (6 ounce) can', 'tomato paste'), ('1', 'green bell pepper'), ('1 small', 'onion'), ('2 cloves', 'garlic'), ('1 teaspoon ground', 'cumin'), ('1 teaspoon chopped fresh', 'cilantro'), ('1 tablespoon', 'olive oil'), ('1 tablespoon', 'white vinegar')]"
Korean Doenjang-Jjigae (Soybean Paste Soup),"[('3 cups', 'vegetable stock'), ('3 cups', 'water'), ('2 cloves', 'garlic'), ('2 tablespoons', 'Korean soy bean paste'), ('0.5 (16 ounce) package', 'tofu'), ('4', 'green onions'), ('1', 'zucchini'), ('1', 'jalapeno pepper')]"
Date Loaf Cake,"[('1 cup', 'dates'), ('1 cup', 'dark brown sugar'), ('0.25 cup', 'margarine'), ('1 cup', 'water'), ('1.75 cups', 'self-rising flour'), ('1 teaspoon', 'baking soda'), ('2 teaspoons', 'vanilla extract')]"
Mild Coconut Tofu Curry,"[('4 slices', 'ginger root'), ('4 cloves', 'garlic'), ('0.25 cup', 'cashews'), ('2 stalks', 'lemon grass'), ('2', 'onions'), ('3 tablespoons', 'olive oil'), ('1 dash', 'red pepper flakes'), ('2 tablespoons', 'curry powder'), ('2.5 cups cubed', 'firm tofu'), ('1 (14 ounce) can', 'coconut milk'), ('14 fluid ounces', 'water'), ('2 medium', 'potatoes'), ('2 teaspoons', 'salt'), ('1 tablespoon', 'sugar')]"
Chimichurri Marinade,"[('2 bunches', 'parsley'), ('6 cloves', 'garlic'), ('1', 'shallot'), ('4 tablespoons', 'red wine vinegar'), ('4', 'anchovy fillets'), ('salt and ground black pepper to taste', ''), ('1 cup', 'olive oil')]"
Aji de Gallina,"[('2 pounds', 'chicken breast halves'), ('1', 'onion'), ('2', 'carrots'), ('2 cloves', 'garlic'), ('2 quarts', 'water'), ('1 loaf', 'white bread'), ('1 (12 fluid ounce) can', 'evaporated milk'), ('0.5 cup grated', 'Parmesan cheese'), ('0.25 cup', 'walnut pieces'), ('1 teaspoon', 'vegetable oil'), ('2 cloves', 'garlic'), ('1', 'onion'), ('2 teaspoons', 'aji amarillo chile paste'), ('2 teaspoons ground', 'turmeric'), ('4 hard-cooked', 'eggs'), ('0.25 cup', 'kalamata olives')]"
Easy Chinese Corn Soup,"[('1 (15 ounce) can', 'corn'), ('1 (14.5 ounce) can low-sodium', 'chicken broth'), ('1 tablespoon', 'cornstarch'), ('2 tablespoons', 'water'), ('1 large', 'egg')]"
Spanish Cod,"[('1 tablespoon', 'butter'), ('1 tablespoon', 'olive oil'), ('0.25 cup finely chopped', 'onion'), ('2 tablespoons chopped fresh', 'garlic'), ('1 cup', 'tomato sauce'), ('15', 'cherry tomatoes'), ('0.5 cup chopped', 'green olives'), ('0.25 cup', 'Italian vegetable salad'), ('1 dash', 'black pepper'), ('1 dash', 'cayenne pepper'), ('1 dash', 'paprika'), ('6 (4 ounce) fillets', 'cod')]"
Jägerschnitzel,"[('1', 'egg'), ('1 cup', 'bread crumbs'), ('1 tablespoon', 'all-purpose flour'), ('to taste', 'salt and pepper'), ('4', 'pork steaks or cutlets'), ('2 tablespoons', 'vegetable oil'), ('1 medium', 'onion'), ('1 (8 ounce) can', 'mushrooms'), ('1.5 cups', 'water'), ('1 cube', 'beef bouillon'), ('0.5 cup', 'sour cream'), ('1 tablespoon', 'cornstarch')]"
Classic Beef Stroganoff in a Slow Cooker,"[('1 pound', 'beef top round steak'), ('1 (8 ounce) package sliced', 'mushrooms'), ('1 cup chopped', 'onion'), ('2 tablespoons', 'Dijon mustard'), ('2 tablespoons chopped fresh', 'parsley'), ('3 cloves', 'garlic'), ('0.5 teaspoon', 'salt'), ('0.5 teaspoon', 'dill'), ('0.5 teaspoon freshly ground', 'black pepper'), ('0.33333334326744 cup', 'all-purpose flour'), ('1 cup fat-free reduced-sodium', 'beef broth'), ('1 (8 ounce) container reduced-fat', 'sour cream'), ('2 cups hot cooked', 'egg noodles')]"
Malaysian Lady Fingers (Okra),"[('1 tablespoon', 'vegetable oil'), ('5 cloves', 'garlic'), ('10', 'shrimp'), ('10 fresh', 'okra pods'), ('5 fresh red', 'chili peppers'), ('1 teaspoon', 'belacan'), ('2 tablespoons', 'water'), ('2 teaspoons', 'light soy sauce')]"
Wonton Soup,"[('0.5 pound', 'pork loin'), ('2 ounces peeled', 'shrimp'), ('1 tablespoon', 'Chinese rice wine'), ('1 tablespoon', 'soy sauce'), ('1 teaspoon', 'brown sugar'), ('1 teaspoon finely chopped', 'green onions'), ('1 teaspoon chopped fresh', 'ginger root'), ('24 (3.5 inch square)', 'wonton wrappers'), ('3 cups', 'chicken stock'), ('2 tablespoons finely chopped', 'green onions')]"
Kheer (Rice Pudding),"[('2 cups', 'coconut milk'), ('2 cups', 'milk'), ('3 tablespoons', 'sugar'), ('0.5 cup', 'basmati rice'), ('0.25 cup', 'raisins'), ('0.5 teaspoon ground', 'cardamom'), ('0.5 teaspoon', 'rose water'), ('0.25 cup', 'almonds'), ('0.25 cup chopped', 'pistachio nuts')]"
Kecap Manis (Sweet Soy Sauce),"[('2.5 cups', 'white sugar'), ('3 cups', 'dark soy sauce'), ('0.5 cup', 'water'), ('0.5', 'star anise pod'), ('2 fresh', 'curry leaves'), ('1 (1 inch) piece', 'ginger root'), ('4 cloves', 'garlic')]"
Chicken Makhani (Indian Butter Chicken),"[('2 tablespoons', 'peanut oil'), ('1', 'shallot'), ('0.25', 'white onion'), ('2 tablespoons', 'butter'), ('1 tablespoon', 'ginger garlic paste'), ('2 teaspoons', 'lemon juice'), ('2 teaspoons', 'garam masala'), ('1 teaspoon', 'chili powder'), ('1 teaspoon ground', 'cumin'), ('1', 'bay leaf'), ('1 cup', 'tomato puree'), ('1 cup', 'half-and-half'), ('0.25 cup', 'yogurt'), ('1 pinch', 'salt'), ('1 pound', 'chicken thighs'), ('0.25 teaspoon', 'cayenne pepper'), ('1 tablespoon', 'cornstarch'), ('0.25 cup', 'water')]"
Spanish Rice and Shrimp,"[('2 cups', 'water'), ('1 (7 ounce) box', 'Spanish yellow rice mix'), ('3 tablespoons', 'olive oil'), ('0.5 cup diced', 'onion'), ('1 pound', 'shrimp'), ('1', 'green bell pepper'), ('1', 'red bell pepper'), ('1 tablespoon', 'seafood seasoning'), ('0.5 cup fresh', 'parsley')]"
Korean Spicy Marinated Pork (Dae Ji Bool Gogi),"[('0.25 cup', 'rice wine vinegar'), ('2 tablespoons', 'soy sauce'), ('0.5 cup', 'gochujang'), ('3 tablespoons minced', 'garlic'), ('3 tablespoons minced', 'ginger root'), ('2 tablespoons', 'red pepper flakes'), ('0.5 teaspoon', 'black pepper'), ('3 tablespoons', 'sugar'), ('3', 'green onions'), ('0.5', 'yellow onion'), ('1 (2 pound)', 'pork loin'), ('0.25 cup', 'canola oil')]"
Best Ever New Zealand Pavlova,"[('3', 'egg whites'), ('1.25 cups', 'white sugar'), ('2 tablespoons', 'water'), ('3 teaspoons', 'cornstarch'), ('0.5 teaspoon', 'vanilla extract'), ('1 teaspoon', 'distilled white vinegar'), ('0.125 teaspoon', 'salt')]"
My Chicken Pho Recipe,"[('4 ounces dry', 'Chinese egg noodles'), ('6 cups', 'chicken stock'), ('2 tablespoons', 'fish sauce'), ('4 cloves', 'garlic'), ('2 teaspoons minced', 'ginger root'), ('1 tablespoon minced', 'lemon grass'), ('5', 'green onions'), ('2 cups cubed cooked', 'chicken'), ('1 cup', 'bean sprouts'), ('1 cup chopped', 'bok choy')]"
Sherry Chicken Curry,"[('2 tablespoons', 'vegetable oil'), ('4', 'chicken breast halves'), ('0.5 cup', 'cornstarch'), ('3 cloves', 'garlic'), ('1 large', 'onion'), ('to taste', 'salt and pepper'), ('0.5 cup', 'cooking sherry'), ('2 cubes', 'beef bouillon'), ('0.5 cup', 'peanut butter'), ('3 tablespoons', 'curry powder'), ('water to', 'cover'), ('0.5 teaspoon ground', 'ginger'), ('1 cup', 'coconut milk')]"
Sop Buntut (Indonesian Oxtail Soup),"[('4', 'shallots'), ('1 large', 'onion'), ('1 (2 inch) piece', 'ginger'), ('5 cloves', 'garlic'), ('3 tablespoons', 'canola oil'), ('6 whole', 'cloves'), ('0.5 teaspoon', 'nutmeg'), ('0.25 teaspoon ground', 'cinnamon'), ('4 pounds', 'oxtail'), ('3 stalks', 'celery'), ('2 large', 'carrots'), ('4 cups', 'water'), ('3', 'waxy potatoes'), ('3 large', 'carrots'), ('2 teaspoons', 'salt'), ('0.5 teaspoon ground', 'black pepper'), ('2 tablespoons', 'white sugar'), ('2 tablespoons', 'fish sauce'), ('3 ripe', 'roma tomatoes'), ('1 (2.8 ounce) can', 'French-fried onions')]"
The Rebbetzin Chef&#39;s Persian Walnut Cookies,"[('1.5 cups finely ground', 'walnuts'), ('0.75 cup', 'white sugar'), ('4 large', 'egg yolks'), ('1 tablespoon ground', 'cardamom'), ('1 teaspoon', 'baking soda'), ('1 tablespoon', 'rose water'), ('1 teaspoon', 'water'), ('0.5 cup', 'walnut pieces')]"
Chinese Spareribs,"[('3 tablespoons', 'hoisin sauce'), ('1 tablespoon', 'ketchup'), ('1 tablespoon', 'honey'), ('1 tablespoon', 'soy sauce'), ('1 tablespoon', 'sake'), ('1 teaspoon', 'rice vinegar'), ('1 teaspoon', 'lemon juice'), ('1 teaspoon grated', 'ginger'), ('0.5 teaspoon grated', 'garlic'), ('0.25 teaspoon', 'Chinese five-spice powder'), ('1 pound', 'pork spareribs')]"
Colombian Arepas,"[('1 cup warm', 'water'), ('1 cup pre-cooked', 'white cornmeal'), ('1 cup shredded', 'mozzarella cheese'), ('1 tablespoon', 'butter'), ('0.5 teaspoon', 'salt'), ('cooking', 'spray')]"
Mom&#39;s Nova Scotia Seafood Chowder,"[('2 large', 'onions'), ('3', 'carrots'), ('7', 'potatoes'), ('1 pound', 'salmon'), ('1 pound', 'cod'), ('1 pound', 'scallops'), ('1 pound', 'shrimp'), ('6 ounces cooked', 'lobster meat'), ('1 (6 ounce) can', 'crabmeat'), ('2 (6.5 ounce) cans', 'clams'), ('4.25 cups', 'heavy whipping cream'), ('2 cups', 'half-and-half'), ('1.5 cups', 'butter'), ('salt and ground black pepper to taste', '')]"
Colombian Ahuyama Soup,"[('2 tablespoons', 'butter'), ('1', 'onion'), ('2 cloves', 'garlic'), ('0.5 teaspoon', 'curry powder'), ('0.25 teaspoon', 'red pepper flakes'), ('4.5 quarts', 'chicken broth'), ('2.5 pounds', 'butternut squash'), ('0.25 teaspoon ground', 'nutmeg'), ('1 teaspoon', 'Worcestershire sauce'), ('1 tablespoon', 'peanut butter'), ('0.5 cup', 'light cream'), ('0.25 cup chopped fresh', 'parsley')]"
Bob&#39;s Stuffed Banana Peppers,"[('8', 'banana peppers'), ('2 tablespoons', 'butter'), ('0.5 cup chopped', 'onion'), ('0.5 cup chopped', 'celery'), ('1 (28 ounce) can', 'tomatoes'), ('1 (8 ounce) can', 'tomato sauce'), ('2 cloves', 'garlic'), ('2.5 teaspoons', 'salt'), ('1 teaspoon dried', 'basil'), ('1 teaspoon dried', 'oregano'), ('0.5 teaspoon', 'black pepper'), ('0.5 cup grated', 'Parmesan cheese'), ('1 large', 'egg'), ('1 teaspoon', 'Worcestershire sauce'), ('1 pound', 'hot Italian sausage'), ('1 pound', 'mild Italian sausage'), ('1.5 cups', 'bread crumbs')]"
Easy Mochi,"[('1 cup sweetened', 'red bean paste'), ('1 cup', 'glutinous rice flour'), ('1 teaspoon', 'green tea powder'), ('1 cup', 'water'), ('0.25 cup', 'sugar'), ('0.5 cup', 'cornstarch')]"
How to Make Bordelaise Sauce,"[('1 teaspoon', 'butter'), ('4 large', 'shallots'), ('1 pinch', 'salt'), ('1 cup', 'red wine'), ('2 cups', 'veal stock'), ('salt and freshly ground black pepper to taste', '')]"
Swedish Pickled Cucumbers,"[('2', 'cucumbers'), ('0.5 cup', 'white vinegar'), ('3 tablespoons', 'sugar'), ('2 tablespoons', 'water'), ('0.25 teaspoon', 'salt'), ('2 tablespoons minced', 'parsley')]"
Norwegian Christmas Cabbage,"[('8 slices', 'bacon'), ('1 large head', 'cabbage'), ('0.25 cup', 'all-purpose flour'), ('1 tablespoon', 'caraway seed'), ('1 pinch', 'salt and pepper'), ('0.5 cup', 'white vinegar'), ('0.5 cup', 'sugar')]"
Brazilian Coffee Cookies,"[('2 cups', 'all-purpose flour'), ('2 tablespoons', 'instant coffee powder'), ('0.5 teaspoon', 'salt'), ('0.25 teaspoon', 'baking soda'), ('0.25 teaspoon', 'baking powder'), ('0.5 cup packed', 'brown sugar'), ('0.5 cup', 'sugar'), ('0.33333334326744 cup', 'shortening'), ('1 large', 'egg'), ('1 tablespoon', 'milk'), ('1.5 teaspoons', 'vanilla extract')]"
Klupskies (Polish Burgers),"[('1 pound', 'beef'), ('1 small', 'onion'), ('0.5', 'green pepper'), ('1', 'egg'), ('2 tablespoons', 'ketchup'), ('0.25 teaspoon', 'sea salt'), ('2 slices', 'white bread'), ('cooking spray with', 'olive oil')]"
Tzatziki Sauce,"[('2 medium', 'cucumbers'), ('1 (16 ounce) container', 'Greek yogurt'), ('3 cloves', 'garlic'), ('2 tablespoons', 'olive oil'), ('1 tablespoon chopped fresh', 'dill'), ('0.5 medium', 'lemon'), ('salt and ground black pepper to taste', '')]"
Fabada,"[('1 pound dried', 'Asturian fabada beans or lima beans'), ('0.25 pound', 'salt pork'), ('10 cups', 'water'), ('0.5 teaspoon crushed', 'saffron'), ('8 ounces', 'serrano ham'), ('8 ounces', 'Spanish chorizo sausage'), ('8 ounces', 'morcilla sausage or blood sausage'), ('1', 'bay leaf')]"
Ghormeh Sabzi (Persian Herb Stew),"[('0.25 cup', 'canola oil'), ('1 large', 'yellow onion'), ('1 teaspoon ground', 'turmeric'), ('1.5 pounds', 'boneless chuck roast'), ('1.5 cups finely chopped', 'spinach'), ('1 cup finely chopped', 'green onions'), ('0.5 cup finely chopped', 'Italian flat-leaf parsley'), ('0.25 cup finely chopped', 'cilantro'), ('0.25 cup finely chopped', 'chives'), ('0.25 cup finely chopped', 'fenugreek leaves'), ('1.5 cups', 'water'), ('salt and ground black pepper to taste', ''), ('1', 'lemon'), ('4 dried', 'Persian limes'), ('1 (15 ounce) can', 'red kidney beans')]"
Sizzling Sherry Shrimp with Garlic,"[('0.25 cup', 'olive oil'), ('4 cloves', 'garlic'), ('1 teaspoon crushed', 'red pepper flakes'), ('1 teaspoon', 'paprika'), ('1 pound', 'shrimp'), ('2 tablespoons', 'sherry'), ('salt and freshly ground black pepper to taste', ''), ('2 tablespoons chopped', 'Italian flat leaf parsley')]"
Authentic Chimichurri,"[('1 cup fresh', 'parsley'), ('0.5 cup extra-virgin', 'olive oil'), ('2 tablespoons fresh', 'oregano'), ('2 tablespoons', 'red wine vinegar'), ('1 tablespoon', 'water'), ('1', 'jalapeno chile pepper'), ('2 cloves', 'garlic'), ('0.5 teaspoon', 'salt'), ('0.5 teaspoon ground', 'black pepper')]"
Runaway Bay Jamaican Chicken,"[('1 large', 'red onion'), ('3 cloves', 'garlic'), ('1', 'habanero pepper'), ('1 tablespoon', 'ginger root'), ('0.25 cup', 'olive oil'), ('0.25 cup', 'brown sugar'), ('3 tablespoons', 'red wine vinegar'), ('3 tablespoons', 'orange juice concentrate'), ('1 teaspoon', 'soy sauce'), ('2 teaspoons', 'cinnamon'), ('0.5 teaspoon ground', 'nutmeg'), ('0.25 teaspoon ground', 'cloves'), ('0.5 cup chopped', 'cilantro'), ('0.5 teaspoon', 'salt'), ('6 skinless, boneless', 'chicken breast halves')]"
Coconut (Haupia) and Chocolate Pie,"[('1 (9 inch) unbaked', 'pie crust'), ('1 (14 ounce) can', 'coconut milk'), ('1 cup', 'milk'), ('1 cup', 'sugar'), ('1 cup', 'water'), ('0.5 cup', 'cornstarch'), ('1.25 cups', 'semi-sweet chocolate chips'), ('1.5 cups', 'heavy cream'), ('0.25 cup', 'sugar')]"
Northern Ontario Partridge (Ruffed Grouse),"[('4 boneless', 'partridge breast halves'), ('8 slices', 'bacon'), ('1 cup', 'chicken broth'), (None, 'toothpicks'), ('1 cup', 'white wine'), ('2', 'shallots'), ('4 cloves', 'garlic'), ('1 teaspoon', 'salt'), ('freshly ground to taste', 'black pepper'), ('3 tablespoons', 'all-purpose flour')]"
Finnish Meatballs (Lihapyorykoita),"[('1 pound', 'ground beef'), ('1 cup', 'bread crumbs'), ('1 yellow', 'onion'), ('1', 'egg'), ('0.5 cup', 'whipping cream'), ('2 teaspoons', 'salt'), ('1 teaspoon ground', 'allspice'), ('0.25 cup', 'butter'), ('2 tablespoons', 'all-purpose flour'), ('2 cups', 'milk'), ('0.5 cup', 'whipping cream')]"
Vietnamese Beef Pho,"[('4 quarts', 'beef broth'), ('1 large', 'onion'), ('6 slices', 'ginger root'), ('1', 'lemon grass'), ('1', 'cinnamon stick'), ('1 teaspoon whole', 'black peppercorns'), ('0.5 pound', 'bean sprouts'), ('1 cup fresh', 'basil leaves'), ('1 cup fresh', 'mint leaves'), ('1 cup loosely packed', 'cilantro leaves'), ('3 fresh', 'jalapeno peppers'), ('2', 'limes'), ('2 (8 ounce) packages', 'rice noodles'), ('1 pound', 'sirloin tip'), ('3 tablespoons', 'fish sauce'), ('0.5 tablespoon', 'hoisin sauce'), ('1 dash', 'hot pepper sauce')]"
Eel Sauce,"[('0.5 cup', 'soy sauce'), ('0.5 cup', 'sugar'), ('0.5 cup', 'mirin')]"
Russian Mushroom and Potato Soup,"[('5 tablespoons', 'butter'), ('2', 'leeks'), ('2 large', 'carrots'), ('6 cups', 'chicken broth'), ('2 teaspoons dried', 'dill weed'), ('2 teaspoons', 'salt'), ('0.125 teaspoon ground', 'black pepper'), ('1', 'bay leaf'), ('2 pounds', 'potatoes'), ('1 pound', 'mushrooms'), ('1 cup', 'half-and-half'), ('0.25 cup', 'all-purpose flour'), ('1 sprig', 'dill weed')]"
Savory Saffron Chicken Polow,"[('5.3333334922791 cups', 'water'), ('6.5 tablespoons', 'olive oil'), ('16 ounces', 'yellow saffron rice'), ('2 yellow', 'onions'), ('1 clove', 'garlic'), ('2 pounds', 'chicken breast'), ('2 cups', 'chicken broth'), ('2 (16 ounce) cans', 'chickpeas'), ('4 ounces', 'raisins'), ('1 tablespoon', 'paprika')]"
Shakshuka,"[('3 tablespoons', 'olive oil'), ('1.3333333730698 cups chopped', 'onion'), ('1 cup thinly sliced', 'bell peppers'), ('2 cloves', 'garlic'), ('2.5 cups chopped', 'tomatoes'), ('1', 'hot chile pepper'), ('1 teaspoon ground', 'cumin'), ('1 teaspoon', 'paprika'), ('1 teaspoon', 'salt'), ('4 large', 'eggs')]"
Persian Rice with Potato Tahdig,"[('2 cups', 'basmati rice'), ('1 teaspoon', 'salt'), ('2 tablespoons', 'cooking oil'), ('1', 'potato')]"
Quince Paste,"[('4.5 pounds ripe', 'quinces'), ('5.5 cups', 'white sugar'), ('water to', 'cover')]"
Chilean-Style Sopaipillas,"[('9 ounces', 'zapallo squash'), ('4.25 cups', 'all-purpose flour'), ('1 teaspoon', 'baking soda'), ('1 teaspoon', 'salt'), ('10 tablespoons', 'butter'), ('2 cups', 'canola oil')]"
Tender Juicy Skirt Steak (Churrasco),"[('3 cloves', 'garlic'), ('2 tablespoons', 'balsamic vinegar'), ('2 tablespoons', 'grill seasoning'), ('2 tablespoons chopped fresh', 'oregano'), ('salt and ground black pepper to taste', ''), ('1 pound', 'skirt steak'), ('2 tablespoons', 'olive oil'), ('0.25 cup', 'water'), ('1', 'onion'), ('1 (8 ounce) can', 'mushrooms')]"
Persian Saffron Chicken,"[('1 teaspoon', 'saffron'), ('3 tablespoons', 'water'), ('1.5 pounds', 'chicken thighs'), ('2 teaspoons', 'kosher salt'), ('freshly cracked to taste', 'black pepper'), ('1 tablespoon', 'vegetable oil'), ('1', 'yellow onion'), ('4 cloves', 'garlic'), ('1 tablespoon', 'curry powder'), ('1.5 cups', 'chicken stock')]"
Nada&#39;s Baba Cake,"[('4', 'eggs'), ('3 tablespoons', 'vegetable oil'), ('1.5 cups', 'sugar'), ('1 teaspoon', 'vanilla sugar'), ('1.5 cups', 'self-rising flour'), ('1 tablespoon', 'cocoa powder')]"
Pan De Sal I,"[('2 cups warm', 'water'), ('2 teaspoons', 'active dry yeast'), ('0.33333334326744 cup', 'white sugar'), ('0.25 cup', 'vegetable oil'), ('1.5 teaspoons', 'salt'), ('6 cups', 'all-purpose flour')]"
Spicy Sambal Shrimp,"[('1 pound large frozen', 'shrimp'), ('0.5 cup', 'butter'), ('3 cloves', 'garlic'), ('0.5', 'lemon'), ('1.5 teaspoons', 'butter'), ('0.75 cup chopped', 'onion'), ('0.5 cup', 'sambal oelek'), ('3 cups', 'water'), ('3 cups', 'sushi rice'), ('0.5 bunch', 'green onions')]"
Chicken Curry III,"[('3 cloves', 'garlic'), ('3 small', 'onions'), ('1 slice', 'ginger root'), ('5 tablespoons', 'curry powder'), ('5 tablespoons', 'water'), ('2 tablespoons', 'olive oil'), ('1 cup', 'yogurt'), ('1 cup', 'coconut milk'), ('1 cup', 'milk'), ('1 cup', 'water'), ('2 large', 'potatoes'), ('1 (4 pound) whole', 'chicken'), ('to taste', 'salt')]"
Daddy&#39;s Shrimp Toast,"[('1 pound', 'shrimp'), ('0.5 medium', 'yellow onion'), ('0.5 cup finely chopped', 'water chestnuts'), ('0.5 cup finely chopped', 'celery'), ('1', 'green onion'), ('0.5 cup cooked', 'crabmeat'), ('1 large', 'egg'), ('1.5 tablespoons chopped fresh', 'parsley'), ('1 teaspoon', 'sesame oil'), ('1 teaspoon minced', 'garlic'), ('5 drops', 'soy sauce'), ('salt and ground black pepper to taste', ''), ('0.25 cup', 'soy sauce'), ('3 tablespoons chopped fresh', 'parsley'), ('1 tablespoon', 'water'), ('1 teaspoon', 'sesame oil'), ('1 teaspoon', 'white sugar'), ('0.25 teaspoon', 'garlic powder'), ('2 cups', 'oil'), ('8 thick slices', 'white bread')]"
Kropsua (Finnish Pancake),"[('0.5 cup', 'butter'), ('2 cups', 'milk'), ('1 cup', 'all-purpose flour'), ('2', 'eggs'), ('2 tablespoons', 'white sugar'), ('0.5 teaspoon', 'salt')]"
Torsk (Scandinavian Cod),"[('6 cups', 'water'), ('1 cup', 'white sugar'), ('2 tablespoons', 'salt'), ('6 (6 ounce) fillets', 'cod'), ('1.5 cups', 'butter'), ('1 dash', 'paprika')]"
Green Beans in Seasoned Tomato Sauce,"[('2 tablespoons', 'olive oil'), ('1', 'onion'), ('3 tablespoons chopped', 'garlic'), ('to taste', 'salt'), ('1 (28 ounce) can', 'tomatoes'), ('1 (12 ounce) bag', 'green beans'), ('1 teaspoon', 'sugar'), ('0.125 teaspoon ground', 'cinnamon')]"
Kokub&#39;s Mango Chutney from Pakistan,"[('4 green', 'mangoes'), ('3 cloves', 'garlic'), ('1 (1 inch) piece', 'ginger root'), ('2.5 cups', 'white sugar'), ('1 teaspoon', 'salt'), ('1 teaspoon', 'cumin seed'), ('0.5 teaspoon', 'red pepper flakes'), ('5 whole', 'cloves'), ('4', 'cardamom seeds'), ('2', 'cardamom pods'), ('1 (3 inch)', 'cinnamon stick'), ('1 cup', 'distilled white vinegar'), ('5', 'black peppercorns')]"
Fried Empanadas,"[('4.5 cups', 'all-purpose flour'), ('1.5 teaspoons', 'salt'), ('0.5 cup', 'shortening'), ('1.25 cups', 'water'), ('2 tablespoons', 'olive oil'), ('1 small', 'onion'), ('1.5 pounds', 'ground beef'), ('2 tablespoons', 'paprika'), ('1 tablespoon', 'cumin'), ('0.5 teaspoon ground', 'black pepper'), ('1 pinch', 'salt'), ('0.5 cup', 'raisins'), ('1 tablespoon', 'white vinegar'), ('2 large', 'eggs'), ('1 quart', 'oil')]"
Vietnamese Chicken Salad,"[('1 tablespoon finely chopped', 'green chile peppers'), ('1 tablespoon', 'rice vinegar'), ('2 tablespoons fresh', 'lime juice'), ('3 tablespoons', 'Asian fish sauce'), ('3 cloves', 'garlic'), ('1 tablespoon', 'sugar'), ('1 tablespoon', 'sesame oil'), ('2 tablespoons', 'vegetable oil'), ('1 teaspoon', 'black pepper'), ('2 cooked skinless boneless', 'chicken breast halves'), ('0.5 head', 'cabbage'), ('1', 'carrot'), ('0.33333334326744', 'onion'), ('0.33333334326744 cup finely chopped dry roasted', 'peanuts'), ('0.33333334326744 cup chopped fresh', 'cilantro')]"
Simple Swedish Pancakes,"[('2 cups', 'milk'), ('3', 'eggs'), ('0.75 cup', 'all-purpose flour'), ('2 tablespoons', 'all-purpose flour'), ('1 tablespoon', 'sugar'), ('1 dash', 'salt'), ('1 dash', 'nutmeg')]"
Paksiw na Pata (Pig&#39;s Feet Stew),"[('3.25 pounds', ""pig's feet""), ('1.5 cups', 'vinegar'), ('1.5 cups', 'water'), ('0.33333334326744 cup', 'soy sauce'), ('1', 'onion'), ('2 cloves', 'garlic'), ('1 tablespoon', 'black peppercorns'), ('1 tablespoon', 'sugar'), ('3', 'bay leaves'), ('to taste', 'salt')]"
Spicy Vietnamese Quick-Pickled Vegetables,"[('2 cups', 'water'), ('1.5 cups', 'rice vinegar'), ('2 tablespoons', 'white sugar'), ('2 teaspoons', 'salt'), ('0.5 pound', 'carrots'), ('0.5 pound', 'purple daikon radish'), ('0.5 pound', 'English cucumbers'), ('2 medium', 'jalapeno peppers')]"
Miso and Soy Chilean Sea Bass,"[('0.33333334326744 cup', 'sake'), ('0.33333334326744 cup', 'mirin'), ('0.33333334326744 cup', 'miso paste'), ('0.25 cup packed', 'brown sugar'), ('3 tablespoons', 'soy sauce'), ('4 (4 ounce) fillets', 'sea bass'), ('2 tablespoons chopped', 'green onion')]"
Portuguese Braised Chicken,"[('2 tablespoons', 'olive oil'), ('8 ounces', 'linguica sausage'), ('1', 'onion'), ('1', 'green bell pepper'), ('4 pounds', 'chicken parts'), ('1.5 teaspoons chopped fresh', 'oregano'), ('0.25 teaspoon chopped fresh', 'basil'), ('1 teaspoon', 'kosher salt'), ('0.5 teaspoon freshly ground', 'black pepper'), ('1 cup', 'dry white wine'), ('1 cup', 'chicken broth'), ('2', 'bay leaves'), ('0.25 teaspoon', 'red pepper flakes'), ('1', 'orange')]"
Stewed Cabbage,"[('0.25 cup', 'butter'), ('2', 'onions'), ('1 stalk', 'celery'), ('2 cloves', 'garlic'), ('1 medium head', 'cabbage'), ('1 (14.5 ounce) can', 'stewed tomatoes'), ('to taste', 'salt and pepper')]"
Virgin Strawberry Daiquiri,"[('0.75 cup chilled', 'lemon-lime soda'), ('0.25 cup', 'sugar'), ('2 large', 'strawberries'), ('1 tablespoon', 'lemon juice'), ('4 cubes', 'ice')]"
Sinigang na Bangus (Filipino Milkfish in Tamarind Broth),"[('5 cups', 'water'), ('2', 'onions'), ('2', 'tomatoes'), ('1 pound', 'milkfish'), ('2 small', 'eggplants'), ('1 cup', 'green beans'), ('2', 'white radishes'), ('5 pods', 'okra'), ('3 small', 'green chile peppers'), ('1 cup', 'watercress'), ('0.5 cup', 'tamarind powder'), ('1 pinch', 'salt')]"
Authentic Seafood Paella,"[('2 tablespoons', 'olive oil'), ('1', 'onion'), ('0.5', 'tomato'), ('1 pinch', 'salt'), ('0.5 tablespoon', 'paprika'), ('6 fresh', 'romano or green beans'), ('0.5 cup', 'butter beans'), ('0.5 cup', 'white rice'), ('6 large', 'shrimp'), ('6', 'mussels'), ('6', 'clams'), ('1 cup', 'white wine'), ('2 cups', 'seafood stock'), ('1 pinch', 'saffron'), ('1 teaspoon finely chopped fresh', 'rosemary'), ('1 cup fresh', 'peas'), ('5 baby', 'squid'), ('1', 'lemon'), ('1 tablespoon chopped fresh', 'flat-leaf parsley')]"
Mamita&#39;s Mojito Scallop Kabobs with Stuffed Tomatoes,"[('1 cup', 'orange juice'), ('0.5 cup', 'lemon juice'), ('1 tablespoon', 'salt'), ('1 tablespoon', 'onion powder'), ('1 tablespoon', 'garlic powder'), ('1 teaspoon', 'black pepper'), ('1 teaspoon', 'sugar'), ('8 large large', 'scallops'), ('2', 'yellow squash'), ('2', 'zucchinis'), ('1 (8 ounce) package', 'portobello mushroom caps'), ('4', 'bamboo skewers'), ('0.5 cup fresh', 'basil'), ('2 large', 'tomatoes'), ('1 (12 ounce) package', 'broccoli in cheese sauce'), ('1.5 cups cooked', 'brown rice'), ('1 slice', 'American cheese')]"
Lobster Thermidor,"[('1 medium', 'lobster'), ('2 tablespoons', 'butter'), ('1', 'shallot'), ('1.375 cups fresh', 'fish stock'), ('0.25 cup', 'white wine'), ('0.25 cup', 'heavy cream'), ('0.5 teaspoon', 'English mustard'), ('2 tablespoons chopped fresh', 'parsley'), ('1 tablespoon', 'lemon juice'), ('salt and freshly ground black pepper to taste', ''), ('0.25 cup freshly grated', 'Parmesan cheese')]"
Baked Cuban Chicken,"[('2 (8 ounce) bone-in', 'chicken breasts'), ('2 bone-in', 'chicken thighs'), ('2', 'chicken drumsticks'), ('1', 'onion'), ('0.75 cup', 'lemon juice'), ('0.25 cup', 'Worcestershire sauce'), ('1.5 tablespoons minced', 'garlic'), ('0.75 teaspoon ground', 'allspice'), ('0.5 teaspoon', 'onion powder'), ('0.25 teaspoon ground', 'cumin'), ('0.25 teaspoon', 'red pepper flakes'), ('1 pinch', 'salt'), ('cooking', 'spray'), ('1 tablespoon', 'vegetable oil')]"
Viennese Crescent Holiday Cookies,"[('2 cups', 'all-purpose flour'), ('1 cup', 'butter'), ('1 cup', 'hazelnuts'), ('0.5 cup sifted', ""confectioners' sugar""), ('0.125 teaspoon', 'salt'), ('1 teaspoon', 'vanilla extract'), ('2 cups sifted', ""confectioners' sugar""), ('1', 'vanilla bean')]"
Sweet Lamb Curry,"[('3 tablespoons', 'all-purpose flour'), ('to taste', 'salt and black pepper'), ('3.5 pounds cubed', 'lamb stew meat'), ('6 tablespoons', 'butter'), ('2 large', 'onion'), ('1 large', 'Granny Smith apple'), ('1 cup', 'chicken stock'), ('0.5 cup', 'raisins'), ('3 tablespoons', 'curry powder'), ('2 tablespoons', 'brown sugar'), ('1 tablespoon', 'lemon juice')]"
Saganaki (Flaming Greek Cheese),"[('1 (4 ounce) package', 'kasseri cheese'), ('1 tablespoon', 'water'), ('0.25 cup', 'all-purpose flour'), ('1 tablespoon', 'olive oil'), ('2 tablespoons', 'brandy'), ('0.5', 'lemon'), ('1 tablespoon freshly chopped', 'Italian parsley')]"
Nana&#39;s Beef Stroganoff,"[('1 tablespoon', 'all-purpose flour'), ('0.5 teaspoon', 'salt'), ('1.5 pounds', 'beef sirloin'), ('2 tablespoons', 'butter'), ('1 cup', 'mushrooms'), ('0.5 cup chopped', 'onion'), ('1 clove', 'garlic'), ('2 tablespoons', 'butter'), ('3 tablespoons', 'all-purpose flour'), ('2 tablespoons', 'tomato paste'), ('1.25 cups chilled', 'beef stock'), ('1 cup', 'sour cream'), ('0.25 cup', 'white wine')]"
Easy Paella,"[('2 tablespoons', 'olive oil'), ('1 tablespoon', 'paprika'), ('2 teaspoons dried', 'oregano'), ('salt and ground black pepper to taste', ''), ('2 pounds', 'chicken breasts'), ('2 tablespoons', 'olive oil'), ('3 cloves', 'garlic'), ('1 teaspoon crushed', 'red pepper flakes'), ('2 cups uncooked', 'short-grain white rice'), ('1 pinch', 'saffron'), ('1 large', 'bay leaf'), ('0.5 bunch', 'Italian flat leaf parsley'), ('1 quart', 'chicken stock'), ('2 medium', 'lemons'), ('2 tablespoons', 'olive oil'), ('1 medium', 'Spanish onion'), ('1 medium', 'red bell pepper'), ('1 pound', 'shrimp'), ('1 pound', 'chorizo sausage')]"
Sekanjabin (Iranian Mint Vinegar Syrup),"[('8 cups', 'orange blossom honey'), ('5 cups', 'water'), ('2 cups', 'white wine vinegar'), ('12 large sprigs', 'mint')]"
Norwegian Butter Sauce (Sandefjordsmor),"[('2', 'lemons'), ('0.5 cup', 'heavy cream'), ('5 tablespoons cold, unsalted', 'butter'), ('to taste', 'salt'), ('to taste', 'cayenne pepper'), ('2 tablespoons chopped fresh', 'Italian parsley')]"
Curried Israeli Couscous,"[('2 tablespoons', 'olive oil'), ('0.25 cup minced', 'onion'), ('2 cubes', 'vegetable bouillon'), ('1 teaspoon', 'curry powder'), ('0.5 teaspoon', 'oregano'), ('2 cups', 'pearl couscous'), ('2.5 cups', 'water')]"
Appeltaart (Dutch Apple Tart),"[('2 cups', 'all-purpose flour'), ('0.75 cup', 'butter'), ('2', 'eggs'), ('0.33333334326744 cup', 'white sugar'), ('1 tablespoon', 'sugar'), ('1 teaspoon ground', 'cinnamon'), ('2 pounds', 'apples'), ('0.5 cup', 'sultana raisins'), ('0.25 cup', 'sugar'), ('1 tablespoon', 'cinnamon')]"
Brazilian-Style Moist Coconut Cake,"[('3 cups', 'all-purpose flour'), ('1 tablespoon', 'baking powder'), ('3', 'egg whites'), ('2.5 cups', 'white sugar'), ('3', 'egg yolks'), ('1 cup', 'orange juice'), ('1.75 cups', 'milk'), ('1 (14 ounce) can', 'coconut milk'), ('1 (14 ounce) can', 'sweetened condensed milk'), ('1 cup', 'coconut')]"
Cretons,"[('1 pound', 'pork'), ('1 cup', 'milk'), ('1', 'onion'), ('chopped', 'garlic'), ('1 pinch', 'cloves'), ('1 pinch', 'allspice'), ('to taste', 'salt and pepper'), ('0.25 cup', 'bread crumbs')]"
Traditional Swedish Pancakes,"[('4', 'eggs'), ('2 cups', 'milk'), ('1 cup', 'all-purpose flour'), ('2 tablespoons', 'white sugar'), ('1 tablespoon', 'vegetable oil'), ('1 teaspoon', 'vanilla extract'), ('1 teaspoon', 'vegetable oil')]"
Malaysian Beef Rendang,"[('0.375 pound', 'shallots'), ('3 cloves', 'garlic'), ('15 dried', 'red chile peppers'), ('5 slices', 'ginger root'), ('5', 'lemon grass'), ('2 teaspoons', 'coriander seeds'), ('2 teaspoons', 'fennel seeds'), ('2 teaspoons', 'cumin seeds'), ('1 pinch', 'nutmeg'), ('1 tablespoon', 'vegetable oil'), ('1.25 pounds', 'beef stew meat'), ('1.5 tablespoons', 'sugar'), ('2 cups shredded', 'coconut'), ('5 whole', 'cloves'), ('1', 'cinnamon stick'), ('1.6666666269302 cups', 'coconut milk'), ('0.875 cup', 'water'), ('to taste', 'salt')]"
Honeycomb with Golden Syrup,"[('1 cup', 'sugar'), ('0.25 cup', 'golden syrup'), ('1 tablespoon', 'baking soda')]"
Fricase de Pollo,"[('1 tablespoon extra-virgin', 'olive oil'), ('0.5 large', 'red bell pepper'), ('0.5 red', 'onion'), ('4 cloves', 'garlic'), ('2 tablespoons', 'tomato paste'), ('2 cups', 'water'), ('6 skinless', 'chicken leg quarters'), ('to taste', 'salt')]"
Dashi Stock (Konbudashi),"[('1 ounce', 'dashi kombu'), ('1 quart', 'water'), ('0.5 cup', 'bonito flakes')]"
Swedish Nut Bars,"[('6', 'eggs'), ('1.5 cups', 'white sugar'), ('3.5 cups finely ground', 'almonds'), ('3 teaspoons', 'almond extract')]"
Chili Relleno Casserole,"[('cooking', 'spray'), ('2 (7 ounce) cans', 'green chile peppers'), ('8 ounces', 'Monterey Jack cheese'), ('8 ounces', 'Longhorn or Cheddar cheese'), ('2 large', 'eggs'), ('1 (5 ounce) can', 'evaporated milk'), ('2 tablespoons', 'all-purpose flour'), ('0.5 cup', 'milk'), ('1 (8 ounce) can', 'tomato sauce')]"
Cornish Finnish Michigan Pasties,"[('4.5 cups', 'all-purpose flour'), ('1 cup', 'shortening'), ('1.25 cups', 'water'), ('1 teaspoon', 'salt'), ('5.5 cups thinly sliced', 'potatoes'), ('2', 'carrots'), ('1', 'onions'), ('0.5 cup diced', 'rutabaga'), ('1.5 pounds', 'ground beef'), ('0.5 pound', 'ground pork'), ('1 tablespoon', 'salt'), ('1 teaspoon ground', 'black pepper'), ('1.5 teaspoons', 'monosodium glutamate'), ('1 cube', 'beef bouillon'), ('0.5 cup hot', 'water')]"
Portuguese Sweet Bread II,"[('1 cup', 'milk'), ('2', 'eggs'), ('2 teaspoons', 'margarine'), ('0.33329999446869 cup', 'white sugar'), ('0.75 teaspoon', 'salt'), ('3.25 cups', 'bread flour'), ('2.5 teaspoons', 'active dry yeast'), ('2 tablespoons', 'lemon juice')]"
Rose Water Gelees,"[('1 teaspoon', 'vegetable oil'), ('1.6666667461395 cups cold', 'water'), ('7 teaspoons', 'gelatin'), ('2.3333332538605 cups', 'white sugar'), ('3 tablespoons strained', 'lemon juice'), ('4 teaspoons', 'rose water'), ('2 drops', 'red food coloring'), ('1 tablespoon', 'cornstarch')]"
Lebanese Fattoush (Bread Salad),"[('2', 'pita bread'), ('1 head', 'romaine lettuce'), ('4', 'radishes'), ('1', 'English cucumber'), ('1', 'tomato'), ('3 green', 'onions'), ('2 cloves', 'garlic'), ('0.5 cup chopped fresh', 'parsley'), ('0.25 cup chopped fresh', 'mint'), ('salt and ground black pepper to taste', ''), ('0.25 cup', 'lemon juice'), ('0.25 cup', 'olive oil'), ('1 tablespoon ground', 'sumac')]"
Vietnamese Beef and Red Cabbage Bowl,"[('1 head', 'red cabbage'), ('1', 'red onion'), ('3 tablespoons', 'canola oil'), ('1 pound', 'ground beef'), ('1 red', 'Fresno chile pepper'), ('2 teaspoons', 'paprika'), ('1 teaspoon', 'kosher salt'), ('2 tablespoons', 'lime juice'), ('1 tablespoon', 'fish sauce'), ('1 teaspoon packed', 'brown sugar'), ('0.5 teaspoon grated', 'lime zest'), ('0.5 cup chopped fresh', 'cilantro'), ('0.25 cup chopped fresh', 'mint'), ('1', 'lime')]"
Grandma&#39;s Authentic Swedish Meatballs,"[('1 pound', 'beef'), ('0.5 pound', 'pork sausage'), ('0.75 cup', 'bread crumbs'), ('0.5', 'onion'), ('0.5 cup', 'milk'), ('1', 'egg'), ('1 tablespoon chopped fresh', 'parsley'), ('1.5 teaspoons', 'salt'), ('1 teaspoon', 'Worcestershire sauce'), ('0.125 teaspoon ground', 'black pepper'), ('1 teaspoon', 'vegetable oil'), ('2 cups', 'water'), ('0.75 cup', 'sour cream'), ('0.5 cup', 'all-purpose flour'), ('1 teaspoon', 'paprika'), ('0.125 teaspoon ground', 'black pepper')]"
Ukha (Russian Fish Soup),"[('4 cups', 'water'), ('2', 'potatoes'), ('1', 'onion'), ('1 bunch', 'parsley'), ('4 ounces', 'cod fillets'), ('1', 'lemon'), ('to taste', 'salt and pepper')]"
Crunchies,"[('1 tablespoon', 'golden syrup'), ('0.875 cup', 'butter'), ('1 teaspoon', 'baking soda'), ('1 cup', 'coconut'), ('1 cup', 'all-purpose flour'), ('1 cup', 'sugar'), ('2 cups', 'rolled oats')]"
German Rice,"[('0.25 cup', 'olive oil'), ('1.5 pounds', 'bratwurst'), ('1', 'onion'), ('1 teaspoon minced', 'garlic'), ('2 teaspoons', 'fennel seed'), ('1 (14.5 ounce) can', 'Bavarian-style sauerkraut'), ('3 cups uncooked', 'white rice'), ('1 tablespoon', 'chicken soup base'), ('6 cups', 'water'), ('0.25 cup', 'raisins'), ('1 teaspoon ground', 'black pepper')]"
"Velveting Chicken Breast, Chinese Restaurant Style","[('1 large', 'egg white'), ('1 tablespoon', 'Chinese rice vinegar'), ('1 tablespoon', 'cornstarch'), ('1 teaspoon', 'kosher salt'), ('1 pound', 'chicken breast'), ('8 cups', 'water'), ('1 tablespoon', 'peanut oil')]"
Classic Cuban Midnight (Medianoche) Sandwich,"[('4', 'sweet bread rolls'), ('0.5 cup', 'mayonnaise'), ('0.25 cup', 'mustard'), ('1 pound thinly sliced cooked', 'ham'), ('1 pound thinly sliced fully cooked', 'pork'), ('1 pound sliced', 'Swiss cheese'), ('1 cup', 'dill pickle slices'), ('2 tablespoons', 'butter')]"
Brazilian Style Flan (Pudim de Leite Condensado),"[('1 cup', 'sugar'), ('4', 'eggs'), ('1 (14 ounce) can', 'sweetened condensed milk'), ('0.75 cup', 'milk'), ('2 tablespoons', 'milk')]"
Japanese-Style Fluffy Pancakes,"[('1.5 cups', 'all-purpose flour'), ('2 teaspoons', 'baking powder'), ('2', 'eggs'), ('0.25 cup', 'brown sugar'), ('0.66666668653488 cup', 'milk'), ('0.5 teaspoon', 'vanilla extract'), ('1 teaspoon', 'oil')]"
Schupfnudeln (German Fried Potato Dumplings),"[('2 large', 'potatoes'), ('1.75 cups', 'flour'), ('2 large', 'eggs'), ('salt and freshly ground black pepper to taste', ''), ('1 pinch', 'nutmeg'), ('2 tablespoons', 'butter')]"
"Lomo de Res, Cuban-Style Rib-Eye Steaks","[('1 tablespoon', 'garlic powder'), ('1 tablespoon', 'onion powder'), ('1 tablespoon', 'meat tenderizer'), ('1 tablespoon', 'seasoning salt'), ('2 pounds', 'rib-eye steak'), ('1', 'onion'), ('1 (12 ounce) bottle', 'beer'), ('1.25 cups fresh', 'lime juice')]"
Orange Drop Cookies II,"[('0.66670000553131 cup', 'shortening'), ('0.75 cup', 'sugar'), ('1', 'egg'), ('0.5 cup', 'orange juice'), ('1 teaspoon', 'orange zest'), ('2 cups', 'all-purpose flour'), ('0.5 teaspoon', 'baking powder'), ('0.5 teaspoon', 'baking soda'), ('0.5 teaspoon', 'salt'), ('2 cups', ""confectioners' sugar""), ('2 tablespoons', 'butter'), ('2 tablespoons', 'orange juice'), ('1 teaspoon', 'orange zest')]"
Champorado,"[('1 cup', 'glutinous sweet rice'), ('2 cups light', 'coconut milk'), ('0.5 cup', 'cocoa powder'), ('1 cup', 'sugar'), ('1 teaspoon', 'salt'), ('1 cup thick', 'coconut milk')]"
Miso Soup,"[('4 cups', 'water'), ('2 teaspoons', 'dashi granules'), ('3 tablespoons', 'miso paste'), ('1 (8 ounce) package', 'silken tofu'), ('2 green', 'onions')]"
Laura&#39;s Famous Aebleskiver,"[('2 cups', 'white flour'), ('1 teaspoon', 'salt'), ('1 teaspoon', 'baking soda'), ('2 cups', 'buttermilk'), ('3', 'eggs')]"
Taro Rolls,"[('1.3333333730698 cups warm', 'water'), ('1 cup', 'poi'), ('0.5 cup', 'butter'), ('1', 'egg'), ('2.5 teaspoons', 'active dry yeast'), ('1 teaspoon', 'purple food coloring'), ('1 cup', 'white sugar'), ('0.25 teaspoon', 'salt'), ('4 cups', 'all-purpose flour')]"
Omelet in a Bag,"[('2 large', 'eggs'), ('2 slices', 'ham'), ('0.5 cup shredded', 'Cheddar cheese'), ('2 tablespoons chopped fresh', 'tomato'), ('2 fresh', 'mushrooms'), ('1 tablespoon chopped', 'onion'), ('1 tablespoon chopped', 'green bell pepper'), ('1 tablespoon', 'salsa')]"
Chourico Stew,"[('4 cups', 'water'), ('1 (16 ounce) package', 'Portuguese chourico sausage'), ('2', 'potatoes'), ('0.5 head', 'cabbage'), ('3', 'carrots'), ('1 small', 'onion'), ('1 stalk', 'celery'), ('1 (15 ounce) can', 'mixed vegetables'), ('2 tablespoons chopped fresh', 'parsley'), ('0.5 teaspoon', 'garlic powder'), ('0.5 teaspoon', 'celery salt'), ('0.5 teaspoon ground', 'red pepper'), ('2 tablespoons', 'cornstarch'), ('2 tablespoons', 'water')]"
Turkish Fish Stew,"[('3 cups', 'water'), ('1.5 cups dry', 'couscous'), ('2 tablespoons', 'olive oil'), ('1 small', 'white onion'), ('1', 'green bell pepper'), ('2 cloves', 'garlic'), ('1 cup', 'artichoke hearts'), ('2 teaspoons', 'capers'), ('12 small green', 'olives'), ('1 (14.5 ounce) can chopped', 'stewed tomatoes'), ('2 tablespoons', 'white wine'), ('1 tablespoon', 'lemon juice'), ('1 cup', 'water'), ('2 teaspoons', 'sumac'), ('1.5 teaspoons crushed', 'red pepper flakes'), ('1 teaspoon dried', 'basil'), ('1 teaspoon', 'cumin'), ('1 teaspoon minced fresh', 'ginger root'), ('to taste', 'black pepper'), ('1 pound', 'tilapia fillets')]"
Fastelavnsboller (Fastelavn Buns),"[('3 (0.6 ounce) cakes compressed fresh', 'yeast'), ('1 cup warm', 'milk'), ('0.5 cup melted', 'butter'), ('2', 'eggs'), ('1.5 teaspoons', 'salt'), ('2 teaspoons', 'white sugar'), ('4 cups', 'all-purpose flour'), ('1 cup', 'milk'), ('1 tablespoon', 'cornstarch'), ('2', 'eggs'), ('2 tablespoons', 'white sugar'), ('1 teaspoon', 'vanilla extract'), ('1 beaten', 'egg'), ('0.75 cup', ""confectioners' sugar""), ('1 tablespoon', 'water'), ('2 tablespoons', 'cocoa powder')]"
Spicy Thai Basil Chicken (Pad Krapow Gai),"[('0.33333334326744 cup', 'chicken broth'), ('1 tablespoon', 'oyster sauce'), ('1 tablespoon', 'soy sauce'), ('2 teaspoons', 'fish sauce'), ('1 teaspoon', 'white sugar'), ('1 teaspoon', 'brown sugar'), ('2 tablespoons', 'vegetable oil'), ('1 pound', 'chicken thighs'), ('0.25 cup sliced', 'shallots'), ('4 cloves', 'garlic'), ('2 tablespoons minced', 'Thai chilies, Serrano, or other hot pepper'), ('1 cup very thinly sliced fresh', 'basil'), ('2 cups hot cooked', 'rice')]"
Anise Waffle Cookies,"[('3 cups', 'all-purpose flour'), ('1 tablespoon', 'anise seed'), ('0.5 teaspoon', 'salt'), ('0.5 cup', 'shortening'), ('0.5 cup', 'sugar'), ('2 tablespoons', 'white sugar'), ('3 small', 'eggs'), ('1 drop', 'anise oil'), ('0.5 cup', ""confectioners' sugar"")]"
My Big Fat Greek Salad,"[('2 large', 'English cucumbers'), ('1 pinch', 'kosher salt'), ('2 cups', 'cherry tomatoes'), ('0.25', 'red onion'), ('0.5', 'red bell pepper'), ('0.5 cup', 'Kalamata olives'), ('0.5 cup', 'green olives'), ('2 tablespoons minced fresh', 'oregano'), ('salt and freshly ground black pepper to taste', ''), ('1 pinch', 'cayenne pepper'), ('0.25 cup', 'red wine vinegar'), ('0.33333334326744 cup', 'olive oil'), ('1 (4 ounce) package', 'feta cheese'), ('1 teaspoon minced fresh', 'oregano')]"
Day After Thanksgiving Turkey Pho,"[('2 teaspoons', 'coriander seed'), ('1 teaspoon', 'fennel seeds'), ('2 whole', 'cloves'), ('1 whole', 'cardamom pod'), ('1', 'star anise pod'), ('0.5', 'onion'), ('1 (2 inch) piece', 'ginger'), ('8 cups', 'water'), ('1', 'turkey carcass'), ('1 (16 ounce) package', 'flat rice noodles'), ('0.25 cup', 'fish sauce'), ('to taste', 'salt'), ('1 cup shredded leftover cooked', 'turkey'), ('0.25', 'onion'), ('1 tablespoon shredded', 'basil'), ('1 tablespoon chopped fresh', 'cilantro'), ('1', 'lime'), ('1 tablespoon', 'chile-garlic sauce')]"
Kringla II,"[('1 cup', 'heavy cream'), ('1 (8 ounce) container', 'sour cream'), ('1.3333333730698 cups', 'white sugar'), ('2 tablespoons', 'shortening'), ('1', 'egg yolk'), ('3 cups', 'all-purpose flour'), ('2 teaspoons', 'baking powder'), ('1 teaspoon', 'baking soda'), ('1 teaspoon', 'vanilla extract')]"
Chef John&#39;s Rocky Road,"[('1.5 cups', 'dark chocolate chips'), ('3 tablespoons', 'butter'), ('2 teaspoons', 'maple syrup'), ('1.5 cups', 'miniature marshmallows'), ('1.25 cups lightly salted roasted', 'almonds'), ('0.25 cup', 'cocoa powder')]"
Avocado-Lime Shrimp Salad (Ensalada de Camarones con Aguacate y Limon),"[('1.25 pounds cooked deveined shelled', 'shrimp'), ('3', 'avocados'), ('3 large red', 'tomatoes'), ('1 large', 'yellow tomato'), ('1', 'bell pepper'), ('1 bunch', 'green onion tops'), ('0.5 bunch', 'cilantro'), ('2 tablespoons fresh', 'lime juice'), ('salt and ground black pepper to taste', '')]"
"Portuguese Chourico, Beans, and Rice","[('2 cups', 'water'), ('1 cup uncooked', 'white rice'), ('2 tablespoons', 'olive oil'), ('1', 'dried chourico sausage'), ('0.25', 'Spanish onion'), ('3 cloves', 'garlic'), ('1.5 cups', 'tomato sauce'), ('0.5 teaspoon', 'red pepper flakes'), ('1 teaspoon', 'Italian seasoning'), ('to taste', 'salt and pepper'), ('0.5 (14.5 ounce) can', 'fava beans')]"
"Beet, Walnut and Prune Salad","[('5 medium', 'beets'), ('0.5 cup chopped', 'walnuts'), ('0.5 cup', 'mayonnaise'), ('20', 'prunes'), ('3 cloves', 'garlic'), ('to taste', 'salt')]"
Norwegian Potato Flatbread (Lefse),"[('1 large', 'russet potato'), ('1.5 tablespoons', 'unsalted butter'), ('0.25 cup', 'heavy cream'), ('1 teaspoon', 'salt'), ('1 teaspoon', 'sugar'), ('1 cup', 'all-purpose flour')]"
Brazilian Sweet Banana and Rice Dish,"[('2 cups', 'lemon juice'), ('1 cup', 'sugar'), ('1 tablespoon', 'butter'), ('1 tablespoon', 'rum'), ('6 ripe', 'bananas'), ('7 cups', 'water'), ('3.5 cups', 'brown rice'), ('2 (15 ounce) cans', 'black beans'), ('1 (14.5 ounce) can', 'tomatoes'), ('2 teaspoons', 'vegetable oil'), ('2 (4 ounce) links', 'sausage'), ('2 pinches', 'dill'), ('2 pinches', 'basil')]"
Mutton Varuval (Malaysian Indian-Style Goat Curry),"[('2 pounds', 'goat stew meat'), ('2 teaspoons', 'salt'), ('1 teaspoon', 'turmeric'), ('0.5 teaspoon ground', 'black pepper'), ('2 small', 'red onions'), ('1.5 tablespoons', 'coconut oil'), ('1', 'cinnamon stick'), ('2 whole', 'star anise pods'), ('4', 'cardamom pods'), ('1 tablespoon', 'fennel seeds'), ('0.5 teaspoon', 'cloves'), ('2 tablespoons', 'curry leaves'), ('1 tablespoon', 'ginger-garlic paste'), ('1 small', 'tomato'), ('1 teaspoon', 'coconut oil'), ('1.5 teaspoons', 'garam masala'), ('1.5 teaspoons', 'curry powder'), ('1.5 teaspoons ground', 'paprika'), ('0.5 cup chopped fresh', 'cilantro')]"
Portuguese Muffins - Bolo Levedo,"[('1 (.25 ounce) envelope', 'active dry yeast'), ('0.25 cup warm', 'water'), ('6 cups', 'all-purpose flour'), ('1 cup', 'sugar'), ('3', 'eggs'), ('0.25 cup melted', 'butter'), ('0.5 teaspoon', 'salt'), ('1.25 cups', 'milk')]"
Puerto Rican Beef Stew,"[('0.25 cup', 'all-purpose flour'), ('0.5 teaspoon', 'salt'), ('0.25 teaspoon ground', 'black pepper'), ('2 pounds', 'beef stew meat'), ('1 tablespoon', 'olive oil'), ('0.5 tablespoon', 'sugar'), ('1 pound', 'carrots'), ('3 medium', 'potatoes'), ('2 cups', 'water'), ('0.5 cup', 'tomato sauce'), ('0.25 cup', 'red cooking wine'), ('8', 'Manzanilla olives'), ('2 tablespoons', 'sofrito'), ('1 (1.41 ounce) package', 'sazon seasoning with achiote'), ('0.5 tablespoon', 'adobo seasoning'), ('0.5 tablespoon', 'soy sauce'), ('0.5 tablespoon', 'Worcestershire sauce')]"
Chinese Chicken Wings,"[('2 cups', 'soy sauce'), ('2 cups', 'brown sugar'), ('2 tablespoons', 'garlic powder'), ('5 pounds', 'chicken wings')]"
Shadi&#39;s Soup-e Mahicheh,"[('2 tablespoons', 'olive oil'), ('1 large', 'onion'), ('4 cloves', 'garlic'), ('1 (1 pound)', 'lamb shank'), ('6 cups', 'water'), ('1 teaspoon ground', 'turmeric'), ('0.5 teaspoon ground', 'black pepper'), ('1 large', 'carrot'), ('0.5 cup', 'green lentils'), ('0.333 cup', 'rice'), ('2 cups chopped fresh', 'spinach'), ('0.5 cup chopped fresh', 'parsley'), ('0.5 cup chopped fresh', 'cilantro'), ('1 teaspoon', 'salt'), ('1 medium', 'lemon')]"
Char Siu (Chinese BBQ Pork),"[('0.5 cup', 'soy sauce'), ('0.333 cup', 'honey'), ('0.333 cup', 'ketchup'), ('0.333 cup', 'brown sugar'), ('0.25 cup', 'Chinese rice wine'), ('2 tablespoons', 'hoisin sauce'), ('2 tablespoons', 'red bean curd'), ('1 teaspoon', 'Chinese five-spice powder'), ('2 (1 pound)', 'pork tenderloins')]"
Greek Tzatziki,"[('1 (32 ounce) container', 'plain low-fat yogurt'), ('0.5', 'English cucumber'), ('2 tablespoons fresh', 'lemon juice'), ('2 tablespoons extra-virgin', 'olive oil'), ('1 clove', 'garlic'), ('3 tablespoons', 'dill'), ('1 tablespoon', 'salt'), ('1 tablespoon', 'black pepper'), ('2 teaspoons grated', 'lemon zest')]"
Hasselback Potatoes,"[('4 (8 ounce)', 'potatoes'), ('2 tablespoons', 'butter'), ('to taste', 'salt and pepper'), ('2 tablespoons finely grated fresh', 'Romano cheese'), ('1 tablespoon', 'bread crumbs')]"
Dumplings and Cocky&#39;s Joy (Caramel Sauce),"[('1.5 cups', 'self-rising flour'), ('2 tablespoons', ""confectioners' sugar""), ('0.25 cup', 'butter'), ('1', 'egg'), ('0.25 cup', 'milk'), ('1.3333333730698 cups', 'water'), ('0.33333334326744 cup', 'golden syrup'), ('0.5 cup', 'brown sugar'), ('0.5 teaspoon', 'lemon juice'), ('0.25 cup', 'butter')]"
Pakistani Lamb Chops,"[('0.25 cup', 'oil'), ('2 pounds', 'lamb chops'), ('3 pods', 'green cardamom'), ('2', 'bay leaves'), ('1', 'cinnamon stick'), ('1 teaspoon', 'cumin seeds'), ('1 pod', 'black cardamom'), ('6 large', 'onions'), ('6 cloves', 'garlic'), ('1 tablespoon minced', 'ginger root'), ('2 teaspoons', 'red chile powder'), ('0.5 teaspoon ground', 'turmeric'), ('to taste', 'salt'), ('3', 'green chile peppers'), ('2', 'tomatoes'), ('0.25 cup', 'water'), ('1 tablespoon chopped fresh', 'cilantro')]"
Lebanese Zaatar (Za&#39;atar) Bread,"[('3 cups warm', 'water'), ('1 (.25 ounce) package', 'yeast'), ('1 teaspoon', 'salt'), ('1 teaspoon', 'white sugar'), ('8 cups', 'all-purpose flour'), ('2 cups', 'whole wheat flour'), ('2 cups', 'olive oil'), ('1 cup', 'corn oil'), (None, ""2 cups fresh za'atar"")]"
Japanese-Style Ginger Salad Dressing,"[('0.25 cup', 'soy sauce'), ('1', 'lemon'), ('3 cloves', 'garlic'), ('3 tablespoons minced', 'ginger root'), ('2 teaspoons', 'honey'), ('1 teaspoon', 'mustard'), ('to taste', 'black pepper'), ('1 cup', 'olive oil')]"
Al&#39;s Baked Swiss Steak,"[('1 pound boneless', 'beef round steak'), ('0.5 teaspoon', 'seasoned salt'), ('0.5 teaspoon', 'salt'), ('0.25 teaspoon ground', 'black pepper'), ('1 tablespoon', 'all-purpose flour'), ('0.25 cup', 'vegetable oil'), ('1 (14.5 ounce) can', 'stewed tomatoes'), ('1 medium', 'onion'), ('1', 'green bell pepper'), ('0.5 cup chopped', 'carrots'), ('0.25 cup chopped', 'celery'), ('0.25 cup', 'beef broth'), ('2 cloves', 'garlic'), ('0.25 teaspoon', 'Worcestershire sauce'), ('0.25 cup shredded sharp', 'Cheddar cheese')]"
Grilled Jerk Pork Tenderloin,"[('2', 'habanero peppers'), ('1 small', 'onion'), ('2 bunches', 'green onions'), ('1 (1 inch) piece', 'ginger'), ('3 cloves', 'garlic'), ('0.25 cup', 'apple cider'), ('0.25 cup', 'white vinegar'), ('3 tablespoons', 'soy sauce'), ('2 tablespoons', 'olive oil'), ('1.5 tablespoons packed', 'brown sugar'), ('0.75 teaspoon', 'mustard seed'), ('1 tablespoon', 'kosher salt'), ('1 teaspoon', 'black pepper'), ('1 tablespoon dried', 'thyme'), ('1 tablespoon ground', 'allspice'), ('1 teaspoon ground', 'nutmeg'), ('0.5 teaspoon ground', 'cinnamon'), ('1 cup', 'wood chips'), ('2.5 pounds', 'pork tenderloin')]"
Chrusciki,"[('12 large', 'egg yolks'), ('1 large', 'egg'), ('2 tablespoons', 'white sugar'), ('1 tablespoon', 'whiskey'), ('1 teaspoon', 'salt'), ('1 teaspoon', 'vanilla extract'), ('2.5 cups', 'all-purpose flour'), ('1 quart', 'vegetable oil'), ('1 cup', ""confectioners' sugar"")]"
Coffee Jelly,"[('2 tablespoons', 'water'), ('1 (.25 ounce) package', 'unflavored gelatin'), ('2 cups', 'coffee'), ('3 tablespoons', 'sugar')]"
Thai Hot and Sour Soup,"[('3 cups', 'chicken stock'), ('1 tablespoon', 'tom yum paste'), ('0.5 clove', 'garlic'), ('3 stalks', 'lemon grass'), ('2', 'makrut lime leaves'), ('2 skinless, boneless', 'chicken breast halves'), ('4 ounces', 'mushrooms'), ('1 tablespoon', 'fish sauce'), ('1 tablespoon', 'lime juice'), ('1 teaspoon chopped', 'green chile pepper'), ('1 bunch', 'coriander'), ('1 sprig', 'basil')]"
Homemade Manti (Traditional Turkish Dumplings),"[('2 cups', 'all-purpose flour'), ('0.5 teaspoon', 'salt'), ('2 large', 'eggs'), ('0.5 teaspoon', 'water'), ('2', 'onions'), ('0.5 pound', 'beef'), ('to taste', 'salt and pepper'), ('3 tablespoons', 'vegetable oil'), ('1 tablespoon', 'red pepper flakes'), ('1 (8 ounce) container', 'plain yogurt'), ('1 tablespoon minced', 'garlic')]"
Racuchy z Jablkami (Polish Apple Pancakes),"[('2 cups', 'milk'), ('2 cups', 'all-purpose flour'), ('2', 'eggs'), ('1 tablespoon', 'sugar'), ('1 teaspoon ground', 'cinnamon'), ('0.5 teaspoon', 'baking soda'), ('1 pinch', 'salt'), ('2 large', 'apples'), ('vegetable oil, or as needed, divided', 'oil'), ('2 tablespoons', ""confectioners' sugar"")]"
Chimichurri Sauce,"[('1 cup fresh', 'parsley'), ('0.75 cup', 'extra virgin olive oil'), ('3 tablespoons', 'red wine vinegar'), ('2 tablespoons dried', 'oregano'), ('2 teaspoons', 'cumin'), ('1.5 teaspoons minced', 'garlic'), ('1.5 teaspoons', 'pepper sauce'), ('1 teaspoon', 'salt')]"
Old-Fashioned Swedish Glögg,"[('5 (750 milliliter) bottles', 'port wine'), ('1 (750 milliliter) bottle', '100 proof bourbon whiskey'), ('1 (750 milliliter) bottle', 'white rum'), ('1 (3 inch)', 'cinnamon stick'), ('1 (3 inch) strip of', 'orange peel'), ('4 whole', 'cloves'), ('3 whole', 'cardamom pods'), ('1 (8 inch) square of', 'cheesecloth'), ('0.75 cup', 'sugar'), ('1 (15 ounce) package', 'dark raisins'), ('1 (6 ounce) package', 'almonds')]"
Instant Pot® Puerto Rican Arroz con Pollo,"[('2 tablespoons', 'olive oil'), ('0.5 cup', 'salt pork'), ('2 pounds', 'chicken breasts'), ('2 (1.41 ounce) packages', 'sazon seasoning with achiote'), ('1 cup', 'sofrito'), ('1 (8 ounce) can', 'tomato sauce'), ('0.5 cup', 'green olives'), ('1 tablespoon', 'capers'), ('3 cups', 'white rice'), ('1 (16 ounce) can', 'gandules'), ('0.25 teaspoon', 'salt'), ('0.125 teaspoon', 'black pepper')]"
Lebanese Seven Spices,"[('0.5 cup ground', 'black pepper'), ('0.5 cup', 'cumin'), ('0.5 cup', 'paprika'), ('0.25 cup', 'coriander'), ('0.25 cup', 'cloves'), ('4 teaspoons ground', 'nutmeg'), ('4 teaspoons ground', 'cinnamon'), ('2 teaspoons ground', 'cardamom')]"
Maamoul (Lebanese Date Cookies),"[('2 cups', 'semolina flour'), ('1 cup', 'all-purpose flour'), ('0.5 teaspoon ground', 'mahlab'), ('0.5 teaspoon', 'salt'), ('1 cup', 'butter'), ('5 tablespoons', 'milk'), ('2 tablespoons', 'white sugar'), ('1 teaspoon', 'active dry yeast'), ('4 tablespoons', 'orange blossom water'), ('10 tablespoons', 'date paste'), ('2 tablespoons', 'sugar')]"
Curry Pasta - Pakistani Style,"[('0.25 cup', 'chickpea flour'), ('4', 'red bell peppers'), ('3 fresh', 'curry leaves'), ('1 pound cubed skinless, boneless', 'chicken'), ('1 tablespoon', 'ginger garlic paste'), ('1 teaspoon ground', 'turmeric'), ('2 teaspoons', 'paprika'), ('0.25 cup', 'water'), ('1 (2 ounce) package', 'coconut milk powder'), ('1 cup', 'water'), ('1 (16 ounce) package', 'spaghetti'), ('3', 'green chile peppers'), ('0.5 cup chopped fresh', 'cilantro'), ('1', 'lemon')]"
Havana Slow Cooker Pork Tenderloin,"[('1', 'onion'), ('3 pounds', 'pork tenderloin'), ('3 tablespoons minced', 'garlic'), ('0.5 cup', 'orange juice'), ('3 tablespoons', 'red wine vinegar'), ('1', 'lemon'), ('1 tablespoon', 'cumin'), ('1 tablespoon', 'grill seasoning'), ('1 teaspoon', 'salt'), ('1 teaspoon ground', 'red pepper'), ('3', 'bay leaves'), ('2 tablespoons grated', 'lemon peel')]"
Chiles en Nogada (Mexican Stuffed Poblano Peppers in Walnut Sauce),"[('8', 'poblano peppers'), ('1 tablespoon', 'olive oil'), ('1', 'onion'), ('2 cloves', 'garlic'), ('1.75 pounds', 'pork'), ('2 cups peeled, seeded, and chopped', 'tomatoes'), ('1 ripe', 'plantain'), ('1', 'apple'), ('1 fresh', 'peach'), ('1 bunch', 'parsley'), ('2 tablespoons chopped', 'candied orange peel'), ('2 tablespoons', 'pine nuts'), ('2 tablespoons', 'raisins'), ('2 tablespoons', 'almonds'), ('4 whole', 'cloves'), ('to taste', 'salt and pepper'), ('2.5 cups chopped', 'walnuts'), ('1.75 cups', 'milk'), ('0.75 cup', 'goat cheese'), ('1 tablespoon', 'sugar'), ('1 (1 inch) piece', 'cinnamon stick'), ('1.5 cups', 'pomegranate seeds'), ('0.5 cup chopped fresh', 'parsley')]"
Fattigmann,"[('1', 'egg'), ('3', 'egg yolks'), ('0.25 cup', 'heavy cream'), ('4 teaspoons', 'sugar'), ('1 tablespoon', 'butter'), ('0.25 teaspoon ground', 'cardamom'), ('1.5 cups', 'all-purpose flour'), ('4 cups', 'lard')]"
Hawaiian Apple-Pineapple Crumble,"[('2 cups thinly sliced', 'apples'), ('1 tablespoon', 'lemon juice'), ('1 cup', 'pineapple'), ('2 cups', 'cranberry sauce'), ('1 cup', 'quick cooking oats'), ('0.75 cup packed', 'brown sugar'), ('0.5 cup', 'all-purpose flour'), ('0.5 teaspoon ground', 'cinnamon'), ('to taste', 'salt'), ('0.125 cup', 'butter')]"
Puerto Rican Coquito,"[('0.5 cup', 'water'), ('1 (14 ounce) can', 'sweetened condensed milk'), ('1 cup', 'dark rum'), ('2 (15 ounce) cans', 'coconut milk'), ('0.5 teaspoon ground', 'cinnamon'), ('1 pinch', 'salt')]"
Nuoc Cham (Vietnamese Spicy Dipping Sauce),"[('3.5 fluid ounces', 'water'), ('6 spicy', 'red chile peppers'), ('6 cloves', 'garlic'), ('0.25 cup', 'fish sauce'), ('0.25 cup', 'rice vinegar'), ('0.25 cup', 'sugar'), ('0.25 cup', 'lemon juice')]"
Baked Taco Dip,"[('1 (8 ounce) package', 'cream cheese'), ('1 pound', 'ground beef'), ('1 cup', 'water'), ('1 (1 ounce) package', 'taco seasoning mix'), ('1.5 cups', 'salsa'), ('1.5 cups shredded', 'Cheddar cheese')]"
Easy Polish Noodles,"[('1 (49.5 fluid ounce) can', 'chicken broth'), ('0.5 cup', 'water'), ('1 tablespoon', 'chicken soup base'), ('1 (16 ounce) package', 'kluski noodles')]"
Jamaican Oxtail with Broad Beans,"[('1 pound', 'beef oxtail'), ('1 large', 'onion'), ('1', 'green onion'), ('2 cloves', 'garlic'), ('1 teaspoon minced fresh', 'ginger root'), ('1', 'scotch bonnet chile pepper'), ('2 tablespoons', 'soy sauce'), ('1 sprig', 'thyme'), ('0.5 teaspoon', 'salt'), ('1 teaspoon', 'black pepper'), ('2 tablespoons', 'vegetable oil'), ('1.5 cups', 'water'), ('1 cup canned', 'fava beans'), ('1 teaspoon whole', 'allspice berries'), ('1 tablespoon', 'cornstarch'), ('2 tablespoons', 'water')]"
Aargau Carrot Cake,"[('3', 'eggs'), ('0.75 cup', 'white sugar'), ('1.5 teaspoons grated', 'lemon zest'), ('2 tablespoons fresh', 'lemon juice'), ('1 cup grated', 'carrots'), ('1 cup ground', 'almonds'), ('0.25 cup', 'all-purpose flour'), ('1 teaspoon', 'baking powder'), ('1 pinch', 'salt'), ('0.75 cup', ""confectioners' sugar""), ('1 tablespoon', 'lemon juice')]"
Pad Thai,"[('1 (12 ounce) package', 'rice noodles'), ('2 tablespoons', 'butter'), ('1 pound', 'chicken breast'), ('0.25 cup', 'vegetable oil'), ('4', 'eggs'), ('3 tablespoons', 'sugar'), ('2 tablespoons', 'fish sauce'), ('1 tablespoon', 'white wine vinegar'), ('0.125 tablespoon crushed', 'red pepper'), ('2 cups', 'bean sprouts'), ('3 green', 'onions'), ('0.25 cup crushed', 'peanuts'), ('1', 'lemon')]"
Sabzi Polo (Green Herb Rice),"[('2.5 cups', 'long-grain basmati rice'), ('kosher', 'salt'), ('0.25 teaspoon', 'saffron'), ('2 tablespoons', 'water'), ('1 large bunch finely chopped', 'parsley'), ('1 large bunch finely chopped', 'cilantro'), ('1 large bunch finely chopped', 'dill'), ('1 large bunch finely chopped fresh', 'chives'), ('0.25 cup', 'dill'), ('0.25 cup', 'grapeseed oil'), ('1 sheet', 'lavash bread'), ('2 fresh', 'spring garlic'), ('0.25 cup', 'water'), ('3 tablespoons', 'unsalted butter')]"
Rose Water White Coffee,"[('1 teaspoon', 'rose water'), ('1.5 cups hot', 'water'), ('1 teaspoon', 'sugar crystals'), ('1 food grade', 'rose petal')]"
Brazilian Carrot Cake,"[('3 large', 'carrots'), ('4', 'eggs'), ('1 cup', 'cooking oil'), ('2 cups', 'white sugar'), ('2 cups', 'all-purpose flour'), ('1 tablespoon', 'baking powder'), ('2 tablespoons', 'butter or margarine'), ('1 cup', 'sugar'), ('1 cup', 'hot chocolate mix'), ('0.75 cup', 'milk')]"
Chef John&#39;s Picadillo,"[('2 teaspoons', 'olive oil'), ('1.5 pounds', 'ground beef'), ('1 cup diced', 'yellow onions'), ('1 teaspoon', 'salt'), ('2', 'bay leaves'), ('2 teaspoons', 'cumin'), ('0.5 teaspoon freshly ground', 'black pepper'), ('0.5 teaspoon ground', 'cinnamon'), ('0.25 teaspoon', 'cayenne pepper'), ('4 cloves', 'garlic'), ('3 cups', 'tomatoes'), ('0.25 cup', 'water'), ('3 tablespoons', 'red-wine vinegar'), ('0.25 cup', 'currants or raisins'), ('0.5 cup sliced', 'pimiento-stuffed green olives')]"
Zimbabwean Chicken and Vegetable Soup,"[('1 tablespoon', 'olive oil'), ('1', 'onion'), ('4 cups', 'vegetable stock'), ('0.5 cup', 'peanut butter'), ('2 cups canned diced', 'tomatoes'), ('0.25 teaspoon', 'red pepper flakes'), ('1 cup finely chopped', 'cabbage'), ('1 cup chopped', 'sweet potato'), ('1 cup peeled and chopped', 'carrot'), ('1 cup peeled and chopped', 'turnip'), ('1 cup chopped', 'okra'), ('1 cup chopped cooked', 'chicken')]"
Air-Fried Peruvian Chicken Drumsticks with Green Crema,"[('olive oil for', 'brushing'), ('1 tablespoon', 'honey'), ('1 tablespoon', 'olive oil'), ('2 cloves', 'garlic'), ('1 teaspoon', 'salt'), ('1 teaspoon ground', 'cumin'), ('0.5 teaspoon', 'smoked paprika'), ('0.5 teaspoon dried', 'oregano'), ('0.25 teaspoon ground', 'black pepper'), ('6 (4 ounce)', 'chicken drumsticks'), ('1 cup', 'baby spinach leaves'), ('0.75 cup', 'sour cream'), ('0.25 cup', 'cilantro leaves'), ('0.5', 'jalapeno pepper'), ('2 tablespoons fresh', 'lime juice'), ('1 clove', 'garlic'), ('0.25 teaspoon', 'salt'), ('0.25 teaspoon ground', 'black pepper')]"
Best Homemade Marzipan,"[('1.75 cups', 'almonds'), ('1.25 cups', ""confectioners' sugar""), ('as needed', 'water'), ('3 drops', 'almond extract')]"
Grilled Chicken Adobo,"[('1.5 cups', 'soy sauce'), ('1.5 cups', 'water'), ('0.75 cup', 'vinegar'), ('3 tablespoons', 'honey'), ('1.5 tablespoons minced', 'garlic'), ('3', 'bay leaves'), ('0.5 teaspoon', 'black pepper'), ('3 pounds', 'chicken thighs')]"
German Marble Cake,"[('1 cup', 'butter'), ('1.5 cups', 'white sugar'), ('4', 'eggs'), ('1 cup', 'milk'), ('1 teaspoon', 'almond extract'), ('3.25 cups', 'all-purpose flour'), ('1 tablespoon', 'baking powder'), ('0.125 teaspoon', 'salt'), ('0.25 cup', 'unsweetened cocoa powder'), ('3 tablespoons', 'dark rum')]"
Vareniki (Pierogi) with Potatoes and Mushrooms,"[('18 ounces', 'potatoes'), ('salt and', 'freshly ground black pepper'), ('3 cups', 'all-purpose flour'), ('1 teaspoon', 'salt'), ('0.25 cup', 'sour cream'), ('0.5 teaspoon', 'baking soda'), ('0.5 cup', 'water'), ('0.25 cup', 'butter'), ('2', 'onions'), ('3.5 cups finely chopped', 'button mushrooms')]"
Portuguese Chourico Stew,"[('1 (16 ounce) package', 'chourico'), ('1 small', 'onion'), ('1 clove', 'garlic'), ('1 (15 ounce) can', 'tomato sauce'), ('6 cups', 'water'), ('2 small', 'potatoes'), ('2 teaspoons', 'red pepper flakes'), ('1 dash', 'paprika'), ('2 (15 ounce) cans', 'green beans')]"
Horchata de Arroz (Rice Drink),"[('1 cup uncooked', 'long grain white rice'), ('3.5 cups cold', 'water'), ('1 (12 fluid ounce) can', 'evaporated milk'), ('0.5 cup', 'sugar'), ('0.5 teaspoon ground', 'cinnamon'), ('1 teaspoon', 'vanilla extract')]"
Salmon en Croûte,"[('2 tablespoons', 'olive oil'), ('0.5', 'onion'), ('1 cup chopped fresh', 'mushrooms'), ('2 teaspoons minced', 'garlic'), ('salt and ground black pepper to taste', ''), ('1 cup', 'spinach'), ('1 tablespoon', 'all-purpose flour'), ('2 sheets', 'puff pastry'), ('1 (1 1/2-pound) boned, skinned', 'salmon fillet'), ('0.5 teaspoon', 'smoked paprika'), ('1', 'egg'), ('0.5 cup', 'mayonnaise'), ('2 tablespoons fresh', 'lemon juice'), ('2 teaspoons', 'Dijon mustard'), ('0.5 teaspoon', 'dill')]"
French Crêpes,"[('1 cup', 'all-purpose flour'), ('1 teaspoon', 'sugar'), ('0.25 teaspoon', 'salt'), ('3', 'eggs'), ('2 cups', 'milk'), ('2 tablespoons', 'butter')]"
Authentic Pad Thai Noodles,"[('0.66666668653488 cup dried', 'rice vermicelli'), ('0.25 cup', 'peanut oil'), ('0.66666668653488 cup thinly sliced', 'firm tofu'), ('1 large', 'egg'), ('4 cloves', 'garlic'), ('0.25 cup', 'vegetable broth'), ('2 tablespoons fresh', 'lime juice'), ('2 tablespoons', 'soy sauce'), ('1 tablespoon', 'sugar'), ('1 teaspoon', 'salt'), ('0.5 teaspoon', 'dried red chili flakes'), ('3 tablespoons chopped', 'peanuts'), ('1 pound', 'bean sprouts'), ('3 green', 'onions'), ('3 tablespoons chopped', 'peanuts'), ('2', 'limes')]"
Hychin,"[('2.25 pounds', 'potatoes'), ('5.3333334922791 cups', 'all-purpose flour'), ('1 cup', 'buttermilk'), ('1 cup room-temperature', 'water'), ('1 teaspoon', 'salt'), ('2.25 pounds', 'mozzarella cheese'), ('0.25 pound', 'butter')]"
Swedish Sticky Chocolate Cake (Kladdkaka),"[('0.5 cup', 'all-purpose flour'), ('0.25 cup', 'unsweetened cocoa powder'), ('1 pinch', 'salt'), ('1.3333333730698 cups', 'white sugar'), ('2', 'eggs'), ('0.5 cup', 'butter'), ('1 tablespoon', 'vanilla extract')]"
Lazy Pierogi,"[('3 pounds', 'sauerkraut'), ('1', 'onion'), ('1 pound', 'rotini pasta'), ('1 pound', 'mushrooms'), ('0.5 pound', 'butter'), ('2 (10.75 ounce) cans', 'condensed cream of mushroom soup')]"
Cuban Mojito,"[('2 teaspoons', 'white sugar'), ('1', 'lime'), ('4 sprigs', 'mint'), ('2 cups', 'ice'), ('0.5 cup', 'white rum'), ('2 cups', 'club soda')]"
South African-Inspired Butternut Soup,"[('1 tablespoon', 'butter'), ('2 large', 'onions'), ('1 large', 'jalapeno pepper'), ('1 clove', 'elephant garlic'), ('2 cups', 'chicken stock'), ('1 teaspoon', 'lemon juice'), ('1 (3 1/2) pound', 'butternut squash'), ('1 cup', 'water'), ('6 tablespoons', 'cream')]"
Easy Flan,"[('0.5 cup', 'sugar'), ('2 cups', 'milk'), ('2', 'eggs'), ('2', 'egg yolks'), ('0.375 cup', 'white sugar')]"
Irmik Helvasi (Turkish Semolina Halva),"[('5 cups', 'water'), ('3 cups', 'white sugar'), ('2 cups', 'butter'), ('2.5 cups', 'semolina flour'), ('0.5 cup', 'pine nuts')]"
"Grillhaxe (Grilled Eisbein, Pork Shanks)","[('1 cup', 'olive oil'), ('2 tablespoons dried', 'marjoram'), ('2 tablespoons dried', 'basil'), ('2 tablespoons chopped fresh', 'thyme'), ('2 tablespoons chopped fresh', 'rosemary'), ('2 tablespoons', 'sea salt'), ('1 teaspoon', 'paprika'), ('1 teaspoon ground', 'black pepper'), ('1 teaspoon', 'vegetable bouillon powder'), ('6 (1 1/2) pounds', 'pork shanks')]"
Fresh Israeli Salad,"[('2', 'vine-ripened tomatoes'), ('1', 'red bell pepper'), ('1', 'green bell pepper'), ('0.5', 'cucumber'), ('2', 'radishes'), ('2 tablespoons extra-virgin', 'olive oil'), ('1', 'scallion'), ('1 teaspoon', 'lemon juice'), ('0.5 teaspoon ground', 'sumac'), ('to taste', 'salt')]"
Brazilian White Rice,"[('2 cups', 'long-grain white rice'), ('2 tablespoons minced', 'onion'), ('2 cloves', 'garlic'), ('2 tablespoons', 'vegetable oil'), ('1 teaspoon', 'salt'), ('4 cups hot', 'water')]"
Sweet Russian Cabbage Soup,"[('1.5 pounds ground', 'lean beef'), ('1 (14.5 ounce) can', 'tomatoes'), ('1 (8 ounce) can', 'tomato sauce'), ('2 medium', 'carrots'), ('1', 'onion'), ('0.5 cup', 'sugar'), ('2 tablespoons', 'white vinegar'), ('4 cubes', 'beef bouillon'), ('1.5 teaspoons', 'salt'), ('0.5 teaspoon ground', 'black pepper'), ('2 quarts', 'water'), ('1 head', 'cabbage'), ('3 cloves', 'garlic')]"
Korean Kimchi,"[('3 heads', 'napa cabbage'), ('0.5 cup', 'salt'), ('3 heads', 'garlic'), ('1 bunch', 'green onions'), ('1.5 tablespoons', 'monosodium glutamate'), ('2 teaspoons', 'red pepper flakes')]"
Cuban Shredded Pork,"[('2 cups', 'water'), ('1', 'lime'), ('1 sprig', 'thyme'), ('8', 'black peppercorns'), ('1 tablespoon', 'garlic powder'), ('1 tablespoon', 'onion powder'), ('to taste', 'salt'), ('1.5 pounds', 'pork chops'), ('2 tablespoons', 'olive oil'), ('1 large', 'onion'), ('3 cloves', 'garlic'), ('0.25 cup chopped fresh', 'cilantro')]"
Danish Peppernut Christmas Cookies (Pebernodder),"[('1 cup', 'butter'), ('1 cup', 'sugar'), ('2', 'eggs'), ('1 teaspoon ground', 'cardamom'), ('1 teaspoon ground', 'cinnamon'), ('0.5 teaspoon', 'nutmeg'), ('0.25 teaspoon ground', 'cloves'), ('1 teaspoon', 'salt'), ('2.75 cups', 'all-purpose flour')]"
Vietnamese Sandwich,"[('4', 'pork loin chops'), ('4 (7 inch)', 'French bread baguettes'), ('4 teaspoons', 'mayonnaise'), ('1 ounce', 'chile sauce with garlic'), ('0.25 cup fresh', 'lime juice'), ('1 small', 'red onion'), ('1 medium', 'cucumber'), ('2 tablespoons chopped fresh', 'cilantro'), ('to taste', 'salt and pepper')]"
Ottilienkuchen (German Chocolate Sprinkle Cake),"[('1 cup', 'unsalted butter'), ('2 tablespoons', 'unsalted butter'), ('0.75 cup', 'sugar'), ('2 teaspoons', 'vanilla sugar'), ('4 large', 'eggs'), ('1 tablespoon', 'rum'), ('1.75 cups', 'all-purpose flour'), ('0.25 cup', 'cornstarch'), ('1 teaspoon', 'baking powder'), ('1 pinch', 'salt'), ('0.75 cup blanched', 'almond flour'), ('0.33333334326744 cup', 'chocolate sprinkles')]"
Swedish Meatballs I,"[('1', 'egg'), ('0.25 cup', 'milk'), ('1 pound', 'beef'), ('0.25 cup dry', 'cream of wheat cereal'), ('0.25 cup minced', 'onion'), ('1 (10.75 ounce) can', 'condensed cream of chicken soup'), ('1 (10.75 ounce) can', 'condensed cream of mushroom soup'), ('1 (12 fluid ounce) can', 'evaporated milk'), ('1 tablespoon chopped fresh', 'parsley')]"
Basic Coquito,"[('0.5 teaspoon ground', 'cinnamon'), ('1 (14 ounce) can', 'sweetened condensed milk'), ('1 (14 ounce) can', 'cream of coconut'), ('1 (14 ounce) can', 'coconut milk'), ('1 (12 fluid ounce) can', 'evaporated milk'), ('1.5 cups', 'rum')]"
Ayam Penyet Pedas (Indonesian Spicy Penyet Chicken),"[('5 cloves', 'garlic'), ('3', 'shallots'), ('1.5 inch piece', 'ginger root'), ('1.5 inch piece', 'galangal'), ('0.5 teaspoon ground', 'coriander'), ('2 teaspoons', 'salt'), ('4', 'chicken thighs'), ('1.25 cups', 'water'), ('2', 'salam leaves'), ('3 teaspoons', 'oil'), ('0.5', 'tomato'), ('11 fresh', 'red chile pepper'), ('4 tablespoons', 'key lime juice'), ('1 teaspoon', 'shrimp paste'), ('0.5 teaspoon', 'white sugar'), ('1 bunch', 'lemon basil')]"
Hawaiian Wedding Cake,"[('1 (18.25 ounce) package', 'yellow cake mix'), ('2 (20 ounce) cans', 'pineapple'), ('1 (3.4 ounce) package', 'instant vanilla pudding mix'), ('1 (8 ounce) package', 'cream cheese'), ('1 (8 ounce) container', 'whipped topping'), ('0.5 cup', 'coconut'), ('0.5 cup chopped', 'walnuts'), ('0.5 (10 ounce) jar', 'maraschino cherries')]"
Yakisoba Chicken,"[('0.5 teaspoon', 'sesame oil'), ('1 tablespoon', 'canola oil'), ('2 tablespoons', 'chile paste'), ('2 cloves', 'garlic'), ('4', 'chicken breast halves'), ('0.5 cup', 'soy sauce'), ('1', 'onion'), ('0.5 medium head', 'cabbage'), ('2', 'carrots'), ('8 ounces', 'soba noodles')]"
Swedish Rice Pudding,"[('2 cups', 'water'), ('0.5 cup', 'white rice'), ('2.6666667461395 cups', 'whole milk'), ('3', 'eggs'), ('0.5 cup', 'sugar'), ('1 (4-serving size) package', 'vanilla pudding mix'), ('1 tablespoon', 'butter'), ('0.5 teaspoon', 'vanilla extract'), ('0.5 teaspoon', 'salt')]"
Lingonberry Jam,"[('2.25 pounds fresh', 'lingonberries'), ('0.875 cup', 'water'), ('1 cup', 'sugar')]"
Perogies,"[('2 cups', 'all-purpose flour'), ('0.66666698455811 cup cold', 'water'), ('1 large', 'egg'), ('1 teaspoon', 'salt'), ('5 pounds', 'potatoes'), ('1 pound', 'bacon'), ('1 cup shredded', 'Cheddar cheese'), ('to taste', 'salt and pepper'), ('0.25 pound', 'bacon'), ('1 (32 ounce) jar', 'sauerkraut'), ('3 tablespoons', 'sour cream')]"
Classic Cuban-Style Picadillo,"[('1 tablespoon', 'olive oil'), ('1 small', 'onion'), ('0.5', 'green bell pepper'), ('1 clove', 'garlic'), ('1 pound', 'ground beef'), ('1 (8 ounce) can', 'tomato sauce'), ('6 large', 'green olives'), ('0.5 cup', 'raisins'), ('1 tablespoon', 'capers'), ('2 (1.41 ounce) packages', 'sazon seasoning'), ('1 tablespoon ground', 'cumin'), ('1 teaspoon', 'sugar'), ('to taste', 'salt')]"
Brazilian Cheese Bread (Pao de Queijo),"[('0.5 cup', 'olive oil or butter'), ('0.33333334326744 cup', 'water'), ('0.33333334326744 cup', 'milk or soy milk'), ('1 teaspoon', 'salt'), ('2 cups', 'tapioca flour'), ('2 teaspoons minced', 'garlic'), ('0.66666668653488 cup freshly grated', 'Parmesan cheese'), ('2 beaten', 'eggs')]"
Polish Cherry Cake,"[('1 cup', 'sugar'), ('2.5 cups', 'all-purpose flour'), ('1 tablespoon', 'baking powder'), ('1 teaspoon', 'baking soda'), ('1 tablespoon', 'butter'), ('2 cups pitted', 'sweet cherries'), ('1 tablespoon', 'sugar'), ('0.5 cup', 'olive oil'), ('4', 'eggs'), ('1 (6 ounce) container', 'yogurt'), ('1 tablespoon', 'olive oil')]"
Swedish Cream Wafers,"[('1 cup', 'butter'), ('0.33333298563957 cup', 'heavy whipping cream'), ('2 cups sifted', 'all-purpose flour'), ('0.33333298563957 cup', 'sugar'), ('0.25 cup', 'butter'), ('0.75 cup sifted', ""confectioners' sugar""), ('1', 'egg yolk'), ('1 teaspoon', 'vanilla extract'), ('2 drops', 'red food coloring')]"
Bulgogi (Korean BBQ),"[('1 cup', 'soy sauce'), ('0.5 cup', 'pear juice or white wine'), ('3 tablespoons', 'sugar'), ('2 tablespoons chopped', 'garlic'), ('1 teaspoon', 'sesame oil'), ('1 teaspoon', 'sesame seeds'), ('1 tablespoon ground', 'black pepper'), ('1 teaspoon', 'monosodium glutamate'), ('1 (2 pound)', 'beef rump roast'), ('1', 'onion')]"
Feijoada,"[('1.5 pounds', 'beef tongue'), ('1 quart', 'water'), ('1 (12 ounce) bag', 'black beans'), ('4 ounces dried', 'beef'), ('1', 'chourico'), ('4 ounces', 'bacon'), ('1 tablespoon', 'vegetable oil'), ('1 clove', 'garlic'), ('1', 'onion'), ('2', 'jalapeno peppers'), ('1 large', 'tomato'), ('0.125 teaspoon', 'salt'), ('1 pinch', 'cayenne pepper'), ('1 large', 'orange')]"
Paella,"[('5 (4 ounce) links', 'hot Italian sausage'), ('5 (4 ounce) links', 'mild Italian sausage'), ('15 raw', 'chicken tenders'), ('2 pounds large', 'shrimp'), ('1', 'onion'), ('1', 'green bell pepper'), ('1 large stalk', 'celery'), ('2 cloves', 'garlic'), ('2 cups uncooked', 'long grain rice'), ('2 (14.5 ounce) cans', 'tomatoes'), ('2', 'bay leaves'), ('2 teaspoons', 'salt'), ('1 teaspoon dried', 'oregano'), ('0.75 teaspoon ground', 'turmeric'), ('3.5 cups', 'chicken broth')]"
Sfoof (Lebanese Semolina Turmeric Cake),"[('1.5 cups', 'semolina flour'), ('0.5 cup', 'all-purpose flour'), ('1 teaspoon ground', 'turmeric'), ('1.5 teaspoons', 'baking powder'), ('1.125 cups', 'white sugar'), ('1 cup', 'milk'), ('0.5 cup', 'vegetable oil'), ('1 tablespoon', 'pine nuts')]"
Pastel de Papas (Chilean Potato Pie),"[('5 cups', 'potatoes'), ('2 tablespoons', 'butter'), ('to taste', 'salt'), ('2 large', 'eggs'), ('0.5 cup', 'vegetable oil'), ('1 medium', 'onion'), ('1 clove', 'garlic'), ('2 medium', 'tomatoes'), ('1 tablespoon', 'tomato paste'), ('1 pound', 'beef'), ('2 tablespoons shredded', 'Panquehue cheese'), ('0.5 teaspoon chopped fresh', 'parsley'), ('1 pinch', 'cayenne pepper'), ('to taste', 'salt and black pepper')]"
Quick Blender Carrot Cake,"[('2', 'carrots'), ('2 cups', 'white sugar'), ('1 cup', 'rapeseed oil'), ('4', 'eggs'), ('3 cups', 'all-purpose flour'), ('1 tablespoon', 'baking powder')]"
Linzer Cookies,"[('2 cups', 'all-purpose flour'), ('0.5 teaspoon', 'baking soda'), ('0.25 teaspoon', 'salt'), ('0.25 teaspoon', 'cinnamon'), ('0.75 cup', 'sugar'), ('0.5 cup', 'butter'), ('0.25 cup', 'egg substitute'), ('1 teaspoon', 'vanilla extract'), ('0.25 cup', 'raspberry jam'), ('1 tablespoon', ""confectioners' sugar"")]"
Oven-Baked Kofta Kebabs (Pakistani-Style),"[('2 tablespoons', 'vegetable oil'), ('1 large', 'onion'), ('1 pound', 'ground beef'), ('1', 'egg'), ('1 tablespoon', 'yogurt'), ('1 tablespoon', 'garlic paste'), ('1 tablespoon', 'ginger paste'), ('1 teaspoon ground', 'coriander'), ('1.5 teaspoons', 'salt'), ('1 teaspoon ground', 'red pepper'), ('1.5 teaspoons', 'cumin seeds'), ('1 cup', 'tomato sauce'), ('1 teaspoon', 'salt')]"
Tyrolean Nut Cake (Tiroler Nusskuchen),"[('0.875 cup', 'unsalted butter'), ('0.25 cup', 'bread crumbs'), ('6', 'eggs'), ('0.875 cup', 'white sugar'), ('3 teaspoons', 'vanilla sugar'), ('0.75 cup', 'white wine'), ('1 cup', 'all-purpose flour'), ('2 teaspoons', 'cinnamon'), ('1 teaspoon', 'baking powder'), ('1 pinch', 'salt'), ('1.5 cups ground', 'hazelnuts'), ('0.75 cup', 'chocolate chips')]"
Korean-Style Cucumber Salad,"[('0.25 cup', 'white vinegar'), ('0.25 teaspoon', 'black pepper'), ('0.5 teaspoon', 'red pepper flakes'), ('1 teaspoon', 'vegetable oil'), ('2 tablespoons', 'sesame seeds'), ('1', 'cucumber'), ('0.5', 'green onion'), ('0.5', 'carrot')]"
Tarte aux Pommes Normande (French Apple Tart),"[('1.3333333730698 cups', 'all-purpose flour'), ('1 pinch', 'salt'), ('0.5 cup', 'butter'), ('1', 'egg yolk'), ('3 tablespoons cold', 'water'), ('0.5 cup', 'butter'), ('0.5 cup', 'sugar'), ('1', 'egg'), ('1', 'egg yolk'), ('1 tablespoon', 'apple brandy'), ('0.66666668653488 cup ground', 'almonds'), ('2 tablespoons', 'all-purpose flour'), ('4 medium', 'apples'), ('1 teaspoon', 'white sugar'), ('0.25 cup', 'apricot jelly')]"
Gluehwein (German Mulled Wine),"[('1 gallon', 'red wine'), ('8 (3 inch)', 'cinnamon sticks'), ('12 whole', 'cloves'), ('0.75 cup', 'white sugar'), ('0.5 cup fresh-squeezed', 'lemon juice'), ('1', 'orange')]"
Classic Spanish Sangria,"[('1', 'orange'), ('1', 'lemon'), ('1', 'lime'), ('1 (750 milliliter) bottle', 'dry red wine'), ('1.5 cups', 'rum'), ('1 cup', 'orange juice'), ('0.5 cup', 'sugar')]"
Dash&#39;s Donair,"[('1 teaspoon', 'salt'), ('1 teaspoon ground', 'oregano'), ('1 teaspoon', 'all-purpose flour'), ('0.5 teaspoon ground', 'black pepper'), ('0.5 teaspoon', 'Italian seasoning'), ('0.5 teaspoon', 'garlic powder'), ('0.5 teaspoon', 'onion powder'), ('0.25 teaspoon', 'cayenne pepper'), ('1 pound', 'beef'), ('1 (12 fluid ounce) can', 'evaporated milk'), ('0.75 cup', 'white sugar'), ('2 teaspoons', 'garlic powder'), ('4 teaspoons', 'white vinegar')]"
Danish Ebelskiver,"[('3', 'eggs'), ('2 cups', 'half-and-half cream'), ('2 teaspoons', 'white sugar'), ('0.5 teaspoon', 'salt'), ('2 cups', 'all-purpose flour'), ('1 teaspoon', 'baking powder'), ('1 teaspoon', 'baking soda'), ('1 teaspoon', 'cinnamon'), ('1 tablespoon melted, or as needed', 'butter')]"
Chinese Black Bean Sauce,"[('8 ounces dried fermented', 'black beans'), ('1.5 cups', 'vegetable oil'), ('4', 'Thai chiles'), ('1 medium', 'shallot'), ('1 (2 inch) piece', 'ginger'), ('3 cloves', 'garlic'), ('3 tablespoons', 'tamari'), ('2 tablespoons', 'Shaoxing rice wine'), ('1 teaspoon', 'brown sugar'), ('0.5 teaspoon ground', 'Sichuan pepper'), ('0.5 teaspoon', 'Chinese five-spice powder'), ('1 teaspoon', 'sesame oil')]"
Donair,"[('1.5 pounds', 'ground beef'), ('0.33333334326744 cup', 'bread crumbs'), ('1.5 teaspoons', 'paprika'), ('1 teaspoon', 'cayenne pepper'), ('1 teaspoon', 'onion powder'), ('1 teaspoon', 'garlic powder'), ('1 teaspoon ground', 'black pepper'), ('0.5 teaspoon', 'salt'), ('0.66666668653488 cup', 'nonfat evaporated milk'), ('0.66666668653488 cup', 'sugar'), ('0.33333334326744 cup', 'vinegar'), ('6', 'pita bread rounds'), ('3', 'tomatoes'), ('1 large', 'onion')]"
Danish Rugbrod (Rye Bread) for the Bread Machine,"[('1.5 cups', 'water'), ('1 tablespoon', 'honey'), ('1 tablespoon', 'butter'), ('1 teaspoon', 'salt'), ('2 cups', 'rye flour'), ('1 cup', 'all-purpose flour'), ('1 cup', 'whole wheat flour'), ('0.25 cup', 'rye flakes'), ('1 tablespoon', 'sugar'), ('2 teaspoons', 'bread machine yeast')]"
Mansaka,"[('1 tablespoon', 'shortening'), ('1.5 pounds', 'ground beef'), ('2 cups sliced', 'onion'), ('1 clove', 'garlic'), ('1 tablespoon', 'all-purpose flour'), ('1.5 teaspoons', 'salt'), ('0.25 teaspoon ground', 'black pepper'), ('1 teaspoon', 'Sugar'), ('1 teaspoon dried', 'basil'), ('0.5 teaspoon ground', 'cinnamon'), ('0.5 teaspoon dried', 'oregano'), ('1 (4 ounce) can', 'mushrooms'), ('1 (15 ounce) can', 'tomato sauce'), ('4', 'potatoes'), ('1 cup shredded', 'Swiss cheese')]"
Kafta (BBQ),"[('1.5 pounds', 'ground beef'), ('1 medium', 'onion'), ('0.5 cup finely chopped fresh', 'parsley'), ('0.25 teaspoon', 'cayenne pepper'), ('0.25 teaspoon ground', 'allspice'), ('1 teaspoon', 'salt'), ('0.25 teaspoon', 'black pepper'), ('6', 'skewers')]"
Hot Banana Salsa,"[('1 large', 'banana'), ('0.5 cup', 'red bell pepper'), ('0.5 cup', 'green bell pepper'), ('0.5 cup', 'yellow bell pepper'), ('3 tablespoons chopped fresh', 'cilantro'), ('2 green', 'onions'), ('2 tablespoons fresh', 'lime juice'), ('1 tablespoon', 'brown sugar'), ('2 teaspoons minced', 'ginger root'), ('2 teaspoons', 'olive oil'), ('1 teaspoon minced', 'habanero pepper'), ('to taste', 'salt')]"
Pakistani Lentil Curry,"[('0.75 cup', 'brown lentils'), ('0.25 cup', 'red lentils'), ('4 cups', 'water'), ('5 whole', 'garlic cloves'), ('0.75 teaspoon', 'salt'), ('0.5 teaspoon ground', 'coriander'), ('0.5 teaspoon', 'cayenne pepper'), ('0.25 teaspoon ground', 'turmeric'), ('2 tablespoons', 'butter'), ('0.25', 'onion'), ('1 teaspoon ground', 'cumin'), ('0.125 cup', 'milk'), ('1 tablespoon minced fresh', 'cilantro')]"
Easy Sheet Pan Beef Bulgogi,"[('1.5 pounds', 'flat iron steak'), ('0.25 cup', 'soy sauce'), ('1 tablespoon', 'brown sugar'), ('1 tablespoon', 'fish sauce'), ('1 tablespoon minced', 'ginger'), ('1 tablespoon', 'sesame oil'), ('1 tablespoon', 'chile paste'), ('2 teaspoons', 'sesame seeds'), ('2 cloves', 'garlic'), ('cooking', 'spray'), ('1', 'onion'), ('1 (8 ounce) package', 'sugar snap peas'), ('2 tablespoons', 'olive oil'), ('1 pinch', 'salt'), ('1 bunch', 'green onions')]"
Easy Portuguese Cookies,"[('2 tablespoons', 'cornstarch'), ('1 cup', 'sugar'), ('3 tablespoons', 'butter'), ('2', 'eggs'), ('2.5 cups', 'all-purpose flour'), ('2 teaspoons', 'baking powder')]"
Pisang Goreng (Indonesian Banana Fritters),"[('1.25 cups', 'all-purpose flour'), ('2 tablespoons', 'granulated sugar'), ('0.25 tablespoon', 'vanilla powder'), ('0.5 cup', 'milk'), ('1', 'egg'), ('2 tablespoons', 'butter'), ('1 teaspoon', 'rum flavoring'), ('4 ripe', 'bananas'), ('2 cups', 'oil')]"
Kabob Koobideh (Persian Ground Meat Kabobs),"[('2', 'onions'), ('', 'cheesecloth'), ('1 pound', 'lamb'), ('1 pound', 'beef'), ('1', 'green onion'), ('2 teaspoons', 'baking powder'), ('1 teaspoon', 'salt'), ('1 teaspoon ground', 'black pepper'), ('1 teaspoon', 'sumac powder'), ('0.5 teaspoon ground', 'turmeric'), ('2', 'eggs'), ('8 (10 inch)', 'metal skewers')]"
Sambal Sauce,"[('1', 'tomato'), ('1 bulb', 'garlic'), ('0.5', 'onion'), ('1 cup chopped', 'serrano chiles'), ('2 tablespoons', 'white sugar'), ('2 tablespoons', 'salt'), ('2 tablespoons fresh', 'lime juice'), ('1 tablespoon', 'belacan shrimp paste'), ('2 tablespoons', 'vegetable oil'), ('2', 'lemongrass'), ('2 fresh', 'curry leaves'), ('1 (1/2 inch) piece', 'galangal'), ('2 tablespoons', 'tamarind juice')]"
Air Fryer Spanish Tortilla,"[('1 large', 'potato'), ('1 tablespoon extra-virgin', 'olive oil'), ('0.125 cup', 'leek'), ('5', 'eggs'), ('0.25 cup grated', 'Pecorino Romano cheese'), ('salt and ground black pepper to taste', ''), ('0.125 cup chopped fresh flat-leaf', 'parsley')]"
Ginger Malva Pudding,"[('1 cup', 'sugar'), ('1', 'egg'), ('1 tablespoon', 'butter'), ('1 tablespoon', 'apricot jam'), ('1 tablespoon', 'white vinegar'), ('2 teaspoons', 'ginger'), ('1 teaspoon', 'baking soda'), ('1 cup', 'milk'), ('1 cup', 'all-purpose flour'), ('1 cup', 'milk'), ('0.5 cup', 'butter'), ('0.5 cup', 'sugar'), ('0.25 cup', 'water')]"
Sautéed Fiddleheads,"[('3 cups fresh', 'fiddlehead ferns'), ('3 tablespoons unfiltered extra-virgin', 'olive oil'), ('1 clove', 'garlic'), ('0.5 teaspoon', 'sea salt'), ('0.5 teaspoon', 'black pepper'), ('1 tablespoon', 'lemon juice')]"
Abade Prisco&#39;s Pudding,"[('1 cup', 'sugar'), ('0.5 cup', 'water'), ('1 tablespoon', 'water'), ('2 cups', 'water'), ('2 cups', 'white sugar'), ('4 slices', 'bacon'), ('2', 'cinnamon sticks'), ('peels from 2', 'lemons'), ('15', 'egg yolks'), ('0.5 cup', 'port wine')]"
Watermelon Agua Fresca,"[('4 cups cubed seeded', 'watermelon'), ('0.5 cup', 'water'), ('0.5 cup', 'sugar'), ('4 slices', 'lime'), ('24 fresh', 'mint leaves'), ('8 cups', 'ice')]"
Easy 5-Ingredient Pumpkin Soup,"[('2 pounds', 'pumpkin'), ('4 cups', 'chicken broth'), ('1 teaspoon', 'sugar'), ('to taste', 'salt and freshly ground black pepper'), ('1 (5.3 ounce) container', 'Greek yogurt')]"
Indonesian Pork Satay,"[('2 cloves', 'garlic'), ('0.5 cup chopped', 'green onions'), ('1 tablespoon', 'ginger root'), ('1 cup', 'Spanish peanuts'), ('2 tablespoons', 'lemon juice'), ('2 tablespoons', 'honey'), ('0.5 cup', 'soy sauce'), ('2 teaspoons crushed', 'coriander seed'), ('1 teaspoon', 'red pepper flakes'), ('0.5 cup', 'chicken broth'), ('0.5 cup melted', 'butter'), ('1.5 pounds', 'pork tenderloin'), (None, 'skewers')]"
Chef John&#39;s Crème Fraîche,"[('2 cups', 'heavy cream'), ('3 tablespoons', 'cultured buttermilk')]"
Portuguese Steamed Clams,"[('5 pounds', 'clams'), ('1.5 pounds', 'chorizo'), ('1 large', 'onion'), ('1 (14.5 ounce) can', 'tomatoes'), ('2 cups', 'white wine'), ('0.25 cup', 'olive oil')]"
Chilean Pebre,"[('0.5 cup chopped', 'cilantro'), ('0.25 cup', 'olive oil'), ('0.25 cup', 'red wine vinegar'), ('1', 'tomato'), ('1 small', 'onion'), ('1', 'lemon'), ('2', 'chile peppers'), ('2 tablespoons minced', 'garlic'), ('to taste', 'salt and pepper')]"
Lebanese Mountain Bread,"[('1.5 cups', 'bread flour'), ('1 teaspoon', 'active dry yeast'), ('1 teaspoon', 'sugar'), ('0.5 cup warm', 'water'), ('1 tablespoon', 'olive oil'), ('0.75 teaspoon', 'kosher salt')]"
Sharlotka,"[('2', 'Granny Smith apples'), ('5', 'eggs'), ('1 cup', 'sugar'), ('1 cup', 'all-purpose flour'), ('0.25 cup', 'sour cream'), ('1 teaspoon', 'salt'), ('0.5 teaspoon', 'baking powder'), ('1 teaspoon', 'vanilla extract')]"
Peruvian Arroz con Pollo (Peruvian Rice and Chicken),"[('3 skinless, boneless', 'chicken breasts'), ('salt and ground black pepper to taste', ''), ('0.5 cup', 'vegetable oil'), ('0.5 red', 'onion'), ('3 cloves', 'garlic'), ('1.5 bunches', 'cilantro leaves'), ('1 tablespoon', 'aji amarillo chile paste'), ('0.5 cup', 'chicken broth'), ('1', 'red bell pepper'), ('2.5 cups', 'water'), ('2 cups uncooked', 'white rice'), ('1 (10 ounce) package', 'peas and carrots')]"
Kielbasa,"[('1 pound', 'pork'), ('8 ounces', 'ground beef'), ('2 teaspoons minced', 'garlic'), ('1 tablespoon', 'salt'), ('1 tablespoon', 'brown sugar'), ('1 teaspoon', 'black pepper'), ('1 teaspoon fresh', 'marjoram'), ('0.5 teaspoon ground', 'allspice'), ('0.5 teaspoon', 'liquid smoke flavoring'), ('12', 'sausage casings')]"
Polish Noodles (Cottage Cheese and Noodles),"[('0.5 cup', 'butter'), ('1 small', 'onion'), ('1 (16 ounce) package', 'egg noodles'), ('1 (16 ounce) container', 'cottage cheese'), ('0.5 cup', 'sour cream'), ('0.5 teaspoon', 'sea salt'), ('0.25 teaspoon ground', 'black pepper')]"
"Filipino Steamed Rice, Cebu Style","[('1 pound', 'pork belly'), ('2 teaspoons', 'Chinese cooking wine'), ('1 teaspoon', 'oyster sauce'), ('1 teaspoon', 'cornstarch'), ('0.5 teaspoon', 'sesame oil'), ('0.25 teaspoon', 'salt'), ('1 pinch', 'black pepper'), ('1 teaspoon', 'vegetable oil'), ('1 tablespoon minced', 'garlic'), ('0.5 tablespoon', 'shallots'), ('3 cups', 'water'), ('1 tablespoon', 'light soy sauce'), ('0.25 teaspoon', 'dark soy sauce'), ('0.25 pound', 'shrimp'), ('1 tablespoon', 'cornstarch'), ('3 tablespoons', 'water'), ('2 tablespoons', 'peas'), ('2 tablespoons', 'vegetable oil'), ('2 tablespoons minced', 'garlic'), ('2 cups cooked', 'jasmine rice'), ('1 teaspoon', 'oyster sauce'), ('1 teaspoon', 'light soy sauce'), ('3 drops', 'sesame oil')]"
Rich and Simple French Onion Soup,"[('0.5 cup', 'unsalted butter'), ('2 tablespoons', 'olive oil'), ('4 cups sliced', 'onions'), ('5 cups', 'beef broth'), ('2 tablespoons', 'sherry'), ('1 teaspoon', 'thyme'), ('1 pinch', 'salt and pepper'), ('4 slices', 'French bread'), ('4 slices', 'provolone cheese'), ('2 slices', 'Swiss cheese'), ('0.25 cup grated', 'Parmesan cheese')]"
Nong&#39;s Khao Man Gai,"[('2 quarts', 'water'), ('1 (3 pound)', 'chicken'), ('1 cup chopped fresh', 'ginger root'), ('1 head', 'garlic'), ('1 tablespoon', 'sugar'), ('1 teaspoon', 'salt'), ('1 tablespoon', 'coconut oil'), ('4 pieces', 'ginger'), ('3', 'pandan leaves'), ('1 tablespoon chopped', 'garlic'), ('1 tablespoon chopped', 'shallots'), ('2 cups uncooked', 'jasmine rice'), ('2 cups', 'chicken broth'), ('4 red', 'Thai chile peppers'), ('1 head', 'garlic'), ('0.5 cup', 'fermented soybeans'), ('0.33333334326744 cup peeled, roughly chopped', 'ginger'), ('0.33333334326744 cup', 'white vinegar'), ('0.33333334326744 cup', 'soy sauce'), ('1 bunch', 'cilantro'), ('1 cup', 'cucumber')]"
"Gambas Pil Pil (Prawns, Chilean Style)","[('10 cloves', 'garlic'), ('0.5 cup', 'grapeseed oil or olive oil'), ('1.5 pounds large', 'shrimp'), ('1', 'cacho de cabra pepper'), ('3 tablespoons', 'pisco or brandy'), ('to taste', 'salt'), ('to taste', 'cayenne pepper'), ('1', 'lime')]"
Za&#39;atar Bread,"[('1 (.25 ounce) package', 'active dry yeast'), ('2 cups warm', 'water'), ('6 cups', 'bread flour'), ('1 tablespoon', 'salt'), (None, ""4 tablespoons za'atar""), ('4 tablespoons', 'olive oil')]"
Red Lentil Curry,"[('2 cups', 'red lentils'), ('3 cups', 'water'), ('1 tablespoon', 'vegetable oil'), ('1 large', 'onion'), ('2 tablespoons', 'curry paste'), ('1 tablespoon', 'curry powder'), ('1 teaspoon ground', 'turmeric'), ('1 teaspoon ground', 'cumin'), ('1 teaspoon', 'chili powder'), ('1 teaspoon', 'salt'), ('1 teaspoon', 'sugar'), ('1 teaspoon minced', 'garlic'), ('1 teaspoon minced fresh', 'ginger'), ('1 (14.25 ounce) can', 'tomato puree')]"
Bánh Xèo (Vietnamese Crêpes),"[('1 cup', 'rice flour'), ('0.5 teaspoon', 'white sugar'), ('0.5 teaspoon', 'salt'), ('0.25 teaspoon ground', 'turmeric'), ('1 cup', 'coconut milk'), ('0.5 cup', 'water'), ('2 tablespoons', 'vegetable oil'), ('2 tablespoons minced', 'shallot'), ('2 cloves', 'garlic'), ('0.75 pound', 'shrimp'), ('2 tablespoons', 'fish sauce'), ('to taste', 'salt'), ('1 pound', 'mung bean sprouts'), ('4', 'lettuce leaves')]"
Pork and Black Bean Stew,"[('2 tablespoons', 'vegetable oil'), ('1 large', 'onion'), ('1 teaspoon minced', 'garlic'), ('1 (12 ounce)', 'pork tenderloin'), ('1 (19 ounce) can', 'black beans'), ('0.25 cup', 'water'), ('3', 'chorizo sausages'), ('1.5 cups', 'chicken stock'), ('2', 'bay leaves'), ('to taste', 'salt and pepper')]"
Semla (Swedish Fat Tuesday Buns),"[('1 cup warm', 'milk'), ('1 package', 'active dry yeast'), ('1.33 cups', 'all-purpose flour'), ('2 cups', 'all-purpose flour'), ('7 tablespoons', 'unsalted butter'), ('0.66 cup', 'sugar'), ('1 large', 'egg'), ('2.5 teaspoons ground', 'cardamom'), ('1 teaspoon', 'kosher salt'), ('1 large', 'egg'), ('1 teaspoon', 'water'), ('14 ounces', 'almond paste'), ('0.5 cup', 'sugar'), ('0.33 cup', 'milk'), ('1 teaspoon', 'cardamom'), ('1.5 cups', 'heavy cream'), ('2 tablespoons', 'sugar')]"
Filipino Avocado Milkshake,"[('1 medium', 'avocado'), ('1.3333333730698 cups', 'milk'), ('1 scoop', 'vanilla ice cream'), ('5 cubes', 'ice'), ('3 tablespoons', 'sugar'), ('1 teaspoon fresh', 'lemon or lime juice')]"
Danish Oven Pancake (Aeggekage),"[('8', 'eggs'), ('2 cups', 'milk'), ('2 teaspoons', 'white sugar'), ('1.5 teaspoons', 'salt'), ('2 cups', 'all-purpose flour'), ('0.5 cup', 'butter'), ('2 cups fresh or frozen', 'mixed berries'), ('1 tablespoon', 'lemon juice'), (None, ""confectioners' sugar for dusting""), ('whipped', 'cream')]"
Apple Danish with Crescent Roll Dough,"[('cooking', 'spray'), ('0.5 cup', 'brown sugar'), ('1 teaspoon ground', 'cinnamon'), ('2 (8 ounce) packages', 'crescent roll dough'), ('2 (8 ounce) packages', 'cream cheese'), ('0.5 cup', 'sugar'), ('1 teaspoon', 'vanilla extract'), ('1 (20 ounce) can', 'apple pie filling'), ('0.5 cup', 'unsalted butter')]"
Pakistani Spicy Chickpeas,"[('2 tablespoons', 'vegetable oil'), ('1 teaspoon', 'cumin seeds'), ('0.5 teaspoon', 'salt'), ('0.5 teaspoon', 'chili powder'), ('0.5 teaspoon', 'lemon pepper'), ('2', 'tomatoes'), ('2 (15 ounce) cans', 'garbanzo beans'), ('1 tablespoon', 'lemon juice'), ('1', 'onion')]"
The Best Thai Curry-Peanut Sauce,"[('1 tablespoon', 'vegetable oil'), ('1.5 tablespoons minced', 'garlic'), ('2 tablespoons', 'red curry paste'), ('1.25 cups', 'peanut butter'), ('0.75 cup', 'brown sugar'), ('0.5 teaspoon', 'chili powder'), ('0.5 teaspoon', 'cayenne pepper'), ('0.5 tablespoon', 'fish sauce'), ('1 teaspoon', 'sesame oil'), ('3 (13.5 ounce) cans', 'coconut milk')]"
Alfajores Argentinean Style,"[('2.5 cups', 'cornstarch'), ('1.6666666269302 cups', 'unbleached all-purpose flour'), ('2 teaspoons', 'baking powder'), ('0.5 teaspoon', 'baking soda'), ('1 cup', 'butter'), ('0.75 cup', 'white sugar'), ('3', 'egg yolks'), ('2 teaspoons', 'lemon zest'), ('1 teaspoon', 'vanilla rum'), ('0.5 teaspoon', 'vanilla extract'), ('0.5 teaspoon', 'lemon extract'), ('1 (11.5 ounce) jar', 'dulce de leche'), ('0.5 cup unsweetened shredded', 'coconut')]"
Peach Bellini,"[('0.25 cup', 'peaches'), ('4 fluid ounces', 'champagne'), ('1', 'peach slice')]"
Brazilian Collards,"[('0.5 pound', 'bacon'), ('1', 'onion'), ('2 pounds', 'collard greens'), ('1 cup', 'chicken stock'), ('1 teaspoon', 'cayenne pepper'), ('2 tablespoons', 'red wine vinegar')]"
Lamb Shawarma,"[('0.5 cup', 'yogurt'), ('0.25 cup', 'water'), ('2 tablespoons fresh', 'lemon juice'), ('1 tablespoon', 'distilled white vinegar'), ('1 tablespoon', 'olive oil'), ('0.5 cup chopped', 'onion'), ('2 cloves', 'garlic'), ('1 tablespoon', 'salt'), ('0.5 teaspoon ground', 'black pepper'), ('0.5 teaspoon ground', 'cumin'), ('0.125 teaspoon ground', 'nutmeg'), ('0.125 teaspoon ground', 'cloves'), ('0.75 teaspoon', 'mace'), ('1 teaspoon', 'cayenne pepper'), ('5 pounds', 'lamb shoulder')]"
Dad&#39;s New Zealand Mince Stew,"[('1 tablespoon', 'vegetable oil'), ('3 large', 'onions'), ('2 pounds', 'ground beef'), ('2 cloves', 'garlic'), ('1 cup', 'water'), ('2 cups', 'ketchup'), ('1 cup', 'beef stock'), ('2 tablespoons', 'teriyaki sauce'), ('3 tablespoons', 'black pepper'), ('1 tablespoon', 'curry powder'), ('1 teaspoon', 'garlic powder'), ('1 tablespoon', 'onion powder'), ('1 tablespoon', 'all-purpose flour'), ('0.5 cup', 'water')]"
Flapper Pie,"[('1.5 cups', 'graham cracker crumbs'), ('0.5 cup', 'sugar'), ('0.5 cup', 'butter'), ('1 tablespoon', 'cinnamon'), ('3 cups', 'milk'), ('0.5 cup', 'sugar'), ('0.25 cup', 'cornstarch'), ('3', 'egg yolks'), ('1 teaspoon', 'vanilla extract'), ('3', 'egg whites'), ('2 tablespoons', 'white sugar')]"
Easy Chinese Fried Noodles,"[('2 (3 ounce) packages', 'soy sauce-flavored ramen noodles'), ('2 tablespoons', 'vegetable oil'), ('3 large', 'eggs'), ('2 teaspoons', 'vegetable oil'), ('4', 'green onions'), ('1 small', 'carrot'), ('0.5 cup', 'green peas'), ('0.25 cup', 'red bell pepper'), ('2 tablespoons', 'sesame oil'), ('1 teaspoon', 'sesame oil'), ('1 teaspoon', 'soy sauce')]"
Brazilian Chicken Stew (Galinha Ensopada),"[('1 tablespoon', 'vegetable oil'), ('1 tablespoon', 'sugar'), ('2 pounds', 'chicken thighs'), ('1 tablespoon', 'salt'), ('1 teaspoon ground', 'black pepper'), ('1 large', 'onion'), ('0.5 (14.5 ounce) can', 'petite diced tomatoes'), ('1 cup', 'chicken broth')]"
Feijoada Nordestino (Northeastern Brazilian Black Bean Stew),"[('0.5 (15 ounce) can', 'black beans'), ('1', 'onion'), ('0.25 pound', 'ham'), ('0.25 pound', 'calabresa'), ('4 cloves', 'garlic'), ('1.5 teaspoons', 'salt'), ('1 tablespoon', 'cumin'), ('0.5 teaspoon ground', 'black pepper'), ('1', 'bay leaf'), ('1.5 teaspoons', 'olive oil'), ('4 leaves', 'collard greens'), ('1.5 cups', 'cassava flour'), ('1.5 teaspoons', 'butter'), ('4 cups cooked', 'white rice'), ('4', 'oranges'), ('0.25 cup coarsely chopped', 'cilantro')]"
Air Fryer Pão de Queijo,"[('0.75 cup', 'sweet manioc starch'), ('0.75 cup', 'sour manioc starch'), ('0.25 cup', 'milk'), ('0.25 cup', 'water'), ('0.25 cup', 'olive oil'), ('1 teaspoon', 'salt'), ('2', 'eggs'), ('0.75 cup shredded', 'Cheddar cheese'), ('0.5 cup finely grated', 'Parmigiano-Reggiano cheese')]"
Rose Pavlova Cakes,"[('3', 'egg whites'), ('1 teaspoon dried', 'rose petal powder'), ('0.5 cup', 'sugar'), ('1 teaspoon', 'vanilla extract'), ('0.5 teaspoon', 'rose extract'), ('1 teaspoon', 'cornstarch'), ('1.5 tablespoons', 'cream cheese'), ('1 cup', 'heavy whipping cream'), ('2 tablespoons', 'white sugar'), ('1 tablespoon dried', 'rose petals')]"
Chicken in Black Bean Sauce,"[('1 tablespoon', 'cornstarch'), ('1 tablespoon', 'water'), ('1 tablespoon', 'soy sauce'), ('1.5 teaspoons', 'white sugar'), ('1 teaspoon', 'salt'), ('6 skinless, boneless', 'chicken breast halves'), ('1 cup', 'bean sprouts'), ('1/4 cup', 'water'), ('2 teaspoons', 'oyster sauce'), ('1 teaspoon', 'sugar'), ('1 tablespoon', 'vegetable oil'), ('3 tablespoons', 'black bean sauce with garlic'), ('1 tablespoon chopped', 'garlic'), ('1', 'onion'), ('0.5', 'bell pepper'), ('2 teaspoons', 'cornstarch'), ('1 tablespoon', 'water')]"
Meat Pie,"[('1 medium', 'potato'), ('0.5 pound', 'beef'), ('0.5 pound', 'pork'), ('0.5 cup chopped', 'onion'), ('0.33333334326744', 'garlic'), ('0.5 teaspoon', 'mustard powder'), ('0.5 teaspoon', 'thyme'), ('0.25 teaspoon', 'sage'), ('0.25 teaspoon ground', 'cloves'), ('1 teaspoon', 'salt'), ('0.25 teaspoon ground', 'black pepper'), ('0.25 cup', 'water'), ('1 (15 ounce) package', 'refrigerated pie crusts')]"
Cucumber and Avocado Sushi,"[('1.25 cups', 'water'), ('1 cup uncooked', 'glutinous white rice'), ('3 tablespoons', 'rice vinegar'), ('1 pinch', 'salt'), ('4 sheets', 'nori'), ('0.5 medium', 'cucumber'), ('1 medium', 'avocado')]"
Orange Pikelets,"[('0.33333334326744 cup', 'orange juice'), ('1.5 tablespoons', 'orange juice'), ('0.25 cup', 'sugar'), ('0.75 cup', 'self-rising flour'), ('2 tablespoons', 'self-rising flour'), ('1 pinch', 'salt'), ('cooking', 'spray')]"
Easy Portuguese Bean Soup,"[('0.5 pound', 'chorizo sausage'), ('0.25 cup', 'olive oil'), ('2', 'carrots'), ('1 cup chopped', 'onion'), ('5 stalks', 'celery'), ('5', 'tomatoes'), ('3 small', 'potatoes'), ('3 quarts', 'chicken broth'), ('1.5 tablespoons', 'cayenne pepper'), ('1 (15 ounce) can', 'kidney beans'), ('0.5 cup', 'tomato paste'), ('to taste', 'salt and pepper')]"
Filipino Lechon Kawali,"[('1.5 pounds', 'pork belly'), ('3 cloves', 'garlic'), ('2', 'bay leaves'), ('0.5 teaspoon', 'salt'), ('0.5 teaspoon ground', 'black pepper'), ('2 cups', 'oil')]"
Vegetarian Borscht,"[('2 small', 'beets'), ('3 tablespoons', 'vinegar'), ('2 tablespoons', 'vegetable oil'), ('1', 'onion'), ('2', 'carrot'), ('8 cups', 'water'), ('0.75 cup', 'yellow lentils'), ('0.25 medium head', 'cabbage'), ('3 medium', 'potatoes'), ('to taste', 'salt and pepper'), ('2 tablespoons', 'tomato paste'), ('2 tablespoons', 'sour cream'), ('2 tablespoons chopped fresh', 'dill')]"
Holland Butter Cookies,"[('2 cups', 'butter'), ('3 cups', 'all-purpose flour'), ('1.25 cups', 'white sugar'), ('0.125 teaspoon', 'baking soda')]"
Kransekake (Norwegian Almond Ring Cake),"[('4.3333334922791 cups sifted', ""confectioners' sugar""), ('2.5 cups finely ground blanched', 'almonds'), ('2.5 cups finely ground unblanched', 'almonds'), ('1 teaspoon', 'baking powder'), ('3', 'egg whites'), ('1', 'egg white'), ('2 cups sifted', ""confectioners' sugar""), ('1 teaspoon', 'lemon juice'), ('0.5 teaspoon', 'vanilla extract')]"
Tortilla Española (Spanish Tortilla),"[('0.5 cup', 'olive oil'), ('2 pounds', 'baking potatoes'), ('to taste', 'salt and pepper'), ('2 tablespoons', 'olive oil'), ('2', 'onions'), ('6 large', 'eggs'), ('1 roasted', 'red pepper'), ('3 ounces', 'Spanish serrano ham'), ('2 tablespoons chopped fresh', 'Italian parsley')]"
Polish Egg Salad,"[('1 (8 ounce) package', 'cream cheese'), ('1 tablespoon', 'butter'), ('4 hard-boiled', 'eggs'), ('1 small', 'onion'), ('salt and ground black pepper to taste', ''), ('1 tablespoon chopped fresh', 'parsley')]"
Real Homemade Bologna,"[('3 pounds', 'beef'), ('3 tablespoons', 'sugar-based curing mixture'), ('1 cup', 'water'), ('0.125 teaspoon', 'garlic powder'), ('0.5 teaspoon', 'onion powder'), ('1.5 teaspoons', 'liquid smoke flavoring')]"
Shrimp with Broccoli in Garlic Sauce,"[('2 cups fresh', 'broccoli florets'), ('1 tablespoon', 'water'), ('2 tablespoons', 'peanut oil'), ('4 large cloves', 'garlic'), ('1 cup low-sodium', 'chicken broth'), ('1 tablespoon', 'soy sauce'), ('1 tablespoon', 'oyster sauce'), ('2 teaspoons grated', 'ginger'), ('1 pound', 'shrimp'), ('0.25 cup', 'water chestnuts'), ('2 tablespoons', 'cornstarch')]"
Caramel-Coated Catfish,"[('0.66 cup', 'water'), ('2 tablespoons', 'fish sauce'), ('2 medium', 'shallots'), ('4 cloves', 'garlic'), ('1.5 teaspoons ground', 'black pepper'), ('0.25 teaspoon', 'red pepper flakes'), ('0.33333334326744 cup', 'white sugar'), ('2 pounds', 'catfish fillets'), ('0.5 teaspoon', 'white sugar'), ('1 tablespoon', 'lime juice'), ('1', 'green onion'), ('0.5 cup chopped', 'cilantro')]"
Coquito,"[('1 (12 fluid ounce) can', 'evaporated milk'), ('2 large', 'egg yolks'), ('1 (14 ounce) can', 'cream of coconut'), ('1 (14 ounce) can', 'sweetened condensed milk'), ('0.5 cup', 'white rum'), ('0.5 cup', 'water'), ('1 teaspoon', 'vanilla extract'), ('0.5 teaspoon ground', 'cinnamon'), ('0.25 teaspoon ground', 'cloves')]"
Cape Malay Pickled Fish,"[('0.5 cup', 'vegetable oil'), ('3 pounds', 'cod fillets'), ('to taste', 'salt'), ('2 large', 'onions'), ('2 cloves', 'garlic'), ('1', 'red chile pepper'), ('3 large', 'bay leaves'), ('8 whole', 'black peppercorns'), ('4 whole', 'allspice berries'), ('2 cups', 'red wine vinegar'), ('0.5 cup', 'water'), ('0.5 cup packed', 'brown sugar'), ('2 tablespoons', 'curry powder'), ('2 teaspoons', 'cumin'), ('2 teaspoons ground', 'coriander'), ('1 teaspoon ground', 'turmeric')]"
Curried Beef with Winter Vegetables,"[('0.5 pound', 'beef chuck roast'), ('3 tablespoons', 'olive oil'), ('2', 'onions'), ('2', 'celery ribs'), ('2 (3 inch) pieces', 'ginger root'), ('3 cloves', 'garlic'), ('2 tablespoons', 'curry powder'), ('2 teaspoons', 'coriander powder'), ('1 teaspoon', 'Asian five-spice powder'), ('1 teaspoon ground', 'turmeric'), ('2', 'carrots'), ('2', 'potatoes'), ('2', 'apples'), ('peeled and sliced', 'parsnips'), ('1', 'zucchini'), ('1 cup', 'raisins'), ('1 cup', 'cashews')]"
Pumpkin Soufflé Casserole,"[('0.5 cup', 'sugar'), ('0.5 cup', 'butter'), ('3 large', 'eggs'), ('1.5 cups', 'pumpkin purée'), ('1 cup', 'milk'), ('0.5 cup', 'cake flour'), ('2 teaspoons', 'baking powder'), ('1 pinch', 'cinnamon')]"
"Spicy Indian Green Beans, Gujarati Style","[('1 pound', 'green beans'), ('0.25 cup', 'vegetable oil'), ('4 cloves', 'garlic'), ('1 tablespoon', 'black mustard seed'), ('1 dried', 'red chile pepper'), ('1 teaspoon', 'salt'), ('0.5 teaspoon', 'white sugar'), ('to taste', 'black pepper')]"
Chipas (Argentinean Cheese Bread),"[('cooking', 'spray'), ('1 large', 'egg'), ('0.66666668653488 cup', 'milk'), ('6 ounces shredded', 'Italian cheese blend'), ('3 tablespoons', 'butter'), ('1.75 cups', 'tapioca starch'), ('1 cup', 'self-rising flour')]"
Greek Horiatiki Salad,"[('5 large', 'tomatoes'), ('1 small', 'red onion'), ('to taste', 'sea salt'), ('1.5 teaspoons dried', 'oregano'), ('1 small', 'green bell pepper'), ('0.5 medium', 'cucumber'), ('0.25 cup', 'Greek black olives'), ('3 tablespoons extra-virgin', 'olive oil'), ('1 (8 ounce) package', 'feta cheese')]"
Ash Reshteh (Persian Noodle and Bean Soup),"[('0.33333334326744 cup', 'chickpeas'), ('0.33333334326744 cup dry', 'kidney beans'), ('2 tablespoons', 'olive oil'), ('1 large', 'red onion'), ('1 tablespoon dried', 'mint'), ('2 large', 'yellow onions'), ('6 cloves', 'garlic'), ('2 teaspoons ground', 'turmeric'), ('6 cups', 'vegetable stock'), ('3 bunches', 'scallions'), ('3 cups packed chopped fresh', 'parsley'), ('2 cups packed chopped fresh', 'cilantro'), ('2 cups packed chopped fresh', 'mint'), ('0.5 cup', 'lentils'), ('0.5 pound', 'linguine pasta'), ('1 pound', 'spinach'), ('1 tablespoon', 'all-purpose flour'), ('salt and fresh ground pepper to taste', ''), ('1 cup', 'Greek yogurt')]"
Danish Cabbage,"[('1 large head', 'cabbage'), ('3 cups', 'water'), ('1 cup', 'sour cream'), ('1 teaspoon', 'caraway seeds'), ('0.5 teaspoon', 'salt')]"
Moo Shu Pork,"[('2 tablespoons', 'soy sauce'), ('2 tablespoons', 'white wine'), ('1 teaspoon', 'sesame oil'), ('2 teaspoons', 'cornstarch'), ('1 pound', 'pork tenderloin'), ('1.75 ounces dried', 'shiitake mushrooms'), ('0.5 cup sliced', 'green onions'), ('3 tablespoons minced', 'garlic'), ('2 tablespoons peeled and minced', 'fresh ginger'), ('1 head', 'napa cabbage'), ('3 tablespoons', 'soy sauce'), ('3 tablespoons', 'white wine'), ('0.5 teaspoon', 'cornstarch'), ('0.5 teaspoon', 'white sugar'), ('0.25 teaspoon ground', 'black pepper'), ('1 tablespoon', 'vegetable oil'), ('1 teaspoon', 'sesame oil'), ('2 large', 'eggs'), ('2 tablespoons', 'white wine'), ('1 cup', 'hoisin sauce'), ('1 tablespoon', 'soy sauce'), ('1 teaspoon', 'sesame oil'), ('16', 'Chinese moo shu pancakes')]"
Gluten-Free Sandwich Cookies with Dulce de Leche (Alfajores),"[('2.5 cups', 'cornstarch'), ('1 cup', 'gluten-free all-purpose baking flour'), ('2 teaspoons', 'baking powder'), ('0.5 teaspoon', 'baking soda'), ('1 cup', 'butter'), ('0.75 cup', 'white sugar'), ('3', 'egg yolks'), ('2 teaspoons', 'lemon zest'), ('0.5 teaspoon', 'vanilla extract'), ('1 (11.5 ounce) jar', 'dulce de leche'), ('0.5 cup shredded', 'coconut')]"
Cazuela de Vaca (Beef and Pumpkin Stew),"[('1.5 pounds', 'beef roast'), ('1 (32 ounce) carton', 'beef broth'), ('2 cups', 'water'), ('0.25 cup', 'polenta'), ('8 red', 'potatoes'), ('1', 'onion'), ('1.5 pounds', 'pumpkin'), ('2 ears', 'corn'), ('1', 'carrot'), ('1 small', 'red bell pepper'), ('1 stalk', 'celery'), ('1', 'leek'), ('1 teaspoon minced fresh', 'oregano'), ('0.25 teaspoon', 'paprika'), ('to taste', 'salt and pepper'), ('0.5 cup coarsely chopped', 'cilantro leaves')]"
Kala Chola Pakistani-Style,"[('1.5 cups dry', 'black garbanzo beans'), ('3 cups', 'water'), ('2', 'tomatoes'), ('1', 'onion'), ('4 dried', 'red chile peppers'), ('1', 'jalapeno pepper'), ('3 tablespoons', 'vegetable oil'), ('1 teaspoon', 'salt'), ('0.5 teaspoon ground', 'turmeric'), ('0.5 teaspoon ground', 'red chile pepper'), ('2 tablespoons chopped fresh', 'cilantro'), ('1 tablespoon finely chopped', 'onion')]"
Malaysian Red Curry Thighs,"[('6', 'green onions'), ('1 (2 inch) piece peeled', 'fresh ginger'), ('4 cloves peeled', 'garlic'), ('3 tablespoons', 'grapeseed oil'), ('8', 'chicken thighs'), ('to taste', 'salt'), ('3 tablespoons', 'curry powder'), ('1 tablespoon', 'red curry paste'), ('1.5 teaspoons', 'garam masala'), ('1.5 teaspoons', 'Chinese five-spice powder'), ('1 (14 ounce) can', 'coconut milk'), ('1 tablespoon', 'fish sauce'), ('1.5 teaspoons', 'white sugar'), ('1 tablespoon', 'sriracha sauce')]"
Lebanese Donair,"[('3.25 pounds', 'top round steak'), ('2 large', 'tomatoes'), ('0.5 cup', 'red wine vinegar'), ('0.5 cup', 'olive oil'), ('0.25 cup fresh', 'lemon juice'), ('1 teaspoon', 'allspice'), ('1 clove', 'garlic'), ('0.5 teaspoon ground', 'cinnamon'), ('0.5 teaspoon ground', 'black pepper'), ('0.25 teaspoon', 'cardamom'), ('to taste', 'salt'), ('1 bunch finely chopped fresh', 'parsley'), ('1 large', 'sweet onion'), ('0.33333334326744 cup', 'olive oil'), ('3 tablespoons fresh', 'lemon juice'), ('1 cup', 'tahini'), ('0.5 cup fresh', 'lemon juice'), ('0.5 cup', 'water'), ('2 cloves', 'garlic'), ('to taste', 'salt'), ('7 (6 inch)', 'pita bread rounds'), ('3 large', 'tomatoes')]"
Carne Guisada,"[('1 (8 ounce) can', 'tomato sauce'), ('0.25 cup', 'sofrito sauce'), ('1 tablespoon', 'adobo seasoning'), ('1 (.18 ounce) packet', 'sazon seasoning'), ('0.5 teaspoon dried', 'oregano'), ('to taste', 'salt'), ('2 pounds', 'beef stew meat'), ('1 cup', 'water'), ('2 cups peeled, cubed', 'potatoes')]"
Chicken Pho,"[('10 quarts', 'water'), ('3 pounds', 'chicken bones'), ('1 whole', 'chicken'), ('1 medium', 'onion'), ('1 (1 inch) piece', 'ginger'), ('1 (32 fluid ounce) container', 'chicken broth'), ('0.25 cup', 'rock sugar'), ('3 teaspoons', 'fish sauce'), ('2 cubes', 'pho ga soup seasoning'), ('1.5 teaspoons', 'salt'), ('2 (16 ounce) packages', 'rice stick noodles'), ('0.5 pound', 'bean sprouts'), ('1 bunch', 'green onion'), ('1 bunch', 'cilantro'), ('6 sprigs', 'Thai basil'), ('1', 'lime')]"
Air Fryer Tonkatsu,"[('0.5 cup', 'ketchup'), ('2 tablespoons', 'soy sauce'), ('1 tablespoon', 'brown sugar'), ('1 tablespoon', 'sherry'), ('2 teaspoons', 'Worcestershire sauce'), ('1 teaspoon minced', 'garlic'), ('1 pound', 'pork breakfast chops'), ('salt and ground black pepper to taste', ''), ('2 large', 'eggs'), ('1.5 cups', 'panko bread crumbs'), ('nonstick', 'cooking spray')]"
Jag (Portuguese Rice and Beans),"[('0.5 cup', 'butter'), ('1 pound', 'linguica sausage'), ('1 large', 'onion'), ('1', 'green bell pepper'), ('1', 'red bell pepper'), ('1 teaspoon ground', 'black pepper'), ('1 teaspoon dried', 'basil'), ('0.5 teaspoon dried', 'oregano'), ('1 (15.5 ounce) can', 'beans'), ('2.5 cups', 'water'), ('2 cups uncooked', 'white rice')]"
Russian Tea Cakes,"[('1 cup', 'butter'), ('1 teaspoon', 'vanilla extract'), ('2 cups', 'all-purpose flour'), ('6 tablespoons', 'sugar'), ('1 cup finely chopped', 'walnuts'), ('0.33333334326744 cup', 'sugar')]"
Erin&#39;s Indonesian Chicken,"[('1 cup uncooked', 'long grain white rice'), ('2 cups', 'water'), ('1 pound', 'green beans'), ('2 teaspoons', 'olive oil'), ('1 pound', 'chicken breast'), ('0.75 cup low-sodium', 'chicken broth'), ('0.33333334326744 cup', 'peanut butter'), ('2 teaspoons', 'honey'), ('1 tablespoon low sodium', 'soy sauce'), ('1 teaspoon', 'red chile paste'), ('2 tablespoons', 'lemon juice'), ('3 green', 'onions'), ('2 tablespoons chopped', 'peanuts')]"
Swedish Apple Cake,"[('1.5 cups', 'white sugar'), ('0.5 cup', 'shortening'), ('2', 'eggs'), ('1 teaspoon', 'vanilla'), ('1.5 cups', 'all-purpose flour'), ('1 teaspoon', 'baking soda'), ('1 teaspoon ground', 'cinnamon'), ('0.5 teaspoon', 'nutmeg'), ('0.25 teaspoon', 'salt'), ('3 cups', 'apples'), ('0.5 cup chopped', 'walnuts'), ('1.5 cups', 'brown sugar'), ('3 tablespoons', 'milk'), ('2 tablespoons', 'margarine')]"
Jamaican Cabbage,"[('1 head', 'cabbage'), ('2 tablespoons', 'olive oil'), ('1 small', 'onion'), ('0.5 chopped', 'green bell pepper'), ('1', 'green onion'), ('1 whole', 'Scotch bonnet chile pepper'), ('2 sprigs', 'thyme'), ('1 teaspoon', 'salt'), ('1 cup shredded', 'carrots'), ('0.25 cup', 'white vinegar'), ('2 tablespoons', 'white sugar')]"
Real Hummus,"[('2 cloves', 'garlic'), ('1 (19 ounce) can', 'garbanzo beans'), ('4 tablespoons', 'lemon juice'), ('2 tablespoons', 'tahini'), ('1 teaspoon', 'salt'), ('2 tablespoons', 'olive oil'), ('to taste', 'black pepper')]"
Eggnog Bread Pudding with Coquito Sauce,"[('5 cups cubed', 'bread'), ('0.25 cup', 'raisins'), ('2.25 cups', 'eggnog'), ('4 large', 'eggs'), ('0.33333334326744 cup', 'white sugar'), ('1 teaspoon', 'vanilla extract'), ('1 cup packed', 'brown sugar'), ('0.5 cup', 'unsalted butter'), ('0.5 cup', 'heavy cream'), ('3 tablespoons', 'coconut-flavored rum')]"
Yaki Udon,"[('0.25 cup', 'oyster sauce'), ('3 tablespoons', 'soy sauce'), ('2 tablespoons', 'mirin'), ('1 tablespoon', 'rice vinegar'), ('2 teaspoons', 'Worcestershire sauce'), ('2 teaspoons', 'sesame oil'), ('1 teaspoon packed', 'light brown sugar'), ('1 teaspoon', 'Sriracha sauce'), ('1 medium', 'garlic'), ('1 medium (5-oz.) bunch', 'scallions'), ('2 tablespoons', 'canola oil'), ('12 ounces sliced', 'mixed wild mushrooms'), ('2 medium heads', 'baby bok choy'), ('1 (10 ounce) package', 'carrots'), ('0.5 cup', 'water'), ('1 (14 ounce) package', 'udon noodles'), ('Optional garnishes:', 'nori, cilantro, lime wedges, furikake seasoning')]"
Lumpia (Shanghai Version),"[('1 pound', 'pork'), ('1 pound', 'beef'), ('1 medium', 'onion'), ('1', 'carrot'), ('0.25 cup', 'soy sauce'), ('2 tablespoons', 'salt'), ('1.5 tablespoons', 'garlic powder'), ('2.5 teaspoons', 'black pepper'), ('1 (16 ounce) package', 'spring roll wrappers'), ('0.25 cup', 'water'), ('1.5 quarts', 'oil')]"
Korean BBQ Sauce,"[('1 cup', 'soy sauce'), ('0.75 cup', 'dark brown sugar'), ('2 tablespoons minced', 'garlic'), ('1 tablespoon', 'rice wine vinegar'), ('1 tablespoon', 'chile-garlic sauce'), ('1.5 teaspoons ground', 'black pepper'), ('1 teaspoon grated', 'ginger'), ('1 teaspoon', 'sesame oil'), ('1 tablespoon', 'cornstarch'), ('1 tablespoon', 'water')]"
Thai Cucumber Salad,"[('3 large', 'cucumbers'), ('1 tablespoon', 'salt'), ('0.5 cup', 'sugar'), ('0.5 cup', 'rice wine vinegar'), ('2 medium', 'jalapeno peppers'), ('0.25 cup chopped', 'cilantro'), ('0.5 cup chopped', 'peanuts')]"
Finnish Oven Pancakes,"[('2 large', 'eggs'), ('2 cups', 'milk'), ('1', 'lemon'), ('2 tablespoons', 'white sugar'), ('1 teaspoon', 'salt'), ('1 cup', 'all-purpose flour'), ('0.25 cup', 'unsalted butter'), ('2 tablespoons', 'sugar'), ('0.5 teaspoon ground', 'cardamom')]"
Chef John&#39;s Pão de Queijo (Brazilian Cheese Bread),"[('2.25 cups', 'tapioca flour'), ('0.66666668653488 cup', 'milk'), ('0.5 cup', 'olive oil'), ('1 teaspoon', 'kosher salt'), ('2 large', 'eggs'), ('2 ounces freshly grated', 'mozzarella cheese'), ('2 ounces finely grated', 'Parmigiano-Reggiano cheese'), ('1 pinch', 'cayenne pepper')]"
Best Apple Crumble,"[('6 large', 'Granny Smith apples'), ('2 tablespoons', 'white sugar'), ('0.5 cup', 'butter'), ('2 tablespoons', 'sugar'), ('1', 'egg'), ('2 cups', 'all-purpose flour'), ('1 teaspoon', 'baking powder'), ('0.25 cup', 'custard powder'), ('0.75 cup', 'white sugar'), ('0.75 cup', 'butter'), ('1.25 cups', 'all-purpose flour'), ('2 teaspoons', 'cinnamon'), ('0.33333334326744 cup shredded', 'coconut'), ('0.33333334326744 cup', 'rolled oats')]"
Sugared Danish Butter Cookies with Pecan Halves,"[('4 cups', 'all-purpose flour'), ('1.5 cups', 'white sugar'), ('1', 'egg'), ('2 teaspoons', 'vanilla extract'), ('1.5 cups cold', 'unsalted butter'), ('1', 'egg'), ('3 tablespoons', 'sugar crystals'), ('88', 'pecan halves'), ('1 tablespoon', 'sugar crystals')]"
Spicy Tomato Chicken (Ayam Masak Merah),"[('1 (3 pound) whole', 'chicken'), ('1 teaspoon ground', 'turmeric'), ('to taste', 'salt'), ('0.25 cup dried', 'red chile peppers'), ('3 fresh', 'red chile pepper'), ('4 cloves', 'garlic'), ('1', 'red onion'), ('1 (3/4 inch thick) slice', 'ginger root'), ('2 tablespoons', 'sunflower seed oil'), ('1', 'cinnamon stick'), ('2 whole', 'star anise pods'), ('5 whole', 'cloves'), ('5', 'cardamom seeds'), ('2', 'tomatoes'), ('2 tablespoons', 'ketchup'), ('1 teaspoon', 'white sugar'), ('0.5 cup', 'water')]"
Authentic Chinese Egg Rolls (from a Chinese person),"[('4 teaspoons', 'vegetable oil'), ('3 large', 'eggs'), ('1 medium head', 'cabbage'), ('0.5', 'carrot'), ('1 pound', 'Chinese barbequed or roasted pork'), ('1 (8 ounce) can shredded', 'bamboo shoots'), ('1 cup dried, shredded', 'wood ear mushroom'), ('2', 'green onions'), ('2.5 teaspoons', 'soy sauce'), ('1 teaspoon', 'salt'), ('1 teaspoon', 'Sugar'), ('0.5 teaspoon', 'monosodium glutamate'), ('1 (14 ounce) package', 'egg roll wrappers'), ('1', 'egg white'), ('4 cups', 'oil')]"
Cuban Chicken,"[('1 tablespoon', 'olive oil'), ('1', 'onion'), ('3 cloves', 'garlic'), ('1 (14.5 ounce) can', 'tomatoes'), ('1 (12 ounce) can', 'chicken chunks'), ('0.5 cup chopped', 'red bell pepper'), ('0.5 cup', 'raisins'), ('0.5 cup', 'green olives'), ('1 tablespoon', 'red wine vinegar'), ('1 teaspoon ground', 'oregano'), ('0.25 teaspoon ground', 'cumin'), ('2', 'bay leaves')]"
Ceviche Peruano,"[('2', 'potatoes'), ('2', 'sweet potatoes'), ('1', 'red onion'), ('1 cup fresh', 'lime juice'), ('0.5 stalk', 'celery'), ('0.25 cup lightly packed', 'cilantro leaves'), ('1 pinch', 'cumin'), ('1 clove', 'garlic'), ('1', 'habanero pepper'), ('Salt and freshly ground pepper to taste', ''), ('1 pound', 'tilapia'), ('1 pound', 'shrimp'), ('1', 'bibb or Boston lettuce')]"
Brown Sugar Pie I,"[('6 tablespoons', 'all-purpose flour'), ('2 cups packed', 'brown sugar'), ('1.5 cups', 'evaporated milk'), ('4 tablespoons', 'butter'), ('0.5 teaspoon', 'salt'), ('1 teaspoon', 'vanilla extract')]"
Gehakt Ballen (Dutch Meatballs),"[('1 pound', 'meatloaf mix'), ('4 slices', 'white bread'), ('0.33333334326744 cup', 'milk'), ('1', 'egg'), ('1 small', 'onion'), ('1 tablespoon freshly grated', 'nutmeg'), ('0.5 teaspoon ground', 'cloves'), ('salt and ground black pepper to taste', ''), ('0.5 cup', 'butter'), ('2 cups', 'water'), ('1 (14.5 ounce) can', 'tomatoes'), ('1 (14 ounce) can', 'beef broth'), ('1 (1 ounce) package', 'dry onion soup mix')]"
Swedish Toscas (Swedish Almond Tarts),"[('6 tablespoons', 'butter'), ('0.25 cup', 'sugar'), ('1 cup', 'all-purpose flour'), ('0.33333331346512 cup', 'almonds'), ('0.25 cup', 'brown sugar'), ('2 tablespoons', 'butter'), ('1.5 tablespoons', 'cream'), ('2 teaspoons', 'all-purpose flour')]"
Pfeffernusse Cookies,"[('0.5 cup', 'molasses'), ('0.25 cup', 'honey'), ('0.25 cup', 'shortening'), ('0.25 cup', 'margarine'), ('2 large', 'eggs'), ('4 cups', 'all-purpose flour'), ('0.75 cup', 'white sugar'), ('0.5 cup', 'brown sugar'), ('2 teaspoons', 'anise extract'), ('2 teaspoons', 'cinnamon'), ('1.5 teaspoons ground', 'cardamom'), ('1.5 teaspoons', 'baking soda'), ('1 teaspoon ground', 'cloves'), ('1 teaspoon ground', 'nutmeg'), ('1 teaspoon ground', 'ginger'), ('1 teaspoon ground', 'black pepper'), ('0.5 teaspoon', 'salt'), ('1 cup', ""confectioners' sugar"")]"
Pandan Chiffon Cake,"[('6', 'eggs'), ('0.25 teaspoon', 'cream of tartar'), ('0.5 cup', 'sugar'), ('8 tablespoons', 'water'), ('0.25 teaspoon', 'pandan paste'), ('5 tablespoons', 'corn oil'), ('1 cup', 'self-rising flour')]"
Khoresht Fesenjaan (Chicken with Pomegranate Sauce),"[('0.5 cup', 'vegetable oil'), ('4 medium', 'red onions'), ('3 pounds', 'chicken pieces'), ('2 cups', 'water'), ('2.5 cups', 'pomegranate juice'), ('4 cups', 'walnuts'), ('2 tablespoons freshly ground', 'cardamom'), ('2 tablespoons', 'cinnamon'), ('1 medium', 'butternut squash'), ('0.25 teaspoon', 'saffron powder'), ('1 teaspoon', 'salt')]"
German Pork Chops and Sauerkraut,"[('8 center cut', 'pork chops'), ('2 pounds', 'sauerkraut'), ('1 large', 'apple'), ('1', 'onion'), ('1 cup', 'brown sugar'), ('1 tablespoon', 'caraway seeds')]"
Yum Yum Sauce,"[('1.25 cups', 'mayonnaise'), ('0.25 cup', 'water'), ('1 tablespoon melted', 'butter'), ('1 teaspoon', 'tomato paste'), ('1 teaspoon', 'sugar'), ('0.5 teaspoon', 'garlic powder'), ('0.25 teaspoon', 'paprika'), ('1 pinch', 'cayenne pepper')]"
Aji (Colombian Salsa),"[('1 large', 'plum tomato'), ('1 bunch', 'cilantro'), ('0.5 small', 'onion'), ('1', 'jalapeno pepper'), ('2 cloves', 'garlic'), ('2 tablespoons', 'olive oil'), ('0.5', 'lime'), ('1 tablespoon', 'sugar'), ('2 teaspoons', 'apple cider vinegar'), ('1 teaspoon', 'salt'), ('1 bunch', 'green onions')]"
Belgian Iron Cookies,"[('5 pounds', 'all-purpose flour'), ('4.5 cups', 'brown sugar'), ('12 large', 'eggs'), ('2 cups', 'butter'), ('1 teaspoon', 'vanilla extract'), ('1 teaspoon', 'salt'), ('2 tablespoons', 'whiskey')]"
Greek Lemon Chicken and Potato Bake,"[('4', 'chicken leg quarters'), ('1 (24 ounce) bag', 'potatoes'), ('0.5 cup', 'olive oil'), ('2', 'lemons'), ('2 tablespoons dried', 'basil'), ('2 tablespoons dried', 'oregano'), ('1 tablespoon', 'salt'), ('1 tablespoon ground', 'black pepper'), ('2 tablespoons', 'lemon and herb seasoning'), ('1 (12 ounce) package', 'green beans')]"
Indonesian Satay,"[('3 tablespoons', 'soy sauce'), ('3 tablespoons', 'tomato sauce'), ('1 tablespoon', 'peanut oil'), ('2 cloves', 'garlic'), ('1 pinch', 'black pepper'), ('1 pinch', 'cumin'), ('6', 'chicken breast halves'), ('1 tablespoon', 'vegetable oil'), ('0.25 cup minced', 'onion'), ('1 clove', 'garlic'), ('1 cup', 'water'), ('0.5 cup', 'peanut butter'), ('2 tablespoons', 'soy sauce'), ('2 tablespoons', 'white sugar'), ('1 tablespoon', 'lemon juice'), (None, 'skewers')]"
Nanaimo Bars I,"[('0.5 cup', 'butter'), ('0.25 cup', 'sugar'), ('5 tablespoons', 'unsweetened cocoa powder'), ('1', 'egg'), ('1 teaspoon', 'vanilla extract'), ('2 cups', 'graham cracker crumbs'), ('1 cup shredded', 'coconut'), ('0.5 cup chopped', 'walnuts'), ('0.25 cup', 'butter'), ('2 cups', ""confectioners' sugar""), ('2 tablespoons', 'vanilla custard powder'), ('3 tablespoons', 'milk'), ('4 (1 ounce) squares', 'semisweet chocolate'), ('1 tablespoon', 'butter')]"
Traditional Sauerbraten,"[('3 pounds', 'beef rump roast'), ('2 large', 'onions'), ('1 cup', 'red wine vinegar'), ('1 cup', 'water'), ('1 tablespoon', 'salt'), ('1 tablespoon ground', 'black pepper'), ('1 tablespoon', 'sugar'), ('10 whole', 'cloves'), ('2', 'bay leaves'), ('2 tablespoons', 'all-purpose flour'), ('salt and ground black pepper to taste', ''), ('2 tablespoons', 'vegetable oil'), ('10', 'gingersnap cookies')]"
Spiced Orange Cranberry Sauce,"[('2 pounds', 'cranberries'), ('2 tablespoons', 'orange zest'), ('3', 'cinnamon sticks'), ('1 pint', 'orange juice'), ('2 cups packed', 'brown sugar'), ('2 cups', 'water')]"
Greek Orzo Salad,"[('1.5 cups uncooked', 'orzo pasta'), ('2 (6 ounce) cans', 'artichoke hearts'), ('1', 'cucumber'), ('1', 'tomato'), ('1', 'red onion'), ('1 cup crumbled', 'feta cheese'), ('1 (2 ounce) can', 'black olives'), ('0.25 cup chopped fresh', 'parsley'), ('1 tablespoon', 'lemon juice'), ('0.5 teaspoon dried', 'oregano'), ('0.5 teaspoon', 'lemon pepper')]"
Malaguena Lemon and Dill Vinaigrette,"[('1 tablespoon', 'white wine vinegar'), ('1 tablespoon', 'Dijon mustard'), ('1 tablespoon finely chopped fresh', 'dill'), ('0.25 teaspoon finely chopped', 'garlic'), ('1 squeeze', 'lemon juice'), ('2 tablespoons extra-virgin', 'olive oil'), ('salt and freshly ground black pepper to taste', '')]"
Easy Swedish Apple Pie,"[('1.5 pounds', 'Granny Smith apples'), ('1 tablespoon', 'sugar'), ('1 cup', 'sugar'), ('1 cup', 'flour'), ('0.75 cup melted', 'butter'), ('1 large', 'egg'), ('1 teaspoon', 'cinnamon')]"
Danish Red Cabbage,"[('1 (2 pound)', 'red cabbage'), ('2 tablespoons', 'butter'), ('0.25 cup', 'distilled white vinegar'), ('1 cup', 'cranberry juice'), ('2 tablespoons', 'sugar'), ('to taste', 'salt')]"
Joel&#39;s Jerk Chicken Pineapple Pasta,"[('1 tablespoon', 'olive oil'), ('2 skinless, boneless', 'chicken breast halves'), ('1 (8 ounce) can', 'pineapple tidbits with juice'), ('0.25 cup shredded', 'coconut'), ('2 tablespoons', 'brown sugar'), ('1 teaspoon', 'jerk seasoning mix'), ('0.5 teaspoon ground', 'cinnamon'), ('0.5 teaspoon', 'chili powder'), ('0.5 teaspoon', 'red pepper flakes'), ('salt and ground black pepper to taste', ''), ('4 ounces', 'fettuccini noodles')]"
Thai Spicy Basil Chicken Fried Rice,"[('3 tablespoons', 'oyster sauce'), ('2 tablespoons', 'fish sauce'), ('1 teaspoon', 'sugar'), ('0.5 cup', 'peanut oil'), ('6 large cloves', 'garlic'), ('2', 'serrano peppers'), ('1 pound', 'chicken breast'), ('1', 'red bell pepper'), ('1', 'onion'), ('4 cups cooked', 'jasmine rice'), ('2 cups', 'sweet Thai basil'), ('1', 'cucumber'), ('0.5 cup', 'cilantro')]"
Cherry Tomato Pasta Sauce,"[('2 cups', 'cherry tomatoes'), ('2 tablespoons', 'olive oil'), ('2 cloves', 'garlic'), ('salt and ground black pepper to taste', ''), ('2 cups', 'chicken broth'), ('2 tablespoons fresh', 'oregano'), ('0.5 teaspoon', 'red pepper flakes'), ('14 ounces', 'penne pasta'), ('0.5 cup grated', 'Parmigiano-Reggiano cheese')]"
German Rocks,"[('1.5 cups', 'white sugar'), ('0.5 cup', 'butter'), ('3', 'eggs'), ('2.5 cups sifted', 'all-purpose flour'), ('1 teaspoon ground', 'cinnamon'), ('1 teaspoon', 'baking soda'), ('1 teaspoon', 'water'), ('2 cups', 'dates'), ('3 cups chopped', 'walnuts')]"
Chef John&#39;s Potato and Cheese Pierogi,"[('3.5 cups', 'all-purpose flour'), ('1 teaspoon', 'kosher salt'), ('0.25 cup', 'vegetable oil'), ('1 cup warm', 'water'), ('2 tablespoons warm', 'water'), ('0.5 cup', 'unsalted butter'), ('1 large', 'yellow onion'), ('0.5 teaspoon', 'kosher salt'), ('3 medium', 'russet potatoes'), ('16 ounces', ""farmer's cheese""), ('1.5 teaspoons', 'kosher salt'), ('1 teaspoon ground', 'black pepper'), ('1 pinch', 'cayenne pepper'), ('1 tablespoon', 'unsalted butter'), ('2 tablespoons', 'sour cream'), ('2 teaspoons snipped fresh', 'chives')]"
Indian Style Basmati Rice,"[('1.5 cups', 'basmati rice'), ('2 tablespoons', 'vegetable oil'), ('1 (2 inch) piece', 'cinnamon stick'), ('2 pods', 'green cardamom'), ('2 whole', 'cloves'), ('1 tablespoon', 'cumin seed'), ('1 small', 'onion'), ('2.5 cups', 'water'), ('1 teaspoon', 'salt')]"
Ratatouille,"[('2 tablespoons', 'olive oil'), ('3 cloves', 'garlic'), ('1', 'eggplant'), ('2 teaspoons dried', 'parsley'), ('to taste', 'salt'), ('1 cup grated', 'Parmesan cheese'), ('2', 'zucchini'), ('2 large', 'tomatoes'), ('2 cups sliced fresh', 'mushrooms'), ('1 large', 'onion'), ('1', 'green bell pepper')]"
Viennese Chocolate-Nut Cake,"[('1.25 cups', 'margarine'), ('1.25 cups', 'white sugar'), ('4', 'eggs'), ('1 cup', 'all-purpose flour'), ('1 cup', 'cornstarch'), ('1 cup ground', 'hazelnuts'), ('6 tablespoons', 'cocoa powder'), ('1 tablespoon', ""confectioners' sugar"")]"
Szechwan Shrimp,"[('4 tablespoons', 'water'), ('2 tablespoons', 'ketchup'), ('1 tablespoon', 'soy sauce'), ('2 teaspoons', 'cornstarch'), ('1 teaspoon', 'honey'), ('0.5 teaspoon', 'red pepper'), ('0.25 teaspoon ground', 'ginger'), ('1 tablespoon', 'vegetable oil'), ('0.25 cup sliced', 'green onions'), ('4 cloves', 'garlic'), ('12 ounces cooked', 'shrimp')]"
Japchae,"[('3 tablespoons', 'soy sauce'), ('2.5 tablespoons', 'white sugar'), ('2 tablespoons', 'sesame oil'), ('2 teaspoons minced', 'garlic'), ('8 ounces', 'sweet potato noodles'), ('4 ounces', 'lean beef'), ('6 ounces', 'spinach'), ('salt and ground black pepper to taste', ''), ('1 tablespoon', 'vegetable oil'), ('1 small', 'sweet onion'), ('4', 'mushrooms'), ('1 small', 'carrot')]"
Julekake,"[('2 (.25 ounce) packages', 'active dry yeast'), ('0.5 cup warm', 'water'), ('2 cups cold', 'milk'), ('1 cup', 'sugar'), ('1 cup', 'butter'), ('2 teaspoons', 'salt'), ('8.5 cups', 'all-purpose flour'), ('1 cup', 'golden raisins'), ('0.5 cup', 'candied cherries'), ('0.5 cup chopped', 'candied citron'), ('1 tablespoon ground', 'cardamom'), ('1 large', 'egg white')]"
Vietnamese Eggplant with Spicy Sauce,"[('3 tablespoons', 'vegetable oil'), ('1 white', 'eggplant'), ('3 tablespoons minced', 'lemongrass'), ('1 tablespoon crushed', 'garlic'), ('1 tablespoon chopped', 'green onion'), ('1 tablespoon chopped fresh', 'basil'), ('1 teaspoon minced', 'red chile pepper'), ('1 teaspoon minced fresh', 'ginger'), ('1 tablespoon', 'oyster sauce'), ('1 teaspoon', 'sugar')]"
Saltado de Vainitas (Peruvian Green Beans with Chicken),"[('1 tablespoon', 'canola oil'), ('3 cloves', 'garlic'), ('2', 'chile peppers'), ('1.25 pounds', 'chicken'), ('6 tablespoons', 'soy sauce'), ('1 tablespoon', 'cumin'), ('1', 'red onion'), ('4', 'roma tomatoes'), ('2 (12 ounce) packages', 'French-style green beans'), ('3 tablespoons', 'white wine vinegar'), ('to taste', 'salt'), ('1 cup chopped', 'cilantro')]"
Swedish Cream,"[('1 cup', 'heavy cream'), ('3 tablespoons', 'water'), ('0.5 cup', 'sugar'), ('1 (.25 ounce) envelope', 'gelatin'), ('1 cup', 'sour cream'), ('0.5 teaspoon', 'vanilla extract'), ('0.5 teaspoon', 'almond extract'), ('1 cup', 'lingonberries')]"
Sea Bass à la Michele,"[('4 small', 'potatoes'), ('2 tablespoons', 'olive oil'), ('2 tablespoons', 'sherry vinegar'), ('1 teaspoon', 'smoked paprika'), ('1 teaspoon', 'kosher salt'), ('0.5 cup sliced', 'green onions'), ('1 red', 'jalapeno pepper'), ('2 (8 ounce) thick-cut boneless, skinless', 'Chilean sea bass fillets')]"
Kobete Chicken,"[('3 cups', 'all-purpose flour'), ('0.5 teaspoon', 'salt'), ('1 cup warm', 'water'), ('1', 'whole chicken'), ('water to', 'cover'), ('1 teaspoon', 'salt'), ('1', 'onion'), ('2 tablespoons', 'butter'), ('3 cups uncooked', 'white rice'), ('0.5 teaspoon', 'salt'), ('6 cups', 'water'), ('freshly ground', 'black pepper'), ('1', 'egg'), ('1 (10 inch) unbaked', 'pie crust')]"
Vaca Frita (Pan-Fried Beef),"[('2 large', 'onions'), ('1 (1 1/2-pound)', 'flank steak'), ('1 medium', 'green bell pepper'), ('1 large', 'bay leaf'), ('2 cloves', 'garlic'), ('0.5 teaspoon', 'salt'), ('6 tablespoons', 'lime juice'), ('3 tablespoons extra-virgin', 'olive oil'), ('2 teaspoons', 'butter'), ('to taste', 'salt and freshly ground black pepper'), ('1 medium', 'lime')]"
Crispy Ginger Biscuits,"[('0.5 cup', 'butter'), ('0.5 cup', 'sugar'), ('0.5 cup', 'brown sugar'), ('1', 'egg'), ('1 teaspoon ground', 'ginger'), ('1 pinch', 'salt'), ('2 cups', 'self-rising flour'), ('1 cup chopped', 'crystallized ginger'), ('2 tablespoons', 'white sugar')]"
German Rhubarb Streusel Cake,"[('2 cups', 'all-purpose flour'), ('0.5 cup', 'sugar'), ('1', 'egg'), ('2 teaspoons', 'vanilla sugar'), ('0.5 cup', 'unsalted butter'), ('3.5 cups chopped', 'rhubarb'), ('2 tablespoons', 'unsalted butter')]"
Queijadas,"[('3', 'eggs'), ('2 cups', 'sugar'), ('3 tablespoons', 'butter'), ('0.75 cup', 'all-purpose flour'), ('2 cups', 'milk'), ('0.5 teaspoon', 'vanilla extract')]"
Russian Chicken Stew with Potatoes and Vegetables,"[('1 tablespoon', 'butter'), ('1.25 pounds', 'chicken breast'), ('5', 'potatoes'), ('1', 'carrot'), ('1', 'onion'), ('1 tablespoon', 'tomato paste'), ('salt and', 'freshly ground black pepper'), ('water to', 'cover'), ('1 bunch', 'parsley')]"
White Peach Sangria,"[('1 (750 milliliter) bottle', 'dry white wine'), ('0.75 cup', 'peach flavored vodka'), ('6 tablespoons', 'lemonade concentrate'), ('0.25 cup', 'sugar'), ('1 pound', 'white peaches'), ('0.75 cup', 'red grapes'), ('0.75 cup', 'green grapes')]"
Best Ever Russian Beef Stroganoff,"[('1.5 tablespoons', 'all-purpose flour'), ('0.75 teaspoon', 'salt'), ('0.125 teaspoon ground', 'black pepper'), ('1 pound', 'beef sirloin'), ('3 tablespoons', 'butter'), ('1 cup thinly sliced', 'mushrooms'), ('0.5 cup chopped', 'onion'), ('1 clove', 'garlic'), ('3 tablespoons', 'butter'), ('3 tablespoons', 'all-purpose flour'), ('1 tablespoon', 'tomato paste'), ('1.25 cups cold', 'beef stock'), ('1 cup', 'sour cream'), ('3 tablespoons', 'cooking sherry')]"
Cuban Chicken Sandwich,"[('1.5 pounds', 'chicken tenders'), ('0.5 cup', 'mojo marinade'), ('1 tablespoon', 'olive oil'), ('8 thin slices', 'sweet onion'), ('1 (1 pound) loaf', 'Cuban bread'), ('0.25 cup', 'mustard'), ('20', 'dill pickle slices'), ('4 slices', 'Swiss cheese')]"
Turkish Eggs (Cilbir),"[('1 cup', 'Greek yogurt'), ('1 clove', 'garlic'), ('0.5 teaspoon freshly ground', 'black pepper'), ('0.25 teaspoon', 'salt'), ('1 pinch', 'cayenne pepper'), ('2.5 tablespoons finely chopped', 'dill'), ('0.5 stick', 'butter'), ('1 tablespoon', 'Aleppo chili flakes'), ('0.5 teaspoon', 'smoked paprika'), ('0.25 teaspoon ground', 'cumin'), ('1 tablespoon chopped fresh', 'parsley'), ('1 tablespoon diced', 'jalapeno pepper'), ('2 tablespoons', 'olive oil'), ('1 pinch', 'salt'), ('1 tablespoon', 'white vinegar'), ('4 large', 'eggs'), ('1 pinch', 'sea salt')]"
Pork Roast and Sauerkraut,"[('1 tablespoon', 'bacon drippings'), ('1 cup minced', 'onion'), ('1 large', 'apple'), ('1 teaspoon', 'caraway seeds'), ('2 pounds', 'sauerkraut'), ('0.5 cup', 'white wine'), ('0.5 cup', 'chicken stock'), ('2 tablespoons', 'brown sugar'), ('2 pounds', 'pork loin roast'), ('1 pound', 'kielbasa sausage')]"
Beef Samosas,"[('2 large', 'potatoes'), ('1 cup', 'peas'), ('2 tablespoons', 'vegetable oil'), ('0.5 teaspoon', 'cumin seeds'), ('1', 'bay leaf'), ('1 pound', 'beef'), ('2 large', 'onions'), ('4 cloves', 'garlic'), ('1 tablespoon minced', 'ginger root'), ('1.5 teaspoons', 'salt'), ('1 teaspoon ground', 'cumin'), ('1 teaspoon ground', 'coriander'), ('1 teaspoon ground', 'turmeric'), ('1 teaspoon', 'chili powder'), ('0.5 teaspoon ground', 'cinnamon'), ('0.5 teaspoon ground', 'cardamom'), ('0.5 teaspoon ground', 'black pepper'), ('1 quart', 'oil'), ('2 tablespoons chopped fresh', 'cilantro'), ('2 tablespoons chopped', 'green chile peppers'), ('1 (16 ounce) package', 'phyllo dough')]"
Thai Monkfish Curry,"[('1 tablespoon', 'peanut oil'), ('0.5', 'onion'), ('1', 'red bell pepper'), ('3 tablespoons', 'red Thai curry paste'), ('1 (14 ounce) can', 'coconut milk'), ('12 ounces', 'monkfish'), ('1 tablespoon', 'fish sauce'), ('2 tablespoons', 'lime juice'), ('2 tablespoons', 'cilantro')]"
Game Day Sangria,"[('2 cups', 'lemon juice'), ('2 cups', 'orange juice'), ('2 cups', 'white sugar'), ('4 cups', 'red wine'), ('4 cups', 'club soda'), ('2 cups', 'brandy'), ('for serving', 'ice cubes')]"
Jamaican Jerk Shrimp in Foil,"[('1 cup', 'soy sauce'), ('0.75 cup', 'vinegar'), ('1 medium', 'white onion'), ('0.25 cup', 'extra-virgin olive oil'), ('4 green', 'onions'), ('2 tablespoons dried', 'thyme'), ('2', 'habanero peppers'), ('1 tablespoon', 'brown sugar'), ('1 tablespoon ground', 'nutmeg'), ('1 teaspoon ground', 'allspice'), ('1 teaspoon ground', 'cloves'), ('1 pound', 'shrimp'), ('heavy duty', 'aluminum foil')]"
Boscobel Beach Ginger Cake,"[('2.5 cups', 'all-purpose flour'), ('4 teaspoons', 'baking powder'), ('4 teaspoons', 'ginger'), ('1.5 teaspoons ground', 'cinnamon'), ('0.5 teaspoon', 'salt'), ('1 cup', 'butter'), ('1.25 cups packed', 'brown sugar'), ('4', 'eggs'), ('0.25 cup grated', 'ginger root'), ('1 teaspoon', 'vanilla extract'), ('1 cup', 'milk'), ('2 tablespoons', ""confectioners' sugar"")]"
Swedish Cream with Summer Berries,"[('1 cup', 'sour cream'), ('0.5 cup', 'sugar'), ('0.5 cup', 'yogurt'), ('1 teaspoon', 'vanilla extract'), ('3 tablespoons', 'brandy-based orange liqueur'), ('2 cups', 'whipping cream'), ('2 cups', 'strawberries')]"
Chef John&#39;s Cuban Bread,"[('0.5 cup warm', 'water'), ('0.5 cup', 'flour'), ('0.5 teaspoon', 'active dry yeast'), ('1 package', 'active dry yeast'), ('2 teaspoons', 'white sugar'), ('0.75 cup warm', 'water'), ('3 tablespoons', 'lard'), ('2 teaspoons', 'salt'), ('3 cups', 'all-purpose flour'), ('1 teaspoon', 'vegetable oil'), ('1 tablespoon', 'cornmeal')]"
Speculaas,"[('3 cups', 'all-purpose flour'), ('1.5 teaspoons ground', 'cinnamon'), ('1 teaspoon ground', 'cloves'), ('1 teaspoon ground', 'ginger'), ('0.125 teaspoon', 'baking powder'), ('0.125 teaspoon', 'salt'), ('1 cup', 'butter'), ('1.25 cups packed', 'brown sugar'), ('1', 'egg'), ('0.5 cup sliced', 'almonds')]"
Quick and Easy Kimchi Salad,"[('1 small head', 'cabbage'), ('0.25 cup', 'rock salt'), ('1 small', 'carrot'), ('3 tablespoons', 'vinegar'), ('2 tablespoons', 'vegetable oil'), ('1 tablespoon', 'sugar'), ('1 teaspoon', 'sesame oil'), ('1 teaspoon', 'sesame seeds'), ('0.5 teaspoon', 'cayenne pepper'), ('0.25 teaspoon', 'salt')]"
Jansson&#39;s Temptation (Janssons Frestelse),"[('2 large', 'onions'), ('14 fillets', 'Swedish anchovies'), ('6', 'potatoes'), ('1.5 cups', 'heavy cream'), ('2 tablespoons', 'bread crumbs'), ('1 tablespoon melted', 'butter')]"
Easy Bulgogi (Korean BBQ Beef),"[('0.33333334326744 cup', 'soy sauce'), ('2 green', 'onions'), ('0.25 yellow', 'onion'), ('3 tablespoons', 'sugar'), ('3 cloves', 'garlic'), ('2 tablespoons toasted', 'sesame seeds'), ('1 tablespoon', 'sesame oil'), ('0.25 teaspoon', 'Korean red pepper flakes'), ('0.25 teaspoon minced fresh', 'ginger'), ('0.125 teaspoon ground', 'black pepper'), ('1.5 pounds', 'beef sirloin steak'), ('1 teaspoon', 'honey')]"
German Lebkuchen,"[('0.75 cup', 'brown sugar'), ('0.5 cup', 'honey'), ('0.5 cup', 'molasses'), ('1', 'egg'), ('3 cups sifted', 'all-purpose flour'), ('1.25 teaspoons', 'nutmeg'), ('1.25 teaspoons', 'cinnamon'), ('0.5 teaspoon ground', 'cloves'), ('0.5 teaspoon ground', 'allspice'), ('0.5 teaspoon', 'baking soda'), ('0.5 cup', 'almonds'), ('0.5 cup', 'candied mixed fruit peel'), ('1', 'egg white'), ('1 tablespoon', 'lemon juice'), ('0.5 teaspoon', 'lemon zest'), ('1.5 cups sifted', ""confectioners' sugar"")]"
A Jerky Chicken,"[('1 teaspoon', 'onion'), ('3 tablespoons', 'brown sugar'), ('4 tablespoons', 'soy sauce'), ('4 tablespoons', 'red wine vinegar'), ('2 teaspoons chopped fresh', 'thyme'), ('1 teaspoon', 'sesame oil'), ('3 cloves', 'garlic'), ('0.5 teaspoon ground', 'allspice'), ('1', 'habanero pepper'), ('4', 'chicken breast halves')]"
Famous Japanese Restaurant-Style Salad Dressing,"[('0.5 cup minced', 'onion'), ('0.5 cup', 'peanut oil'), ('0.33333334326744 cup', 'rice wine vinegar'), ('2 tablespoons', 'water'), ('2 tablespoons minced fresh', 'ginger root'), ('2 tablespoons minced', 'celery'), ('2 tablespoons', 'ketchup'), ('4 teaspoons', 'soy sauce'), ('2 teaspoons', 'white sugar'), ('2 teaspoons', 'lemon juice'), ('0.5 teaspoon minced', 'garlic'), ('0.5 teaspoon', 'salt'), ('0.25 teaspoon ground', 'black pepper')]"
Brazilian Cheese Rolls (Pão de Queijo),"[('2 cups', 'tapioca starch'), ('1 teaspoon', 'salt'), ('0.5 cup', 'vegetable oil'), ('0.33333334326744 cup', 'water'), ('0.33333334326744 cup', 'milk'), ('6 ounces shredded', 'Parmesan cheese'), ('2', 'eggs')]"
Pannukakku (Finnish Oven Pancake),"[('nonstick', 'cooking spray'), ('1.6666667461395 cups', 'all-purpose flour'), ('0.66666668653488 cup', 'white sugar'), ('1 teaspoon', 'salt'), ('1 teaspoon', 'baking powder'), ('3.3333332538605 cups', 'milk'), ('2 large', 'eggs'), ('0.5 cup', 'margarine'), ('1 teaspoon', 'vanilla extract')]"
Patron Mojito,"[('2 fluid ounces', 'silver tequila'), ('12 leaves', 'mint'), ('1 tablespoon', 'sugar'), ('3', 'lime wedges'), ('0.25 cup', 'club soda')]"
Portuguese Soup,"[('0.25 cup', 'vegetable oil'), ('2 cups chopped', 'onion'), ('1 pound', 'sausage'), ('1 medium head', 'cabbage'), ('6', 'potatoes'), ('2 (15 ounce) cans', 'kidney beans'), ('2 cups', 'ketchup'), ('1 (10.5 ounce) can', 'beef consomme'), ('2.6666667461395 quarts', 'water'), ('2 teaspoons', 'garlic powder'), ('2 teaspoons ground', 'black pepper'), ('1 teaspoon', 'salt'), ('0.5 cup', 'vinegar')]"
Nazook (Sweet Persian Pastry),"[('1 cup', 'sour cream'), ('2 teaspoons', 'white sugar'), ('1 (.25 ounce) package', 'active dry yeast'), ('1', 'egg'), ('1 tablespoon', 'white vinegar'), ('1 tablespoon', 'vegetable oil'), ('3 cups', 'all-purpose flour'), ('0.5 cup', 'butter'), ('2.5 cups', 'white sugar'), ('1 pound', 'butter'), ('2 teaspoons', 'vanilla extract'), ('4 cups', 'all-purpose flour'), ('2', 'egg whites'), ('2', 'egg yolks'), ('1 teaspoon', 'yogurt')]"
Mexican Strawberry Agua Fresca,"[('4 cups', 'strawberries'), ('1 cup', 'sugar'), ('8 cups cold', 'water'), ('5 cups', 'ice cubes'), ('1', 'lime'), ('8', 'mint sprigs')]"
Norwegian Cabbage Rolls,"[('2 tablespoons', 'unsalted butter'), ('1 large', 'yellow onion'), ('1 pound', 'ground beef'), ('1 cup cooked', 'rice'), ('0.5 cup', 'heavy whipping cream'), ('1 large', 'egg'), ('1 tablespoon finely chopped fresh', 'Italian parsley'), ('2 teaspoons', 'potato starch'), ('2 teaspoons', 'salt'), ('1 teaspoon coarsely ground', 'black pepper'), ('1 teaspoon whole', 'caraway seeds'), ('0.25 teaspoon ground', 'ginger'), ('0.25 teaspoon ground', 'nutmeg'), ('0.125 teaspoon ground', 'cloves'), ('2 large heads', 'cabbage')]"
Italian Easter Grain Pie,"[('5 cups', 'water'), ('0.5 cup', 'whole wheat berries'), ('6', 'eggs'), ('1 cup', 'sugar'), ('1.5 pounds', 'ricotta cheese'), ('1 (8 ounce) package', 'mixed candied fruit'), ('2 teaspoons grated', 'orange zest'), ('1 teaspoon grated', 'lemon zest'), ('1 teaspoon', 'vanilla extract'), ('0.5 teaspoon ground', 'cinnamon'), ('1 tablespoon', 'unsalted butter'), ('1 teaspoon', 'salt'), ('2', 'pastries for 9-inch lattice-top pies'), ('2 tablespoons', ""confectioners' sugar"")]"
Favorite Fry Bread Tacos,"[('2 cups', 'all-purpose flour'), ('1 tablespoon', 'baking powder'), ('0.5 teaspoon', 'white sugar'), ('0.5 teaspoon', 'salt'), ('1.5 cups lukewarm', 'water'), ('2 cups', 'oil'), ('1 pound', 'beef'), ('1 (15 ounce) can', 'kidney beans'), ('1 (1.25 ounce) package', 'chili seasoning mix'), ('2 cups shredded', 'Cheddar cheese'), ('2 cups chopped', 'iceberg lettuce'), ('2', 'tomatoes'), ('1 cup', 'sour cream')]"
Eastern European Kotlety,"[('1.3333333730698 pounds', 'lean ground beef'), ('0.66666668653488 cup', 'milk cracker crumbs'), ('1 small', 'sweet yellow onion'), ('1', 'egg'), ('1 tablespoon', 'milk'), ('1 clove', 'garlic'), ('1.25 teaspoons', 'kosher salt'), ('0.5 teaspoon freshly ground', 'black pepper'), ('0.5 cup', 'vegetable shortening')]"
Brigadeiro Dessert,"[('1 teaspoon', 'margarine'), ('1 (14 ounce) can', 'sweetened condensed milk'), ('1.25 cups', 'heavy cream'), ('4 tablespoons', 'unsweetened cocoa powder'), ('3', 'eggs'), ('2 tablespoons', 'chocolate sprinkles')]"
Foolproof Potato Latkes,"[('4', 'potatoes'), ('1', 'onion'), ('2', 'eggs'), ('2 teaspoons', 'salt'), ('2 tablespoons', 'all-purpose flour'), ('1 teaspoon', 'baking powder'), ('0.25 cup', 'canola oil')]"
Cuban Inspired Millet,"[('1', 'carrot'), ('2 cloves', 'garlic'), ('1 tablespoon', 'olive oil'), ('1', 'onion'), ('1', 'green bell pepper'), ('1 cup', 'millet'), ('2 cups', 'vegetable broth'), ('salt and ground black pepper to taste', ''), ('0.25 cup chopped fresh', 'cilantro')]"
Indian Shrimp Curry,"[('2 tablespoons', 'peanut oil'), ('0.5', 'sweet onion'), ('2 cloves', 'garlic'), ('1.5 teaspoons ground', 'turmeric'), ('1 teaspoon ground', 'ginger'), ('1 teaspoon ground', 'cumin'), ('1 teaspoon', 'paprika'), ('0.5 teaspoon', 'red chili powder'), ('1 (14.5 ounce) can', 'tomatoes'), ('1 (14 ounce) can', 'coconut milk'), ('1 teaspoon', 'salt'), ('1 pound', 'shrimp'), ('2 tablespoons chopped fresh', 'cilantro')]"
Hawaiian Tarts,"[('1.75 cups', 'all-purpose flour'), ('0.5 cup', ""confectioners' sugar""), ('2 tablespoons', 'cornstarch'), ('1 cup', 'butter'), ('1 teaspoon', 'vanilla extract'), ('1 cup', 'pineapple preserves'), ('0.5 cup', 'sugar'), ('1', 'egg'), ('1.5 cups', 'coconut'), ('0.33333000540733 cup', ""confectioners' sugar"")]"
Garlic and Herb Cream Cheese,"[('1 (8 ounce) package', 'cream cheese'), ('1 stick', 'butter'), ('2 tablespoons grated', 'Parmesan cheese'), ('2 cloves', 'garlic'), ('1.5 teaspoons dried', 'oregano'), ('1 teaspoon', 'parsley'), ('0.25 teaspoon', 'thyme'), ('0.25 teaspoon dried', 'dill weed'), ('0.25 teaspoon', 'basil'), ('0.25 teaspoon ground', 'black pepper')]"
Bazlama - Turkish Flat Bread,"[('1 (.25 ounce) package', 'active dry yeast'), ('1 tablespoon', 'sugar'), ('1 tablespoon', 'salt'), ('1.5 cups warm', 'water'), ('0.5 cup', 'Greek-style yogurt'), ('4 cups', 'all-purpose flour')]"
Aunt Gun-Marie&#39;s Waffles,"[('1.5 cups', 'all-purpose flour'), ('2 tablespoons', 'white sugar'), ('1 tablespoon', 'baking powder'), ('1 pinch', 'salt'), ('2', 'eggs'), ('0.5 teaspoon', 'vanilla extract'), ('1.25 cups', 'milk'), ('6 tablespoons melted', 'butter')]"
Moroccan Shabbat Fish,"[('1', 'red bell pepper'), ('3', 'tomatoes'), ('6 (6 ounce)', 'tilapia fillets'), ('1 cup', 'water'), ('0.25 cup', 'olive oil'), ('2 tablespoons', 'paprika'), ('1 tablespoon', 'chicken bouillon granules'), ('1 teaspoon', 'cayenne pepper'), ('to taste', 'salt and pepper'), ('0.25 cup chopped fresh', 'parsley')]"
Krumkake II,"[('2', 'eggs'), ('1.25 cups sifted', 'all-purpose flour'), ('0.75 cup', 'heavy whipping cream'), ('0.75 cup', 'white sugar'), ('0.5 teaspoon ground', 'cardamom')]"
Arroz Tapado (Rice-On-Top),"[('2 cups uncooked', 'white rice'), ('4 cups', 'water'), ('1', 'egg'), ('1', 'potato'), ('1 cup', 'vegetable oil'), ('3 small', 'tomatoes'), ('0.5 cup', 'water'), ('1 tablespoon', 'vegetable oil'), ('0.5 large', 'onion'), ('3 cloves', 'garlic'), ('1 teaspoon ground dried', 'aji chile'), ('0.5 teaspoon ground', 'cumin'), ('0.25 teaspoon ground', 'black pepper'), ('2 teaspoons chopped fresh', 'oregano'), ('1 pound', 'ground beef'), ('2 large', 'carrots'), ('0.25 cup', 'peas'), ('1 tablespoon', 'peanut butter'), ('1 teaspoon chopped fresh', 'cilantro'), ('1 teaspoon chopped fresh', 'tomato'), ('1 teaspoon', 'ketchup')]"
Slow Cooker Pernil Pork,"[('4 cloves', 'garlic'), ('1 large', 'onion'), ('2 tablespoons chopped fresh', 'oregano'), ('1 tablespoon', 'cumin'), ('2 teaspoons ground', 'ancho chile pepper'), ('2 teaspoons', 'salt'), ('2 teaspoons ground', 'black pepper'), ('1 tablespoon', 'white wine vinegar'), ('1 tablespoon', 'olive oil'), ('1 (3 pound) boneless', 'pork loin roast'), ('1', 'lime')]"
Chicharrones de Pollo,"[('1 cup fresh', 'lime juice'), ('0.5 cup', 'light rum'), ('1 medium', 'onion'), ('6 cloves', 'garlic'), ('1.5 pounds', 'chicken breast'), ('1 large', 'egg'), ('2 teaspoons', 'water'), ('0.25 teaspoon ground', 'cumin'), ('0.25 teaspoon crushed', 'oregano'), ('1 cup', 'all-purpose flour'), ('2 teaspoons', 'salt'), ('2 teaspoons', 'black pepper'), ('2 cups', 'vegetable oil')]"
Greek Spanakopita,"[('0.5 cup', 'vegetable oil'), ('2 large', 'onions'), ('2 (10 ounce) packages', 'spinach'), ('2 tablespoons chopped fresh', 'dill'), ('2 tablespoons', 'all-purpose flour'), ('2 (4 ounce) packages', 'feta cheese'), ('4', 'eggs'), ('to taste', 'salt and pepper'), ('1.5 (16 ounce) packages', 'phyllo dough'), ('0.75 pound', 'butter')]"
Pique (Puerto Rican Hot Sauce),"[('2 tablespoons', 'olive oil'), ('1', 'onion'), ('20', 'habanero peppers'), ('5', 'aji dulce peppers'), ('8 cloves', 'garlic'), ('1 cup', 'pineapple juice'), ('6 tablespoons', 'lime juice'), ('0.25 cup', 'tequila'), ('0.25 cup', 'white vinegar'), ('8 sprigs', 'cilantro'), ('2 sprigs', 'culantro'), ('1 teaspoon', 'sugar'), ('1 teaspoon dried', 'oregano'), ('0.5 teaspoon', 'salt'), ('0.5 teaspoon ground', 'black pepper'), ('0.5 teaspoon', 'cacao powder'), ('0.5 teaspoon ground', 'cumin')]"
Asian Coconut Rice,"[('1.5 cups uncooked', 'jasmine rice'), ('1 (14 ounce) can', 'coconut milk'), ('1.25 cups', 'water'), ('1 teaspoon', 'Sugar'), ('1 pinch', 'salt'), ('1 teaspoon', 'coconut oil')]"
Margareta&#39;s Cardamom Cake,"[('1 cup', 'butter'), ('0.5 cup', 'bread crumbs'), ('2.6666667461395 cups', 'all-purpose flour'), ('1 cup', 'sugar'), ('1 cup', 'milk'), ('1 tablespoon ground', 'cardamom'), ('2 teaspoons', 'baking powder'), ('2 tablespoons', 'cinnamon'), ('2 tablespoons', 'pearl sugar')]"
Pebber Nodder (Danish Christmas Cookies),"[('1 cup', 'butter'), ('1 cup', 'sugar'), ('2', 'eggs'), ('2.5 cups', 'all-purpose flour'), ('1 teaspoon ground', 'cardamom'), ('1 teaspoon', 'cinnamon')]"
Empanadas Abiertas de Humita (Creamy Corn Empanadas),"[('12', 'empanada pastry rounds'), ('5 tablespoons', 'butter'), ('3 green', 'onions'), ('1 (14 ounce) can', 'sweet corn'), ('salt and ground black pepper to taste', ''), ('1 pinch', 'nutmeg'), ('6 tablespoons', 'all-purpose flour'), ('1.5 cups', 'milk'), ('6 tablespoons grated', 'Parmesan cheese')]"
Turkish Doner Kebab,"[('1 teaspoon', 'all-purpose flour'), ('1 teaspoon dried', 'oregano'), ('0.5 teaspoon', 'salt'), ('0.5 teaspoon', 'garlic powder'), ('0.5 teaspoon', 'onion powder'), ('0.5 teaspoon dried', 'Italian herb seasoning'), ('0.25 teaspoon ground', 'black pepper'), ('0.25 teaspoon', 'cayenne pepper'), ('1.25 pounds', 'lamb')]"
Atchara (Filipino Pickled Red Cabbage),"[('1 pound', 'red cabbage'), ('0.5 cup spiced', 'cane vinegar'), ('1 tablespoon', 'sugar'), ('2 teaspoons whole', 'coriander seeds'), ('1.5 teaspoons ground', 'black pepper'), ('1 teaspoon', 'kosher salt'), ('1', 'Thai chile')]"
Apple and Honey Sorbet,"[('1.25 pounds', 'Granny Smith apples'), ('1.5 cups', 'water'), ('1.5 cups', 'sugar'), ('1.5', 'lemons'), ('1 tablespoon', 'honey')]"
Rosemary Steak,"[('1 cup', 'red wine'), ('1 teaspoon', 'salt'), ('1 sprig', 'rosemary'), ('4', 'New York strip steaks')]"
Quick and Easy Pancit,"[('1 (12 ounce) package', 'rice noodles'), ('1 teaspoon', 'vegetable oil'), ('1', 'onion'), ('3 cloves', 'garlic'), ('2 cups diced cooked', 'chicken breast meat'), ('1 small head', 'cabbage'), ('4', 'carrot'), ('0.25 cup', 'soy sauce'), ('2', 'lemons')]"
Swedish Apple Pie,"[('2.5 cups peeled, cored and sliced', 'apples'), ('1 teaspoon ground', 'cinnamon'), ('1 teaspoon', 'sugar'), ('1 cup', 'sugar'), ('0.75 cup', 'margarine'), ('0.5 cup chopped', 'pecans'), ('1 cup', 'all-purpose flour'), ('1', 'egg'), ('1 pinch', 'salt')]"
Mango Ceviche,"[('3', 'mangos'), ('1', 'yellow onion'), ('1', 'green bell pepper'), ('1', 'red bell pepper'), ('3', 'jalapeno peppers'), ('0.5 bunch fresh', 'cilantro'), ('2', 'limes')]"
Easy Turkish Delight,"[('3 cups', 'water'), ('2 cups', 'white sugar'), ('0.25 cup', 'gelatin'), ('1.5 cups', ""confectioners' sugar""), ('0.66666668653488 cup', 'corn flour'), ('0.25 teaspoon', 'cream of tartar'), ('0.5 teaspoon', 'rose water'), ('3 drops', 'pink food coloring'), ('0.75 cup', ""confectioners' sugar"")]"
Toum (Lebanese Garlic Spread),"[('2 heads', 'garlic'), ('1 tablespoon', 'salt'), ('3 tablespoons', 'lemon juice'), ('3 cups', 'canola oil')]"
Authentic Patatas Bravas,"[('2', 'russet potatoes'), ('2 cups', 'olive oil'), ('1 tablespoon', 'salt'), ('3 tablespoons', 'olive oil'), ('1', 'onion'), ('1 teaspoon', 'salt'), ('1 clove', 'garlic'), ('1', 'red chile'), ('0.5 teaspoon', 'smoked paprika'), ('1 (14 ounce) can', 'tomatoes'), ('0.25 cup', 'mayonnaise')]"
Dutch Apple Cake,"[('0.5 cup', 'shortening'), ('1 cup', 'sugar'), ('1', 'egg'), ('1.5 teaspoons', 'vanilla extract'), ('1.5 cups', 'all-purpose flour'), ('1 tablespoon', 'baking powder'), ('0.5 teaspoon', 'salt'), ('0.75 cup', 'milk'), ('2', 'apples'), ('0.25 cup', 'sugar'), ('1 teaspoon ground', 'cinnamon')]"
Semla,"[('1.5 cups warm', 'milk'), ('0.66666668653488 cup', 'butter'), ('2', 'eggs'), ('1 (.25 ounce) envelope', 'active dry yeast'), ('5 cups', 'all-purpose flour'), ('0.5 cup', 'sugar'), ('1 teaspoon ground', 'cardamom'), ('0.5 teaspoon', 'salt'), ('1 cup', 'all-purpose flour'), ('4 teaspoons', 'baking powder'), ('0.5 cup', 'milk'), ('5 ounces', 'marzipan'), ('2 cups', 'whipping cream'), ('2 tablespoons', 'white sugar'), (None, ""confectioners' sugar for dusting"")]"
Rosettes,"[('2 large', 'eggs'), ('1 tablespoon', 'sugar'), ('0.25 teaspoon', 'salt'), ('1 cup sifted', 'all-purpose flour'), ('1 cup', 'milk'), ('1 teaspoon', 'vanilla extract'), ('vegetable oil for', 'frying'), (None, ""confectioners' sugar for dusting"")]"
Kale and Cabbage Soup,"[('4', 'tomatoes'), ('1 tablespoon', 'butter'), ('1 tablespoon dried minced', 'onion'), ('to taste', 'salt and ground black pepper'), ('2 tablespoons', 'olive oil'), ('4 stalks', 'celery'), ('1', 'onion'), ('3 cloves', 'garlic'), ('2', 'bay leaves'), ('8 cups hot', 'water'), ('0.5 head', 'green cabbage'), ('0.5 cup', 'beef base'), ('1 teaspoon', 'herbes de Provence'), ('1 pinch', 'red pepper flakes'), ('1 (15 ounce) can', 'kidney beans'), ('1 bunch', 'kale')]"
Kookoo Sabzi (Fresh Herb Frittata),"[('0.33333334326744 cup fresh', 'barberries'), ('1 bunch', 'Swiss chard'), ('1 bunch', 'parsley'), ('1 bunch', 'cilantro'), ('1 bunch', 'dill'), ('1 bunch', 'green onions'), ('0.5 cup', 'walnuts'), ('1 clove', 'garlic'), ('1.5 teaspoons', 'kosher salt'), ('1 teaspoon dried', 'fenugreek leaves'), ('1 teaspoon dried', 'tarragon'), ('0.5 teaspoon ground', 'turmeric'), ('0.25 teaspoon ground', 'cinnamon'), ('0.25 teaspoon ground', 'saffron'), ('0.25 teaspoon ground', 'Damask rose petals'), ('0.25 teaspoon ground', 'black pepper'), ('6 large', 'eggs'), ('0.33333334326744 cup', 'olive oil'), ('2 tablespoons', 'olive oil')]"
The Best Lemon Vinaigrette,"[('0.25 cup', 'red wine vinegar'), ('2 tablespoons', 'Dijon mustard'), ('1 clove', 'garlic'), ('1 teaspoon dried', 'oregano'), ('0.5 teaspoon', 'kosher salt'), ('0.25 teaspoon ground', 'black pepper'), ('0.5 cup', 'olive oil'), ('2 tablespoons fresh', 'lemon juice')]"
Mahalabia (Lebanese Cardamom Pudding),"[('2 cups', 'milk'), ('6 tablespoons', 'cornstarch'), ('0.25 cup', 'sugar'), ('2 drops', 'cardamom-flavored extract'), ('0.25 cup', 'water'), ('5 tablespoons', 'sugar'), ('0.25', 'vanilla bean'), ('0.25 cup', 'pistachios'), ('1 tablespoon dried', 'rose petals')]"
Ash-e-jow (Iranian/Persian Barley Soup),"[('2 quarts', 'chicken stock'), ('2 tablespoons', 'vegetable oil'), ('1 medium', 'onion'), ('1 cup uncooked', 'pearl barley'), ('0.25 cup', 'tomato paste'), ('1', 'lime'), ('1 teaspoon', 'turmeric'), ('to taste', 'salt'), ('to taste', 'black pepper'), ('1 cup diced', 'carrots'), ('0.5 cup', 'sour cream'), ('0.5 cup chopped fresh', 'parsley'), ('8', 'lime wedges')]"
Lebanese Chicken Shawarma,"[('1 cup', 'yogurt'), ('0.25 cup', 'lemon juice'), ('2 tablespoons', 'olive oil'), ('1 tablespoon', 'tomato paste'), ('3 cloves', 'garlic'), ('1 teaspoon ground', 'cumin'), ('1 teaspoon ground', 'coriander'), ('0.5 teaspoon', 'salt'), ('0.5 teaspoon ground', 'black pepper'), ('0.25 teaspoon', 'red pepper flakes'), ('2 pounds', 'chicken breasts')]"
Swedish Cream Cheese Crepes,"[('3 cups', 'milk'), ('1 cup', 'all-purpose flour'), ('2', 'eggs'), ('2 tablespoons melted', 'butter'), ('2 tablespoons', 'white sugar'), ('0.5 teaspoon', 'salt'), ('1 (16 ounce) package', 'cottage cheese'), ('1 (8 ounce) package', 'cream cheese'), ('1 cup', 'confectioners sugar'), ('2 teaspoons', 'vanilla extract'), ('1.5 cups', 'blueberries'), ('2 cups', 'water'), ('0.5 cup', 'sugar'), ('3 tablespoons', 'cornstarch'), ('1.5 tablespoons cold', 'water'), ('0.25 teaspoon', 'butter')]"
Broa (Portuguese Cornbread),"[('1.5 cups', 'milk'), ('4 pats', 'unsalted butter'), ('2 teaspoons', 'white sugar'), ('1.5 cups', 'cornmeal'), ('1 (.25 ounce) package', 'active dry yeast'), ('1 pinch', 'sugar'), ('0.25 cup warm', 'water'), ('3 cups', 'all-purpose flour'), ('1 teaspoon', 'sea salt'), ('1 tablespoon', 'olive oil')]"
Cuban Picadillo,"[('3 pounds', 'beef'), ('0.5', 'onion'), ('2 tablespoons', 'garlic'), ('1', 'red bell pepper'), ('1', 'green bell pepper'), ('2 cups', 'raisins'), ('2 (8 ounce) jars', 'green olives'), ('2 (6 ounce) cans', 'tomato paste'), ('0.5 cup', 'water'), ('0.5 bunch', 'cilantro')]"
Fårikål,"[('8 ounces sliced', 'lamb meat'), ('1 head', 'cabbage'), ('2 cups', 'water'), ('1.5 tablespoons whole', 'black peppercorns'), ('to taste', 'salt')]"
Ono Butter Mochi,"[('1 pound', 'mochiko'), ('2.5 cups', 'white sugar'), ('1 teaspoon', 'baking powder'), ('0.5 cup', 'butter'), ('3 cups', 'milk'), ('5', 'eggs'), ('1 teaspoon', 'vanilla extract'), ('1 cup', 'coconut')]"
Air Fryer Wiener Schnitzel,"[('1 pound', 'veal'), ('2 tablespoons', 'lemon juice'), ('salt and ground black pepper to taste', ''), ('0.25 cup', 'all-purpose flour'), ('1', 'egg'), ('1 tablespoon chopped fresh', 'parsley'), ('1 cup', 'panko bread crumbs'), ('nonstick', 'cooking spray'), ('1', 'lemon')]"
Finnish Runeberg Tortes,"[('0.5 cup', 'all-purpose flour'), ('1.5 tablespoons', 'all-purpose flour'), ('0.5 cup crushed', 'gingersnap cookies'), ('1.5 tablespoons crushed', 'gingersnap cookies'), ('6.5 tablespoons', 'almond flour'), ('1.5 teaspoons', 'baking powder'), ('0.5 cup', 'butter'), ('2 tablespoons', 'unsalted butter'), ('6.5 tablespoons', 'sugar'), ('3.5 tablespoons', 'brown sugar'), ('2 large', 'eggs'), ('1.5 teaspoons', 'rum flavored extract'), ('3.5 tablespoons', 'heavy cream'), ('3 tablespoons', 'raspberry jam'), ('6.5 tablespoons', 'icing sugar'), ('3 teaspoons', 'egg white')]"
Bibimbap (Korean Rice Bowl),"[('1', 'English cucumber'), ('0.25 cup', 'gochujang'), ('1 bunch', 'spinach'), ('1 tablespoon', 'soy sauce'), ('2 teaspoons', 'olive oil'), ('2', 'carrots'), ('1 clove', 'garlic'), ('1 pinch', 'red pepper flakes'), ('1 pound thinly-sliced', 'beef top round steak'), ('4 large', 'eggs'), ('4 cups cooked', 'white rice'), ('4 teaspoons', 'sesame oil'), ('1 teaspoon', 'sesame seeds'), ('2 teaspoons', 'gochujang')]"
Indonesian Chicken Skewers with Peanut Sauce (Satay Ayam),"[('1 pound', 'chicken thighs'), ('0.75 teaspoon', 'salt'), ('1 pinch', 'white pepper'), ('1 tablespoon', 'sunflower seed oil'), ('24', 'wooden skewers'), ('1 cup', 'water'), ('5 tablespoons', 'peanut butter'), ('2 tablespoons', 'kecap manis'), ('1 tablespoon', 'brown sugar'), ('2 cloves', 'garlic'), ('0.5 teaspoon', 'salt'), ('1 tablespoon', 'lime juice')]"
Tembleque de Coco (Coconut Tembleque),"[('4 cups', 'coconut milk'), ('1.5 cups', 'coconut cream'), ('1.5 cups', 'evaporated milk'), ('1 teaspoon ground', 'cinnamon'), ('0.25 teaspoon ground', 'nutmeg'), ('0.25 teaspoon ground', 'ginger'), ('1 cup', 'milk'), ('1 cup', 'cornstarch'), ('0.66666668653488 cup', 'white sugar'), ('1.5 teaspoons', 'vanilla extract'), ('1 teaspoon', 'orange blossom water'), ('0.5 teaspoon', 'salt'), ('0.5 teaspoon', 'lime zest'), ('1 pinch', 'cinnamon')]"
Speculaas Cookies or Spicy Sinterklass Cakes,"[('2 tablespoons', 'milk'), ('0.66666668653488 cup', 'dark brown sugar'), ('2 cups sifted', 'all-purpose flour'), ('1 teaspoon ground', 'cloves'), ('1 teaspoon ground', 'cinnamon'), ('0.5 teaspoon ground', 'nutmeg'), ('0.5 teaspoon ground', 'ginger'), ('0.25 teaspoon', 'baking powder'), ('0.25 teaspoon', 'salt'), ('2 tablespoons chopped slivered', 'almonds'), ('2 tablespoons chopped', 'candied citron'), ('0.66666668653488 cup', 'butter'), ('0.5 cup', 'almonds')]"
The Amazing Swedish Meatball,"[('1 pound', 'beef'), ('0.5 pound', 'pork'), ('0.5 cup chopped', 'onion'), ('0.75 cup', 'bread crumbs'), ('1', 'egg'), ('0.5 cup', 'milk'), ('1 tablespoon', 'parsley'), ('1 tablespoon', 'Worcestershire sauce'), ('2 teaspoons', 'salt'), ('1 teaspoon', 'pepper'), ('0.25 cup', 'vegetable oil'), ('0.25 cup', 'all-purpose flour'), ('1 teaspoon', 'paprika'), ('1 tablespoon', 'salt'), ('1 teaspoon', 'pepper'), ('2 cups', 'water'), ('0.75 cup', 'sour cream')]"
Perfect Baked Jerk Chicken,"[('1 teaspoon', 'salt'), ('1 teaspoon ground', 'allspice'), ('1 teaspoon packed', 'brown sugar'), ('1 teaspoon', 'onion powder'), ('0.5 teaspoon dried minced', 'garlic'), ('0.5 teaspoon ground', 'nutmeg'), ('0.5 teaspoon', 'black pepper'), ('0.5 teaspoon ground', 'ginger'), ('0.25 teaspoon', 'cayenne pepper'), ('0.25 teaspoon ground', 'cinnamon'), ('0.25 teaspoon', 'thyme'), ('1 (2 to 3 pound)', 'chicken'), ('0.25 cup', 'vegetable oil')]"
Swedish Hard Tack,"[('2.75 cups', 'all-purpose flour'), ('0.25 cup', 'sugar'), ('0.5 teaspoon', 'baking soda'), ('0.5 teaspoon', 'salt'), ('0.5 cup', 'butter'), ('1 cup', 'buttermilk')]"
Cuban Tamales,"[('0.25 cup', 'olive oil'), ('1.5 pounds', 'boneless country-style pork ribs'), ('1 cup', 'dry white wine'), ('2 cups', 'water'), ('10 cloves', 'garlic'), ('2 tablespoons', 'tomato paste'), ('2 cubes', 'beef bouillon'), ('2', 'bay leaves'), ('1 teaspoon ground', 'cumin'), ('1 teaspoon dried', 'oregano'), ('0.5 teaspoon ground', 'black pepper'), ('2 links', 'Spanish chorizo sausage'), ('1', 'yellow onion'), ('1 small', 'green bell pepper'), ('0.5 cup', 'green olives'), ('4 cups', 'corn'), ('1.5 cups', 'masa harina'), ('2 tablespoons', 'white sugar'), ('1 tablespoon', 'white vinegar'), ('1 teaspoon', 'salt'), ('1 (8 ounce) package', 'corn husks'), ('kitchen twine, cut into', '12-inch lengths')]"
Instant Pot Thai-Style Green Curry Chicken,"[('1 (13.5 ounce) can', 'coconut milk'), ('0.25 cup', 'chicken broth'), ('3 tablespoons', 'green curry paste'), ('2 tablespoons', 'soy sauce'), ('1 tablespoon', 'fish sauce'), ('1 tablespoon', 'brown sugar'), ('0.5 teaspoon', 'basil'), ('1 tablespoon', 'vegetable oil'), ('1 pound', 'chicken thighs'), ('1', 'jalapeno pepper'), ('2 cloves', 'garlic'), ('1', 'lime'), ('1 teaspoon grated', 'ginger'), ('6 ounces', 'snow peas'), ('1', 'red bell pepper'), ('0.25 cup chopped', 'cilantro')]"
Cap Cai,"[('3 tablespoons', 'vegetable oil'), ('4 cloves', 'garlic'), ('1', 'onion'), ('10 ounces peeled and deveined', 'shrimp'), ('1 head', 'bok choy'), ('1.5 cups chopped', 'broccoli'), ('1.5 cups chopped', 'cauliflower'), ('1 large', 'carrot'), ('3 green', 'onions'), ('0.66666668653488 cup', 'water'), ('2 tablespoons', 'cornstarch'), ('2 tablespoons', 'fish sauce'), ('2 tablespoons', 'oyster sauce'), ('1 teaspoon', 'sugar'), ('0.5 teaspoon ground', 'black pepper'), ('to taste', 'salt')]"
Potato Plum Dumplings,"[('4 large', 'russet potatoes'), ('0.5 teaspoon', 'salt'), ('1 tablespoon', 'butter'), ('2', 'eggs'), ('0.25 cup', 'farina'), ('1 cup', 'all-purpose flour'), ('12', 'Italian prune plums'), ('12 cubes', 'sugar'), ('0.5 cup', 'butter'), ('0.25 cup', 'sugar'), ('1 cup', 'bread crumbs'), ('additional', 'butter and sugar')]"
Kalbi (Marinated Beef Short Ribs),"[('0.75 cup', 'white sugar'), ('0.75 cup', 'soy sauce'), ('0.25 cup', 'sesame oil'), ('4 cloves', 'garlic'), ('3 green', 'onions'), ('2 tablespoons', 'sesame seeds'), ('5 pounds', 'beef short ribs')]"
Manjar (Dulce de Leche) from Scratch,"[('1 quart', 'milk'), ('1 cup', 'sugar'), ('0.5 teaspoon', 'vanilla extract'), ('0.25 teaspoon', 'baking soda')]"
Brazilian Crispy Cheese Bread,"[('1.6666667461395 cups', 'tapioca flour'), ('6 tablespoons', 'water'), ('0.25 cup', 'oil'), ('1 pinch', 'salt'), ('1', 'egg'), ('6 tablespoons', 'yogurt'), ('0.5 cup freshly grated', 'Parmesan cheese')]"
Beef Stroganoff with Noodles,"[('2 tablespoons', 'vegetable oil'), ('1.5 pounds', 'beef stew meat'), ('0.5 pound', 'bacon'), ('0.5', 'onion'), ('3 strips', 'celery'), ('2 tablespoons', 'seasoning salt'), ('0.25 cup', 'Worcestershire sauce'), ('3 (14 ounce) cans', 'beef broth'), ('1 (8 ounce) package', 'dry egg noodles'), ('1 teaspoon', 'butter'), ('2 (4 ounce) cans', 'mushrooms'), ('0.25 cup', 'cornstarch'), ('0.33333334326744 cup cold', 'water'), ('1 (8 ounce) container', 'sour cream')]"
Mofongo,"[('3 cups', 'canola oil'), ('3 cloves', 'garlic'), ('3 tablespoons', 'olive oil'), ('0.125 cup crushed', 'fried pork skins'), ('2', 'green plantains'), ('to taste', 'salt')]"
Authentic Saag Paneer,"[('2 bunches', 'spinach'), ('1 bunch', 'fenugreek leaves'), ('3 tablespoons', 'canola oil'), ('0.5 pound', 'paneer'), ('1 teaspoon', 'cumin seeds'), ('1', 'onion'), ('3 cloves', 'garlic'), ('1 teaspoon grated', 'ginger'), ('1', 'tomato'), ('2 teaspoons', 'garam masala'), ('0.5 teaspoon ground', 'turmeric'), ('0.5 teaspoon', 'cayenne pepper'), ('0.5 cup', 'heavy whipping cream'), ('to taste', 'salt')]"
South African Instant Milk Tart,"[('1 (4.8 ounce) package', 'graham crackers'), ('0.5 cup melted', 'butter'), ('2', 'eggs'), ('0.25 cup', 'sugar'), ('3 tablespoons', 'cornstarch'), ('3 tablespoons', 'cake flour'), ('2 cups', 'milk'), ('1', 'cinnamon stick'), ('2 tablespoons', 'butter'), ('0.5 teaspoon', 'vanilla extract'), ('1 tablespoon', 'cinnamon sugar')]"
Crispy Fried Smelts,"[('1 cup', 'all-purpose flour'), ('2 tablespoons', 'salt'), ('0.75 pound', 'smelt'), ('1 cup', 'vegetable oil')]"
Rabbit Fricassee Cuban-Style,"[('1 (3 pound)', 'rabbit'), ('2.5 cups', 'water'), ('1 large', 'onion'), ('3 cloves', 'garlic'), ('1', 'green bell pepper'), ('0.25 teaspoon', 'saffron powder'), ('1 teaspoon ground', 'cumin'), ('1 teaspoon', 'salt'), ('1 teaspoon', 'black pepper'), ('2 tablespoons fresh', 'lemon juice'), ('1', 'bay leaf'), ('1 (8 ounce) can', 'tomato sauce'), ('1 pound', 'potatoes'), ('0.25 cup', 'white wine'), ('0.25 cup', 'capers'), ('1 cup', 'raisins'), ('0.25 cup chopped', 'green olives'), ('0.25 cup', 'olive oil'), ('1 (10 ounce) can', 'baby peas')]"
Punjabi Chicken in Thick Gravy,"[('2 tablespoons', 'vegetable oil'), ('2 tablespoons', 'ghee'), ('1 teaspoon', 'cumin seeds'), ('1', 'onion'), ('5 cloves', 'garlic'), ('2 tablespoons minced fresh', 'ginger root'), ('1 cup', 'water'), ('1 small', 'tomato'), ('1', 'serrano chile pepper'), ('1 tablespoon', 'tomato paste'), ('1 tablespoon', 'garam masala'), ('1 tablespoon ground', 'turmeric'), ('1 teaspoon', 'salt'), ('8', 'chicken legs'), ('0.25 cup chopped fresh', 'cilantro')]"
Best Bobotie,"[('2 tablespoons', 'vegetable oil'), ('2 medium', 'onions'), ('1.5 pounds', 'ground beef'), ('1 cup', 'milk'), ('2 slices', 'Texas toast thick-sliced bread'), ('0.5 cup', 'raisins'), ('1 tablespoon', 'chutney'), ('0.5 tablespoon', 'curry powder'), ('1 teaspoon', 'apricot jam'), ('1 teaspoon', 'salt'), ('0.5 teaspoon ground', 'black pepper'), ('1 large', 'egg'), ('1 pinch', 'salt'), ('1', 'bay leaf')]"
Greek Baklava,"[('1 (16 ounce) package', 'phyllo dough'), ('1 pound', 'nuts'), ('1 cup', 'butter'), ('1 teaspoon ground', 'cinnamon'), ('1 cup', 'water'), ('1 cup', 'sugar'), ('1 teaspoon', 'vanilla extract'), ('0.5 cup', 'honey')]"
Coconut Coconut Milk Cake,"[('2 cups', 'white sugar'), ('1 cup', 'butter'), ('4', 'eggs'), ('1 cup unsweetened', 'coconut'), ('2 cups', 'all-purpose flour'), ('2 tablespoons', 'baking powder'), ('1 teaspoon', 'salt'), ('1 (14 ounce) can', 'coconut milk')]"
Agua de Jamaica (Iced Hibiscus Tea),"[('6 cups', 'water'), ('2 cups dried', 'hibiscus petals'), ('1', 'cinnamon stick'), ('1 pinch', 'cloves'), ('1 pinch', 'nutmeg'), ('1 pinch', 'allspice'), ('0.5 cup chopped', 'piloncillo'), ('1.5 cups', 'white sugar')]"
Vietnamese Caramel Chicken,"[('2 tablespoons', 'white sugar'), ('2 tablespoons', 'fish sauce'), ('to taste', 'black pepper'), ('3 pounds', 'chicken thighs'), ('3 tablespoons', 'water'), ('1 tablespoon', 'fish sauce'), ('0.5 tablespoon', 'white sugar'), ('3 teaspoons', 'rice vinegar'), ('3 tablespoons', 'vegetable oil'), ('5 cloves', 'garlic'), ('2', 'jalapeno peppers')]"
Kate&#39;s Easy German Sauerbraten,"[('2 cups', 'water'), ('1 cup', 'red wine'), ('1 cup', 'cider vinegar'), ('0.5 large', 'onion'), ('1', 'lemon'), ('2 tablespoons', 'white sugar'), ('2 tablespoons', 'salt'), ('1 clove', 'garlic'), ('10 whole', 'cloves'), ('2', 'bay leaves'), ('1 tablespoon', 'juniper berries'), ('1 teaspoon whole', 'peppercorns'), ('1 (4 pound) boneless', 'beef chuck roast'), ('2 cups chopped', 'onions'), ('2 cups chopped', 'carrots'), ('1 cup diced', 'celery'), ('8', 'gingersnap cookies')]"
Ajiaco (Beef and Pepper Stew),"[('2 tablespoons', 'canola oil'), ('1 cup thickly sliced', 'shallots'), ('2 tablespoons minced', 'garlic'), ('2', 'red bell peppers'), ('1.5 teaspoons', 'chipotle chile powder'), ('2 teaspoons', 'cumin'), ('3 cups cubed cooked', 'roast beef'), ('1 pound', 'baby red potatoes'), ('2 cups', 'water'), ('1 quart', 'beef broth'), ('0.5 teaspoon dried', 'oregano'), ('to taste', 'Salt and pepper'), ('0.25 cup chopped', 'parsley'), ('2 hard-cooked', 'eggs')]"
Coxinhas (Brazilian Chicken Croquettes),"[('2 small', 'chicken breast halves'), ('1 cup', 'chicken broth'), ('1 tablespoon', 'olive oil'), ('1', 'onion'), ('5 chopped', 'green olives'), ('2 tablespoons chopped fresh', 'parsley'), ('to taste', 'salt and pepper'), ('2 cups', 'chicken broth'), ('2 tablespoons', 'butter'), ('to taste', 'salt'), ('2 cups', 'all-purpose flour'), ('1 cup', 'all-purpose flour'), ('2', 'eggs'), ('1 cup', 'bread crumbs'), ('oil for', 'frying')]"
My Own Famous Stuffed Grape Leaves,"[('1 tablespoon', 'olive oil'), ('2 cups uncooked', 'long-grain white rice'), ('1 large', 'onion'), ('0.5 cup chopped fresh', 'dill'), ('0.5 cup chopped fresh', 'mint leaves'), ('2 quarts', 'chicken broth'), ('0.75 cup', 'lemon juice'), ('60 fresh', 'grape leaves'), ('1 cup', 'olive oil')]"
Horseradish Beets (Chrin),"[('8 (15 ounce) cans', 'beets'), ('2 (4 ounce) jars', 'horseradish')]"
Chef John&#39;s Patatas Bravas,"[('1 clove', 'garlic'), ('0.5 teaspoon', 'smoked paprika'), ('1 pinch', 'salt'), ('1 cup', 'mayonnaise'), ('1 tablespoon', 'sherry vinegar'), ('1 teaspoon', 'tomato paste'), ('0.25 teaspoon ground', 'chipotle peppers'), ('1 pinch', 'cayenne pepper'), ('1 tablespoon', 'salt'), ('0.5 teaspoon ground', 'black pepper'), ('0.5 teaspoon', 'paprika'), ('0.5 teaspoon ground', 'chipotle peppers'), ('2 quarts cold', 'water'), ('1 tablespoon', 'salt'), ('1 teaspoon', 'smoked paprika'), ('1 teaspoon ground', 'cumin'), ('2', 'bay leaves'), ('2 pounds', 'russet potatoes'), ('2 cups', 'vegetable oil')]"
Vegetarian Banh Mi Bowls,"[('3 quarts', 'water'), ('0.5 (14 ounce) package', 'brown rice'), ('1 quart', 'water'), ('0.25 (12 ounce) package', 'quinoa'), ('1', 'cucumber'), ('2', 'carrots'), ('6', 'radishes'), ('0.5 cup', 'rice vinegar'), ('0.25 cup', 'water'), ('0.25 cup', 'sugar'), ('1 tablespoon', 'sesame oil'), ('1 teaspoon', 'salt'), ('0.5 cup', 'mayonnaise'), ('2 tablespoons', 'sriracha sauce'), ('0.5 cup chopped', 'peanuts'), ('0.5 cup chopped', 'cilantro')]"
Stroopwaffels I,"[('4 cups', 'all-purpose flour'), ('0.5 cup', 'sugar'), ('1 cup', 'butter'), ('2', 'eggs'), ('1 (.25 ounce) package', 'active dry yeast'), ('0.5 cup warm', 'water'), ('1.5 cups packed', 'brown sugar'), ('1 cup', 'butter'), ('1 teaspoon ground', 'cinnamon'), ('6 tablespoons', 'dark corn syrup')]"
Colombian Turmada Potatoes (Papa Turmada),"[('6 large', 'potatoes'), ('2 tablespoons', 'vegetable oil'), ('6 links', 'pork sausage'), ('0.25 cup diced', 'white onion'), ('0.25 cup chopped', 'green onion'), ('0.5 cup diced fresh', 'tomato'), ('1 teaspoon ground', 'cumin'), ('0.5 teaspoon ground dried', 'thyme'), ('to taste', 'salt and pepper'), ('3 slices', 'white sandwich bread'), ('0.5 cup', 'milk'), ('1 cup shredded', 'mozzarella cheese'), ('1 cup grated', 'Parmesan cheese'), ('2 tablespoons', 'vegetable oil'), ('6 hard-boiled', 'eggs')]"
Pollo a la Brasa (Peruvian Grilled Chicken),"[('0.33333334326744 cup', 'soy sauce'), ('5 cloves', 'garlic'), ('2 tablespoons', 'lime juice'), ('1 tablespoon', 'vegetable oil'), ('2 teaspoons', 'cumin'), ('1 teaspoon', 'paprika'), ('0.5 teaspoon dried', 'oregano'), ('2 pounds', 'chicken thighs'), ('2 fresh', 'jalapeno peppers'), ('0.5 cup firmly packed', 'cilantro'), ('0.25 cup', 'mayonnaise'), ('1 tablespoon', 'lime juice'), ('1 tablespoon extra virgin', 'olive oil'), ('1 clove', 'garlic'), ('0.5 teaspoon', 'salt'), ('0.25 teaspoon ground', 'black pepper')]"
Classic Swiss Fondue,"[('2.5 cups shredded', 'Gruyere cheese'), ('2.5 cups shredded', 'Emmental cheese'), ('2 tablespoons', 'cornstarch'), ('1 clove', 'garlic'), ('1.5 cups', 'white wine'), ('1 (8 inch)', 'French bread'), ('1 pound cooked', 'baby potatoes'), ('1 cup', 'cornichons'), ('1 cup pickled', 'pearl onions')]"
Easy Indian Butter Chicken,"[('1 cup', 'butter'), ('1', 'onion'), ('1 tablespoon minced', 'garlic'), ('1 (15 ounce) can', 'tomato sauce'), ('3 cups', 'heavy cream'), ('2 teaspoons', 'salt'), ('1 teaspoon', 'cayenne pepper'), ('1 teaspoon', 'garam masala'), ('1.5 pounds', 'chicken breast'), ('2 tablespoons', 'vegetable oil'), ('2 tablespoons', 'tandoori masala')]"
Authentic Vietnamese Spring Rolls (Nem Ran Hay Cha Gio),"[('2 ounces dried', 'thin rice noodles'), ('0.75 cup', 'chicken'), ('0.25 cup', 'shrimp'), ('2 large', 'eggs'), ('1', 'carrot'), ('4', 'wood fungus mushrooms'), ('2 green', 'onions'), ('0.5 teaspoon', 'white sugar'), ('0.5 teaspoon', 'salt'), ('0.5 teaspoon ground', 'black pepper'), ('24', 'rice paper wrappers'), ('2 cups', 'vegetable oil')]"
Cao Lầu (Vietnamese Noodle Bowl),"[('2 tablespoons', 'soy sauce'), ('4 cloves', 'garlic'), ('2 teaspoons', 'Chinese five-spice powder'), ('2 teaspoons', 'white sugar'), ('1 teaspoon', 'paprika'), ('0.25 teaspoon', 'chicken bouillon granules'), ('1.5 pounds', 'pork tenderloin'), ('2 tablespoons', 'vegetable oil'), ('2 tablespoons', 'water'), ('2 pounds fresh thick', 'Vietnamese-style rice noodles'), ('2 cups', 'bean sprouts'), ('1 cup torn', 'lettuce leaves'), ('1 bunch', 'green onions'), ('0.25 cup fresh', 'basil leaves'), ('0.25 cup fresh', 'cilantro leaves'), ('0.25 cup', 'chow mein noodles')]"
Easy Blini (Russian Pancake),"[('1 cup', 'all-purpose flour'), ('0.75 teaspoon', 'salt'), ('0.5 teaspoon', 'baking powder'), ('0.75 cup', 'milk'), ('2 tablespoons', 'milk'), ('1 large', 'egg'), ('1 tablespoon melted', 'unsalted butter'), ('1 tablespoon', 'unsalted butter')]"
Fattet Betenjan (Eggplant and Yogurt Salad),"[('5 cups', 'water'), ('2 tablespoons', 'salt'), ('3 medium', 'eggplants'), ('4 (6 inch)', 'pita bread rounds'), ('1 cup', 'vegetable oil'), ('3.25 cups', 'yogurt'), ('0.25 cup', 'mayonnaise'), ('0.5 medium', 'lemon'), ('3 cloves', 'garlic'), ('salt and ground black pepper to taste', ''), ('2 tablespoons', 'oil'), ('0.25 cup', 'almonds'), ('1 head', 'romaine lettuce'), ('1 (29 ounce) can', 'chickpeas')]"
Chicken Fried Rice,"[('1', 'egg'), ('1 tablespoon', 'water'), ('1 tablespoon', 'butter'), ('1 tablespoon', 'vegetable oil'), ('1', 'onion'), ('2 cups cooked', 'white rice'), ('1 cup cooked, chopped', 'chicken meat'), ('2 tablespoons', 'soy sauce'), ('1 teaspoon ground', 'black pepper')]"
Chef John&#39;s Chicken Tikka Masala,"[('1.5 pounds', 'chicken thighs'), ('1 tablespoon', 'vegetable oil'), ('2 teaspoons', 'kosher salt'), ('2 teaspoons', 'garam masala'), ('2 teaspoons', 'cumin'), ('1 teaspoon ground', 'coriander'), ('1 teaspoon', 'smoked paprika'), ('1 teaspoon ground', 'turmeric'), ('0.5 teaspoon ground', 'black pepper'), ('0.25 teaspoon', 'cayenne pepper'), ('0.125 teaspoon ground', 'cardamom'), ('2 tablespoons', 'clarified butter'), ('1', 'onion'), ('0.25 cup', 'tomato paste'), ('4 cloves', 'garlic'), ('1 tablespoon finely grated', 'ginger'), ('1 cup crushed', 'tomatoes'), ('1 (13 ounce) can', 'coconut milk'), ('0.5 cup', 'chicken broth'), ('2 tablespoons chopped fresh', 'cilantro'), ('0.5 teaspoon', 'red pepper flakes'), ('salt and ground black pepper to taste', '')]"
Gramma&#39;s Date Squares,"[('1.5 cups', 'rolled oats'), ('1.5 cups sifted', 'pastry flour'), ('1.333 cups packed', 'brown sugar'), ('0.75 teaspoon', 'baking soda'), ('0.25 teaspoon', 'salt'), ('0.75 cup', 'butter'), ('0.75 pound', 'dates'), ('1 cup', 'water'), ('1 teaspoon', 'lemon juice')]"
Japchae Korean Glass Noodles,"[('0.5 pound', 'Korean dang myun noodles'), ('2.5 teaspoons', 'sesame oil'), ('2 tablespoons', 'soy sauce'), ('2 teaspoons', 'white sugar'), ('1 tablespoon', 'vegetable oil'), ('2', 'carrots'), ('0.5 pound', 'asparagus'), ('0.75 cup thinly sliced', 'onions'), ('2 cloves', 'garlic'), ('3 green', 'onions'), ('0.5 cup dried', 'shiitake mushrooms'), ('1 tablespoon', 'sesame seeds')]"
Russian Cabbage Borscht,"[('1.5 cups thinly sliced', 'potatoes'), ('1 cup thinly sliced', 'beets'), ('4 cups', 'vegetable stock or water'), ('2 tablespoons', 'butter'), ('1.5 cups chopped', 'onions'), ('1 teaspoon', 'caraway seed'), ('2 teaspoons', 'salt'), ('1', 'celery stalk'), ('1 large', 'carrot'), ('3 cups coarsely chopped', 'red cabbage'), ('to taste', 'black pepper'), ('0.25 teaspoon fresh', 'dill weed'), ('1 tablespoon', 'cider vinegar'), ('1 tablespoon', 'honey'), ('1 cup', 'tomato puree'), ('for topping', 'sour cream'), ('chopped', 'tomatoes')]"
Sacher Torte,"[('4 ounces', 'semisweet chocolate'), ('0.5 cup', 'butter'), ('0.25 cup', ""confectioners' sugar""), ('2 teaspoons', ""confectioners' sugar""), ('6 large', 'eggs'), ('0.5 cup', 'sugar'), ('2 tablespoons', 'white sugar'), ('1 cup', 'cake flour'), ('0.25 cup', 'water'), ('0.25 cup', 'sugar'), ('3 tablespoons', 'dark rum'), ('1 (12 ounce) jar', 'apricot preserves'), ('1 tablespoon', 'water'), ('9 ounces', 'semisweet chocolate'), ('3 ounces', 'heavy cream')]"
Prawn Nasi Goreng,"[('2 tablespoons', 'vegetable oil'), ('3', 'eggs'), ('2 tablespoons', 'dark soy sauce'), ('2 tablespoons', 'ketchup'), ('1 tablespoon', 'brown sugar'), ('1 teaspoon', 'sesame oil'), ('1 teaspoon', 'sweet chili sauce'), ('1', 'zucchini'), ('1', 'carrot'), ('8', 'green onions'), ('1 clove', 'garlic'), ('2 cups cooked', 'rice'), ('0.5 pound', 'prawns'), ('2 tablespoons fresh', 'chives')]"
Chilean Dobladitas,"[('4 cups', 'all-purpose flour'), ('1 cup', 'butter'), ('0.5 cup', 'milk'), ('2 teaspoons', 'baking powder'), ('1 teaspoon', 'salt'), ('3 tablespoons', 'butter')]"
German Semolina Pudding,"[('2 cups', 'milk'), ('1.5 tablespoons', 'sugar'), ('0.33333334326744 cup', 'semolina')]"
My Classic Puerto Rican Carne Guisada,"[('1.5 tablespoons', 'corn oil'), ('2 pounds', 'beef round steak'), ('3 cloves', 'garlic'), ('0.5 teaspoon ground', 'black pepper'), ('0.5 teaspoon', 'oregano'), ('0.5 cup', 'white wine'), ('2 tablespoons', 'sofrito'), ('1 tablespoon', 'salt'), ('1 cube', 'beef bouillon'), ('3', 'bay leaves'), ('3', 'potatoes'), ('3', 'carrots'), ('1.5 tablespoons', 'Spanish olives'), ('1 tablespoon', 'tomato paste')]"
Newfoundland-Style Pea Soup,"[('1 pound', 'salt beef'), ('10 cups', 'water'), ('2 cups', 'yellow split peas'), ('3', 'carrots'), ('0.5', 'turnip'), ('0.5 teaspoon ground', 'black pepper')]"
Middle Eastern Rice with Black Beans and Chickpeas,"[('1 tablespoon', 'olive oil'), ('1 clove', 'garlic'), ('1 cup uncooked', 'basmati rice'), ('2 teaspoons', 'cumin'), ('2 teaspoons', 'coriander'), ('1 teaspoon ground', 'turmeric'), ('1 teaspoon ground', 'cayenne pepper'), ('1 quart', 'chicken stock'), ('1.5 pounds', 'turkey'), ('2 (15 ounce) cans', 'garbanzo beans'), ('2 (15 ounce) cans', 'black beans'), ('1 bunch chopped fresh', 'cilantro'), ('1 bunch', 'parsley'), ('0.25 cup', 'pine nuts'), ('salt and ground black pepper to taste', '')]"
Macarons,"[('4 extra large', 'egg whites'), ('1.6666667461395 cups', ""confectioners' sugar""), ('1.3333330154419 cups', 'almond flour'), ('0.125 teaspoon', 'salt'), ('0.25 cup', 'sugar'), ('0.25 cup', 'raspberry jam')]"
Chilean Alfajores,"[('1 (14 ounce) can', 'sweetened condensed milk'), ('7 tablespoons', 'butter'), ('7 tablespoons', 'sugar'), ('1 large', 'egg'), ('7 tablespoons', 'all-purpose flour')]"
Tropical Hawaiian Wedding Cake,"[('2 cups', 'all-purpose flour'), ('1.5 cups', 'white sugar'), ('1 teaspoon', 'baking soda'), ('1 (20 ounce) can', 'pineapple'), ('2', 'eggs'), ('1 cup chopped', 'walnuts'), ('0.75 cup', 'coconut')]"
Chinese Eggplant with Garlic Sauce,"[('3 tablespoons', 'canola oil'), ('4', 'Chinese eggplants'), ('1 cup', 'water'), ('3 tablespoons', 'garlic powder'), ('1 tablespoon crushed', 'red pepper flakes'), ('2 tablespoons', 'light soy sauce'), ('2 tablespoons', 'oyster sauce'), ('5 teaspoons', 'white sugar'), ('1 teaspoon', 'cornstarch')]"
Reshteh Polo (Persian Noodle Rice),"[('1 cup', 'basmati rice'), ('3.5 tablespoons', 'kosher salt'), ('0.25 teaspoon', 'saffron'), ('2 tablespoons', 'water'), ('0.5 (8 ounce) package', 'noodles'), ('0.25 cup', 'grapeseed oil'), ('kosher salt to taste', 'Diamond Crystal®'), ('2 medium', 'gold potatoes'), ('0.25 cup', 'water'), ('2 tablespoons', 'unsalted butter'), ('3 tablespoons', 'unsalted butter'), ('6', 'Medjool dates'), ('0.5 cup', 'golden raisins'), ('0.25 teaspoon ground', 'cinnamon')]"
Stroopwaffels II,"[('1.25 cups', 'all-purpose flour'), ('1 teaspoon', 'baking powder'), ('1 pinch', 'salt'), ('2', 'eggs'), ('0.75 cup', 'white sugar'), ('1 teaspoon', 'vanilla extract'), ('2 teaspoons', 'lemon extract'), ('0.33300000429153 cup', 'butter'), ('1 cup', 'sugar'), ('1 tablespoon', 'corn syrup'), ('1 teaspoon', 'lemon juice'), ('6 tablespoons', 'heavy cream')]"
Cuban Marinated Steak,"[('0.5 teaspoon', 'cumin seeds'), ('0.25 cup', 'orange juice'), ('2 tablespoons', 'vegetable oil'), ('2 tablespoons', 'Montreal-style steak seasoning'), ('2.25 teaspoons', 'lime juice'), ('1.5 teaspoons dried', 'oregano'), ('1.5 pounds', 'beef rib-eye steaks')]"
Sour Cream Banana Cake,"[('2 cups packed', 'brown sugar'), ('1 cup', 'butter'), ('4', 'eggs'), ('4', 'bananas'), ('1 cup', 'sour cream'), ('4 cups sifted', 'cake flour'), ('1 teaspoon', 'baking soda'), ('0.125 teaspoon', 'salt'), ('1 cup chopped', 'walnuts'), ('2 teaspoons', 'vanilla extract'), ('4 cups', ""confectioners' sugar"")]"
Pisco Sour Cocktail,"[('2 fluid ounces', 'pisco'), ('0.75 fluid ounce', 'lime juice'), ('0.75 fluid ounce', 'simple syrup'), ('1', 'egg white'), ('1 cup', 'ice'), ('4 drops', 'Angostura bitters')]"
Chômeur&#39;s Pudding,"[('1.5 cups', 'all-purpose flour'), ('1 teaspoon', 'baking powder'), ('1 cup', 'sugar'), ('0.5 cup', 'margarine'), ('1 large', 'egg'), ('1 cup', 'milk'), ('2 cups', 'water'), ('2 cups', 'brown sugar'), ('0.25 teaspoon', 'vanilla extract')]"
German Hamburgers (Frikadellen),"[('1', 'Kaiser roll'), ('0.66666668653488 pound', 'ground beef'), ('0.33333334326744 pound', 'ground pork'), ('1', 'onion'), ('0.25 cup chopped fresh', 'parsley'), ('1', 'egg'), ('1 teaspoon', 'Hungarian hot paprika'), ('salt and ground black pepper to taste', '')]"
Kabab Barg,"[('0.5 cup extra-virgin', 'olive oil'), ('0.25 cup fresh', 'lime juice'), ('2 large', 'onions'), ('1 clove', 'garlic'), ('0.5 teaspoon', 'saffron'), ('1 teaspoon', 'salt'), ('0.25 teaspoon', 'black pepper'), ('1.75 pounds', 'lamb'), ('4', 'tomatoes'), ('1 tablespoon', 'sumac')]"
A Drama Queen&#39;s Pavlova,"[('6', 'egg whites'), ('1 pinch', 'salt'), ('1.5 teaspoons', 'vinegar'), ('2 cups', 'sugar'), ('1.5 teaspoons', 'vanilla extract'), ('0.5 cup', 'unsweetened flaked coconut'), ('2 cups sweetened', 'whipped cream'), ('1 cup fresh', 'strawberries'), ('2', 'kiwifruit'), ('1 fresh', 'peach'), ('0.5 cup fresh', 'blueberries')]"
Green Onion Garlic Naan Bread,"[('1.5 cups', 'bread flour'), ('0.5 teaspoon', 'kosher salt'), ('2 teaspoons', 'baking powder'), ('1 cup', 'Greek yogurt'), ('4 cloves', 'garlic'), ('0.5 cup thinly sliced', 'green onions'), ('2 tablespoons melted', 'butter')]"
Satay Sauce,"[('1 (10 ounce) can', 'coconut milk'), ('0.5 cup', 'peanut butter'), ('0.5 small', 'onion'), ('1 tablespoon', 'dark soy sauce'), ('2 teaspoons', 'brown sugar'), ('0.5 teaspoon', 'red pepper flakes')]"
Lebanese White Coffee,"[('1 teaspoon', 'orange blossom water'), ('1 cup', 'water'), ('1 teaspoon', 'acacia honey'), ('2', 'orange blossoms')]"
Wine and Garlic Pork (Portuguese Vina Dosh),"[('1.5 cups', 'red wine vinegar'), ('0.75 cup', 'red wine'), ('7 cloves', 'garlic'), ('2 tablespoons ground', 'black pepper'), ('2 teaspoons', 'salt'), ('8 whole', 'cloves'), ('3', 'bay leaves'), ('0.5 teaspoon', 'thyme'), ('1 (3 pound) boneless', 'pork shoulder'), ('2 tablespoons', 'vegetable oil')]"
Brazilian Grilled Pineapple,"[('1 cup', 'brown sugar'), ('2 teaspoons', 'cinnamon'), ('1', 'pineapple')]"
Easy Chicken Curry,"[('0.25 cup', 'olive oil'), ('2 large', 'onions'), ('0.33333334326744 cup', 'curry powder'), ('6', 'chicken breast halves')]"
Cassava Cake,"[('2 cups grated, peeled', 'yuca'), ('1 (14 ounce) can', 'coconut milk'), ('1 (14 ounce) can', 'sweetened condensed milk'), ('1 (12 ounce) can', 'evaporated milk'), ('2 large', 'eggs')]"
German Rouladen,"[('1.5 pounds', 'flank steak'), ('to taste', 'German stone ground mustard'), ('0.5 pound thick sliced', 'bacon'), ('2 large', 'onions'), ('1 (16 ounce) jar', 'dill pickle slices'), ('2 tablespoons', 'butter'), ('2.5 cups', 'water'), ('1 cube', 'beef bouillon')]"
Chinese Chicken Fried Rice,"[('0.5 tablespoon', 'sesame oil'), ('1', 'onion'), ('1.5 pounds', 'chicken meat'), ('2 tablespoons', 'soy sauce'), ('2 large', 'carrots'), ('2 stalks', 'celery'), ('1 large', 'red bell pepper'), ('0.75 cup fresh', 'pea pods'), ('0.5 large', 'green bell pepper'), ('6 cups cooked', 'white rice'), ('2 large', 'eggs'), ('0.33333334326744 cup', 'soy sauce')]"
Sweet Chili Thai Sauce,"[('1 cup', 'water'), ('1 cup', 'rice vinegar'), ('1 cup', 'sugar'), ('2 teaspoons', 'ginger root'), ('2 teaspoons', 'hot chile pepper'), ('2 teaspoons', 'ketchup'), ('1 teaspoon', 'garlic'), ('2 teaspoons', 'cornstarch'), ('1 tablespoon', 'water')]"
Leche Flan,"[('1 cup', 'sugar'), ('0.75 cup', 'water'), ('1 (13 ounce) can', 'sweetened condensed milk'), ('1 (13 ounce) can', 'evaporated milk'), ('12', 'egg yolks'), ('1 tablespoon', 'vanilla extract')]"
Mie Goreng - Indonesian Fried Noodles,"[('3 (3 ounce) packages', 'ramen noodles'), ('1 tablespoon', 'vegetable oil'), ('1 pound', 'chicken breast'), ('1 teaspoon', 'olive oil'), ('1 teaspoon', 'garlic salt'), ('1 pinch', 'black pepper'), ('1 tablespoon', 'vegetable oil'), ('0.5 cup chopped', 'shallots'), ('5 cloves', 'garlic'), ('1 cup shredded', 'cabbage'), ('1 cup shredded', 'carrots'), ('1 cup', 'broccoli florets'), ('1 cup sliced', 'mushrooms'), ('0.25 cup', 'soy sauce'), ('0.25 cup', 'sweet soy sauce'), ('0.25 cup', 'oyster sauce'), ('to taste', 'salt and pepper')]"
Real Poutine,"[('1 quart', 'vegetable oil'), ('1 (10.25 ounce) can', 'beef gravy'), ('5 medium', 'potatoes'), ('2 cups', 'cheese curds')]"
Portuguese Snow Drops,"[('3', 'egg whites'), ('1 cup', 'sugar'), ('0.5 teaspoon', 'lemon juice')]"
Pineapple Upside-Down Cake II,"[('0.5 cup', 'unsalted butter'), ('0.66666668653488 cup packed', 'brown sugar'), ('3 cups', 'pineapple'), ('1.5 cups', 'all-purpose flour'), ('1.5 teaspoons', 'baking powder'), ('0.5 teaspoon', 'salt'), ('0.5 teaspoon ground', 'cinnamon'), ('0.5 cup', 'butter'), ('0.66666668653488 cup', 'white sugar'), ('2', 'eggs'), ('1 teaspoon', 'vanilla extract'), ('0.75 cup', 'milk')]"
Spanish Gazpacho,"[('2 pounds', 'tomatoes'), ('1', 'cucumber'), ('1', 'green bell pepper'), ('0.5', 'onion'), ('1.5 tablespoons', 'red wine vinegar'), ('1 clove', 'garlic'), ('to taste', 'salt'), ('0.25 cup', 'extra-virgin olive oil'), ('0.25 cup cold', 'water'), ('0.5', 'onion'), ('1', 'green bell pepper'), ('1', 'cucumber')]"
Traditional Gyro Meat,"[('0.5', 'onion'), ('1 pound', 'lamb'), ('1 pound', 'beef'), ('1 tablespoon minced', 'garlic'), ('1 teaspoon dried', 'oregano'), ('1 teaspoon ground', 'cumin'), ('1 teaspoon dried', 'marjoram'), ('1 teaspoon ground dried', 'rosemary'), ('1 teaspoon ground dried', 'thyme'), ('1 teaspoon ground', 'black pepper'), ('0.25 teaspoon', 'sea salt'), ('cooking', 'spray')]"
Instant Pot Galbi (Korean-Style Short Ribs),"[('3 pounds', 'beef short ribs'), ('1', 'Asian pear'), ('1 small', 'onion'), ('4 cloves', 'garlic'), ('0.5 tablespoon peeled and coarsely chopped', 'fresh ginger'), ('1 cup', 'low-sodium soy sauce'), ('0.25 cup', 'rice wine'), ('0.25 cup', 'water'), ('0.25 cup', 'brown sugar'), ('2 tablespoons', 'sesame oil'), ('0.5 teaspoon ground', 'black pepper'), ('2', 'carrots'), ('5', 'radishes'), ('0.25 cup', 'sugar'), ('0.5 bunch', 'green onions'), ('1 tablespoon', 'sesame seeds')]"
Herbs de Provence,"[('2 tablespoons dried', 'rosemary'), ('1 tablespoon', 'fennel seed'), ('2 tablespoons dried', 'savory'), ('2 tablespoons dried', 'thyme'), ('2 tablespoons dried', 'basil'), ('2 tablespoons dried', 'marjoram'), ('2 tablespoons dried', 'lavender flowers'), ('2 tablespoons dried', 'Italian parsley'), ('1 tablespoon dried', 'oregano'), ('1 tablespoon dried', 'tarragon'), ('1 teaspoon', 'bay powder')]"
Apricot Anzac Biscuits,"[('0.5 cup', 'margarine'), ('3 tablespoons', 'margarine'), ('2 tablespoons', 'golden syrup'), ('2 teaspoons', 'water'), ('1 teaspoon', 'baking soda'), ('2 cups', 'rolled oats'), ('1 cup', 'all-purpose flour'), ('0.75 cup', 'sugar'), ('0.5 cup dried shredded', 'coconut'), ('0.5 cup diced', 'dried apricots')]"
Stroopwafels,"[('4 cups', 'all-purpose flour'), ('1.125 cups', 'butter'), ('0.75 cup', 'white sugar'), ('0.25 cup warm', 'milk'), ('1 large', 'egg'), ('2 (.25 ounce) envelopes', 'active dry yeast'), ('cooking', 'spray'), ('1.5 cups', 'molasses'), ('1.3333333730698 cups packed', 'brown sugar'), ('0.33333334326744 cup', 'unsalted butter'), ('1 teaspoon ground', 'cinnamon')]"
Finnish Pannu Kakku,"[('0.5 cup', 'butter'), ('1 cup', 'sugar'), ('1 cup', 'all-purpose flour'), ('1 teaspoon', 'baking powder'), ('1 teaspoon', 'salt'), ('4', 'eggs'), ('2 cups', 'milk')]"
Chimichurri Roasted Potatoes,"[('2 pounds', 'red potatoes'), ('4 tablespoons', 'olive oil'), ('salt and ground black pepper to taste', ''), ('0.5 bunch', 'Italian parsley'), ('0.5 bunch', 'basil'), ('4 medium', 'garlic cloves'), ('2 tablespoons', 'red wine vinegar')]"
Pho Ga Soup,"[('1 tablespoon', 'vegetable oil'), ('1 small', 'yellow onion'), ('1 (8 ounce) package', 'baby bella mushrooms'), ('4 cloves', 'garlic'), ('8 cups', 'water'), ('1 (6.75 ounce) package', 'rice stick noodles'), ('8 teaspoons', 'chicken bouillon'), ('2 cooked', 'chicken breasts'), ('4', 'green onions'), ('0.33333334326744 cup chopped fresh', 'cilantro'), ('2 cups', 'bean sprouts'), ('1', 'lime'), ('1 dash', 'Sriracha hot sauce')]"
Dutch Boterkoek,"[('2.5 cups', 'all-purpose flour'), ('1 teaspoon', 'baking powder'), ('1.25 cups', 'butter'), ('0.75 cup', 'white sugar'), ('1 tablespoon', 'lemon zest'), ('1 teaspoon', 'vanilla extract'), ('1 tablespoon', 'milk')]"
Lazy Golumpki (Stuffed Cabbage) Soup,"[('2 tablespoons', 'butter'), ('1 large', 'sweet onion'), ('1.5 pounds', 'ground beef'), ('4 cups', 'water'), ('1 head', 'cabbage'), ('1 (28 ounce) can', 'tomato puree'), ('2 (10.5 ounce) cans', 'tomato soup'), ('1 cup', 'long-grain brown rice'), ('2 cubes', 'beef bouillon'), ('salt and ground black pepper to taste', '')]"
Chicken Singapore Noodles,"[('6', 'Chinese egg noodle nests'), ('0.25 cup', 'peanut oil'), ('6 cloves', 'garlic'), ('2 tablespoons slivered', 'ginger'), ('2 teaspoons', 'red pepper flakes'), ('1 pound', 'chicken breast'), ('0.33333334326744 cup', 'green onions'), ('0.66666668653488 cup julienned', 'carrot'), ('1 (8 ounce) can', 'water chestnuts'), ('2 (15 ounce) cans', 'straw mushrooms'), ('0.25 cup', 'peanut butter'), ('0.25 cup', 'oyster sauce'), ('3 tablespoons', 'curry powder'), ('2 teaspoons', 'soy sauce')]"
Pakistani Ground Beef Curry,"[('6 tablespoons', 'olive oil'), ('1 small', 'onion'), ('1 pound', 'beef'), ('2 medium', 'tomatoes'), ('1 tablespoon', 'curry powder'), ('1 teaspoon', 'paprika'), ('1 teaspoon', 'salt'), ('0.75 teaspoon', 'black pepper'), ('0.5 teaspoon', 'chile powder'), ('0.25 teaspoon', 'cayenne pepper'), ('1 (8.5 ounce) can', 'peas')]"
Peruvian Causa,"[('8', 'russet potatoes'), ('0.5 cup', 'vegetable oil'), ('2 tablespoons minced', 'aji amarillo'), ('salt and ground black pepper to taste', ''), ('2 (5 ounce) cans', 'tuna'), ('1 small', 'red onion'), ('0.5 cup', 'mayonnaise'), ('2', 'avocados'), ('3 hard-boiled', 'eggs')]"
General Tao Chicken,"[('2 pounds', 'chicken breast'), ('0.25 cup', 'cornstarch'), ('2 large', 'eggs'), ('1 teaspoon', 'salt'), ('0.5 teaspoon ground', 'black pepper'), ('6 tablespoons', 'all-purpose flour'), ('1 teaspoon', 'baking powder'), ('0.5 cup', 'vegetable oil'), ('0.5 cup chopped', 'green onion'), ('2 tablespoons grated', 'ginger root'), ('4 teaspoons', 'sesame oil'), ('0.5 cup', 'water'), ('0.5 cup', 'sugar'), ('0.25 cup', 'distilled white vinegar'), ('2 tablespoons', 'cornstarch'), ('2 tablespoons', 'soy sauce'), ('0.25 cup', 'oyster sauce'), ('0.25 cup', 'ketchup')]"
French Canadian Tourtière,"[('1 pound', 'ground pork'), ('0.5 pound', 'ground beef'), ('1', 'onion'), ('1 clove', 'garlic'), ('0.5 cup', 'water'), ('1.5 teaspoons', 'salt'), ('0.5 teaspoon', 'thyme'), ('0.25 teaspoon ground', 'sage'), ('0.25 teaspoon ground', 'black pepper'), ('0.125 teaspoon ground', 'cloves'), ('1 (14.1 ounce) package', 'double-crust pie pastry')]"
Brazilian Whole Banana Pie,"[('3 tablespoons', 'brown sugar'), ('0.5 cup', 'water'), ('10', 'bananas'), ('2 cups', 'whole wheat flour'), ('2 cups toasted', 'wheat germ'), ('3 cups', 'rolled oats'), ('1 cup packed', 'brown sugar'), ('1 cup light', 'margarine'), ('1 tablespoon', 'cinnamon')]"
Anzac Biscuits (Australian Coconut-Oat Cookies),"[('1 cup', 'quick cooking oats'), ('1 cup', 'sugar'), ('1 cup', 'all-purpose flour'), ('0.75 cup', 'coconut'), ('0.5 cup', 'butter'), ('1 tablespoon', 'golden syrup'), ('2 tablespoons', 'water'), ('1 teaspoon', 'baking soda')]"
Potato Soup with Gravlax Rosettes,"[('1 tablespoon', 'butter'), ('3', 'russet potatoes'), ('1', 'onion'), ('2 cups', 'vegetable broth'), ('6 tablespoons', 'mascarpone cheese'), ('to taste', 'salt and black pepper'), ('0.5 teaspoon', 'lemon juice'), ('4 (1 ounce) slices thinly sliced', 'smoked salmon'), ('2 tablespoons', 'mascarpone cheese'), ('1 tablespoon chopped fresh', 'chives')]"
Ashure,"[('2 cups fine', 'bulgur'), ('0.5 cup dry', 'garbanzo beans'), ('0.5 cup', 'white beans'), ('0.5 cup', 'raisins'), ('15 cups', 'water'), ('3 cups', 'white sugar'), ('0.25 cup', 'dried apricots'), ('0.25 cup', 'orange peel'), ('5 whole', 'cloves'), ('2 tablespoons', 'sesame seeds'), ('2 tablespoons chopped', 'walnuts'), ('2 tablespoons chopped', 'pistachio nuts'), ('2 tablespoons dried', 'currants'), ('1 tablespoon', 'cinnamon')]"
Chicken Curry Puffs,"[('1 tablespoon', 'vegetable oil'), ('0.5 teaspoon ground', 'coriander'), ('0.5 teaspoon ground', 'turmeric'), ('0.5 teaspoon ground', 'cumin'), ('2 teaspoons', 'curry powder'), ('0.5 cup', 'coconut milk'), ('2 red', 'onions'), ('1 stalk', 'lemon grass'), ('1', 'red chile pepper'), ('1 large', 'russet potato'), ('0.75 pound', 'chicken breast'), ('1 teaspoon', 'salt'), ('1 (17.25 ounce) package', 'frozen puff pastry')]"
Spanish Flan,"[('1 cup', 'sugar'), ('3 large', 'eggs'), ('1 (14 ounce) can', 'sweetened condensed milk'), ('1 (12 fluid ounce) can', 'evaporated milk'), ('1 tablespoon', 'vanilla extract')]"
Teriyaki Rib Eye Steaks,"[('2 tablespoons', 'soy sauce'), ('2 tablespoons', 'water'), ('1 tablespoon', 'sugar'), ('1.5 teaspoons', 'honey'), ('1.5 teaspoons', 'Worcestershire sauce'), ('1.25 teaspoons', 'distilled white vinegar'), ('1 teaspoon', 'olive oil'), ('0.25 teaspoon', 'onion powder'), ('0.25 teaspoon', 'garlic powder'), ('0.125 teaspoon', 'ginger'), ('2 (6 ounce)', 'lean beef rib eye steaks')]"
Paska Bread,"[('2 (.25 ounce) packages', 'active dry yeast'), ('0.5 cup warm', 'water'), ('0.5 cup', 'sugar'), ('3 cups warm', 'milk'), ('4 cups', 'all-purpose flour'), ('6', 'eggs'), ('0.5 cup', 'sugar'), ('1 cup', 'butter'), ('0.25 teaspoon', 'salt'), ('0.25 teaspoon', 'lemon zest'), ('12 cups', 'all-purpose flour'), ('1', 'egg'), ('1 tablespoon', 'water'), ('2 tablespoons', 'butter')]"
Peruvian Alfajores with Manjar Blanco,"[('2 cups', 'white sugar'), ('3 sticks', 'butter'), ('5 cups', 'cornstarch'), ('2 cups', 'all-purpose flour'), ('4', 'eggs'), ('3 tablespoons', 'pisco'), ('2 teaspoons', 'vanilla extract'), ('1 teaspoon', 'baking powder'), ('3 tablespoons', 'water'), ('2 tablespoons', ""confectioners' sugar""), ('2 (14 ounce) cans', 'sweetened condensed milk'), ('1 (6 ounce) can', 'evaporated milk'), ('0.25 cup', 'brown sugar'), ('0.25 cup', ""confectioners' sugar"")]"
Caipirinha,"[('0.5', 'lime'), ('1 teaspoon', 'sugar'), ('2.5 fluid ounces', 'cachaça'), ('1 cup', 'ice cubes')]"
Best Fried Walleye,"[('4', 'walleye fillets'), ('0.5 cup', 'all-purpose flour'), ('0.5 teaspoon', 'garlic powder'), ('0.5 teaspoon ground', 'black pepper'), ('1 pinch', 'salt'), ('2', 'eggs'), ('2 cups crushed', 'saltine crackers'), ('vegetable oil for', 'frying'), ('1', 'lemon')]"
Chicken Kiev,"[('0.33333334326744 cup', 'butter'), ('0.5 teaspoon ground', 'black pepper'), ('1 teaspoon', 'garlic powder'), ('2 pounds', 'chicken breast halves'), ('2', 'eggs'), ('3 tablespoons', 'water'), ('0.25 teaspoon ground', 'black pepper'), ('0.5 teaspoon', 'garlic powder'), ('1 teaspoon dried', 'dill weed'), ('0.75 cup', 'all-purpose flour'), ('0.75 cup', 'bread crumbs'), ('2 cups', 'vegetable oil'), ('0.5', 'lemon'), ('0.25 cup chopped fresh', 'parsley')]"
Pannekaken (Norwegian Pancakes),"[('1.5 cups', 'milk'), ('3', 'eggs'), ('1 cup', 'all-purpose flour'), ('1 teaspoon', 'Sugar'), ('0.25 teaspoon', 'salt'), ('cooking', 'spray')]"
Traditional Swedish Pepparkakor,"[('3.75 cups', 'all-purpose flour'), ('2 teaspoons', 'baking soda'), ('1 teaspoon', 'cinnamon'), ('1 teaspoon ground', 'cloves'), ('1 teaspoon ground', 'ginger'), ('1 teaspoon ground', 'cardamom'), ('1 cup', 'butter'), ('1 cup', 'sugar'), ('0.5 cup', 'brown sugar'), ('1 large', 'egg'), ('2 tablespoons', 'dark corn syrup')]"
Quick and Easy Thai Style Coleslaw,"[('1 (16 ounce) package shredded', 'coleslaw mix'), ('0.25 cup', 'lime juice'), ('0.25 cup', 'rice wine vinegar'), ('1 tablespoon', 'fish sauce'), ('2 tablespoons', 'sesame oil'), ('2 tablespoons', 'honey'), ('0.25 cup chopped', 'peanuts'), ('to taste', 'salt and pepper')]"
Swedish Glogg,"[('2 cups', 'water'), ('12', 'cardamom seeds'), ('2', 'cinnamon sticks'), ('12 whole', 'cloves'), ('0.5', 'orange'), ('1 cup', 'sugar'), ('1 cup', 'raisins'), ('1 cup', 'almonds'), ('4 cups', 'Muscatel wine'), ('4 cups', 'port wine'), ('2 cups', 'brandy')]"
Paneer,"[('1 gallon', 'milk'), ('1 quart', 'buttermilk'), ('1 cup', 'canola oil')]"
Tandoori Chicken,"[('2 pounds', 'chicken'), ('1 medium', 'lemon'), ('1 teaspoon', 'salt'), ('1.25 cups', 'yogurt'), ('0.5 medium', 'onion'), ('1 clove', 'garlic'), ('2 teaspoons', 'garam masala'), ('1 teaspoon grated', 'ginger'), ('1 teaspoon', 'cayenne pepper'), ('1 teaspoon', 'red food coloring'), ('1 teaspoon', 'yellow food coloring'), ('2 teaspoons finely chopped', 'cilantro'), ('1 medium', 'lemon')]"
Lancaster Lefsa (Old World Recipe),"[('3 cups', 'potatoes'), ('0.25 cup', 'shortening'), ('3 tablespoons', 'half-and-half'), ('0.75 cup', 'all-purpose flour'), ('1 teaspoon', 'salt'), ('1 teaspoon', 'sugar')]"
Canary Island Red Mojo Sauce,"[('2 large', 'red bell peppers'), ('3 cloves', 'garlic'), ('1 tablespoon', 'paprika'), ('1 bunch', 'cilantro'), ('1 cup', 'olive oil'), ('1', 'chile pepper'), ('2 slices', 'bread')]"
Mahi Sorkh Shodeh (Persian Fried Fish),"[('0.125 teaspoon', 'saffron'), ('1 tablespoon', 'water'), ('0.25 cup', 'all-purpose flour'), ('1.5 teaspoons', 'kosher salt'), ('0.5 teaspoon ground', 'turmeric'), ('0.25 teaspoon freshly ground', 'black pepper'), ('0.25 teaspoon', 'onion powder'), ('0.25 teaspoon', 'garlic powder'), ('1.5 pounds', 'cod fillets'), ('0.25 cup', 'grapeseed oil'), ('0.25', 'orange'), ('1', 'orange'), ('1', 'lime')]"
Vietnamese Egg Coffee,"[('1 large', 'egg yolk'), ('2 tablespoons', 'sweetened condensed milk'), ('0.5 cup hot strong', 'coffee')]"
Maria&#39;s Paella,"[('0.5 cup', 'olive oil'), ('1.25 pounds', 'chicken thighs'), ('0.5 cup', 'onion'), ('2 cloves', 'garlic'), ('0.25 pound', 'calamari rings'), ('0.25 pound', 'shrimp'), ('0.5', 'green bell pepper'), ('0.5', 'red bell pepper'), ('6 cups', 'water'), ('3 cups', 'long grain rice'), ('1 (14 ounce) can', 'tomatoes'), ('0.5 cup', 'peas'), ('2 teaspoons', 'saffron'), ('1 teaspoon', 'salt'), ('6 large', 'clams'), ('6 jumbo', 'shrimp'), ('6 large', 'sea scallops'), ('6 wedges', 'lemon')]"
Nova Scotian Hodge Podge,"[('1 cup', 'green beans'), ('1 cup fresh', 'wax beans'), ('1 cup diced', 'carrot'), ('1 cup diced', 'turnip'), ('4 cups', 'water'), ('0.25 teaspoon', 'salt'), ('2 cups cubed', 'new potatoes'), ('0.5 cup', 'heavy cream'), ('6 tablespoons', 'butter'), ('0.5 cup', 'water'), ('1 tablespoon', 'all-purpose flour')]"
Chap Chee Noodles,"[('1 tablespoon', 'soy sauce'), ('1 tablespoon', 'sesame oil'), ('2', 'green onions'), ('1 clove', 'garlic'), ('1 teaspoon', 'sesame seeds'), ('1 teaspoon', 'Sugar'), ('0.25 teaspoon', 'black pepper'), ('0.33333334326744 pound', 'beef top sirloin'), ('2 tablespoons', 'vegetable oil'), ('0.5 cup thinly sliced', 'carrots'), ('0.5 cup sliced', 'bamboo shoots'), ('0.25 pound', 'napa cabbage'), ('2 cups chopped fresh', 'spinach'), ('3 ounces', 'cellophane noodles'), ('2 tablespoons', 'soy sauce'), ('1 tablespoon', 'sugar'), ('0.5 teaspoon', 'salt'), ('0.25 teaspoon', 'black pepper')]"
Swedish Klimp,"[('1', 'egg'), ('1.5 cups', 'milk'), ('1.5 teaspoons', 'salt'), ('0.5 teaspoon', 'sugar'), ('1.75 cups', 'all-purpose flour')]"
Easy Lamb Gyros,"[('cooking', 'spray'), ('3 pounds', 'lamb'), ('0.5 cup', 'Greek seasoning'), ('1 large', 'egg'), ('12 (6 inch)', 'pita breads'), ('1 head', 'iceberg lettuce'), ('5 medium', 'Roma tomatoes'), ('1 medium', 'red onion'), ('0.5 cup', 'tzatziki sauce')]"
Knefla Soup,"[('6', 'potatoes'), ('2', 'onions'), ('1', 'carrot'), ('1 stalk', 'celery'), ('4 cubes', 'chicken bouillon'), ('1 tablespoon dried', 'parsley'), ('5 cups', 'water'), ('1 teaspoon', 'salt'), ('1 pinch', 'black pepper'), ('0.33329999446869 cup', 'margarine'), ('2 cups', 'all-purpose flour'), ('1', 'egg'), ('1 teaspoon', 'salt'), ('1 cup', 'milk'), ('1 (12 fluid ounce) can', 'evaporated milk')]"
Mexican Vegetarian Stuffed Peppers,"[('1 tablespoon', 'salt'), ('4 large', 'green bell peppers'), ('1 tablespoon', 'olive oil'), ('0.5 cup chopped', 'onion'), ('2 cups cooked', 'rice'), ('1 (15 ounce) can', 'black beans'), ('1 (14.5 ounce) can', 'diced tomatoes'), ('1 teaspoon', 'chili powder'), ('1 teaspoon', 'garlic salt'), ('0.5 teaspoon ground', 'cumin'), ('0.5 teaspoon', 'salt'), ('1 (8 ounce) package', 'Mexican cheese blend')]"
Dolmas (Stuffed Grape Leaves),"[('1 tablespoon', 'olive oil'), ('2', 'onions'), ('1.5 cups uncooked', 'white rice'), ('1 cup hot', 'water'), ('2 tablespoons', 'tomato paste'), ('2 tablespoons dried', 'currants'), ('2 tablespoons', 'pine nuts'), ('1 tablespoon', 'cinnamon'), ('1 tablespoon dried', 'mint'), ('1 tablespoon dried', 'dill weed'), ('1 teaspoon ground', 'allspice'), ('1 teaspoon ground', 'cumin'), ('1 (8 ounce) jar', 'grape leaves')]"
Anise Sugar Cookies,"[('3 cups', 'all-purpose flour'), ('1 tablespoon', 'anise seeds'), ('2 teaspoons', 'baking powder'), ('0.5 tablespoon', 'fennel seeds'), ('1 teaspoon', 'baking soda'), ('1 cup', 'corn oil'), ('1 cup', 'sugar'), ('3', 'eggs'), ('1 teaspoon', 'vinegar'), ('3 tablespoons', 'sesame seeds')]"
Jerk Chicken Wings,"[('0.5 yellow', 'onion'), ('3', 'habanero peppers'), ('0.5 cup', 'green onions'), ('0.33333334326744 cup', 'lime juice'), ('3 tablespoons', 'soy sauce'), ('6 cloves', 'garlic'), ('2 tablespoons', 'thyme leaves'), ('2 tablespoons', 'brown sugar'), ('2 tablespoons', 'vegetable oil'), ('1 tablespoon', 'kosher salt'), ('2 teaspoons ground', 'black pepper'), ('2 teaspoons ground', 'allspice'), ('1 teaspoon', 'thyme'), ('0.5 teaspoon ground', 'cinnamon'), ('0.5 teaspoon ground', 'cumin'), ('0.5 teaspoon freshly grated', 'nutmeg'), ('3 pounds', 'chicken wing drumettes'), ('cooking', 'spray')]"
Easy Russian Mushroom Bake,"[('4 tablespoons', 'vegetable oil'), ('7 cups quartered', 'button mushrooms'), ('1 cup', 'sour cream'), ('1', 'onion'), ('salt and ground black pepper to taste', ''), ('1.25 cups shredded', 'Gouda cheese')]"
Karaage (Japanese Fried Chicken) with Honey Mayoster Sauce,"[('1.5 tablespoons', 'low-sodium soy sauce'), ('1 tablespoon', 'honey'), ('2 teaspoons minced', 'garlic'), ('2 teaspoons minced', 'ginger'), ('1 pound', 'chicken thighs'), ('1', 'egg'), ('1 cup', 'panko bread crumbs'), ('vegetable oil for', 'frying'), ('0.5 cup', 'Japanese mayonnaise'), ('3 tablespoons', 'mirin'), ('2 tablespoons', 'honey'), ('2 tablespoons', 'Dijon mustard'), ('1 tablespoon', 'low-sodium soy sauce')]"
Portuguese Burnt Sugar Candy,"[('1 cup', 'sugar'), ('0.33333331346512 cup', 'water'), ('1 teaspoon', 'apple cider vinegar')]"
Chicken Curry V,"[('2 tablespoons', 'olive oil'), ('1 (2 inch) piece', 'cinnamon stick'), ('1 whole', 'cardamom pod'), ('0.5', 'star anise pod'), ('3 whole', 'cloves'), ('2 teaspoons chopped fresh', 'curry leaves'), ('1 tablespoon chopped', 'shallots'), ('4 cloves', 'garlic'), ('1 slice', 'ginger root'), ('4 tablespoons', 'curry paste'), ('0.5 cup thick', 'coconut milk'), ('2 cups', 'water'), ('3 pounds', 'chicken breast'), ('2 tablespoons', 'tamarind juice'), ('to taste', 'salt')]"
Jerk Chicken and Pasta,"[('4', 'chicken breast halves'), ('2 teaspoons', 'jerk paste'), ('1 (12 ounce) package', 'egg noodles'), ('1 tablespoon', 'olive oil'), ('1 clove', 'garlic'), ('1 cup', 'chicken stock'), ('0.5 cup', 'white wine'), ('0.25 cup chopped fresh', 'cilantro'), ('1 tablespoon', 'jerk paste'), ('to taste', 'salt and pepper'), ('2 medium', 'lime'), ('0.5 cup', 'heavy whipping cream'), ('4 sprigs', 'cilantro')]"
Brazilian Collard Greens (Couve a Mineira),"[('1 bunch', 'collard greens'), ('2 tablespoons', 'olive oil'), ('0.5 cup diced', 'bacon'), ('0.5', 'onion'), ('2 tablespoons', 'sea salt'), ('3 cloves', 'garlic')]"
Famous Chicken Adobo,"[('2 tablespoons', 'vegetable oil'), ('1 (3 pound)', 'chicken'), ('1 large', 'onion'), ('2 tablespoons minced', 'garlic'), ('0.66666668653488 cup', 'low sodium soy sauce'), ('0.33333334326744 cup', 'white vinegar'), ('1 tablespoon', 'garlic powder'), ('2 teaspoons', 'black pepper'), ('1', 'bay leaf')]"
Tuscan Pork Tenderloin,"[('4 teaspoons', 'garlic'), ('2 teaspoons dried', 'rosemary'), ('2 teaspoons dried', 'oregano'), ('1 teaspoon', 'salt'), ('1 teaspoon ground', 'black pepper'), ('4 pounds', 'pork tenderloin')]"
Swiss Almond Carrot Cake (Aargauer Rueblitorte),"[('1 teaspoon', 'butter'), ('4', 'eggs'), ('1 cup', 'sugar'), ('2.25 cups peeled and grated', 'carrots'), ('2.25 cups', 'almonds'), ('1', 'lemon'), ('0.5 cup', 'all-purpose flour'), ('1 teaspoon', 'baking powder'), ('1 pinch', 'salt'), ('5 ounces', 'marzipan'), ('1 drop', 'green gel food coloring'), ('1 drop', 'orange gel food coloring'), ('1 cup', ""confectioners' sugar""), ('1 tablespoon', 'lemon juice')]"
Portuguese Egg Tarts,"[('cooking', 'spray'), ('1 (11 ounce) package', 'pie crust mix'), ('3 tablespoons cold', 'butter'), ('0.33333334326744 cup ice cold', 'water'), ('4', 'egg yolks'), ('0.33333334326744 cup', 'white sugar'), ('0.33333334326744 cup', 'heavy cream'), ('0.33333334326744 cup', 'milk'), ('3 drops', 'vanilla extract')]"
Bialys,"[('3.75 cups', 'bread flour'), ('0.5 teaspoon', 'instant yeast'), ('1.5 teaspoons', 'kosher salt'), ('1.5 cups', 'water'), ('1 tablespoon', 'olive oil'), ('1 large', 'yellow onion'), ('0.5 teaspoon', 'kosher salt'), ('1 tablespoon', 'bread crumbs'), ('2 teaspoons', 'poppy seeds'), ('1 tablespoon sliced', 'green onion'), ('1 pinch', 'cayenne pepper')]"
Rosenmunnar,"[('1 cup', 'butter'), ('0.5 cup', 'sugar'), ('2 cups sifted', 'all-purpose flour'), ('0.5 cup', 'fruit jam')]"
Lebanese 7 Spices,"[('1 tablespoon ground', 'nutmeg'), ('1 tablespoon ground', 'ginger'), ('1 tablespoon ground', 'allspice'), ('1 tablespoon', 'fenugreek seeds'), ('1 tablespoon freshly ground', 'black pepper'), ('1 teaspoon ground', 'cloves'), ('1 teaspoon', 'cinnamon')]"
Kalbi (Korean BBQ Short Ribs),"[('0.75 cup', 'soy sauce'), ('0.75 cup', 'brown sugar'), ('0.75 cup', 'water'), ('2 green', 'onions'), ('1', 'garlic clove'), ('1 tablespoon', 'sesame oil'), ('2 pounds', 'Korean-style short ribs')]"
Pâte Sucrée,"[('2 large', 'egg yolks'), ('0.25 cup', 'heavy whipping cream'), ('0.5 teaspoon', 'vanilla extract'), ('3 cups', 'all-purpose flour'), ('0.75 cup', 'granulated sugar'), ('1 teaspoon', 'kosher salt'), ('1 cup cold', 'unsalted butter')]"
Guava Cuban Pastry (Pastelito de Guayaba),"[('1 (17.5 ounce) package', 'puff pastry'), ('1 (8 ounce) jar', 'guava paste'), ('1 large', 'egg'), ('optional', 'sugar')]"
Grilled Spatchcocked Greek Chicken,"[('1 cup extra virgin', 'olive oil'), ('0.25 cup', 'lemon juice'), ('3 tablespoons chopped fresh', 'oregano'), ('3 cloves', 'garlic'), ('2 teaspoons minced fresh', 'rosemary'), ('1 teaspoon dried', 'tarragon'), ('1 (4.5 pound) whole', 'chicken'), ('salt and ground black pepper to taste', '')]"
Sfouf (Lebanese Turmeric Cake),"[('1 tablespoon', 'tahini'), ('1.5 cups', 'water'), ('2 teaspoons', 'anise seeds'), ('1.5 cups', 'white sugar'), ('3 cups', 'all-purpose flour'), ('2 teaspoons ground', 'turmeric'), ('1.5 teaspoons', 'baking powder'), ('1.25 teaspoons', 'anise seed powder'), ('0.5 cup', 'vegetable oil'), ('0.5 cup', 'unsalted butter'), ('2 tablespoons', 'pine nuts')]"
Sweet Polish Sausage,"[('2 pounds', 'kielbasa sausage'), ('1', 'onion'), ('0.66670000553131 cup', 'water'), ('0.5 cup', 'brown sugar'), ('0.33329999446869 cup', 'Worcestershire sauce'), ('1 tablespoon', 'lemon juice'), ('2 dashes', 'hot pepper sauce')]"
Yellow Rice with Vegetables,"[('1 teaspoon', 'vegetable oil'), ('1 small', 'onion'), ('1 medium', 'carrot'), ('0.5 cup chopped', 'broccoli'), ('0.25 cup diced', 'red bell pepper'), ('1 clove', 'garlic'), ('3 cups', 'vegetable broth'), ('1.5 cups', 'rice'), ('1 (1.41 ounce) package', 'sazon seasoning'), ('1 pinch', 'adobo seasoning')]"
Basque Cake,"[('1.125 cups', 'milk'), ('0.33300000429153 cup', 'white sugar'), ('0.33300000429153 cup', 'white sugar'), ('2 tablespoons', 'all-purpose flour'), ('2', 'eggs'), ('1 teaspoon', 'vanilla extract'), ('1.125 cups', 'all-purpose flour'), ('0.5 teaspoon', 'baking powder'), ('1.125 cups', 'white sugar'), ('3', 'eggs')]"
Souvlaki,"[('0.25 cup', 'olive oil'), ('0.25 cup', 'soy sauce'), ('1 medium', 'lemon'), ('3 cloves', 'garlic'), ('1 teaspoon dried', 'oregano'), ('3 pounds', 'pork tenderloin'), ('2 medium', 'yellow onions'), ('2 medium', 'green bell peppers'), (None, 'skewers')]"
Thai Green Curry Chicken,"[('1 tablespoon', 'dark soy sauce'), ('1 tablespoon', 'all-purpose flour'), ('1 pound', 'chicken breast'), ('2 tablespoons', 'cooking oil'), ('2 tablespoons', 'green curry paste'), ('2 green', 'onions'), ('3 cloves', 'garlic'), ('1 teaspoon', 'ginger'), ('2 cups', 'coconut milk'), ('2 tablespoons', 'white sugar'), ('1 tablespoon', 'fish sauce'), ('1 tablespoon', 'dark soy sauce'), ('0.5 cup', 'cilantro leaves')]"
Jamaican Fried Snapper,"[('1 (1 1/2 pound) whole', 'red snapper'), ('salt and freshly ground black pepper to taste', ''), ('1 quart', 'vegetable oil'), ('1 teaspoon', 'vegetable oil'), ('0.5', 'white onion'), ('0.5 large', 'carrot'), ('0.125 teaspoon minced', 'garlic'), ('0.25 cup', 'white vinegar'), ('1 tablespoon', 'water'), ('0.75 teaspoon', 'salt'), ('0.25', 'habanero pepper'), ('1 sprig', 'thyme'), ('1', 'allspice berry'), ('1 pinch', 'brown sugar')]"
"Brown Rice, Chicken, and Chorizo Paella","[('2 teaspoons', 'salt'), ('1 teaspoon', 'Spanish smoked paprika'), ('1 teaspoon', 'red pepper'), ('1 teaspoon ground', 'turmeric'), ('0.5 teaspoon', 'saffron'), ('2 tablespoons extra-virgin', 'olive oil'), ('4 boneless', 'chicken thighs'), ('0.5 pound', 'Spanish chorizo'), ('1 large', 'onion'), ('1', 'red bell pepper'), ('0.25 cup chopped', 'parsley'), ('6 cloves', 'garlic'), ('2 cups', 'short-grain brown rice'), ('1', 'tomato'), ('1 (6 ounce) jar', 'roasted red peppers'), ('1 (32 ounce) carton', 'chicken broth'), ('2 cups', 'peas and carrots'), ('2 tablespoons sliced', 'black olives'), ('1 tablespoon', 'capers'), ('1 teaspoon', 'apple cider vinegar')]"
Sangria! Sangria!,"[('1 (750 milliliter) bottle', 'dry red wine'), ('0.5 cup', 'brandy'), ('0.5 cup', 'triple sec'), ('0.33333334326744 cup', 'lemonade concentrate'), ('0.33333334326744 cup', 'orange juice'), ('0.25 cup', 'lemon juice'), ('0.25 cup', 'sugar'), ('1 medium', 'orange'), ('1 medium', 'lemon'), ('1 medium', 'lime'), ('8', 'maraschino cherries'), ('2 cups', 'carbonated water')]"
Homemade Sushi,"[('1.333 cups', 'water'), ('0.66666668653488 cup', 'short-grain white rice'), ('3 tablespoons', 'rice vinegar'), ('3 tablespoons', 'sugar'), ('1.5 teaspoons', 'salt'), ('4 sheets', 'nori seaweed'), ('0.5 pound', 'imitation crabmeat'), ('1', 'avocado'), ('0.5', 'cucumber'), ('2 tablespoons', 'ginger')]"
Sweet Cornmeal Cake Brazilian-Style,"[('2 cups', 'cornmeal'), ('1.5 cups', 'white sugar'), ('1 cup', 'milk'), ('1 cup', 'coconut milk'), ('1 cup', 'all-purpose flour'), ('3', 'eggs'), ('0.33333334326744 cup', 'vegetable oil'), ('1 teaspoon', 'baking powder')]"
Lamb Börek,"[('2 tablespoons', 'olive oil'), ('1 large', 'onion'), ('2 teaspoons', 'salt'), ('2 pounds', 'lamb'), ('4 cloves', 'garlic'), ('2 tablespoons', 'currants'), ('3 tablespoons', 'pine nuts'), ('2 teaspoons', 'cumin'), ('1 teaspoon ground', 'coriander'), ('1 teaspoon ground', 'cinnamon'), ('1 teaspoon', 'paprika'), ('1 teaspoon', 'black pepper'), ('0.5 teaspoon', 'cayenne pepper'), ('0.25 teaspoon', 'allspice'), ('1.5 cups', 'tomato sauce'), ('0.25 cup', 'water'), ('1 large', 'egg'), ('3 tablespoons', 'full-fat plain Greek yogurt'), ('2 tablespoons', 'water'), ('2 tablespoons', 'butter'), ('12 sheets', 'phyllo dough'), ('2 teaspoons', 'sesame seeds'), ('0.5 cup', 'Greek yogurt'), ('2 tablespoons very finely sliced', 'mint leaves'), ('1 teaspoon', 'lemon juice'), ('1 clove', 'garlic'), ('1 teaspoon', 'water'), ('to taste', 'salt'), ('1 pinch', 'cayenne pepper')]"
Yabluchnyk (Ukrainian Apple Cake),"[('1.5 cups', 'all-purpose flour'), ('0.25 cup', 'sugar'), ('2 teaspoons', 'baking powder'), ('0.25 teaspoon', 'salt'), ('0.5 cup', 'unsalted butter'), ('0.33333334326744 cup', 'cream'), ('1 large', 'egg'), ('4 large', 'apples'), ('0.5 cup', 'brown sugar'), ('2 tablespoons', 'flour'), ('2 teaspoons', 'cinnamon'), ('2 tablespoons cold', 'unsalted butter')]"
Pollo (Chicken) Fricassee from Puerto Rico,"[('1 pound', 'chicken drumsticks'), ('1 tablespoon', 'adobo seasoning'), ('0.5 (.18 ounce) packet', 'sazon seasoning'), ('0.5 teaspoon', 'salt'), ('5 large red', 'potatoes'), ('1 large', 'onion'), ('1 large', 'red bell pepper'), ('1 large', 'green bell pepper'), ('1 bunch', 'cilantro'), ('0.5 cup', 'red wine'), ('2 tablespoons', 'olive oil'), ('5 cloves', 'garlic'), ('1 teaspoon ground', 'cumin'), ('1 teaspoon dried', 'oregano'), ('2 fresh or dried', 'bay leaves')]"
Swedish Chocolate Balls (Chokladbollar),"[('1.5 cups quick-cooking', 'rolled oats'), ('0.5 cup', 'sugar'), ('3.5 tablespoons', 'cocoa powder'), ('1 pinch', 'kosher salt'), ('1 pinch', 'cayenne pepper'), ('0.25 cup', 'butter'), ('0.25 cup', 'coconut oil'), ('1 teaspoon', 'vanilla extract'), ('2 tablespoons', 'coffee'), ('0.5 cup unsweetened grated', 'coconut')]"
Chicken Ropa Vieja,"[('1.5 pounds', 'chicken breast'), ('1 small', 'onion'), ('1', 'tomato'), ('1', 'carrot'), ('2 cloves', 'garlic'), ('2 tablespoons', 'olive oil'), ('1 small', 'onion'), ('0.5', 'green bell pepper'), ('0.5', 'red bell pepper'), ('2 cloves', 'garlic'), ('0.25 cup', 'tomato puree'), ('0.25 cup', 'white wine'), ('1 teaspoon', 'cumin'), ('to taste', 'salt and pepper')]"
Thai Sweet Sticky Rice With Mango (Khao Neeo Mamuang),"[('2 cups', 'water'), ('1.5 cups uncooked', 'short-grain white rice'), ('1.5 cups', 'coconut milk'), ('1 cup', 'sugar'), ('0.75 teaspoon', 'salt'), ('1 tablespoon', 'sugar'), ('1 tablespoon', 'tapioca starch'), ('3', 'mangos'), ('1 tablespoon', 'sesame seeds')]"
Blini - Russian Pancakes,"[('5', 'eggs'), ('0.5 cup', 'sugar'), ('1 pinch', 'salt'), ('4 cups', 'milk'), ('2.5 cups', 'flour'), ('6 tablespoons', 'vegetable oil'), ('1 teaspoon', 'vegetable oil')]"
Peruvian Locro (Butternut Squash),"[('1 large', 'butternut squash'), ('water to', 'cover'), ('to taste', 'salt'), ('0.75 (12 ounce) can', 'evaporated milk'), ('0.5 cup', 'butter'), ('1 (16 ounce) package', 'corn'), ('1 (16 ounce) package', 'sweet peas'), ('2 cups grated', 'Cheddar cheese'), ('3 cups cooked', 'basmati rice')]"
Tortilla Española,"[('1 tablespoon', 'olive oil'), ('2 large', 'potatoes'), ('to taste', 'salt and pepper'), ('0.25 teaspoon', 'smoked paprika'), ('1', 'sweet Spanish onion'), ('6', 'eggs'), ('1 teaspoon', 'olive oil'), ('1 bunch', 'parsley'), ('1 tablespoon', 'olive oil')]"
Turkish Red Lentil Soup with Mint,"[('2 tablespoons', 'olive oil'), ('0.5', 'onion'), ('1 clove', 'garlic'), ('0.25 cup diced', 'tomatoes'), ('5 cups', 'chicken stock'), ('0.5 cup', 'red lentils'), ('0.25 cup fine', 'bulgur'), ('0.25 cup', 'rice'), ('2 tablespoons', 'tomato paste'), ('1 tablespoon dried', 'mint'), ('1 teaspoon', 'paprika'), ('0.5 teaspoon', 'cayenne pepper'), ('salt and ground black pepper to taste', '')]"
Booyah Chicken,"[('1 (4 pound)', 'chicken'), ('2.5 pounds cubed', 'beef stew meat'), ('1.5 pounds', 'pork shoulder roast'), ('7 cups', 'water'), ('3 cups', 'chicken broth'), ('3 cloves', 'garlic'), ('2', 'bay leaves'), ('water to', 'cover'), ('1 tablespoon', 'vegetable oil'), ('2 cups diced', 'onion'), ('2 cups diced', 'carrots'), ('2 stalks', 'celery'), ('1 clove', 'garlic'), ('6', 'potatoes'), ('1.5 cups fresh', 'green beans'), ('1 (14.5 ounce) can', 'tomatoes'), ('1.5 teaspoons', 'salt'), ('1 teaspoon dried', 'rosemary'), ('0.5 teaspoon ground', 'black pepper'), ('0.5 teaspoon', 'thyme'), ('0.5 cup frozen', 'green peas'), ('1.5 teaspoons grated', 'lemon zest'), ('0.5 teaspoon', 'red pepper'), ('0.5 cup chopped fresh', 'parsley')]"
Pogaca (Feta Dumplings),"[('3.5 cups', 'all-purpose flour'), ('2 teaspoons', 'baking powder'), ('0.5 cup', 'canola oil'), ('0.25 cup', 'butter'), ('1 cup', 'yogurt'), ('3 beaten', 'eggs'), ('1 tablespoon', 'sour cream'), ('1 tablespoon', 'sugar'), ('1.5 teaspoons', 'salt'), ('1 cup crumbled', 'feta cheese'), ('1 cup finely chopped fresh', 'parsley'), ('1 tablespoon', 'olive oil'), ('2 teaspoons', 'paprika'), ('2', 'egg yolks'), ('2 tablespoons', 'sesame seeds')]"
Lomo Saltado (Peruvian Steak Stir-Fry),"[('1.25 pounds', 'top sirloin steak'), ('3 tablespoons', 'soy sauce'), ('1 teaspoon', 'sugar'), ('6 tablespoons', 'olive oil'), ('1 (16 ounce) package', 'French fries'), ('1.5 cups sliced', 'red onion'), ('1 medium', 'orange bell pepper'), ('1', 'habanero pepper'), ('0.5 cup sliced', 'green onion'), ('to taste', 'kosher salt'), ('2 cloves', 'garlic'), ('1 teaspoon minced fresh', 'ginger root'), ('4 medium', 'roma (plum) tomato'), ('0.25 cup', 'white vinegar'), ('0.25 cup chopped fresh', 'cilantro')]"
Iskender Kebab,"[('4', 'pita bread rounds'), ('1 tablespoon', 'olive oil'), ('4 skinless, boneless', 'chicken breast halves'), ('2 medium', 'onion'), ('1 clove', 'garlic'), ('1 (10.75 ounce) can', 'tomato puree'), ('to taste', 'ground cumin'), ('to taste', 'salt'), ('to taste', 'black pepper'), ('0.5 cup', 'butter'), ('1 cup', 'Greek yogurt'), ('0.25 cup chopped fresh', 'parsley')]"
Hot Tamale Pie,"[('cooking', 'spray'), ('2 pounds', 'beef'), ('2 cups diced', 'poblano peppers'), ('1 (16 ounce) jar', 'salsa'), ('1 teaspoon', 'salt'), ('1 teaspoon ground dried', 'chipotle pepper'), ('0.5 teaspoon dried', 'oregano'), ('2 (8.5 ounce) boxes', 'dry corn muffin mix'), ('2', 'eggs'), ('0.66666668653488 cup', 'milk'), ('8 ounces', 'corn'), ('4 ounces shredded', 'Cheddar cheese'), ('4 ounces shredded', 'Monterey Jack cheese')]"
Crispy Shrimp Tempura,"[('2 cups', 'vegetable oil'), ('1 cup', 'all-purpose flour'), ('2 tablespoons', 'cornstarch'), ('1 pinch', 'salt'), ('1 cup', 'water'), ('1 large', 'egg yolk'), ('2 large', 'egg whites'), ('1 pound', 'shrimp')]"
Russian Beet Salad with Herring,"[('3 whole', 'russet potatoes'), ('2 large', 'carrots'), ('2', 'beets'), ('0.5 yellow', 'onion'), ('1 (12 ounce) jar', 'herring fillets'), ('6 tablespoons', 'mayonnaise'), ('salt and ground black pepper to taste', '')]"
Fried Sweet Bananas,"[('3 firm', 'bananas'), ('0.5 cup', 'sugar'), ('1.25 teaspoons', 'cinnamon'), ('3 tablespoons', 'butter')]"
Chicken Tikka Masala,"[('1 cup', 'yogurt'), ('1 tablespoon', 'lemon juice'), ('4 teaspoons', 'cumin'), ('1 teaspoon ground', 'cinnamon'), ('2 teaspoons', 'cayenne pepper'), ('2 teaspoons', 'black pepper'), ('1 tablespoon minced', 'ginger'), ('2 teaspoons', 'salt'), ('3', 'chicken breasts'), ('4 long', 'skewers'), ('1 tablespoon', 'butter'), ('1 clove', 'garlic'), ('1', 'jalapeno pepper'), ('2 teaspoons', 'paprika'), ('1 (8 ounce) can', 'tomato sauce'), ('1 cup', 'heavy cream'), ('0.25 cup chopped fresh', 'cilantro')]"
Real French Crêpes,"[('2 cups', 'milk'), ('1 cup', 'all-purpose flour'), ('1', 'egg'), ('cooking', 'spray')]"
Brazo Gitano de Guayaba (Jelly Roll with Guava),"[('3 large', 'eggs'), ('1 cup', 'sugar'), ('0.25 cup', 'water'), ('1 teaspoon freshly grated', 'lime zest'), ('1 teaspoon', 'vanilla extract'), ('1 cup sifted', 'self-rising flour'), ('0.25 cup', 'sugar'), ('1 cup', 'guava paste')]"
Maria&#39;s Portuguese Bacalau,"[('2 pounds dried salted', 'cod fish'), ('0.75 cup', 'olive oil'), ('0.5 cup chopped fresh', 'parsley'), ('2 cloves', 'garlic'), ('1.5 teaspoons', 'red pepper flakes'), ('freshly ground to taste', 'pepper'), ('4', 'Yukon Gold potatoes'), ('3 tablespoons', 'butter'), ('2 yellow', 'onions'), ('10 pitted', 'green olives'), ('10 pitted', 'black olives'), ('4 hard-cooked', 'eggs')]"
Puerto Rican Shepherd Pie (Pastelon),"[('1', 'onion'), ('1', 'green bell pepper'), ('1 bunch', 'parsley'), ('1 bunch', 'cilantro'), ('1 bunch', 'culantro'), ('3 cloves', 'garlic'), ('1 tablespoon', 'water'), ('1 pound', 'beef'), ('1 (1.41 ounce) package', 'sazon seasoning'), ('to taste', 'black pepper'), ('1 pinch', 'adobo seasoning'), ('', 'olive oil'), ('8 ripe', 'plantains'), ('4', 'eggs'), ('2 (15 ounce) cans', 'green beans'), ('4', 'eggs')]"
Vietnamese Beef And Lettuce Curry,"[('1 cup uncooked', 'long grain white rice'), ('2 cups', 'water'), ('5 teaspoons', 'sugar'), ('1 clove', 'garlic'), ('0.25 cup', 'fish sauce'), ('5 tablespoons', 'water'), ('1.5 tablespoons', 'chile sauce'), ('1', 'lemon'), ('2 tablespoons', 'vegetable oil'), ('3 cloves', 'garlic'), ('1 pound', 'beef'), ('1 tablespoon', 'cumin'), ('1 (28 ounce) can', 'diced tomatoes'), ('2 cups', 'lettuce leaves')]"
Chana Masala (Indian Chickpea Curry),"[('1', 'onion'), ('1', 'tomato'), ('1 (1 inch) piece', 'ginger'), ('4 cloves', 'garlic'), ('1', 'green chile pepper'), ('3 tablespoons', 'olive oil'), ('2 fresh', 'bay leaves'), ('1 teaspoon', 'chili powder'), ('1 teaspoon', 'coriander powder'), ('1 teaspoon', 'garam masala'), ('0.5 teaspoon', 'turmeric'), ('1 pinch', 'salt'), ('as needed', 'water'), ('1 (15 ounce) can', 'chickpeas'), ('1 teaspoon', 'cilantro leaves')]"
Anzac Biscuits III,"[('1 cup', 'quick cooking oats'), ('1 cup', 'all-purpose flour'), ('1 cup dry unsweetened shredded', 'coconut'), ('1 cup', 'brown sugar'), ('2 teaspoons', 'ginger'), ('1.5 teaspoons', 'baking soda'), ('2 tablespoons', 'water'), ('0.5 cup', 'butter'), ('1 tablespoon', 'golden syrup')]"
Pasanday (Pakistani Beef Pot Roast),"[('1 cup', 'yogurt'), ('2 teaspoons', 'salt'), ('2 teaspoons crushed', 'red pepper flakes'), ('1 teaspoon', 'ginger garlic paste'), ('0.5 teaspoon ground', 'black cumin'), ('0.5 teaspoon ground', 'cloves'), ('0.25 teaspoon ground', 'turmeric'), ('2 pounds', 'round steak'), ('0.75 cup', 'vegetable oil'), ('1 medium', 'onion'), ('1.5 tablespoons', 'lemon juice'), ('1 bunch', 'cilantro'), ('4 fresh', 'green chilies')]"
Zucchini with Dill Weed and Garlic-Yogurt Sauce,"[('0.25 cup', 'olive oil'), ('1', 'onion'), ('1 teaspoon', 'sugar'), ('4', 'zucchini'), ('1 cup chopped fresh', 'dill weed'), ('0.25 cup uncooked', 'long grain white rice'), ('0.5 cup', 'water'), ('to taste', 'salt and pepper'), ('2 cups', 'plain yogurt'), ('2 cloves', 'garlic')]"
Whole Rice and Lentils (Majadara),"[('0.25 cup', 'olive oil'), ('1 large', 'onion'), ('3 cloves', 'garlic'), ('1 teaspoon chopped fresh', 'ginger root'), ('1 cup', 'brown rice'), ('1 cup', 'green lentils'), ('1 teaspoon ground', 'cumin'), ('1 teaspoon', 'salt'), ('0.5 teaspoon ground', 'black pepper'), ('0.5 teaspoon ground', 'cinnamon'), ('2.5 cups', 'water')]"
Easy and Quick Halushki,"[('1 pound', 'bacon'), ('1', 'onion'), ('1 (16 ounce) package', 'egg noodles'), ('1 head', 'cabbage'), ('salt and ground black pepper to taste', '')]"
Pho (Vietnamese Noodle Soup),"[('4 pounds', 'beef soup bones'), ('1 medium', 'onion'), ('5 slices', 'ginger'), ('1 tablespoon', 'salt'), ('2 pods', 'star anise'), ('2.5 tablespoons', 'fish sauce'), ('4 quarts', 'water'), ('1 (8 ounce) package', 'rice noodles'), ('1.5 pounds', 'beef top sirloin'), ('0.5 cup chopped', 'cilantro'), ('1 tablespoon chopped', 'green onion'), ('1.5 cups', 'bean sprouts'), ('1 bunch', 'Thai basil'), ('1 medium', 'lime'), ('0.25 cup', 'hoisin sauce'), ('0.25 cup', 'chile-garlic sauce')]"
Vegetarian Pho (Vietnamese Noodle Soup),"[('10 cups', 'vegetable stock'), ('1', 'onion'), ('0.25 cup', 'soy sauce'), ('8 cloves', 'garlic'), ('2 (3 inch)', 'cinnamon sticks'), ('2 teaspoons', 'ginger'), ('2 pods', 'star anise'), ('2', 'bay leaves'), ('1 (16 ounce) package', 'thin rice noodles'), ('2 tablespoons', 'vegetable oil'), ('2 (14 ounce) packages', 'tofu'), ('8 ounces', 'enoki mushrooms'), ('4', 'scallions'), ('0.5 cup coarsely chopped', 'cilantro'), ('1', 'lime'), ('2', 'jalapeno peppers'), ('0.25 cup', 'mung bean sprouts'), ('0.25 cup', 'Thai basil')]"
Pepperoni Casserole,"[('1 (16 ounce) package', 'rotini pasta'), ('1 pound ground', 'Italian sausage'), ('1 (16 ounce) jar', 'pasta sauce'), ('2 (12 ounce) containers', 'cottage cheese'), ('1 (2.25 ounce) can sliced', 'black olives'), ('12 ounces shredded', 'mozzarella cheese'), ('2 (3 ounce) packages sliced', 'pepperoni')]"
Vietnamese Golden Chicken Wings,"[('12', 'chicken wings'), ('2 cloves', 'garlic'), ('0.5', 'onion'), ('0.25 cup', 'soy sauce'), ('0.25 cup', 'Asian fish sauce'), ('2 tablespoons fresh', 'lemon juice'), ('2 tablespoons', 'sesame oil'), ('1 teaspoon', 'salt'), ('1 teaspoon', 'black pepper'), ('1 tablespoon', 'garlic powder'), ('1 tablespoon', 'sugar')]"
Calimocho (Kalimotxo),"[('1.25 liters', 'cola-flavored carbonated beverage'), ('1 (750 milliliter) bottle', 'red wine')]"
Vegan Borscht,"[('1 tablespoon', 'olive oil'), ('3 cloves', 'garlic'), ('1', 'onion'), ('3 tablespoons', 'olive oil'), ('2 stalks', 'celery'), ('2', 'carrots'), ('1', 'green bell pepper'), ('3', 'beets'), ('1 (16 ounce) can', 'tomatoes'), ('0.5 cup', 'tomatoes'), ('2', 'potatoes'), ('1 cup shredded', 'Swiss chard'), ('2 cups', 'vegetable broth'), ('4 cups', 'water'), ('2 tablespoons dried', 'dill weed'), ('salt and freshly ground black pepper to taste', ''), ('1 (16 ounce) package', 'silken tofu')]"
Frozen Lemon Pavlova,"[('2 teaspoons', 'cornstarch'), ('6', 'egg whites'), ('1.5 cups', 'white sugar'), ('1.5 teaspoons ground', 'cinnamon'), ('0.25 cup', 'sugar'), ('3.5 ounces', 'almonds'), ('3', 'egg whites'), ('1 pinch', 'salt'), ('1 cup', 'sugar'), ('0.25 cup', 'lemon juice'), ('4 teaspoons', 'lemon zest'), ('1 cup', 'heavy cream'), ('1', 'lemon'), ('1 sprig', 'mint'), ('1 cup fresh', 'strawberries')]"
Traditional Filipino Lumpia,"[('1 tablespoon', 'vegetable oil'), ('1 pound', 'pork'), ('0.5 cup chopped', 'onion'), ('2 cloves', 'garlic'), ('0.5 cup minced', 'carrots'), ('0.5 cup chopped', 'green onions'), ('0.5 cup thinly sliced', 'green cabbage'), ('2 tablespoons chopped fresh', 'cilantro'), ('1 teaspoon ground', 'black pepper'), ('1 teaspoon', 'salt'), ('1 teaspoon', 'garlic powder'), ('1 teaspoon', 'soy sauce'), ('30', 'lumpia wrappers'), ('2 cups', 'vegetable oil')]"
Quark (Homemade Cheese),"[('2 cups', 'milk'), ('0.5 cup', 'buttermilk')]"
Slow Cooker Chicken Massaman Curry,"[('2 tablespoons', 'olive oil'), ('3 pounds', 'chicken thighs'), ('6', 'potatoes'), ('2 cups', 'carrots'), ('1 cup', 'bell peppers'), ('2', 'onions'), ('4 tablespoons', 'Thai red curry paste'), ('1 tablespoon', 'ginger paste'), ('2 teaspoons', 'lemongrass paste'), ('2 (14 ounce) cans', 'coconut milk'), ('2 cups', 'chicken stock'), ('0.25 cup', 'peanut butter'), ('4 tablespoons', 'lemon juice'), ('3 tablespoons', 'fish sauce'), ('2 tablespoons', 'brown sugar'), ('1 cup', 'peanuts'), ('6 cups cooked', 'jasmine rice')]"
Flavorful Persian Braised Lamb Shanks,"[('4', 'lamb shanks'), ('0.25 cup', 'olive oil'), ('4 tablespoons', 'salt'), ('2 teaspoons ground', 'turmeric'), ('1 teaspoon ground', 'cinnamon'), ('1 teaspoon ground', 'cardamom'), ('1 teaspoon ground', 'black pepper'), ('1 teaspoon ground', 'cumin'), ('0.5 teaspoon ground', 'nutmeg'), ('1 large', 'onion'), ('3 cloves', 'garlic'), ('0.33333334326744 cup hot', 'water'), ('2', 'limes'), ('2 teaspoons', 'rosewater'), ('0.25 teaspoon crumbled', 'saffron'), ('0.5 cup', 'red wine'), ('1 tablespoon chopped fresh', 'parsley'), ('3 sprigs', 'thyme'), ('0.5 teaspoon grated', 'lime zest'), ('2', 'bay leaves'), ('6 cups hot', 'chicken broth')]"
Garlic Rice,"[('2 tablespoons', 'vegetable oil'), ('2 tablespoons', 'pork'), ('1.5 tablespoons chopped', 'garlic'), ('4 cups cooked', 'white rice'), ('1.5 teaspoons', 'garlic salt'), ('to taste', 'black pepper')]"
Malaysian Chicken Satay,"[('4.5 pounds', 'chicken breasts'), ('2 large', 'onions'), ('0.25 cup', 'brown sugar'), ('5 cloves', 'garlic'), ('1 1-inch piece', 'shrimp paste'), ('2 tablespoons', 'galangal powder'), ('1 tablespoon ground', 'coriander'), ('2 teaspoons', 'cumin'), ('2 teaspoons ground', 'anise seed'), ('1 teaspoon ground', 'black pepper'), ('1 teaspoon ground', 'turmeric'), ('60', 'bamboo skewers')]"
Vegan Mofongo (Fried Mashed Plantains),"[('5 large', 'green plantains'), ('1 (8 ounce) can', 'tomato sauce'), ('1 small bunch', 'cilantro'), ('2 tablespoons', 'sofrito'), ('2 tablespoons', 'olive oil'), ('1 clove', 'garlic'), ('1 (.18 ounce) packet', 'sazon seasoning'), ('0.5 cup', 'vegetable broth'), ('salt and ground black pepper to taste', '')]"
Apple Danish Bars,"[('1 large', 'egg'), ('3 cups', 'all-purpose flour'), ('0.5 teaspoon', 'salt'), ('1 cup', 'shortening'), ('0.5 cup', 'milk'), ('6 cups diced', 'apples'), ('1 cup', 'brown sugar'), ('3 tablespoons', 'sour cream'), ('2 tablespoons', 'all-purpose flour'), ('1 tablespoon', 'butter'), ('1 teaspoon ground', 'cinnamon')]"
Creamy Israeli-Style Hummus,"[('1 (15 ounce) can', 'chickpeas'), ('2 tablespoons', 'olive oil'), ('1 tablespoon', 'peanut butter'), ('2 tablespoons', 'lemon juice'), ('1 teaspoon', 'sesame oil'), ('1 teaspoon ground', 'cumin'), ('1 teaspoon', 'onion powder'), ('0.5 teaspoon', 'salt'), ('1 clove', 'garlic'), ('1 tablespoon sliced', 'green onions')]"
A Number-One Egg Bread,"[('2 (.25 ounce) packages', 'active dry yeast'), ('0.66666698455811 cup warm', 'water'), ('6 large', 'egg yolks'), ('4 large', 'eggs'), ('0.5 cup', 'vegetable oil'), ('0.25 cup', 'sugar'), ('1 teaspoon', 'salt'), ('4.5 cups', 'all-purpose flour'), ('1 pinch', 'salt')]"
Vegan Turkish Baked Eggplant,"[('2 small', 'eggplants'), ('to taste', 'salt'), ('0.25 cup', 'extra-virgin olive oil'), ('1 large', 'onion'), ('1', 'red bell pepper'), ('1 clove', 'garlic'), ('2 ounces', 'sun-dried tomatoes'), ('2 tablespoons', 'tomato paste'), ('1 teaspoon', 'red wine vinegar'), ('0.5 teaspoon', 'white sugar'), ('to taste', 'black pepper'), ('2 tablespoons toasted', 'pine nuts'), ('2 tablespoons fresh', 'cilantro leaves')]"
Brazilian Black Bean Stew,"[('1 tablespoon', 'canola oil'), ('0.25 pound', 'chorizo sausage'), ('0.33333334326744 pound cooked', 'ham'), ('1 medium', 'onion'), ('2 cloves', 'garlic'), ('2 (1 pound)', 'sweet potatoes'), ('1 large', 'red bell pepper'), ('2 (14.5 ounce) cans', 'tomatoes'), ('1 small', 'green chile pepper'), ('1.5 cups', 'water'), ('2 (16 ounce) cans', 'black beans'), ('1', 'mango'), ('0.25 cup chopped fresh', 'cilantro'), ('0.25 teaspoon', 'salt')]"
Argentinean Potato Salad,"[('4', 'russet potatoes'), ('3 large', 'eggs'), ('1 (10 ounce) can', 'mixed vegetables'), ('0.5 cup', 'mayonnaise'), ('5 tablespoons chopped', 'pimiento-stuffed olives'), ('0.5 tablespoon fresh', 'lemon juice'), ('0.5 teaspoon', 'black pepper'), ('0.5 teaspoon ground', 'mustard'), ('0.5 teaspoon dried', 'dill weed'), ('to taste', 'salt')]"
Spanish Garlic Shrimp (Gambas al Ajillo),"[('1 pound', 'shrimp'), ('1 teaspoon', 'smoked paprika'), ('to taste', 'kosher salt'), ('4 cloves', 'garlic'), ('0.25 cup', 'extra-virgin olive oil'), ('2 tablespoons', 'sherry'), ('1 tablespoon chopped', 'Italian flat-leaf parsley')]"
Portuguese Custard Tarts - Pasteis de Nata,"[('1 cup', 'milk'), ('3 tablespoons', 'cornstarch'), ('0.5', 'vanilla bean'), ('1 cup', 'sugar'), ('6', 'egg yolks'), ('1 (17.5 ounce) package', 'puff pastry')]"
Homemade Za&#39;atar,"[('3 tablespoons', 'sesame seeds'), ('3 tablespoons', 'thyme leaves'), ('1 tablespoon', 'sumac'), ('0.5 teaspoon', 'salt')]"
Kongnamool (Korean Soybean Sprouts),"[('1 pound', 'soybean sprouts'), ('0.25 cup', 'sesame oil'), ('2 tablespoons', 'soy sauce'), ('2 tablespoons', 'Korean chile powder'), ('2 teaspoons', 'sesame seeds'), ('1.5 teaspoons', 'garlic'), ('0.25 cup chopped', 'green onion'), ('2 teaspoons', 'rice wine vinegar')]"
Chef John&#39;s Bigos (Polish Hunter&#39;s Stew),"[('0.25 cup dried', 'porcini mushrooms'), ('0.5 cup warm', 'water'), ('2 tablespoons', 'unsalted butter'), ('1 small head', 'green cabbage'), ('2 cups packed, drained', 'sauerkraut'), ('4 strips', 'bacon'), ('1 pound', 'pork shoulder'), ('1 pound', 'beef chuck'), ('1 pound', 'Polish sausage'), ('1 large', 'onion'), ('3', 'prunes'), ('1 cup', 'red wine'), ('1 teaspoon', 'paprika'), ('1 teaspoon dried', 'thyme'), ('1 large', 'bay leaf'), ('0.5 teaspoon', 'caraway seeds'), ('0.25 teaspoon', 'allspice'), ('freshly ground', 'black pepper'), ('to taste', 'salt')]"
Chef John&#39;s Beef Rendang,"[('2.5 pounds', 'beef chuck'), ('4', 'shallots'), ('6 cloves', 'garlic'), ('1 (1 1/2 inch) piece', 'ginger'), ('1.5 inch piece', 'galangal'), ('2', 'serrano chile peppers'), ('1', 'Fresno chile pepper'), ('1 tablespoon', 'Korean red pepper flakes'), ('1 teaspoon ground', 'coriander'), ('0.5 teaspoon ground', 'turmeric'), ('0.125 teaspoon ground', 'cardamom'), ('0.125 teaspoon freshly grated', 'nutmeg'), ('2 tablespoons', 'vegetable oil'), ('1 (14 ounce) can', 'coconut milk'), ('2 teaspoons', 'tamarind paste'), ('1 tablespoon', 'brown sugar'), ('0.5 stalk', 'lemongrass')]"
Crispy Vegetable Pakoras,"[('1 cup', 'chickpea flour'), ('2 cloves', 'garlic'), ('1 teaspoon', 'salt'), ('0.5 teaspoon ground', 'coriander'), ('0.5 teaspoon ground', 'turmeric'), ('0.5 teaspoon', 'chili powder'), ('0.5 teaspoon', 'garam masala'), ('0.75 cup', 'water'), ('1 quart', 'oil'), ('0.5 head', 'cauliflower'), ('2 medium', 'onions')]"
Chef John&#39;s Brazilian Fish Stew,"[('2 cups', 'water'), ('1 cup uncooked', 'white rice'), ('1 tablespoon', 'olive oil'), ('1', 'yellow onion'), ('1 teaspoon', 'salt'), ('2 tablespoons', 'tomato paste'), ('4 cloves', 'garlic'), ('2 teaspoons', 'paprika'), ('1 teaspoon ground', 'cumin'), ('to taste', 'cayenne pepper'), ('1 (14 ounce) can', 'coconut milk'), ('1 teaspoon', 'soy sauce'), ('1', 'bell pepper'), ('2', 'jalapeno peppers'), ('0.25 cup chopped', 'green onion'), ('1.5 pounds', 'sea bass fillets'), ('1 pinch', 'salt'), ('0.25 cup chopped', 'cilantro leaves'), ('2 tablespoons', 'lime juice')]"
Indian Saag,"[('0.5 cup', 'butter'), ('2 tablespoons', 'turmeric'), ('2 teaspoons', 'cumin seed'), ('1', 'green chile pepper'), ('2 cloves', 'garlic'), ('1 pound chopped fresh', 'mustard greens'), ('1 pound chopped fresh', 'spinach'), ('1 teaspoon ground', 'cumin'), ('1 teaspoon ground', 'coriander'), ('1 teaspoon', 'salt')]"
Leche Asada,"[('1 quart', 'milk'), ('1', 'lemon'), ('2', 'cinnamon sticks'), ('4', 'eggs'), ('0.5 cup', 'sugar'), ('0.5 cup', 'pisco')]"
Homemade Arepas,"[('2.5 cups lukewarm', 'water'), ('1 teaspoon', 'salt'), ('2 cups pre-cooked', 'white cornmeal'), ('0.25 cup', 'vegetable oil')]"
Bayy&#39;s Special Jamaican-Style Oxtail,"[('3 pounds', 'beef oxtail'), ('1 small', 'onion'), ('2 bunches', 'thyme'), ('3 tablespoons', 'browning sauce'), ('2', 'scallions'), ('3 tablespoons', 'red pepper flakes'), ('2 tablespoons grated', 'ginger root'), ('1 tablespoon ground', 'allspice'), ('3 cloves', 'garlic'), ('2', 'bay leaves'), ('3 cups', 'beef broth'), ('1 cup', 'water'), ('1 tablespoon', 'tomato paste'), ('1 (15 ounce) can', 'butter beans'), ('salt and ground black pepper to taste', '')]"
Peruvian Potato-Chicken Salad (Causa Rellena),"[('1 large cooked', 'chicken breast'), ('0.25 cup', 'green peas'), ('0.25 cup diced cooked', 'carrot'), ('1 teaspoon minced', 'shallot'), ('2 tablespoons finely chopped roasted', 'red peppers'), ('2 tablespoons chopped fresh', 'cilantro'), ('1 teaspoon', 'lime juice'), ('0.25 cup', 'mayonnaise'), ('1.25 pounds', 'Yukon Gold potatoes'), ('2 tablespoons', 'aji amarillo chili paste'), ('2 tablespoons', 'olive oil'), ('1', 'lime'), ('to taste', 'cayenne pepper'), ('to taste', 'salt'), ('1', 'avocado'), ('0.33333334326744 cup', 'mayonnaise'), ('1 tablespoon', 'sour cream'), ('1 small clove', 'garlic'), ('2 teaspoons', 'aji amarillo chili paste'), ('1 teaspoon', 'water')]"
Cuban Black Beans II,"[('1 pound', 'black beans'), ('0.25 cup', 'olive oil'), ('1 large', 'onion'), ('1 medium', 'green bell pepper'), ('6 cloves', 'garlic'), ('5 cups', 'water'), ('1 (6 ounce) can', 'tomato paste'), ('1 (4 ounce) jar', 'pimentos'), ('1 tablespoon', 'vinegar'), ('2 teaspoons', 'salt'), ('1 teaspoon', 'sugar'), ('1 teaspoon', 'black pepper')]"
Brigadeiro,"[('1 (14 ounce) can', 'sweetened condensed milk'), ('3 tablespoons', 'unsweetened cocoa'), ('1 tablespoon', 'butter'), ('chocolate', 'sprinkles')]"
Peruvian Aji Verde,"[('2 bunches', 'cilantro'), ('3', 'jalapeno peppers'), ('1', 'lime'), ('3 cloves', 'garlic'), ('0.5 cup', 'mayonnaise'), ('1 drizzle', 'extra-virgin olive oil'), ('salt and ground black pepper to taste', '')]"
Kimchi,"[('2 heads', 'napa cabbage'), ('1.25 cups', 'sea salt'), ('1 tablespoon', 'fish sauce'), ('5', 'green onions'), ('0.5 small', 'white onion'), ('2 cloves', 'garlic'), ('2 tablespoons', 'white sugar'), ('1 teaspoon ground', 'ginger'), ('5 tablespoons', 'Korean chile powder')]"
Hawaiian Coconut-Banana Bread,"[('1.25 cups', 'coconut flour'), ('1.25 cups', 'all-purpose flour'), ('1 cup', 'xylitol'), ('1 cup', 'coconut sugar'), ('2 tablespoons', 'flaxseed meal'), ('2 teaspoons', 'baking soda'), ('1 teaspoon', 'salt'), ('3.5 cups mashed', 'bananas'), ('1 cup', 'butter'), ('0.5 cup', 'coconut milk'), ('4 large', 'eggs'), ('1 cup chopped', 'macadamia nuts')]"
Canjica (Brazilian Hominy Pudding),"[('1 pound dried', 'hominy'), ('8 cups', 'water'), ('2 (14 ounce) cans', 'coconut milk'), ('1 (14 ounce) can', 'sweetened condensed milk'), ('2 cups', 'milk'), ('2 tablespoons', 'white sugar'), ('3 (2 inch) sticks', 'cinnamon sticks'), ('0.5 teaspoon', 'cinnamon'), ('8 whole', 'cloves'), ('1.75 cups freshly grated', 'coconut')]"
Pickled Daikon Radish and Carrot,"[('0.5 cup', 'distilled white vinegar'), ('0.25 cup', 'sugar'), ('1 small', 'carrot'), ('1', 'daikon radish'), ('2 tablespoons chopped fresh', 'cilantro'), ('1', 'Thai chile pepper')]"
Chocolate Black Tea Cake,"[('4', 'eggs'), ('1 cup', 'butter'), ('1.6666699647903 cups', 'white sugar'), ('1 cup', 'black tea'), ('2 cups', 'all-purpose flour'), ('1.5 tablespoons', 'baking powder'), ('0.33333298563957 cup', 'bread crumbs'), ('0.33333298563957 cup', 'unsweetened cocoa powder'), ('1 cup chopped', 'hazelnuts')]"
Chicken Katsu,"[('4', 'chicken breast halves'), ('to taste', 'salt and pepper'), ('2 tablespoons', 'all-purpose flour'), ('1', 'egg'), ('1 cup', 'panko bread crumbs'), ('1 cup', 'oil')]"
Budin (Puerto Rican Bread Pudding),"[('1 cup', 'water'), ('2 (3 inch)', 'cinnamon sticks'), ('15 whole', 'cloves'), ('1 teaspoon', 'anise seed'), ('2 cups', 'white sugar'), ('2 tablespoons', 'water'), ('1 (1 pound) loaf', 'bread'), ('4 cups', 'evaporated milk'), ('4 large', 'eggs'), ('1 teaspoon', 'vanilla extract'), ('0.75 teaspoon', 'salt'), ('0.25 cup', 'butter')]"
Swedish Nuts,"[('2', 'egg whites'), ('1 cup', 'sugar'), ('1 pinch', 'salt'), ('0.5 teaspoon', 'vanilla extract'), ('1 pound', 'pecan halves'), ('0.5 cup', 'butter')]"
Haldi Ka Doodh (Hot Turmeric Milk),"[('0.25 teaspoon', 'turmeric'), ('0.25 teaspoon ground', 'cardamom'), ('0.125 teaspoon ground', 'black pepper'), ('1 pinch', 'ginger'), ('1 pinch', 'cloves'), ('1 pinch', 'allspice'), ('1 cup', 'milk'), ('0.75 teaspoon', 'honey'), ('0.125 teaspoon', 'vanilla extract')]"
Beef Pirozhki,"[('1 cup warm', 'milk'), ('1 (.25 ounce) package', 'active dry yeast'), ('3 cups', 'all-purpose flour'), ('1 large', 'egg'), ('2 tablespoons melted', 'butter'), ('2 teaspoons', 'white sugar'), ('1 teaspoon', 'kosher salt'), ('0.5 teaspoon', 'oil'), ('1 tablespoon', 'olive oil'), ('1 tablespoon', 'butter'), ('2 pounds', 'ground beef'), ('1 large', 'onion'), ('4 cloves', 'garlic'), ('2 teaspoons', 'kosher salt'), ('0.5 teaspoon freshly ground', 'black pepper'), ('2 teaspoons dried', 'dill weed'), ('0.33333334326744 cup', 'chicken broth'), ('0.25 cup shredded sharp', 'Cheddar cheese'), ('2 tablespoons grated', 'Parmesan cheese'), ('vegetable oil for', 'frying')]"
Portuguese Sausage Soup,"[('2 tablespoons', 'olive oil'), ('3 medium', 'Yukon Gold potatoes'), ('1 large', 'sweet onion'), ('0.5 cup diced', 'carrots'), ('0.5 cup diced', 'celery'), ('3 cloves', 'garlic'), ('0.25 teaspoon', 'red pepper flakes'), ('salt and ground black pepper to taste', ''), ('1 bunch', 'kale'), ('2', 'bay leaves'), ('5 cups', 'chicken broth'), ('1 (14 ounce) can', 'garbanzo beans'), ('1 (14 ounce) can', 'tomatoes'), ('0.5 pound', 'linguica sausage'), ('0.5 pound', 'chorizo sausage')]"
Cabbage and Kielbasa,"[('0.5 cup', 'margarine'), ('1', 'onion'), ('1 head', 'savoy cabbage'), ('1 (15 ounce) can', 'potatoes'), ('1.5 pounds', 'kielbasa sausage'), ('3 tablespoons', 'red wine vinegar'), ('to taste', 'salt and pepper'), ('0.5 cup', 'water')]"
Instant Pot Filipino Chicken Adobo,"[('0.5 cup', 'distilled white vinegar'), ('0.25 cup', 'soy sauce'), ('2 tablespoons minced', 'garlic'), ('1 tablespoon', 'olive oil'), ('1 tablespoon', 'brown sugar'), ('1 teaspoon', 'black peppercorns'), ('2', 'bay leaves'), ('1 large', 'onion'), ('1.5 pounds bone-in, skin-on', 'chicken thighs'), ('1 tablespoon chopped', 'scallions')]"
Apples in Pajamas,"[('4 large', 'Granny smith apples'), ('0.66666668653488 cup', 'all-purpose flour'), ('1 pinch', 'salt'), ('2', 'eggs'), ('1 tablespoon', 'vegetable oil'), ('0.33333334326744 cup', 'milk'), ('0.25 cup', 'water'), ('4 cups', 'oil'), ('0.5 teaspoon ground', 'cinnamon'), ('2 tablespoons', 'white sugar')]"
Adas Polo (Persian Rice and Lentils),"[('1 pound', 'white rice'), ('4 cups', 'water'), ('0.5 teaspoon', 'salt'), ('2 cups', 'water'), ('to taste', 'salt'), ('2 cups', 'lentils'), ('0.25 cup', 'vegetable oil'), ('2 large', 'onions'), ('0.5 teaspoon', 'saffron'), ('0.33333334326744 cup hot', 'water'), ('0.75 cup', 'dates'), ('0.75 cup', 'raisins')]"
Portuguese Kale Soup,"[('0.5 pound dried', 'white pea beans'), ('0.5 pound', 'chorizo sausage'), ('1 pound', 'beef soup bones'), ('1 quart', 'water'), ('1 medium head', 'cabbage'), ('2 bunches', 'kale'), ('5', 'potatoes'), ('1 quart hot', 'water'), ('to taste', 'salt and pepper')]"
South African Melktert (Milk Tart),"[('cooking', 'spray'), ('1 cup', 'sugar'), ('3 tablespoons', 'butter'), ('3', 'egg yolks'), ('1 cup', 'cake flour'), ('1 teaspoon', 'baking powder'), ('0.25 teaspoon', 'salt'), ('4 cups', 'milk'), ('1 teaspoon', 'vanilla extract'), ('3', 'egg white'), ('1 tablespoon', 'cinnamon sugar')]"
Ba&#39;corn Cheese Corn,"[('1 (8 ounce) package', 'bacon'), ('2 (16 ounce) packages', 'sweet corn'), ('4 cloves', 'garlic'), ('1 bunch', 'green onions'), ('2', 'jalapeno peppers'), ('1 pinch', 'salt'), ('1 pinch', 'cayenne pepper'), ('1 cup', 'heavy cream'), ('2 ounces shredded', 'mozzarella cheese'), ('4 ounces shredded', 'Monterey Jack cheese')]"
Rich and Creamy Potatoes au Gratin,"[('3 pounds', 'Yukon Gold potatoes'), ('3 cloves', 'garlic'), ('0.75 teaspoon', 'salt'), ('1 cup', 'heavy cream'), ('freshly ground to taste', 'black pepper'), ('freshly grated to taste', 'nutmeg'), ('2 cups freshly shredded', 'Gruyere cheese')]"
Authentic Greek Moussaka,"[('4 medium', 'eggplants'), ('to taste', 'salt'), ('4 cups', 'milk'), ('1 stick', 'butter'), ('6 tablespoons', 'all-purpose flour'), ('3 large', 'egg yolks'), ('7 tablespoons', 'olive oil'), ('2 medium', 'onions'), ('3 cloves', 'garlic'), ('1 pound', 'ground beef'), ('0.5 teaspoon ground', 'allspice'), ('0.5 teaspoon', 'white sugar'), ('1 pinch', 'cinnamon'), ('salt and ground black pepper to taste', ''), ('1 (14 ounce) can', 'tomato sauce'), ('4 tablespoons chopped fresh', 'parsley'), ('1 large', 'egg white'), ('1.5 cups freshly grated', 'Parmesan cheese')]"
Greek Chicken,"[('0.5 cup', 'olive oil'), ('2', 'lemons'), ('3 cloves', 'garlic'), ('1 tablespoon chopped fresh', 'rosemary'), ('1 tablespoon', 'thyme'), ('1 tablespoon chopped fresh', 'oregano'), ('1 (4 pound)', 'chicken')]"
Coconut Sauce,"[('1 (14 ounce) can', 'coconut milk'), ('1 cup', 'brown sugar')]"
Gujarati Kadhi,"[('4 cups', 'water'), ('2 cups', 'plain yogurt'), ('2 tablespoons', 'chickpea flour'), ('4', 'green chile peppers'), ('1 tablespoon minced', 'ginger root'), ('1 tablespoon', 'sugar'), ('0.5 teaspoon ground', 'turmeric'), ('to taste', 'salt'), ('1 tablespoon', 'vegetable oil'), ('1 tablespoon', 'ghee'), ('2 dried', 'red chile peppers'), ('1 sprig fresh', 'curry leaves'), ('0.5 teaspoon', 'cumin seeds'), ('0.5 teaspoon', 'mustard seed'), ('1 pinch', 'asafoetida powder'), ('0.25 cup chopped', 'cilantro leaves')]"
Tava or Turkish Stew,"[('2 tablespoons', 'olive oil'), ('1.5 pounds', 'chicken breast'), ('0.5 (12 ounce) jar', 'roasted red bell peppers'), ('1 (14.5 ounce) can', 'tomatoes'), ('1 (6 ounce) jar', 'mushrooms'), ('1', 'onion'), ('1 tablespoon minced', 'garlic'), ('to taste', 'salt and pepper'), ('1 (16 ounce) package shredded', 'mozzarella cheese')]"
Vienna Schnitzel,"[('1 quart', 'oil'), ('6 (6 ounce) fillets', 'pork sirloin'), ('2 cups dry', 'bread crumbs'), ('1 cup', 'cake flour'), ('2', 'eggs'), ('0.25 cup', 'milk'), ('to taste', 'salt and pepper')]"
Asian Garlic Beef Cubes (Vietnamese Bo Luc Lac or Shaking Beef),"[('1.5 pounds', 'beef tenderloin'), ('2 tablespoons', 'olive oil'), ('2 tablespoons', 'oyster sauce'), ('4 large cloves', 'garlic'), ('1 tablespoon', 'Cabernet Sauvignon wine'), ('1 teaspoon', 'fish sauce'), ('1 teaspoon ground', 'black pepper'), ('1 teaspoon', 'soy sauce'), ('1 teaspoon', 'dark soy sauce'), ('2 drops', 'sesame oil'), ('1 tablespoon', 'fish sauce'), ('1 tablespoon', 'lemon juice'), ('1 tablespoon ground', 'black pepper'), ('2 tablespoons', 'olive oil'), ('2 tablespoons', 'oyster sauce'), ('4 cloves', 'garlic')]"
Traci&#39;s Adobo Seasoning,"[('2 tablespoons', 'salt'), ('1 tablespoon', 'paprika'), ('2 teaspoons ground', 'black pepper'), ('1.5 teaspoons', 'onion powder'), ('1.5 teaspoons dried', 'oregano'), ('1.5 teaspoons ground', 'cumin'), ('1 teaspoon', 'garlic powder'), ('1 teaspoon', 'chili powder')]"
Thit Kho (Caramelized Pork Belly),"[('2 pounds', 'pork belly'), ('2 tablespoons', 'white sugar'), ('5', 'shallots'), ('3 cloves', 'garlic'), ('3 tablespoons', 'fish sauce'), ('to taste', 'black pepper'), ('13 fluid ounces', 'coconut water'), ('6', 'eggs')]"
Spicy Potato Noodles (Bataka Sev),"[('0.25 cup chopped fresh', 'green chile peppers'), ('1 tablespoon coarsely chopped', 'garlic'), ('2 tablespoons', 'ginger'), ('1 teaspoon', 'salt'), ('0.125 teaspoon ground', 'turmeric'), ('2 teaspoons', 'vegetable oil'), ('1 pound', 'potatoes'), ('3 cups', 'water'), ('3.5 cups', 'chickpea flour'), ('2.5 teaspoons', 'salt'), ('1 teaspoon ground', 'turmeric'), ('2 tablespoons', 'mustard oil'), ('vegetable oil for', 'deep frying')]"
Avocado and Tuna Tapas,"[('1 (12 ounce) can', 'solid white tuna'), ('1 tablespoon', 'mayonnaise'), ('3', 'green onions'), ('0.5', 'red bell pepper'), ('1 dash', 'balsamic vinegar'), ('to taste', 'black pepper'), ('1 pinch', 'garlic salt'), ('2 ripe', 'avocados')]"
Easy Pavlova,"[('4 large', 'egg whites'), ('1.25 cups', 'white sugar'), ('2 teaspoons', 'cornstarch'), ('1 teaspoon', 'vanilla extract'), ('1 teaspoon', 'lemon juice'), ('1 pint', 'heavy cream'), ('6', 'kiwi')]"
Mandelmakronen (Almond Meringues),"[('4', 'egg whites'), ('1 cup', 'sugar'), ('1.5 cups', 'almond flour'), ('0.25 teaspoon ground', 'cinnamon')]"
Norwegian Sour Cream and Raisin Pie,"[('1 cup', 'sour cream'), ('1 cup', 'sugar'), ('2', 'eggs'), ('1 teaspoon', 'baking powder'), ('1 pinch', 'salt'), ('1 teaspoon', 'cinnamon'), ('0.5 teaspoon', 'nutmeg'), ('0.5 teaspoon ground', 'cloves'), ('3 tablespoons', 'white vinegar'), ('1 cup', 'raisins'), ('1 unbaked 9 inch', 'pie crust')]"
Polish Egg Bread,"[('5 packages', 'active dry yeast'), ('2 cups', 'water'), ('1 quart', 'milk'), ('1 cup', 'butter'), ('2 tablespoons', 'salt'), ('1 teaspoon', 'salt'), ('1.5 cups', 'sugar'), ('10', 'eggs'), ('5 pounds', 'bread flour')]"
Oktoberfest Chicken and Red Cabbage,"[('4 slices', 'bacon'), ('1 tablespoon', 'bacon drippings'), ('0.25 cup', 'all-purpose flour'), ('0.5 teaspoon', 'kosher salt'), ('0.5 teaspoon', 'smoked paprika'), ('2 pounds', 'chicken thighs'), ('1', 'red onion'), ('1 large', 'apple'), ('1 head', 'red cabbage'), ('0.5 cup', 'red wine vinegar'), ('0.25 cup', 'red wine'), ('0.25 cup', 'brown sugar'), ('0.5 teaspoon ground', 'cinnamon')]"
Jamaican Saltfish Fritters (Stamp and Go),"[('6 ounces dried salted', 'cod fish'), ('cold', 'water'), ('1 cup', 'all-purpose flour'), ('2 teaspoons ground', 'black pepper'), ('1 teaspoon', 'baking powder'), ('1 large', 'tomato'), ('2 green', 'onions'), ('0.5 cup', 'water'), ('vegetable oil for', 'frying')]"
Spanish Omelette,"[('0.5 cup', 'olive oil'), ('0.5 pound', 'potatoes'), ('to taste', 'salt and pepper'), ('1 large', 'onion'), ('4 large', 'eggs'), ('2 medium', 'tomatoes'), ('2 green', 'onions')]"
Shrimp Egg Foo Young,"[('8 ounces fresh', 'bean sprouts'), ('1 cup cooked', 'shrimp'), ('4', 'eggs'), ('0.33333334326744 cup thinly sliced', 'green onions'), ('0.25 teaspoon', 'garlic powder'), ('2 tablespoons', 'vegetable oil'), ('3 cups', 'chicken broth'), ('2 tablespoons', 'cornstarch'), ('2 tablespoons', 'sugar'), ('2 tablespoons', 'Chinese cooking wine'), ('2 tablespoons', 'soy sauce')]"
Linguica (Smoked Portuguese Sausage),"[('0.5 pound', 'Pork, fresh, backfat, raw'), ('1 tablespoon', 'olive oil'), ('7 cloves', 'garlic'), ('1 (4 pound)', 'pork butt'), ('1 cup', 'red table wine'), ('1 cup', 'sweet paprika'), ('0.33333334326744 cup', 'powdered milk'), ('3 tablespoons', 'cider vinegar'), ('3 tablespoons', 'salt'), ('2 tablespoons', 'white sugar'), ('1 tablespoon', 'hickory-flavored liquid smoke'), ('2 tablespoons dried', 'marjoram'), ('2 tablespoons ground', 'white pepper'), ('1 tablespoon ground', 'black pepper'), ('1 teaspoon crushed', 'red pepper'), ('1 pinch', 'cayenne pepper'), ('4 feet', 'hog casing'), ('lump', 'charcoal'), ('hickory', 'wood chunks'), (None, 'toothpicks')]"
Chai Tea Latte,"[('0.75 cup', 'water'), ('1', 'chai tea bag'), ('1.5 teaspoons', 'honey'), ('1 teaspoon', 'sugar'), ('0.75 cup', 'milk')]"
Pork Sinigang,"[('1 tablespoon', 'vegetable oil'), ('1 small', 'onion'), ('1 teaspoon', 'salt'), ('1 (1/2 inch) piece', 'ginger'), ('2', 'plum tomatoes'), ('1 pound bone-in', 'pork chops'), ('4 cups', 'water'), ('1 (1.41 ounce) package', 'tamarind soup base'), ('0.5 pound', 'green beans')]"
Portuguese Sopas,"[('1 (3 pound)', 'beef pot roast'), ('1', 'onion'), ('1 cup fresh', 'mint leaves'), ('2 cloves', 'garlic'), ('2 teaspoons', 'cinnamon'), ('2 teaspoons ground', 'allspice'), ('2', 'bay leaves'), ('to taste', 'salt and ground black pepper'), ('water to', 'cover'), ('1 head', 'cabbage')]"
Filipino Beef Giniling (Afritada Style),"[('1 tablespoon', 'oil'), ('1 clove', 'garlic'), ('2 pounds', 'ground beef'), ('1.5 cups', 'water'), ('to taste', 'black pepper'), ('2 medium', 'red potatoes'), ('10', 'baby carrots'), ('6 tablespoons', 'soy sauce'), ('0.5 cup', 'raisins'), ('1.5 (6.5 ounce) cans', 'tomato sauce'), ('0.5 medium', 'orange bell pepper'), ('4 tablespoons', 'sugar')]"
Filipino Corned Beef and Cabbage,"[('0.33333334326744 cup', 'butter'), ('1 teaspoon', 'olive oil'), ('0.5', 'onion'), ('3 cloves', 'garlic'), ('4', 'Roma tomatoes'), ('0.33333334326744 small head', 'cabbage'), ('0.25 cup', 'chicken stock'), ('1 (12 ounce) can', 'corned beef')]"
Almond Cookies (Dim Sum Variety),"[('red', 'food coloring'), ('1 cup', 'vegetable shortening'), ('3 tablespoons', 'vegetable shortening'), ('1 cup', 'sugar'), ('1', 'egg'), ('1 teaspoon', 'almond extract'), ('2.5 cups', 'all-purpose flour'), ('0.5 teaspoon', 'baking soda'), ('0.5 teaspoon', 'salt')]"
Arroz con Pollo Perunao (Peruvian Rice with Chicken),"[('0.25 cup', 'vegetable oil'), ('6', 'chicken thighs'), ('6', 'chicken drumsticks'), ('to taste', 'salt and black pepper'), ('1.5 bunches', 'cilantro'), ('6 cloves', 'garlic'), ('1', 'aji pepper'), ('1 tablespoon', 'Worcestershire sauce'), ('0.5 cup', 'orange juice'), ('2 cups uncooked', 'white rice'), ('2', 'onions'), ('0.5 cup', 'white wine'), ('3.5 cups', 'chicken broth'), ('1 teaspoon', 'black pepper'), ('1 large', 'carrot'), ('1', 'bell pepper'), ('0.75 cup', 'peas')]"
Gourmet Pastelillos (Meat Pies),"[('2 tablespoons extra-virgin', 'olive oil'), ('1 pound extra-lean', 'ground beef'), ('0.5', 'onion'), ('0.25 cup', 'tomato sauce'), ('6 large', 'pimento-stuffed olives'), ('2 tablespoons', 'sofrito'), ('1 (1.41 ounce) package', 'sazon seasoning'), ('2 small', 'garlic cloves'), ('0.5 teaspoon', 'oregano'), ('2 (14 ounce) packages', 'empanada dough'), ('vegetable oil for', 'frying')]"
Portuguese Custard Tarts (Pasteis de Nata),"[('1 cup', 'all-purpose flour'), ('0.25 teaspoon', 'kosher salt'), ('0.33333334326744 cup cold', 'water'), ('1 stick', 'butter'), ('0.75 cup', 'white sugar'), ('0.25 cup', 'water'), ('1 tablespoon', 'water'), ('1', 'cinnamon stick'), ('1', 'lemon'), ('0.33333334326744 cup', 'all-purpose flour'), ('0.25 teaspoon', 'kosher salt'), ('1.5 cups', 'milk'), ('6 large', 'egg yolks'), ('1 teaspoon', 'vanilla extract')]"
Shakshooka,"[('2 tablespoons', 'olive oil'), ('4 cloves', 'garlic'), ('1', 'onion'), ('1', 'jalapeno pepper'), ('1 large', 'red bell pepper'), ('2', 'tomatoes'), ('2 tablespoons', 'sweet paprika'), ('2 tablespoons', 'paprika'), ('to taste', 'salt and pepper'), ('1 (6 ounce) can', 'tomato paste'), ('0.75 cup', 'water'), ('0.25 teaspoon', 'saffron'), ('0.25 cup chopped fresh', 'parsley'), ('6', 'eggs')]"
Bolo de Fuba Cremoso (Creamy Cornmeal Cake),"[('4 cups', 'milk'), ('2 cups', 'white sugar'), ('3', 'eggs'), ('0.75 cup grated', 'Parmesan cheese'), ('2.5 tablespoons softened', 'butter'), ('1.5 cups grated', 'coconut'), ('1 cup', 'cornmeal'), ('2 tablespoons', 'all-purpose flour'), ('1 tablespoon', 'baking powder'), ('1 pinch', 'salt')]"
Gyoza Sauce,"[('0.5 cup', 'rice vinegar'), ('0.5 cup low-sodium', 'soy sauce'), ('0.33333334326744 cup thinly sliced', 'green onions'), ('1', 'garlic clove'), ('1 teaspoon', 'sesame oil'), ('0.5 teaspoon', 'red pepper flakes'), ('0.5 teaspoon minced', 'ginger root')]"
Chicken Afritada (Filipino Stew),"[('1 tablespoon', 'vegetable oil'), ('3 cloves', 'garlic'), ('1', 'onion'), ('1 cup', 'tomatoes'), ('1 (3 pound) whole', 'chicken'), ('3 cups', 'water'), ('1 cup', 'tomato sauce'), ('3', 'potatoes'), ('1', 'green bell pepper'), ('1', 'carrot'), ('salt and ground black pepper to taste', '')]"
Delicious Easy Chicken Francese,"[('0.5 cup', 'all-purpose flour'), ('4 large', 'eggs'), ('1 pound', 'chicken breast'), ('2 tablespoons', 'olive oil'), ('2 cups', 'chicken broth'), ('0.5 cup', 'white wine'), ('0.25 cup', 'butter'), ('2 medium', 'lemons'), ('1 teaspoon chopped fresh', 'parsley'), ('to taste', 'salt and pepper'), ('2 teaspoons', 'water'), ('1 teaspoon', 'cornstarch')]"
Chef John&#39;s Mulligatawny Soup,"[('1 tablespoon', 'butter'), ('1 tablespoon', 'vegetable oil'), ('1.25 cups', 'chicken thighs'), ('1 teaspoon', 'kosher salt'), ('1 tablespoon', 'curry powder'), ('1 teaspoon', 'garam masala'), ('0.5 teaspoon ground', 'cumin'), ('0.5 teaspoon freshly ground', 'black pepper'), ('0.25 teaspoon ground', 'mustard'), ('0.25 teaspoon ground', 'coriander'), ('0.25 teaspoon', 'cayenne pepper'), ('4 cloves', 'garlic'), ('1 tablespoon finely grated', 'ginger'), ('1 large', 'yellow onion'), ('2', 'carrots'), ('2 stalks', 'celery'), ('1 tablespoon', 'tomato paste'), ('1 cup cubed', 'Yukon Gold potatoes'), ('0.5 cup', 'tomato'), ('2 small', 'Granny Smith apples'), ('0.5 cup', 'red lentils'), ('1', 'bay leaf'), ('1 teaspoon', 'tamarind paste'), ('6 cups', 'chicken broth'), ('3 tablespoons', 'coconut cream'), ('0.5 cup', 'Greek yogurt'), ('0.25 cup chopped fresh', 'cilantro'), ('0.25 cup sliced', 'green onion'), ('1 pinch', 'red pepper flakes')]"
Sweet Creme de Vie,"[('1 cup', 'water'), ('1.5 cups', 'sugar'), ('1 teaspoon', 'anise seeds'), ('4', 'egg yolks'), ('1 (750 milliliter) bottle', '151 proof rum'), ('1 (14 ounce) can', 'sweetened condensed milk'), ('1 (12 ounce) can', 'evaporated milk'), ('2 teaspoons', 'vanilla extract')]"
Easy Mojitos,"[('12 leaves', 'mint'), ('2', 'lime slices'), ('1 teaspoon', 'white sugar'), ('0.25 cup', 'ice cubes'), ('1 (1.5 fluid ounce) jigger', 'rum'), ('4.5 ounces', 'diet lemon-lime soda')]"
One-Pot Lebanese Chicken and Rice,"[('3 tablespoons', 'olive oil'), ('4', 'chicken breasts'), ('4 ounces diced', 'onion'), ('12 ounces', 'beef'), ('1 tablespoon minced', 'garlic'), ('2 teaspoons', 'cinnamon'), ('1 teaspoon ground', 'allspice'), ('0.75 teaspoon', 'salt'), ('0.25 teaspoon ground', 'cayenne pepper'), ('1.5 cups', 'long grain rice'), ('3 cups', 'chicken broth'), ('2 tablespoons chopped fresh', 'parsley')]"
Easy Brazilian Spiced Salmon,"[('4', 'salmon fillets'), ('2 tablespoons', 'olive oil'), ('2 tablespoons', 'brown sugar'), ('4 cloves', 'garlic'), ('1 teaspoon', 'smoked paprika'), ('1 teaspoon', 'paprika'), ('1 teaspoon', 'chili powder'), ('0.5', 'lemon')]"
Sweet Potato Tempura,"[('2 large', 'eggs'), ('0.75 cup', 'water'), ('3 tablespoons', 'water'), ('0.75 cup', 'all-purpose flour'), ('1 tablespoon', 'all-purpose flour'), ('0.5 teaspoon', 'salt'), ('2 cups', 'oil'), ('1 large', 'sweet potato'), ('0.25 cup', 'rice wine'), ('0.25 cup', 'soy sauce')]"
Bread Machine Swedish Coffee Bread,"[('1 cup', 'milk'), ('2 tablespoons softened', 'butter'), ('1', 'egg yolk'), ('0.5 teaspoon', 'salt'), ('3 cups', 'all-purpose flour'), ('0.33333334326744 cup', 'sugar'), ('3 teaspoons ground', 'cardamom'), ('1 (.25 ounce) envelope', 'active dry yeast'), ('2', 'egg whites'), ('pearl', 'sugar')]"
Korean Street Toast,"[('1 cup thinly sliced', 'green cabbage'), ('0.33333334326744 cup julienned', 'carrot'), ('1 stalk', 'green onion'), ('0.5 teaspoon', 'kosher salt'), ('0.25 teaspoon ground', 'black pepper'), ('1 pinch', 'cayenne pepper'), ('2 large', 'eggs'), ('3 tablespoons', 'butter'), ('2 thick slices', 'white bread'), ('0.5 teaspoon', 'white sugar'), ('2 thin slices', 'smoked ham'), ('1 slice', 'Cheddar cheese'), ('1 tablespoon', 'ketchup'), ('1 tablespoon', 'mayonnaise')]"
Chef John&#39;s Chimichurri Sauce,"[('1 bunch', 'flat-leaf Italian parsley'), ('0.5 cup fresh', 'cilantro leaves'), ('0.5 cup', 'olive oil'), ('0.25 cup fresh', 'oregano leaves'), ('4 cloves', 'garlic'), ('3 tablespoons', 'white wine vinegar'), ('0.5 teaspoon', 'salt'), ('0.25 teaspoon ground', 'cumin'), ('0.25 teaspoon', 'red pepper flakes'), ('0.25 teaspoon freshly ground', 'black pepper')]"
Tea Party Sandwiches (Puerto Rican Version),"[('1 (12 ounce) can', 'luncheon meat'), ('1 (16 ounce) jar', 'processed cheese sauce'), ('1 (4 ounce) jar with liquid', 'pimiento peppers'), ('0.75 cup', 'mayonnaise-style sandwich spread'), ('15 slices', 'white bread'), ('15 slices', 'whole wheat bread'), ('1 teaspoon dried', 'parsley'), ('1 small', 'cucumber')]"
The Real Mojito,"[('10 fresh', 'mint leaves'), ('0.5 medium', 'lime'), ('2 tablespoons', 'white sugar'), ('1 cup', 'ice cubes'), ('1.5 fluid ounces', 'white rum'), ('0.5 cup', 'club soda')]"
Red Salad,"[('4 medium', 'beets'), ('2 large red', 'potatoes'), ('4', 'carrots'), ('2 tablespoons', 'mayonnaise'), ('1 tablespoon', 'mustard')]"
Namoora (Basboosa),"[('1 tablespoon', 'tahini'), ('2 cups dry', 'farina cereal'), ('1.5 cups', 'white sugar'), ('2 teaspoons', 'baking powder'), ('1 cup', 'yogurt'), ('1 tablespoon', 'butter'), ('16', 'almond halves'), ('2 cups', 'white sugar'), ('2 cups', 'water'), ('1 teaspoon', 'lemon juice'), ('1 tablespoon', 'butter'), ('1 teaspoon', 'orange flower water')]"
Microwave Mochi,"[('1.5 cups', 'mochiko'), ('1.5 cups', 'water'), ('1.25 cups', 'white sugar'), ('2 drops', 'distilled white vinegar'), ('0.5 cup', 'potato starch'), ('0.25 teaspoon', 'salt')]"
Pashka,"[('2 (8 ounce) packages', 'cream cheese'), ('1 (8 ounce) container', 'cottage cheese'), ('1 (8 ounce) container', 'sour cream'), ('0.25 cup', 'butter'), ('1 cup', 'sugar'), ('0.5 cup finely chopped blanched', 'almonds'), ('0.5 cup', 'currants'), ('1 teaspoon', 'vanilla extract'), ('0.25 teaspoon', 'lemon extract')]"
3-Ingredient Japanese Cheesecake,"[('1 (4 ounce) bar', 'white chocolate'), ('0.5 cup', 'cream cheese'), ('3', 'eggs')]"
Pisco Sour,"[('4 cups', 'ice cubes'), ('1 cup', 'pisco'), ('0.33333334326744 cup', 'lemon juice'), ('0.33333334326744 cup', 'white sugar'), ('1', 'egg white'), ('2 dashes', 'bitters')]"
Toum,"[('4 cloves', 'garlic'), ('1 pinch', 'salt'), ('0.25 cup', 'vegetable oil'), ('1', 'lemon')]"
Gravlox,"[('2 pounds', 'salmon fillet'), ('4 tablespoons coarse', 'sea salt'), ('3 tablespoons', 'light brown sugar'), ('1 tablespoon', 'pepper'), ('1 bunch', 'dill'), ('3 tablespoons', 'vodka')]"
Indian Spiced Onions,"[('1', 'onion'), ('2 teaspoons', 'ketchup'), ('1 teaspoon', 'lemon juice'), ('1 tablespoon', 'sugar'), ('1 teaspoon chopped fresh', 'cilantro'), ('1 teaspoon chopped fresh', 'fenugreek leaves'), ('1 teaspoon', 'chili powder'), ('1 pinch', 'salt')]"
Vietnamese Coconut-Caramel Shrimp (Tom Rim),"[('1 pound', 'shrimp'), ('1 tablespoon', 'salt'), ('2 tablespoons', 'white sugar'), ('0.25 cup', 'coconut water'), ('1 teaspoon', 'maple syrup'), ('2 tablespoons', 'olive oil'), ('1 dash', 'sesame oil'), ('1', 'shallot'), ('3 cloves', 'garlic'), ('2 tablespoons', 'fish sauce'), ('1 tablespoon chopped fresh', 'chives')]"
Chickpeas and Chorizo,"[('0.5 pound', 'garbanzo beans'), ('1', 'red bell pepper'), ('1', 'green bell pepper'), ('1 tablespoon', 'canola oil'), ('4', 'potatoes'), ('9 ounces', 'Spanish-style chorizo'), ('1', 'yellow onion'), ('8 cloves', 'garlic'), ('1 teaspoon', 'paprika'), ('0.5 teaspoon', 'salt'), ('0.25 cup', 'sherry')]"
Bacalhau Portuguese ao Forno (Salt Cod with Tomatoes and Olives),"[('2 pounds', 'cod fish'), ('2', 'lemons'), ('to taste', 'salt'), ('1 pound', 'potatoes'), ('2 large', 'onions'), ('3', 'tomatoes'), ('2 fresh', 'bay leaves'), ('2 tablespoons', 'olive oil'), ('0.25 cup chopped', 'black olives'), ('2 tablespoons chopped', 'parsley')]"
Codfish with Cream,"[('12 ounces dried salted', 'cod fish'), ('vegetable oil for', 'frying'), ('4 large', 'potatoes'), ('0.5 cup', 'olive oil'), ('1 large', 'onion'), ('3 cloves', 'garlic'), ('1 tablespoon', 'butter'), ('1 tablespoon', 'all-purpose flour'), ('1 cup hot', 'milk'), ('1 pinch', 'nutmeg'), ('1.3333333730698 cups', 'heavy cream'), ('salt and ground black pepper to taste', ''), ('1 ounce grated', 'Parmesan cheese')]"
Browned Butter Banana Bread,"[('0.5 cup', 'butter'), ('3 very ripe', 'bananas'), ('0.25 cup', 'brown sugar'), ('0.25 cup', 'sugar'), ('1', 'egg'), ('1 tablespoon', 'vanilla extract'), ('1.5 cups', 'all-purpose flour'), ('1.5 teaspoons', 'baking soda'), ('1 teaspoon ground', 'cinnamon'), ('0.5 teaspoon ground', 'nutmeg')]"
Brazilian Chicken with Coconut Milk,"[('1 teaspoon ground', 'cumin'), ('1 teaspoon ground', 'cayenne pepper'), ('1 teaspoon ground', 'turmeric'), ('1 teaspoon ground', 'coriander'), ('4', 'chicken breast halves'), ('to taste', 'salt and pepper'), ('2 tablespoons', 'olive oil'), ('1', 'onion'), ('2', 'jalapeno peppers'), ('1 tablespoon minced', 'ginger'), ('2 cloves', 'garlic'), ('3', 'tomatoes'), ('1 (14 ounce) can', 'coconut milk'), ('1 bunch', 'parsley')]"
Argentine Lentil Stew,"[('1 cup', 'lentils'), ('1 quart', 'water'), ('1 cube', 'vegetable bouillon'), ('3 medium', 'tomatoes'), ('1 large', 'onion'), ('1', 'carrot'), ('1 medium', 'apple'), ('0.5 cup', 'peas'), ('1 large', 'garlic'), ('1 tablespoon', 'olive oil'), ('0.25 cup', 'barbeque sauce'), ('0.5 teaspoon', 'paprika'), ('to taste', 'salt and pepper')]"
Churrascaria-Style Picanha,"[('3 cloves', 'garlic'), ('1 teaspoon', 'kosher salt'), ('1 pound', 'beef top sirloin'), ('0.25 cup', 'lemon juice'), ('1 tablespoon', 'olive oil')]"
Durian Puree Cheesecake,"[('12 ounces', 'cream cheese'), ('7 fluid ounces', 'sweetened condensed milk'), ('0.25 cup pureed', 'durian'), ('2', 'eggs'), ('0.5 cup', 'sour cream'), ('1 teaspoon', 'vanilla extract'), ('1 tablespoon', 'durian or banana extract'), ('1 (9 inch) prepared', 'graham cracker crust')]"
Borscht with Meat,"[('1.5 pounds', 'beets'), ('2 tablespoons', 'red wine vinegar'), ('1 teaspoon', 'white sugar'), ('1 pound', 'beef chuck'), ('2 quarts', 'water'), ('0.5 pound', 'bacon'), ('1 tablespoon', 'salt'), ('8 whole', 'black peppercorns'), ('6 sprigs', 'parsley'), ('2 teaspoons dried', 'marjoram'), ('2 teaspoons', 'dill seed'), ('1 pound shredded', 'cabbage'), ('2', 'leeks'), ('1 cup chopped', 'onion'), ('1', 'carrot'), ('2 pounds', 'Polish sausage'), ('2 tablespoons chopped fresh', 'dill weed')]"
Paneer Butter Masala,"[('0.5 cup', 'vegetable oil'), ('0.5 pound', 'paneer'), ('2 tablespoons', 'butter'), ('2', 'onions'), ('1 teaspoon', 'ginger paste'), ('1 teaspoon', 'garlic paste'), ('1 tablespoon ground', 'cashews'), ('1 teaspoon ground', 'red chiles'), ('0.5 teaspoon ground', 'cumin'), ('0.5 teaspoon ground', 'coriander'), ('0.5 teaspoon', 'garam masala'), ('1 (8 ounce) can', 'tomato sauce'), ('0.5 cup', 'half-and-half'), ('0.5 cup', 'milk'), ('0.5 teaspoon', 'white sugar'), ('0.5 teaspoon', 'salt')]"
Habichuelas Guisadas,"[('1 tablespoon', 'olive oil'), ('0.25 cup', 'tomato sauce'), ('2 tablespoons', 'sofrito sauce'), ('1 (.18 ounce) packet', 'sazon seasoning'), ('0.25 teaspoon', 'black pepper'), ('2 cups cooked', 'pinto beans'), ('1.5 cups', 'water'), ('to taste', 'salt')]"
Ekmek Turkish Bread,"[('1.5 cups', 'bread flour'), ('0.75 cup', 'water'), ('5 teaspoons', 'active dry yeast'), ('1 teaspoon', 'sugar'), ('2 cups warm', 'water'), ('6 cups', 'bread flour'), ('2 teaspoons', 'salt')]"
Feijoada (Brazilian Black Bean Stew),"[('1 tablespoon', 'olive oil'), ('1.5 cups chopped', 'onion'), ('0.5 cup', 'green onions'), ('1 clove', 'garlic'), ('1 (12 ounce) package', 'black beans'), ('2', 'smoked ham hocks'), ('8 ounces diced', 'ham'), ('0.5 pound thickly sliced', 'bacon'), ('2', 'bay leaves'), ('0.125 teaspoon ground', 'coriander'), ('to taste', 'salt and pepper'), ('0.5 cup chopped fresh', 'cilantro'), ('0.25 cup chopped fresh', 'parsley')]"
Moussaka,"[('3', 'eggplants'), ('to taste', 'salt'), ('0.25 cup', 'olive oil'), ('1 tablespoon', 'butter'), ('1 pound', 'ground beef'), ('2', 'onions'), ('1 clove', 'garlic'), ('to taste', 'black pepper'), ('2 tablespoons dried', 'parsley'), ('0.5 teaspoon', 'fines herbs'), ('0.25 teaspoon ground', 'cinnamon'), ('0.5 teaspoon', 'nutmeg'), ('1 (8 ounce) can', 'tomato sauce'), ('0.5 cup', 'red wine'), ('1', 'egg'), ('4 cups', 'milk'), ('0.5 cup', 'butter'), ('6 tablespoons', 'all-purpose flour'), ('to taste', 'white pepper'), ('1.5 cups freshly grated', 'Parmesan cheese')]"
Pastitsio,"[('2 tablespoons', 'butter'), ('1 large', 'onion'), ('1 clove', 'garlic'), ('1.5 pounds', 'ground beef'), ('1 (15-ounce) can', 'tomatoes'), ('0.5 cup', 'red wine'), ('0.5 cup', 'vegetable broth'), ('0.25 cup', 'tomato paste'), ('2 tablespoons chopped fresh', 'parsley'), ('1', 'cinnamon stick'), ('1 whole', 'clove'), ('to taste', 'salt and pepper'), ('1 pound', 'ziti pasta'), ('4 tablespoons', 'butter'), ('0.25 cup grated', 'Parmesan cheese'), ('1 dash', 'nutmeg'), ('to taste', 'salt and pepper'), ('1/4 teaspoon', 'pepper'), ('3 large', 'eggs'), ('0.5 cup', 'butter'), ('0.5 cup', 'all-purpose flour'), ('3 cups', 'milk'), ('0.25 teaspoon', 'nutmeg'), ('1/4 teaspoon', 'salt'), ('1/4 teaspoon freshly ground', 'black pepper'), ('0.25 cup grated', 'Parmesan cheese'), ('1 large', 'egg'), ('1', 'egg yolk')]"
Cocada (Brazilian Coconut Sweet),"[('1 (14 ounce) can', 'sweetened condensed milk'), ('1/2 can', 'sugar'), ('3 cups grated', 'coconut'), ('0.5 teaspoon', 'vanilla extract')]"
Chef John&#39;s Hummingbird Cake,"[('2 cups', 'sugar'), ('3 cups', 'all-purpose flour'), ('1 teaspoon ground', 'cinnamon'), ('1 teaspoon', 'baking soda'), ('1.25 teaspoons', 'kosher salt'), ('1.5 cups', 'vegetable oil'), ('3 large', 'eggs'), ('1.5 teaspoons', 'vanilla extract'), ('1 cup crushed', 'pineapple'), ('3 medium', 'bananas'), ('1 cup', 'pecans'), ('2 (8 ounce) packages', 'cream cheese'), ('0.5 cup', 'unsalted butter'), ('1 teaspoon', 'vanilla extract'), ('1 (16 ounce) package', 'sugar'), ('0.5 cup', 'white sugar'), ('0.25 cup', 'edible flowers')]"
Oladi (Russian Kefir Pancakes),"[('1 cup', 'all-purpose flour'), ('3 tablespoons', 'all-purpose flour'), ('0.5 cup', 'kefir'), ('1', 'egg'), ('1 tablespoon', 'sugar'), ('0.33333334326744 teaspoon', 'baking soda'), ('1 pinch', 'salt'), ('1 tablespoon', 'vegetable oil')]"
Tempura Batter,"[('2', 'egg whites'), ('1 cup', 'all-purpose flour'), ('0.66666668653488 cup cold', 'water')]"
Coquito de Puerto Rico,"[('1 (15 ounce) can', 'cream of coconut'), ('1 (14 ounce) can', 'sweetened condensed milk'), ('1 (12 ounce) can', 'evaporated milk'), ('1 cup', 'rum'), ('0.25 cup', 'water'), ('1 scoop', 'vanilla bean ice cream'), ('1 teaspoon', 'vanilla extract'), ('2', 'cinnamon sticks'), ('2 whole', 'cloves'), ('1 pinch', 'cinnamon'), ('1 pinch', 'nutmeg')]"
Indian Chicken Curry (Murgh Kari),"[('2 pounds skinless, boneless', 'chicken breast halves'), ('2 teaspoons', 'salt'), ('0.5 cup', 'cooking oil'), ('1.5 cups chopped', 'onion'), ('1 tablespoon minced', 'garlic'), ('1.5 teaspoons minced', 'ginger root'), ('1 tablespoon', 'curry powder'), ('1 teaspoon ground', 'cumin'), ('1 teaspoon ground', 'turmeric'), ('1 teaspoon ground', 'coriander'), ('1 teaspoon', 'cayenne pepper'), ('1 tablespoon', 'water'), ('1 (15 ounce) can', 'tomatoes'), ('1 cup', 'yogurt'), ('1 tablespoon chopped fresh', 'cilantro'), ('1 teaspoon', 'salt'), ('0.5 cup', 'water'), ('1 teaspoon', 'garam masala'), ('1 tablespoon chopped fresh', 'cilantro'), ('1 tablespoon', 'lemon juice')]"
Swedish Waffle Cookies,"[('1 cup', 'butter'), ('1.5 cups', 'all-purpose flour'), ('6 tablespoons', 'heavy cream'), ('for dusting', 'white sugar'), ('0.5 cup', 'butter'), ('0.75 cup', ""confectioners' sugar""), ('1', 'egg yolk'), ('2 teaspoons', 'Swedish arrack punsch')]"
South African Pumpkin Soup with Banana and Curry,"[('1.5 pounds', 'pumpkin'), ('4 tablespoons', 'olive oil'), ('2 tablespoons', 'brown sugar'), ('2 tablespoons', 'honey'), ('1 ripe', 'banana'), ('1 small', 'onion'), ('1', 'carrot'), ('1 stalk', 'celery'), ('1 clove', 'garlic'), ('1 teaspoon', 'curry powder'), ('0.5 teaspoon ground', 'coriander'), ('0.25 teaspoon', 'nutmeg'), ('0.25 teaspoon', 'cinnamon'), ('1 cup', 'coconut milk'), ('1 cup', 'chicken stock'), ('to taste', 'salt'), ('freshly ground', 'black pepper'), ('1', 'lime')]"
German Wurst Salad,"[('1 (3 pound)', 'German bologna block'), ('0.5 cup', 'distilled white vinegar'), ('2 tablespoons', 'vegetable oil'), ('1 small', 'onion'), ('1', 'tomato'), ('0.5 teaspoon minced', 'garlic'), ('0.5 teaspoon minced fresh', 'chives'), ('0.5 teaspoon minced fresh', 'parsley'), ('4', 'Polskie Ogorki')]"
Arepas de Huevos,"[('1 cup pre-cooked', 'white cornmeal'), ('0.5 teaspoon', 'salt'), ('0.5 teaspoon', 'white sugar'), ('1 cup hot', 'water'), ('vegetable oil for', 'frying'), ('4 medium', 'eggs')]"
Authentic Middle Eastern Hummus (Chummus),"[('3 cups', 'garbanzo beans'), ('1 pinch', 'baking soda'), ('0.5 cup', 'extra-virgin olive oil'), ('0.75 cup', 'tahini paste'), ('0.25 cup', 'lemon juice'), ('1 large clove', 'garlic'), ('1 teaspoon ground', 'cumin'), ('to taste', 'salt'), ('1 tablespoon', 'olive oil')]"
Pao de Queijo (Brazilian Cheese Bread),"[('4 cups', 'tapioca starch'), ('1 cup', 'water'), ('0.5 cup', 'vegetable oil'), ('1.5 tablespoons', 'salt'), ('1.25 cups shredded', 'Mexican cheese blend'), ('3', 'eggs'), ('2 teaspoons', 'water')]"
Mango Gazpacho,"[('2 cups 1/4-inch-diced', 'mangoes'), ('2 cups', 'orange juice'), ('2 tablespoons', 'olive oil'), ('1', 'cucumber'), ('1 small', 'red bell pepper'), ('1 small', 'onion'), ('2 medium', 'garlic cloves'), ('1 small', 'jalapeno pepper'), ('3 tablespoons fresh', 'lime juice'), ('2 tablespoons chopped fresh', 'parsley, basil or cilantro'), ('Salt and', 'freshly ground black pepper')]"
Layali Lubnan (Lebanese Nights),"[('8 cups cold', 'milk'), ('1.5 cups', 'semolina'), ('2', 'eggs'), ('3 tablespoons', 'rose water'), ('4 cups', 'white sugar'), ('2.25 cups', 'water'), ('0.25 teaspoon', 'lemon juice'), ('1 cup', 'whipping cream'), ('1 tablespoon', 'sugar'), ('0.33333334326744 cup finely chopped', 'pistachio nuts')]"
Slow Cooker Butter Chicken,"[('2 tablespoons', 'butter'), ('2 tablespoons', 'vegetable oil'), ('4 large', 'chicken thighs'), ('1', 'onion'), ('3 cloves', 'garlic'), ('1 (6 ounce) can', 'tomato paste'), ('1 tablespoon', 'curry paste'), ('2 teaspoons', 'curry powder'), ('2 teaspoons', 'tandoori masala'), ('1 teaspoon', 'garam masala'), ('15', 'green cardamom'), ('1 (14 ounce) can', 'coconut milk'), ('1 cup low-fat plain', 'yogurt'), ('to taste', 'salt')]"
Tembleque Puerto Rican Coconut Pudding,"[('2 (14 ounce) cans', 'coconut milk'), ('0.75 cup', 'sugar'), ('0.25 teaspoon', 'kosher salt'), ('0.5 cup', 'cornstarch'), ('1 pinch', 'cinnamon')]"
Ginger Sekanjabin,"[('4 cups', 'white sugar'), ('2.5 cups', 'water'), ('1 cup', 'wine vinegar'), ('0.5 cup minced fresh', 'ginger')]"
Cuban Black Bean Soup in the Slow Cooker,"[('1 (8 ounce) package', 'black beans'), ('2 stalks', 'celery'), ('2', 'bay leaves'), ('1 tablespoon', 'vegetable oil'), ('1', 'onion'), ('1', 'green bell pepper'), ('1 large', 'carrot'), ('3 cloves', 'garlic'), ('1.5 teaspoons', 'salt'), ('1 teaspoon ground', 'cumin'), ('1 teaspoon', 'chile flakes'), ('1 (14.5 ounce) can', 'fire-roasted diced tomatoes'), ('1 (14.5 ounce) can', 'water'), ('1 tablespoon', 'red wine vinegar'), ('3 dashes', 'hot pepper sauce')]"
Garlic Prawns,"[('0.5 cup', 'olive oil'), ('1 tablespoon', 'Dijon mustard'), ('3 cloves', 'garlic'), ('1', 'lemon'), ('1', 'orange'), ('1 teaspoon dried', 'basil'), ('2 tablespoons', 'white wine'), ('30', 'tiger prawns')]"
Cuban Smoked Sausage with Chickpeas,"[('1 pound', 'sausage'), ('2 teaspoons', 'vegetable oil'), ('1 medium', 'onion'), ('2 (15.5 ounce) cans', 'chickpeas'), ('1 (4 ounce) can', 'tomato sauce'), ('3 tablespoons', 'sherry wine or Marsala'), ('3 teaspoons', 'adobo seasoning'), ('2 teaspoons dried', 'oregano'), ('2 teaspoons', 'red pepper flakes'), ('0.5 teaspoon ground', 'black pepper'), ('0.5 teaspoon', 'garlic powder')]"
Thai Pineapple Chicken Curry,"[('1 quart', 'water'), ('2 cups uncooked', 'jasmine rice'), ('0.25 cup', 'red curry paste'), ('2 (13.5 ounce) cans', 'coconut milk'), ('2', 'chicken breast halves'), ('1.5 cups sliced', 'bamboo shoots'), ('0.25 cup', 'sugar'), ('3 tablespoons', 'fish sauce'), ('0.5', 'red bell pepper'), ('0.5', 'green bell pepper'), ('0.5 small', 'onion'), ('1 cup', 'pineapple chunks')]"
White Wine Sangria,"[('1 (750 milliliter) bottle', 'white wine'), ('0.75 cup', 'rum'), ('0.5 cup', 'orange juice'), ('0.33333334326744 cup', 'white sugar'), ('1', 'green apple'), ('1', 'lemon'), ('1', 'lime'), ('1 (12 fluid ounce) can or bottle', 'lemon-lime soda'), ('1 cup', 'green grapes')]"
Moo Goo Gai Pan,"[('2 tablespoons', 'vegetable oil'), ('2 cups chopped', 'broccoli florets'), ('1 cup sliced fresh', 'mushrooms'), ('1 (15 ounce) can', 'straw mushrooms'), ('1 (8 ounce) can', 'bamboo shoots'), ('1 (8 ounce) can', 'water chestnuts'), ('2 cloves', 'garlic'), ('1 pound', 'chicken breast'), ('0.25 cup', 'chicken broth'), ('1 tablespoon', 'cornstarch'), ('1 tablespoon', 'sugar'), ('1 tablespoon', 'soy sauce'), ('1 tablespoon', 'oyster sauce'), ('1 tablespoon', 'rice wine')]"
Empanadas,"[('0.5 cup', 'butter'), ('1 (3 ounce) package', 'cream cheese'), ('1 cup sifted', 'all-purpose flour'), ('1 cup', 'fruit preserves'), ('0.33333334326744 cup', 'white sugar'), ('1 teaspoon ground', 'cinnamon')]"
Slow Cooker Cuban Pork,"[('1 cup', 'orange juice'), ('0.5 cup', 'lime juice'), ('0.5 cup', 'lemon juice'), ('14 whole', 'black peppercorns'), ('1 large', 'onion'), ('1 (5 pound) boneless', 'pork loin'), ('1 head', 'garlic'), ('2 tablespoons', 'kosher salt'), ('1 teaspoon', 'kosher salt'), ('1 tablespoon dried', 'oregano')]"
Maple Walnut Ice Cream,"[('1.5 cups', 'heavy whipping cream'), ('5', 'egg yolks'), ('1.5 cups', 'milk'), ('2 tablespoons', 'white sugar'), ('1 tablespoon', 'corn syrup'), ('0.75 cup', 'maple syrup'), ('0.125 teaspoon coarse', 'salt'), ('0.25 teaspoon', 'vanilla extract'), ('1.5 cups', 'walnut halves'), ('0.5 cup', 'maple syrup'), ('1 tablespoon', 'maple syrup'), ('1 pinch', 'salt')]"
Cuban Beans and Rice,"[('1 tablespoon', 'olive oil'), ('1 cup chopped', 'onion'), ('1', 'green bell pepper'), ('2 cloves', 'garlic'), ('1 teaspoon', 'salt'), ('4 tablespoons', 'tomato paste'), ('1 (15.25 ounce) can', 'kidney beans'), ('1 cup uncooked', 'white rice')]"
Pumpkin Mochi,"[('2.5 cups', 'mochiko'), ('2 teaspoons', 'baking powder'), ('2 cups', 'white sugar'), ('4', 'eggs'), ('1 (29 ounce) can', 'pumpkin puree'), ('1 (14 ounce) can', 'sweetened condensed milk'), ('1 cup', 'butter'), ('2 teaspoons', 'vanilla extract')]"
Authentic Swedish Pancakes,"[('3', 'eggs'), ('1.25 cups', 'milk'), ('0.75 cup', 'all-purpose flour'), ('1 tablespoon', 'sugar'), ('0.5 teaspoon', 'salt'), ('1 tablespoon', 'butter')]"
Lemon Chicken Orzo Soup,"[('8 ounces', 'orzo pasta'), ('1 teaspoon', 'olive oil'), ('3 medium', 'carrots'), ('3 ribs', 'celery'), ('1 medium', 'onion'), ('2 cloves', 'garlic'), ('0.5 teaspoon', 'thyme'), ('0.5 teaspoon', 'oregano'), ('to taste', 'salt and ground black pepper'), ('1', 'bay leaf'), ('3 (32 ounce) cartons fat-free, low-sodium', 'chicken broth'), ('0.5 cup fresh', 'lemon juice'), ('1', 'lemon'), ('8 ounces cooked', 'chicken breast'), ('1 (8 ounce) package', 'baby spinach leaves'), ('1', 'lemon'), ('0.25 cup grated', 'Parmesan cheese')]"
Authentic Paella Valenciana,"[('1 tablespoon', 'olive oil'), ('0.5 (4 pound)', 'chicken'), ('0.5 (2 pound)', 'rabbit'), ('1 head', 'garlic'), ('1 medium', 'tomato'), ('1 (15.5 ounce) can', 'butter beans'), ('0.5 (10 ounce) package', 'green peas'), ('0.5 (10 ounce) package', 'green beans'), ('1 teaspoon', 'paprika'), ('6 cups', 'water'), ('to taste', 'salt'), ('1 pinch', 'saffron'), ('1 pinch', 'thyme'), ('1 pinch', 'rosemary'), ('3 cups', 'short-grain white rice')]"
Pouding Chomeur,"[('2 cups', 'maple syrup'), ('2 cups', 'heavy cream'), ('0.75 cup', 'butter'), ('0.75 cup', 'white sugar'), ('0.25 teaspoon', 'vanilla extract'), ('2', 'eggs'), ('1 teaspoon', 'baking powder'), ('0.5 teaspoon', 'salt'), ('1.75 cups', 'all-purpose flour')]"
Beans and Greens Tartine,"[('4 thick slices', 'French bread'), ('2 tablespoons', 'olive oil'), ('1 bunch', 'Swiss chard'), ('1 tablespoon', 'olive oil'), ('2 cloves', 'garlic'), ('zest from 1', 'lemon'), ('salt and freshly ground black pepper to taste', ''), ('to taste', 'cayenne pepper'), ('2 slices', 'bacon'), ('0.25 cup sliced', 'green onions'), ('0.5 teaspoon ground', 'cumin'), ('0.25 teaspoon dried', 'oregano'), ('to taste', 'salt'), ('1 (12 ounce) can', 'pinto beans'), ('2 tablespoons', 'water'), ('1', 'lemon'), ('6 ounces', 'pepper Jack cheese'), ('1 red', 'Fresno chile'), ('0.25 cup thinly sliced', 'green onions')]"
Restaurant Style Egg Drop Soup,"[('4 cups', 'chicken broth'), ('2 tablespoons chopped fresh', 'chives'), ('0.25 teaspoon', 'salt'), ('0.125 teaspoon ground', 'ginger'), ('1.5 tablespoons', 'cornstarch'), ('2', 'eggs'), ('1', 'egg yolk')]"
Jamaican Rice and Peas,"[('2 cups uncooked', 'jasmine rice'), ('1 tablespoon', 'olive oil'), ('3 cloves', 'garlic'), ('3 green', 'onions'), ('3 sprigs', 'thyme'), ('1 (28 ounce) can', 'kidney beans'), ('2 cups', 'chicken stock'), ('1 (14 ounce) can', 'coconut milk'), ('1', 'Scotch bonnet pepper'), ('1 tablespoon', 'salt'), ('1 teaspoon', 'brown sugar'), ('1 teaspoon ground', 'black pepper'), ('1 teaspoon', 'red pepper flakes'), ('0.5 teaspoon ground', 'allspice'), ('0.5 teaspoon', 'cayenne pepper')]"
Octopus in Tomato Sauce,"[('1.5 pounds', 'octopus'), ('2 tablespoons', 'olive oil'), ('1 large', 'onion'), ('0.25 cup chopped fresh', 'mint leaves'), ('6 cloves', 'garlic'), ('1 teaspoon', 'curry powder'), ('1 teaspoon', 'mixed spice'), ('to taste', 'salt and pepper'), ('1 cup', 'red wine'), ('0.5 teaspoon grated', 'lemon zest'), ('0.5 teaspoon grated', 'orange zest'), ('1 (28 ounce) can', 'tomatoes'), ('2', 'potatoes'), ('1 (8 ounce) can', 'peas'), ('10 whole pitted', 'olives'), ('2 tablespoons', 'tomato paste'), ('4', 'bay leaves'), ('1 teaspoon', 'sugar')]"
Boterkoek (Dutch Butter Cake),"[('2 large', 'eggs'), ('2.5 cups', 'all-purpose flour'), ('2 teaspoons', 'baking powder'), ('1.5 cups', 'white sugar'), ('1 cup', 'butter'), ('1 tablespoon', 'almond extract'), ('2 tablespoons thinly sliced', 'almonds')]"
Gajar Ka Halwa (Carrot Halwa),"[('2 tablespoons', 'sunflower seed oil'), ('2 pounds', 'carrots'), ('1.5 quarts', 'milk'), ('2 cups', 'white sugar'), ('0.5 cup', 'raisins'), ('1.5 teaspoons ground', 'cardamom'), ('1 pinch', 'saffron'), ('8 tablespoons chopped', 'pistachio nuts')]"
Swedish Ground Almond Spritz Cookies,"[('0.75 cup blanched slivered', 'almonds'), ('1 cup', 'butter'), ('1 cup', 'sugar'), ('1', 'egg'), ('1 teaspoon', 'almond extract'), ('1 tablespoon', 'milk'), ('2 cups', 'all-purpose flour'), ('0.125 teaspoon', 'baking powder'), ('0.25 teaspoon', 'salt')]"
Gisela&#39;s Butternut Squash Soup,"[('2 tablespoons', 'butter'), ('1', 'onion'), ('1 (14.5 ounce) can', 'chicken broth'), ('1 (2 pound)', 'butternut squash'), ('1', 'orange'), ('1', 'orange'), ('3 tablespoons', 'sour cream'), ('to taste', 'salt and pepper')]"
Dutch Cookies,"[('0.5 cup', 'butter'), ('0.5 cup', 'shortening'), ('1 cup', 'sugar'), ('2 cups', 'all-purpose flour'), ('0.5 teaspoon', 'baking soda'), ('to taste', 'salt'), ('1 teaspoon', 'vanilla extract'), ('1 cup', 'semi-sweet chocolate chips')]"
Mango Chutney,"[('6 cups', 'white sugar'), ('6 cups', 'brown sugar'), ('3 cups', 'distilled white vinegar'), ('5 small red hot', 'chile peppers'), ('4 teaspoons ground', 'allspice'), ('2 teaspoons', 'ginger'), ('2 teaspoons', 'nutmeg'), ('1 teaspoon ground', 'cinnamon'), ('1 teaspoon ground', 'cloves'), ('1 teaspoon', 'kosher salt'), ('2 large', 'onions'), ('1 cup', 'golden raisins'), ('1 cup', 'raisins'), ('0.5 cup', 'ginger root'), ('3 cloves', 'garlic'), ('16 cups sliced, semi-ripe', 'mangos'), ('0.5 cup sliced', 'almonds')]"
Kibby (Kibby-Bel-Saneeya),"[('1 cup', 'wheat'), ('1 pound', 'beef'), ('1 small', 'onion'), ('1 tablespoon', 'lemon juice'), ('2 teaspoons', 'cinnamon'), ('salt and ground black pepper to taste', ''), ('1 tablespoon', 'butter'), ('0.5 cup', 'pine nuts')]"
Authentic Lebanese Fattoush,"[('0.5 cup', 'water'), ('1 teaspoon', 'cornstarch'), ('0.33333334326744 cup', 'lemon juice'), ('2 cloves', 'garlic'), ('2 teaspoons', 'sumac powder'), ('salt and ground black pepper to taste', ''), ('1 head', 'romaine lettuce'), ('2 large', 'tomatoes'), ('1', 'green bell pepper'), ('1 medium', 'cucumber'), ('1 cup chopped', 'purslane'), ('4', 'green onions'), ('0.5 (5 ounce) package', 'arugula'), ('0.25 cup chopped fresh', 'flat-leaf parsley'), ('0.25 cup chopped fresh', 'mint'), ('4', 'pita rounds')]"
Salpicao de Frango (Brazilian Chicken Salad),"[('1 pound coarsely shredded cooked', 'chicken'), ('1 (8 ounce) can', 'corn'), ('1 cup', 'green olives'), ('0.75 cup', 'golden raisins'), ('2', 'carrots'), ('1 stalk', 'celery'), ('0.25', 'green apple'), ('4 tablespoons', 'heavy cream'), ('1 tablespoon', 'Dijon mustard'), ('1 pinch', 'sugar'), ('salt and freshly ground black pepper to taste', ''), ('2 tablespoons chopped fresh', 'parsley'), ('2 large', 'lettuce leaves'), ('4 sprigs', 'watercress'), ('2 cups', 'shoestring potato sticks')]"
Lamb Souvlaki,"[('0.33333334326744 cup', 'olive oil'), ('1.5 tablespoons freshly squeezed', 'lemon juice'), ('1.5 tablespoons', 'red wine vinegar'), ('1.5 tablespoons chopped fresh', 'oregano'), ('2 cloves', 'garlic'), ('0.5 teaspoon', 'salt'), ('0.25 teaspoon ground', 'black pepper'), ('1.5 pounds', 'leg of lamb')]"
Pear Tarte Tatin,"[('2 tablespoons', 'white sugar'), ('0.5 teaspoon ground', 'ginger'), ('0.125 teaspoon', 'nutmeg'), ('5', 'pears'), ('2 tablespoons good quality', 'bourbon whiskey'), ('4 tablespoons', 'butter'), ('0.66666668653488 cup', 'white sugar'), ('1 pinch', 'salt'), ('1 (15 ounce) package', 'pie crust')]"
Best Pernil Ever,"[('9 cloves', 'garlic'), ('1.5 tablespoons', 'olive oil'), ('1.5 teaspoons', 'salt'), ('1 teaspoon', 'oregano'), ('0.5 teaspoon ground', 'black pepper'), ('1 (7 pound) skin-on, bone-in', 'pork shoulder roast'), ('1 (1.5 liter) bottle', 'red table wine')]"
Peanut Butter Noodles,"[('8 ounces', 'Udon noodles'), ('0.5 cup', 'chicken broth'), ('3 tablespoons', 'soy sauce'), ('3 tablespoons', 'peanut butter'), ('1.5 tablespoons minced', 'ginger root'), ('1.5 tablespoons', 'honey'), ('3 cloves', 'garlic'), ('2 teaspoons', 'hot chile paste'), ('0.25 cup chopped', 'green onions'), ('0.25 cup chopped', 'peanuts')]"
Cha Gio Vietnamese Egg Rolls,"[('1 cup uncooked', 'bean threads'), ('1 large dried', 'shiitake mushroom'), ('1 pound', 'pork'), ('0.5 pound', 'shrimp'), ('1 large', 'carrot'), ('1 small', 'shallot'), ('2.25 teaspoons', 'Vietnamese fish sauce'), ('1.25 teaspoons', 'white sugar'), ('1.25 teaspoons', 'salt'), ('1.25 teaspoons ground', 'black pepper'), ('24', 'egg roll wrappers'), ('1', 'egg'), ('oil for', 'deep frying')]"
Simple and Creamy Spanish Flan,"[('1 cup', 'water'), ('0.75 cup', 'white sugar'), ('1 teaspoon', 'water'), ('6 large', 'egg yolks'), ('1 (14 ounce) can', 'sweetened condensed milk'), ('1 (13 ounce) can', 'evaporated milk'), ('1 teaspoon', 'vanilla extract')]"
Pollo Saltado (Peruvian-Style Chicken Stir-Fry),"[('2 large', 'chicken breast halves'), ('2 tablespoons', 'soy sauce'), ('2 tablespoons', 'vinegar'), ('1 teaspoon', 'paprika'), ('1 teaspoon ground', 'cumin'), ('to taste', 'black pepper'), ('1 clove', 'garlic'), ('0.5 (32 ounce) package', 'French fries'), ('0.5 tablespoon', 'vegetable oil'), ('1', 'onion'), ('1 green', 'bell pepper'), ('1', 'aji pepper'), ('3', 'Roma tomatoes')]"
Yazdi Cakes,"[('2 cups', 'all-purpose flour'), ('1 teaspoon', 'baking powder'), ('4', 'eggs'), ('1.25 cups', 'white sugar'), ('1.5 cups', 'butter'), ('1 cup', 'yogurt'), ('1 tablespoon', 'rose water'), ('1.5 teaspoons ground', 'cardamom'), ('0.5 cup blanched slivered', 'almonds'), ('1.5 tablespoons chopped', 'pistachio nuts')]"
Thera&#39;s Canadian Fried Dough,"[('0.5 cup warm', 'water'), ('5 teaspoons', 'active dry yeast'), ('1 pinch', 'sugar'), ('1 cup warm', 'milk'), ('3 large', 'eggs'), ('0.33333334326744 cup', 'vegetable oil'), ('0.33333334326744 cup', 'white sugar'), ('1.5 teaspoons', 'salt'), ('1 teaspoon', 'vanilla extract'), ('5 cups', 'whole wheat flour'), ('1 quart', 'vegetable oil'), ('2 cups', 'white sugar'), ('0.5 teaspoon', 'cinnamon')]"
Jamaican Oxtail Stew,"[('4.5 pounds', 'beef oxtail'), ('2', 'habanero peppers'), ('2 medium', 'white onions'), ('1 medium', 'green bell pepper'), ('1 medium', 'yellow bell pepper'), ('1 medium', 'red bell pepper'), ('2 bunches', 'scallions'), ('1 (2 inch) piece', 'ginger root'), ('2 tablespoons fresh', 'thyme leaves'), ('1 tablespoon minced', 'garlic'), ('1 cube', 'beef bouillon'), ('1 tablespoon', 'jerk seasoning'), ('1 teaspoon', 'browning sauce'), ('1 teaspoon', 'soy sauce'), ('0.25 cup', 'olive oil'), ('0.5 cup', 'ketchup'), ('4 cups', 'water'), ('0.5 teaspoon ground', 'allspice'), ('1 large', 'bay leaf'), ('1 (16 ounce) can', 'butter beans'), ('8 ounces', 'tomatoes')]"
Sinigang na Baka,"[('2 tablespoons', 'canola oil'), ('1 large', 'onion'), ('2 cloves', 'garlic'), ('1 pound', 'beef stew meat'), ('1 quart', 'water'), ('2 large', 'tomatoes'), ('0.5 pound', 'green beans'), ('0.5 medium head', 'bok choy'), ('1 head', 'broccoli'), ('1 (1.41 ounce) package', 'tamarind soup base')]"
Manaaeesh Flatbread,"[('1 (.25 ounce) package', 'active dry yeast'), ('0.75 cup warm', 'water'), ('0.25 cup', 'olive oil'), ('2 cups', 'all-purpose flour'), ('0.5 teaspoon', 'kosher salt'), ('0.25 cup', 'olive oil'), (None, ""0.25 cup za'atar""), ('0.75 teaspoon', 'kosher salt')]"
Tembleque,"[('2 (13.5 ounce) cans', 'coconut milk'), ('2.25 cups', 'white sugar'), ('1.5 teaspoons', 'vanilla extract'), ('0.5 teaspoon', 'salt'), ('1 cup', 'cornstarch'), ('0.75 cup', 'water'), ('1 pinch', 'cinnamon')]"
Crème Fraîche Chicken,"[('1 tablespoon', 'olive oil'), ('6', 'chicken breast halves'), ('0.25 cup', 'white wine'), ('to taste', 'salt and pepper'), ('1 (8 ounce) package', 'penne or other pasta of your choice'), ('1 large', 'white onion'), ('1 tablespoon chopped', 'garlic'), ('2 (8 ounce) packages sliced', 'mushrooms'), ('2 cups', 'creme fraiche'), ('3 tablespoons', 'sour cream'), ('0.5 cup grated', 'Parmesan cheese')]"
Lumpia - Filipino Shrimp and Pork Egg Rolls,"[('1 pound', 'pork'), ('1 cup finely chopped raw', 'shrimp'), ('0.5 cup finely chopped', 'onion'), ('0.5 cup grated', 'carrots'), ('0.25 cup finely chopped', 'green onions'), ('3 tablespoons', 'soy sauce'), ('1 teaspoon', 'monosodium glutamate'), ('1 teaspoon', 'salt'), ('0.5 teaspoon', 'black pepper'), ('1 (16 ounce) package', 'spring roll wrappers'), ('1', 'egg white'), ('1 quart', 'vegetable oil')]"
Labneh (Lebanese Cream Cheese),"[('16 cups', 'plain yogurt'), ('1 teaspoon', 'salt'), ('0.25 cup', 'olive oil')]"
Jam Kolaczki,"[('0.5 cup', 'butter'), ('3 ounces', 'cream cheese'), ('1.25 cups', 'all-purpose flour'), ('0.25 cup', 'strawberry jam'), ('0.25 cup sifted', ""confectioners' sugar"")]"
Hawaiian Pizza,"[('1 tablespoon', 'olive oil'), ('2 slices', 'bacon'), ('4 canned', 'pineapple rings'), ('1 pound fresh', 'pizza dough'), ('0.5 cup', 'pizza sauce'), ('2 cups (8 oz.) pre-shredded', 'whole-milk mozzarella cheese'), ('0.25 cup thinly sliced', 'red onion'), ('3 ounces', 'Canadian bacon')]"
Brazilian Style Chocolate Pudding,"[('1 (14 ounce) can', 'sweetened condensed milk'), ('3', 'eggs'), ('3 tablespoons', 'chocolate mix'), ('3 tablespoons shredded', 'coconut')]"
Beer Glazed Brats and Sauerkraut,"[('0.125 teaspoon', 'celery seeds'), ('0.125 teaspoon', 'caraway seeds'), ('1 (12 fluid ounce) can or bottle', 'lager beer'), ('1 tablespoon', 'light brown sugar'), ('2 teaspoons', 'mustard powder'), ('1 teaspoon', 'onion powder'), ('0.125 teaspoon ground', 'black pepper'), ('0.125 teaspoon', 'dill weed'), ('1 pound fresh', 'bratwurst sausages'), ('1 pound', 'sauerkraut')]"
Pinakbet,"[('3 tablespoons', 'olive oil'), ('1', 'onion'), ('2 cloves', 'garlic'), ('0.5 pound', 'pork loin'), ('0.5 pound peeled and deveined', 'prawns'), ('to taste', 'salt and pepper'), ('1', 'tomato'), ('0.25 pound', 'zucchini'), ('0.25 pound fresh', 'okra'), ('0.25 pound', 'green beans'), ('0.25 pound', 'eggplant'), ('1 small', 'bitter melon')]"
Perfect Chicken Piccata,"[('4 (4 ounce)', 'chicken breast'), ('1.5 teaspoons', 'kosher salt'), ('1 teaspoon ground', 'black pepper'), ('0.667 cup', 'all-purpose flour'), ('3 tablespoons', 'olive oil'), ('3 tablespoons', 'butter'), ('0.25 cup', 'dry white wine'), ('3 tablespoons', 'capers'), ('0.75 cup', 'chicken stock'), ('0.25 cup fresh', 'lemon juice'), ('1 teaspoon', 'lemon zest'), ('0.25 cup chopped fresh', 'parsley')]"
Captain Duarte&#39;s Salt Cod Cakes,"[('1 pound salted', 'cod fish'), ('2 large', 'potatoes'), ('1 teaspoon', 'seafood seasoning'), ('to taste', 'black pepper'), ('0.5 cup chopped fresh', 'parsley'), ('2', 'eggs'), ('1 large', 'onion'), ('0.5 cup', 'all-purpose flour'), ('0.25 cup', 'olive oil')]"
Creamy Manjar (Dulce de Leche),"[('1 gallon', 'milk'), ('4 cups', 'white sugar'), ('1 cup', 'sucralose sweetener'), ('2 teaspoons', 'vanilla extract'), ('2 teaspoons', 'baking soda'), ('2 tablespoons', 'water'), ('1 pinch', 'salt')]"
Vietnamese Salad Rolls,"[('1 (8 ounce) package', 'rice vermicelli'), ('8 ounces cooked, peeled, cut in half lengthwise', 'shrimp'), ('8', 'rice wrappers'), ('1', 'carrot'), ('1 cup shredded', 'lettuce'), ('0.25 cup chopped fresh', 'basil'), ('0.5 cup', 'hoisin sauce'), ('as needed', 'water')]"
Quick and Easy Paella,"[('1 pound', 'shrimp'), ('2 teaspoons', 'olive oil'), ('0.5 teaspoon', 'saffron'), ('2.25 cups', 'chicken broth'), ('1 tablespoon', 'olive oil'), ('8 ounces', 'chorizo sausage'), ('0.5 yellow', 'onion'), ('2 cloves', 'garlic'), ('1.3333333730698 cups', 'Arborio rice'), ('0.5 cup', 'green peas'), ('1', 'red bell pepper'), ('to taste', 'salt'), ('1 teaspoon', 'paprika'), ('1 pinch', 'cayenne pepper')]"
Swedish Meatballs (Svenska Kottbullar),"[('2 slices', 'white bread'), ('0.5 cup', 'heavy cream'), ('1 teaspoon', 'butter'), ('1 small', 'onion'), ('0.66666668653488 pound', 'ground beef'), ('0.33333334326744 pound finely ground', 'pork'), ('1', 'egg'), ('1 tablespoon', 'brown sugar'), ('1 teaspoon', 'salt'), ('0.25 teaspoon ground', 'black pepper'), ('0.25 teaspoon', 'nutmeg'), ('0.25 teaspoon ground', 'allspice'), ('0.125 teaspoon', 'ginger'), ('1 tablespoon', 'butter'), ('0.25 cup', 'chicken broth'), ('3 tablespoons', 'all-purpose flour'), ('2 cups', 'beef broth'), ('0.5 (8 ounce) container', 'sour cream')]"
Colombian Ají,"[('10', 'jalapeno peppers'), ('1.5 cups chopped', 'green onions'), ('1 cup chopped', 'cilantro'), ('0.25 cup', 'water'), ('0.25 cup', 'white vinegar'), ('0.25 cup fresh', 'lemon juice'), ('2 teaspoons', 'salt')]"
Puerto Rican Canned Corned Beef Stew,"[('1 small', 'potato'), ('2 tablespoons', 'olive oil'), ('0.5 cup', 'sweet corn kernels'), ('2 tablespoons', 'sofrito'), ('2 cloves', 'garlic'), ('1 (8 ounce) can', 'tomato sauce'), ('1 teaspoon dried', 'oregano'), ('1 large', 'bay leaf'), ('0.5 cup', 'water'), ('1 (12 ounce) can', 'corned beef'), ('salt and ground black pepper to taste', '')]"
Simple Spanish Rice,"[('0.25 cup', 'vegetable oil'), ('1.5 cups', 'rice'), ('1', 'onion'), ('1', 'green bell pepper'), ('1 (16 ounce) can', 'tomatoes'), ('1 (11 ounce) can', 'vegetable juice'), ('1 (8 ounce) can', 'tomato sauce'), ('0.5 cup', 'water'), ('1 tablespoon', 'sugar'), ('1 teaspoon', 'lemon juice'), ('1 teaspoon', 'salt'), ('0.25 teaspoon ground', 'black pepper')]"
Vinagrete (Brazilian Tomato Slaw),"[('5', 'tomatoes'), ('1', 'red bell pepper'), ('0.5', 'English cucumber'), ('0.5 cup diced', 'onion'), ('0.5 cup finely chopped fresh', 'parsley'), ('0.25 cup', 'lime juice'), ('0.25 cup', 'olive oil'), ('0.25 cup diced', 'green onions'), ('0.25 cup finely chopped fresh', 'cilantro'), ('2 tablespoons', 'cider vinegar'), ('salt and ground black pepper to taste', '')]"
Asopao de Pollo,"[('2 pounds', 'chicken thighs'), ('0.5 teaspoon ground', 'black pepper'), ('2 tablespoons', 'adobo seasoning'), ('3 tablespoons', 'olive oil'), ('1 medium', 'green bell pepper'), ('1 medium', 'red bell pepper'), ('1 medium', 'onion'), ('4 cloves', 'garlic'), ('2 tablespoons', 'tomato paste'), ('1.5 cups', 'medium-grain rice'), ('2 (14.5 ounce) cans', 'tomatoes'), ('6 cups low-sodium', 'chicken broth'), ('1 large', 'bay leaf'), ('0.25 teaspoon', 'red pepper flakes'), ('1 cup', 'petite peas'), ('1 cup sliced', 'green olives'), ('0.25 cup chopped fresh', 'cilantro')]"
Maritime Donair Sauce,"[('0.66666668653488 cup', 'sweetened condensed milk'), ('0.25 cup', 'white vinegar'), ('0.5 teaspoon', 'garlic powder')]"
Moo Shu Chicken,"[('6 tablespoons cold', 'water'), ('3 teaspoons', 'sesame oil'), ('2 teaspoons', 'cornstarch'), ('1 pound', 'chicken breast tenderloins'), ('2 tablespoons', 'hoisin sauce'), ('2 tablespoons', 'oyster sauce'), ('2 teaspoons', 'soy sauce'), ('2 teaspoons', 'vegetable oil'), ('2 large', 'eggs'), ('3 cups shredded', 'cabbage'), ('1 (4 ounce) can sliced', 'shiitake mushrooms'), ('2 cloves', 'garlic'), ('1 tablespoon', 'sherry'), ('3 green', 'onions')]"
Spargel in Schinken (White Asparagus Wrapped in Ham),"[('2.25 pounds', 'white asparagus'), ('to taste', 'salt'), ('0.25 cup', 'butter'), ('1 pinch', 'sugar'), ('7 ounces', 'ham')]"
Baked Chicken Reuben,"[('6 skinless, boneless', 'chicken breast halves'), ('0.25 teaspoon', 'salt'), ('0.125 teaspoon ground', 'black pepper'), ('1 (16 ounce) can', 'sauerkraut'), ('4 slices', 'Swiss cheese'), ('1.25 cups', 'thousand island salad dressing'), ('1 tablespoon chopped fresh', 'parsley')]"
Argentine Meat Empanadas,"[('1 pound', 'ground beef'), ('0.5 cup', 'shortening'), ('2 medium', 'onions'), ('2 teaspoons', 'Hungarian sweet paprika'), ('0.75 teaspoon', 'paprika'), ('0.5 teaspoon', 'red pepper flakes'), ('to taste', 'salt'), ('1 teaspoon ground', 'cumin'), ('1 tablespoon', 'distilled white vinegar'), ('0.25 cup', 'raisins'), ('2 large', 'eggs'), ('0.5 cup', 'green olives'), ('1 (17.5 ounce) package', 'puff pastry sheets'), ('1 large', 'egg')]"
Pork and Chicken Adobo,"[('1.25 pounds', 'pork loin roast'), ('1.25 pounds', 'chicken thighs'), ('2 tablespoons', 'garlic'), ('2', 'bay leaves'), ('freshly ground', 'black pepper'), ('1 cup', 'white vinegar'), ('0.25 cup', 'soy sauce'), ('1 tablespoon', 'vegetable oil'), ('2 cloves', 'garlic')]"
Rappie Pie,"[('2 tablespoons', 'margarine'), ('2', 'onions'), ('4 quarts', 'chicken broth'), ('4 pounds', 'chicken breasts'), ('10 pounds', 'potatoes'), ('2 tablespoons', 'salt'), ('1 tablespoon ground', 'black pepper')]"
Portuguese Shrimp,"[('1 tablespoon', 'extra-virgin olive oil'), ('1', 'onion'), ('3 cloves', 'garlic'), ('5 sprigs', 'parsley'), ('2 teaspoons', 'tomato paste'), ('2 teaspoons', 'Portuguese hot pepper sauce'), ('1 cube', 'chicken bouillon'), ('1 teaspoon ground', 'paprika'), ('1 (12 fluid ounce) can', 'ale'), ('2 pounds unpeeled', 'shrimp'), ('1 teaspoon', 'kosher salt')]"
Puerto Rican Rice and Beans (Arroz con Gandules),"[('1 tablespoon', 'olive oil'), ('0.5 cup', 'sofrito'), ('2 cloves', 'garlic'), ('1 (1.41 ounce) package', 'sazon seasoning with achiote'), ('0.5 tablespoon', 'adobo seasoning'), ('2 cups', 'medium-grain white rice'), ('2 cups', 'chicken broth'), ('1.5 cups', 'water'), ('1 (15 ounce) can', 'gandules'), ('2 tablespoons chopped fresh', 'cilantro')]"
Hummingbird,"[('1 fluid ounce', 'rum cream liqueur'), ('1 fluid ounce', 'coffee flavored liqueur'), ('1 fluid ounce', 'milk'), ('0.5 fluid ounce', 'strawberry flavored syrup'), ('0.5', 'banana'), ('1 cup crushed', 'ice')]"
Chi Chi Dango,"[('cooking', 'spray'), ('1 pound', 'mochiko'), ('2.5 cups', 'white sugar'), ('1 teaspoon', 'baking powder'), ('2 cups', 'water'), ('1 (14 ounce) can', 'coconut milk'), ('1 teaspoon', 'vanilla extract'), ('0.25 teaspoon', 'red food color'), ('0.25 cup', 'potato starch')]"
Thai-Style Fragrant Rice,"[('1.5 cups', 'jasmine rice'), ('1.5 cups', 'water'), ('1.5 cups thick', 'coconut milk'), ('2 teaspoons minced', 'ginger'), ('2 teaspoons', 'soy sauce'), ('1 plump', 'lemongrass'), ('15 leaves fresh', 'curry leaves'), ('15 leaves', 'Thai basil')]"
Vietnamese Caramelized Pork,"[('1 tablespoon', 'vegetable oil'), ('1 cup', 'sugar'), ('2 pounds', 'pork spareribs'), ('2 green', 'onions'), ('1', 'green chile pepper'), ('1 teaspoon ground', 'black pepper'), ('2', 'shallots'), ('2 cloves', 'garlic'), ('to taste', 'salt'), ('1 teaspoon', 'sesame oil'), ('1 tablespoon', 'green onion')]"
Russian Black Bread,"[('1.5 cups', 'water'), ('2 tablespoons', 'cider vinegar'), ('2.5 cups', 'bread flour'), ('1 cup', 'rye flour'), ('1 teaspoon', 'salt'), ('2 tablespoons', 'margarine'), ('2 tablespoons', 'dark corn syrup'), ('1 tablespoon', 'brown sugar'), ('3 tablespoons', 'unsweetened cocoa powder'), ('1 teaspoon', 'instant coffee granules'), ('1 tablespoon', 'caraway seed'), ('0.25 teaspoon', 'fennel seed'), ('2 teaspoons', 'active dry yeast')]"
Homemade Portuguese Chicken,"[('0.25 cup', 'lemon juice'), ('0.25 cup', 'olive oil'), ('4 cloves', 'garlic'), ('1 tablespoon', 'paprika'), ('1 teaspoon dried', 'oregano'), ('1 teaspoon', 'sea salt'), ('1 teaspoon', 'chili powder'), ('1 teaspoon', 'red pepper flakes'), ('1', 'bay leaf'), ('0.5 teaspoon ground', 'black pepper'), ('4', 'chicken leg quarters'), ('1 pinch', 'sea salt')]"
Penang Pork Satay,"[('2.5 inch piece', 'turmeric root'), ('1 teaspoon', 'turmeric'), ('1 (2 inch) piece', 'ginger root'), ('1 large', 'shallot'), ('8 cloves', 'garlic'), ('0.25 cup', 'light brown sugar'), ('3 tablespoons', 'ancho chili powder'), ('2 teaspoons ground', 'coriander'), ('1 teaspoon', 'chipotle chili powder'), ('0.5 teaspoon', 'cayenne pepper'), ('0.25 cup', 'rice vinegar'), ('2 tablespoons', 'soy sauce'), ('1 tablespoon', 'fish sauce'), ('1 teaspoon', 'tamarind paste'), ('0.5 bunch lightly packed', 'cilantro leaves and stems'), ('1 (2 1/2 pound)', 'pork shoulder roast'), ('1 tablespoon', 'kosher salt'), ('5 large', 'metal skewers')]"
Easy Cuban Salad,"[('0.5 cup extra virgin', 'olive oil'), ('0.25 cup fresh', 'lemon juice'), ('2 tablespoons', 'orange juice'), ('2 tablespoons fresh', 'lime juice'), ('1 teaspoon minced', 'garlic'), ('1 teaspoon', 'salt'), ('0.25 teaspoon ground', 'black pepper'), ('1 head', 'romaine lettuce'), ('2 medium', 'tomatoes'), ('8 medium', 'radishes'), ('1 medium', 'red onion'), ('1', 'avocado')]"
Indonesian Ratatouille with Tempeh,"[('1 tablespoon', 'canola oil'), ('4 small', 'shallots'), ('4 whole', 'habanero peppers'), ('1 medium', 'tomato'), ('2 cloves', 'garlic'), ('0.75 (8 ounce) package', 'tempeh'), ('1 medium', 'red bell pepper'), ('0.25 pound', 'okra'), ('2 cups', 'vegetable broth'), ('1 small', 'eggplant'), ('1 tablespoon', 'coconut milk'), ('1 teaspoon', 'brown sugar'), ('salt and ground black pepper to taste', '')]"
Jiddo&#39;s Fatayer Sabanegh (Spinach Triangles),"[('1.5 teaspoons', 'white sugar'), ('1.5 teaspoons', 'active dry yeast'), ('1.25 cups warm', 'water'), ('1.5 teaspoons', 'salt'), ('2 tablespoons', 'olive oil'), ('3 cups', 'whole wheat flour'), ('3 pounds', 'spinach'), ('2 medium', 'onions'), ('0.66666668653488 cup', 'lemon juice'), ('4 cloves', 'garlic'), ('2 tablespoons chopped fresh', 'basil'), ('2 tablespoons chopped fresh', 'mint leaves'), ('0.75 teaspoon', 'garlic salt')]"
Shrimp Mozambique,"[('0.5 cup', 'butter'), ('1 large', 'onion'), ('10 cloves', 'garlic'), ('1 (12 ounce) can', 'beer'), ('3 (1.41 ounce) packages', 'sazon seasoning with saffron'), ('0.25 cup', 'white wine'), ('', 'hot sauce'), ('to taste', 'salt'), ('1 pound large', 'shrimp'), ('3 cups cooked', 'white rice'), ('1 tablespoon chopped fresh', 'parsley')]"
Jamaican Jerked Chicken,"[('0.5', 'green onion'), ('0.25 cup', 'orange juice'), ('1 tablespoon minced', 'ginger root'), ('1 tablespoon minced', 'jalapeno peppers'), ('1 tablespoon', 'lime juice'), ('1 tablespoon', 'soy sauce'), ('1 clove', 'garlic'), ('1 teaspoon ground', 'allspice'), ('0.25 teaspoon ground', 'cinnamon'), ('0.5 teaspoon ground', 'cloves'), ('1.5 pounds', 'chicken thighs')]"
Easy and Delicious Homemade Ricotta Cheese,"[('8.5 cups', 'milk'), ('0.33333334326744 cup', 'lemon juice'), ('1 teaspoon', 'salt')]"
Prawn Malai Curry,"[('0.25 teaspoon', 'cardamom seeds'), ('3 whole', 'cloves'), ('3 (1 inch) pieces', 'cinnamon stick'), ('2 tablespoons', 'vegetable oil'), ('4 whole', 'cloves'), ('4', 'cardamom pods'), ('2 (1 1/2 inch) pieces', 'cinnamon'), ('1', 'onion'), ('1.25 teaspoons', 'ginger paste'), ('1.25 teaspoons', 'garlic paste'), ('0.5 teaspoon ground', 'turmeric'), ('0.25 teaspoon', 'cayenne pepper'), ('0.5 cup finely chopped', 'tomato'), ('0.5 cup', 'water'), ('1 cup', 'coconut milk'), ('1 pound', 'tiger prawns'), ('1 teaspoon', 'ghee')]"
Swedish Meatballs with Creamy Dill Sauce,"[('cooking', 'spray'), ('1 cup fresh', 'bread crumbs'), ('0.75 cup', 'milk'), ('1 pound', 'ground beef'), ('0.5 pound', 'ground pork'), ('0.5 cup finely chopped', 'onion'), ('0.5 cup finely chopped fresh', 'parsley'), ('0.25 cup finely chopped', 'celery'), ('1 large', 'egg'), ('1 teaspoon minced', 'garlic'), ('1 teaspoon', 'white sugar'), ('1 teaspoon', 'salt'), ('0.5 teaspoon freshly ground', 'black pepper'), ('3 tablespoons', 'unsalted butter'), ('3 tablespoons', 'all-purpose flour'), ('2 cups', 'beef broth'), ('1 tablespoon', 'Worcestershire sauce'), ('1 cup reduced-fat', 'sour cream'), ('3 tablespoons', 'dill'), ('0.25 teaspoon', 'lemon zest'), ('salt and ground black pepper to taste', '')]"
"Daddy Eddie&#39;s Roast Pork (Pernil), Puerto Rican-Style","[('10 cloves', 'garlic'), ('0.25 cup', 'olive oil'), ('3 tablespoons', 'white vinegar'), ('2 tablespoons dried', 'oregano'), ('1 tablespoon', 'salt'), ('1.5 teaspoons ground', 'black pepper'), ('5 pounds', 'pork shoulder')]"
Wheat Flour Halva,"[('1.5 cups', 'water'), ('1 cup', 'sugar'), ('0.25 cup', 'rose water'), ('0.33333334326744 teaspoon ground', 'cardamom'), ('1 pinch', 'saffron'), ('0.5 cup', 'butter'), ('1.5 cups', 'all-purpose flour')]"
Mom&#39;s Stovetop Pork Ribs,"[('10', 'pork spareribs'), ('0.5 cup', 'soy sauce'), ('10 sprigs', 'parsley'), ('10 cloves', 'garlic'), ('1', 'lime'), ('1 tablespoon dried', 'rosemary'), ('1 tablespoon dried', 'oregano'), ('2', 'bay leaves'), ('to taste', 'black pepper'), ('2', 'limes')]"
Lamingtons,"[('2 cups', 'all-purpose flour'), ('4 teaspoons', 'baking powder'), ('0.125 teaspoon', 'salt'), ('0.75 cup', 'white sugar'), ('0.5 cup', 'butter'), ('2 large', 'eggs'), ('1 teaspoon', 'vanilla extract'), ('0.5 cup', 'milk'), ('4 cups', ""confectioners' sugar""), ('0.33333334326744 cup', 'cocoa powder'), ('0.5 cup warm', 'milk'), ('2 tablespoons', 'unsalted butter'), ('2 cups dessicated, unsweetened', 'coconut')]"
Dutch Apple Pie with Oatmeal Streusel,"[('5 cups', 'apples'), ('0.66666668653488 cup', 'white sugar'), ('2 tablespoons', 'all-purpose flour'), ('0.5 teaspoon ground', 'cinnamon'), ('0.25 teaspoon ground', 'nutmeg'), ('0.25 teaspoon ground', 'allspice'), ('1 (9 inch) frozen', 'pie crust'), ('2 tablespoons', 'butter'), ('aluminum', 'foil'), ('0.75 cup', 'all-purpose flour'), ('0.75 cup', 'rolled oats'), ('0.5 cup packed', 'brown sugar'), ('1 teaspoon', 'lemon zest'), ('0.5 teaspoon ground', 'cinnamon'), ('0.5 cup', 'butter')]"
Pebre,"[('1 dried', 'aji pepper'), ('1', 'Roma tomato'), ('1 small', 'onion'), ('0.5 cup fresh', 'cilantro'), ('1 clove', 'garlic'), ('0.5', 'lime'), ('2 tablespoons extra-virgin', 'olive oil'), ('1 tablespoon', 'red wine vinegar'), ('to taste', 'salt and pepper'), ('1', 'jalapeno pepper')]"
Cuban-Style Yuca,"[('2 pounds', 'yuca'), ('0.5 teaspoon', 'salt'), ('0.25 cup', 'olive oil'), ('0.5', 'onion'), ('4 cloves', 'garlic'), ('0.5 teaspoon', 'lemon juice')]"
Malaysian Mango Chicken Curry,"[('1 tablespoon', 'vegetable oil'), ('0.5 pound skinless, boneless', 'chicken breast'), ('0.5 cup', 'chicken stock'), ('1.5 tablespoons', 'brown sugar'), ('1 tablespoon', 'soy sauce'), ('1 tablespoon', 'cider vinegar'), ('1 tablespoon', 'cornstarch'), ('1 teaspoon', 'curry powder'), ('0.5', 'onion'), ('1', 'green bell pepper'), ('1', 'red bell pepper'), ('2 teaspoons minced', 'ginger root'), ('1', 'mango')]"
Portuguese Sausage and Kale Soup (Caldo Verde),"[('1.5 pounds', 'Portuguese linguica sausage'), ('2 tablespoons', 'olive oil'), ('2 medium', 'onions'), ('6 cloves', 'garlic'), ('8 cups', 'chicken broth'), ('4 medium', 'white potatoes'), ('2 teaspoons', 'black pepper'), ('1 pound', 'kale'), ('1 cup', 'cannellini beans'), ('to taste', 'salt')]"
Mamon (Sponge Cakes),"[('2.5 cups', 'all-purpose flour'), ('1 cup', 'white sugar'), ('1 tablespoon', 'baking powder'), ('1 teaspoon', 'salt'), ('0.5 cup', 'vegetable oil'), ('8', 'egg yolks'), ('2 tablespoons grated', 'orange peel'), ('1 teaspoon', 'vanilla extract'), ('0.33333334326744 cup', 'orange juice'), ('0.33333334326744 cup', 'water'), ('8', 'egg whites'), ('0.5 teaspoon', 'cream of tartar'), ('0.5 cup', 'sugar')]"
Brazilian Quentao,"[('1 cup', 'sugar'), ('3 cups', 'water'), ('0.75 cup cubed', 'ginger root'), ('2', 'limes'), ('4', 'cinnamon sticks'), ('1 (750 milliliter) bottle', 'cachaca')]"
Isa&#39;s Cola de Mono,"[('20 whole', 'cloves'), ('5', 'cinnamon sticks'), ('1 cup', 'water'), ('1 gallon cold', 'milk'), ('0.25 cup', 'instant coffee granules'), ('1 cup', 'sugar'), ('1 tablespoon', 'vanilla extract'), ('1 cup', 'liquor')]"
Ground Beef Stroganoff Casserole,"[('cooking', 'spray'), ('1 pound extra-lean (94%)', 'ground beef'), ('1 teaspoon', 'salt'), ('0.5 teaspoon ground', 'black pepper'), ('1 (8 ounce) package sliced', 'mushrooms'), ('1 large', 'onion'), ('3 cloves', 'garlic'), ('0.5 cup', 'white wine'), ('1 (10.75 ounce) can', 'condensed cream of mushroom soup'), ('0.5 cup fat-free', 'sour cream'), ('1 tablespoon', 'Dijon mustard'), ('4 cups cooked', 'egg noodles')]"
Beef Empanadas with Olives and Raisins,"[('1 tablespoon', 'olive oil'), ('1 medium', 'sweet onion'), ('1 tablespoon minced', 'garlic'), ('1.5 pounds', 'ground beef'), ('1 pinch', 'paprika'), ('to taste', 'salt and ground black pepper'), ('2 large', 'eggs'), ('2 large', 'egg yolks'), ('0.5 cup', 'pimiento-stuffed green olives'), ('0.5 cup', 'raisins'), ('1 sprig', 'parsley'), ('20 pieces', 'empanada pastry discs')]"
Canadian Pork Loin Chops,"[('1.5 tablespoons', 'brown sugar'), ('1.5 teaspoons', 'sea salt'), ('0.5 teaspoon', 'garlic powder'), ('0.5 teaspoon', 'onion powder'), ('0.5 teaspoon', 'paprika'), ('0.25 teaspoon freshly ground', 'black pepper'), ('0.25 teaspoon', 'dry mustard'), ('0.25 teaspoon crushed', 'fennel seeds'), ('6', 'pork loin chops'), ('0.25 cup', 'maple syrup'), ('2 tablespoons', 'spicy brown mustard'), ('1 pinch', 'garlic powder'), ('1 pinch', 'paprika'), ('1 pinch', 'black pepper'), ('1 pinch', 'cayenne pepper'), ('0.5 cup', 'bread crumbs'), ('1 tablespoon', 'olive oil'), ('1 tablespoon', 'canola oil'), ('1 clove', 'garlic')]"
Homemade Phyllo (or Filo) Dough,"[('2 cups', 'all-purpose flour'), ('5 teaspoons', 'olive oil'), ('0.5 teaspoon', 'salt'), ('0.75 cup warm', 'water'), ('2 teaspoons', 'white wine vinegar'), ('0.5 cup', 'cornstarch'), ('2 tablespoons', 'all-purpose flour')]"
Jamaican Curry Powder,"[('0.25 cup', 'coriander seeds'), ('2 tablespoons whole', 'cumin seeds'), ('2 tablespoons', 'mustard seeds'), ('2 tablespoons whole', 'anise seeds'), ('1 tablespoon whole', 'fenugreek seeds'), ('1 tablespoon whole', 'allspice berries'), ('5 tablespoons', 'turmeric')]"
Halupki (Stuffed Cabbage),"[('1 head', 'cabbage'), ('water to', 'cover'), ('0.25 teaspoon', 'salt'), ('1.5 pounds', 'ground beef'), ('1.5 pounds', 'pork'), ('1.5 cups cooked', 'white rice'), ('2 large', 'eggs'), ('0.25 cup finely chopped', 'onion'), ('2 tablespoons chopped fresh', 'parsley'), ('0.5 teaspoon', 'garlic powder'), ('0.5 teaspoon', 'salt'), ('0.5 teaspoon ground', 'black pepper'), ('1 (28 ounce) can', 'tomato sauce'), ('0.25 cup', 'white vinegar'), ('2.6666667461395 tablespoons', 'white sugar')]"
Japanese Ginger Pork,"[('2 tablespoons', 'soy sauce'), ('2 tablespoons', 'sake'), ('2 tablespoons', 'mirin'), ('1 tablespoon grated', 'ginger root'), ('1 pound thinly sliced', 'pork loin'), ('3 tablespoons', 'vegetable oil')]"
Duck Soup (Czarnina),"[('1 (4 pound)', 'wild duck'), ('4 cups', 'duck blood'), ('8 cups', 'water'), ('1 teaspoon', 'salt'), ('1 stalk', 'celery'), ('1 sprig chopped fresh', 'parsley'), ('1 cup', 'heavy cream'), ('5 whole', 'allspice berries'), ('2 whole', 'cloves'), ('16 ounces', 'prunes'), ('0.5 cup', 'raisins'), ('1', 'apple'), ('2 tablespoons', 'all-purpose flour'), ('1 tablespoon', 'sugar'), ('to taste', 'salt and pepper'), ('1 tablespoon fresh', 'lemon juice')]"
Easy Baklava,"[('1 pound', 'nuts'), ('1 teaspoon ground', 'cinnamon'), ('1 (16 ounce) package', 'phyllo dough'), ('1 cup', 'butter'), ('1 cup', 'sugar'), ('1 cup', 'water'), ('0.5 cup', 'honey'), ('1 teaspoon', 'vanilla extract'), ('1 teaspoon grated', 'lemon zest')]"
Russian Pelmeni,"[('1 large', 'egg'), ('1 teaspoon', 'vegetable oil'), ('1 teaspoon', 'salt'), ('0.75 cup warm', 'water'), ('3 cups', 'all-purpose flour'), ('1 tablespoon', 'all-purpose flour'), ('18 ounces', 'beef'), ('1 small', 'onion'), ('1.5 tablespoons ice-cold', 'water'), ('1 tablespoon', 'salt'), ('freshly ground to taste', 'pepper')]"
Limber de Coco (Coconut Ice),"[('0.5 (14 ounce) can', 'coconut milk'), ('0.5 (12 fluid ounce) can', 'evaporated milk'), ('0.25 cup', 'sugar'), ('1 teaspoon', 'vanilla extract'), ('0.5 teaspoon ground', 'cinnamon')]"
Jemput Jemput (Banana Fritters),"[('oil for', 'frying'), ('0.625 cup', 'all-purpose flour'), ('1 pinch', 'salt'), ('1 teaspoon', 'baking powder'), ('6 ripe', 'bananas'), ('3 tablespoons', 'sugar')]"
Hawaiian Cake,"[('1.5 cups', 'butter'), ('2 cups', 'white sugar'), ('4', 'eggs'), ('0.5 teaspoon', 'salt'), ('2 teaspoons', 'baking soda'), ('1 (20 ounce) can', 'pineapple'), ('0.25 cup', 'pineapple juice'), ('1 (3.5 ounce) package', 'coconut'), ('1 cup chopped', 'walnuts'), ('2 teaspoons', 'vanilla extract'), ('1 (16 ounce) package', 'graham crackers')]"
Rose Water Turkish Delight,"[('cooking', 'spray'), ('2 cups', 'white sugar'), ('1 cup', 'water'), ('3 (.25 ounce) envelopes', 'unflavored gelatin'), ('2 teaspoons', 'rose water'), ('1 dash', 'red food coloring'), ('1 cup', ""confectioners' sugar"")]"
Brazilian-Style Beef Ribs,"[('1 (3 pound) rack of', 'whole beef ribs'), ('2 tablespoons', 'sea salt')]"
Speculaas Cookies,"[('1.5 cups', 'brown sugar'), ('1 cup', 'butter'), ('1', 'egg'), ('1.5 teaspoons ground', 'cinnamon'), ('1 teaspoon', 'baking powder'), ('0.5 teaspoon ground', 'cloves'), ('0.5 teaspoon ground', 'nutmeg'), ('3 cups', 'all-purpose flour')]"
Kulich (Russian Easter Cake),"[('1 cup', 'golden raisins'), ('1 tablespoon', 'vodka'), ('1 cup', 'milk'), ('1 teaspoon ground', 'cardamom'), ('1 pinch', 'saffron'), ('1 teaspoon', 'sugar'), ('0.25 cup lukewarm', 'water'), ('1 (.25 ounce) package', 'active dry yeast'), ('4 cups', 'all-purpose flour'), ('1 cup', 'white sugar'), ('1 medium', 'lemon'), ('3 large', 'eggs'), ('0.5 cup', 'butter'), ('0.25 cup', 'orange blossom honey'), ('2 teaspoons', 'vanilla extract'), ('1 pinch', 'salt'), ('0.5 cup sliced', 'almonds'), ('1 tablespoon', 'butter'), ('1.5 cups', ""confectioners' sugar""), ('2 tablespoons toasted sliced', 'almonds')]"
Chef John&#39;s Coq au Vin,"[('6', 'chicken thighs'), ('to taste', 'kosher salt and freshly ground black pepper'), ('8 ounces', 'bacon'), ('10 large', 'button mushrooms'), ('0.5 large', 'yellow onion'), ('2', 'shallots'), ('2 teaspoons', 'all-purpose flour'), ('2 teaspoons', 'butter'), ('1.5 cups', 'red wine'), ('6 sprigs', 'thyme'), ('1 cup', 'chicken broth')]"
Pavlova Deluxe,"[('6', 'egg whites'), ('0.125 teaspoon', 'cream of tartar'), ('1 cup', 'sugar'), ('1 tablespoon', 'cornstarch'), ('2 teaspoons', 'distilled white vinegar'), ('1.25 cups', 'heavy cream'), ('1 teaspoon', 'vanilla extract'), ('2 teaspoons', ""confectioners' sugar""), ('4', 'passion fruits')]"
Cream Puff &#34;Crack Buns&#34; (Choux au Craquelin),"[('3 tablespoons', 'butter'), ('0.25 cup', 'light brown sugar'), ('6 tablespoons', 'all-purpose flour'), ('1 pinch', 'salt'), ('0.5 cup cold', 'water'), ('4 tablespoons', 'unsalted butter'), ('1 pinch', 'salt'), ('0.5 cup', 'all-purpose flour'), ('2 large', 'eggs'), ('1 (4 ounce) bar', 'dark chocolate')]"
Colombian Lentils,"[('1.5 cups', 'water'), ('1 small', 'onion'), ('1 small', 'tomato'), ('0.5 cup', 'lentils'), ('1 tablespoon', 'vegetable oil'), ('2 teaspoons', 'cumin'), ('1 teaspoon', 'salt'), ('2 small', 'potatoes')]"
Persian Cucumber Yogurt (Maast-o Khiar),"[('1 (32 ounce) container', 'yogurt'), ('3', 'Persian cucumbers'), ('1 clove', 'garlic'), ('1', 'shallot'), ('5 tablespoons dried', 'dill weed'), ('1 teaspoon', 'salt'), ('1 teaspoon', 'pepper')]"
Instant Pot Jamaican Rice and Beans,"[('1 tablespoon', 'vegetable oil'), ('3', 'chicken breasts'), ('1', 'onion'), ('3 cloves', 'garlic'), ('2 cups', 'chicken broth'), ('1 (15 ounce) can', 'black beans'), ('1.5 cups', 'long-grain rice'), ('1 (8 ounce) can', 'corn'), ('1 cup', 'coconut milk'), ('1 tablespoon', 'Scotch bonnet hot sauce'), ('2 teaspoons ground', 'thyme'), ('2 teaspoons', 'kosher salt'), ('2 teaspoons ground', 'black pepper'), ('2 teaspoons', 'brown sugar'), ('1 teaspoon', 'allspice')]"
Easy Curry Sauce,"[('2 tablespoons', 'peanut oil'), ('1 tablespoon', 'margarine'), ('1 large', 'onion'), ('2 tablespoons minced', 'garlic'), ('1 tablespoon minced', 'ginger root'), ('2 tablespoons ground', 'coriander'), ('2 tablespoons', 'cumin'), ('1 teaspoon ground', 'cinnamon'), ('1 teaspoon ground', 'black pepper'), ('1 teaspoon', 'cayenne pepper'), ('0.25 teaspoon ground', 'turmeric'), ('2', 'tomatoes'), ('2', 'serrano chile peppers'), ('0.5 cup fresh', 'cilantro'), ('0.5 cup', 'yogurt'), ('3 cups', 'water')]"
Empanadas Salteñas,"[('6 tablespoons', 'water'), ('0.5 teaspoon', 'salt'), ('2 cups', 'all-purpose flour'), ('0.25 cup', 'margarine'), ('1 teaspoon', 'vegetable oil'), ('2 medium', 'potatoes'), ('0.25 cup salted', 'butter'), ('2 medium', 'onions'), ('2 stalks', 'green onions'), ('1.5 medium', 'red bell peppers'), ('0.66666668653488 pound', 'ground beef'), ('1 teaspoon', 'salt'), ('0.5 teaspoon', 'cayenne pepper'), ('1 teaspoon ground', 'cumin'), ('1 teaspoon', 'paprika'), ('3 large', 'eggs')]"
Russian Cheese Salad,"[('3 cups shredded', 'mozzarella cheese'), ('2 tablespoons', 'mayonnaise'), ('3 cloves', 'garlic')]"
Pakistani Potato Chicken,"[('3 tablespoons', 'vegetable oil'), ('2 teaspoons', 'garlic paste'), ('1 teaspoon minced fresh', 'ginger root'), ('1 teaspoon', 'red chile pepper'), ('0.5 teaspoon ground', 'cumin'), ('to taste', 'salt'), ('0.25 cup', 'yogurt'), ('1 (3 pound) broiler/fryer', 'chicken'), ('1', 'green bell pepper'), ('4 medium', 'potatoes'), ('1 tablespoon fresh chopped', 'cilantro')]"
Chef John&#39;s Beef Rouladen,"[('2 (6 ounce) (1/4 inch thick) slices', 'beef round'), ('2 teaspoons', 'kosher salt'), ('1 teaspoon', 'black pepper'), ('2 tablespoons', 'Dijon mustard'), ('4 strips', 'bacon'), ('', 'paprika'), ('0.5', 'onion'), ('6', 'dill pickle spears'), ('1 tablespoon', 'vegetable oil'), ('2 tablespoons', 'butter'), ('0.25 cup', 'all-purpose flour'), ('3 cups', 'beef broth'), ('to taste', 'salt')]"
Bolo de Leite Condensado (Brazilian Condensed Milk Cake),"[('1 (14 ounce) can', 'sweetened condensed milk'), ('14 fluid ounces', 'milk'), ('2', 'eggs'), ('2 tablespoons', 'unsalted butter'), ('2 cups', 'all-purpose flour'), ('1 cup', 'sugar'), ('1 tablespoon', 'baking powder'), ('1 pinch', 'salt')]"
Aunt Louise&#39;s Baked Kibbeh,"[('1 cup', 'bulgur wheat'), ('2 cups', 'water'), ('0.5 cup finely chopped', 'onion'), ('2 teaspoons', 'salt'), ('1.5 teaspoons dried', 'basil'), ('0.5 teaspoon ground', 'black pepper'), ('1 pound', 'beef'), ('1 pound', 'lamb'), ('0.5 cup', 'pine nuts'), ('0.25 stick salted', 'butter'), ('0.5 cup', 'cherry tomatoes'), ('0.25 cup', 'mint leaves')]"
Russian Honey Cake,"[('0.75 cup', 'wildflower honey'), ('3 tablespoons cold', 'water'), ('1 cup', 'sugar'), ('14 tablespoons', 'unsalted butter'), ('0.75 cup', 'wildflower honey'), ('2.5 teaspoons', 'baking soda'), ('1 teaspoon ground', 'cinnamon'), ('0.75 teaspoon', 'salt'), ('6 large cold', 'eggs'), ('3.75 cups', 'all-purpose flour'), ('4 cups cold', 'heavy whipping cream'), ('0.75 cup', 'sour cream')]"
Brazilian Fish Stew,"[('3 tablespoons', 'lime juice'), ('1 tablespoon', 'cumin'), ('1 tablespoon', 'paprika'), ('2 teaspoons minced', 'garlic'), ('1 teaspoon', 'salt'), ('1 teaspoon ground', 'black pepper'), ('1.5 pounds', 'tilapia fillets'), ('2 tablespoons', 'olive oil'), ('2', 'onions'), ('4 large', 'bell peppers'), ('1 (16 ounce) can', 'tomatoes'), ('1 (16 ounce) can', 'coconut milk'), ('1 bunch', 'cilantro')]"
Bistec Encebollado (Cuban Steak and Onions),"[('1 teaspoon', 'salt'), ('1 teaspoon ground', 'black pepper'), ('1 teaspoon', 'garlic powder'), ('1 (1 pound)', 'New York strip steak'), ('3 large', 'onions'), ('2 tablespoons', 'white vinegar'), ('1 tablespoon', 'onion powder'), ('3 tablespoons', 'olive oil'), ('0.5 cup', 'beef broth'), ('2 tablespoons', 'sofrito'), ('1 clove', 'garlic')]"
Portuguese Sweet Bread I,"[('1 cup', 'milk'), ('1', 'egg'), ('2 tablespoons', 'margarine'), ('0.33333334326744 cup', 'white sugar'), ('0.75 teaspoon', 'salt'), ('3 cups', 'bread flour'), ('2.5 teaspoons', 'active dry yeast')]"
Authentic Pad Thai,"[('12 ounces dried', 'rice noodles'), ('0.5 cup', 'sugar'), ('0.5 cup', 'distilled white vinegar'), ('0.25 cup', 'fish sauce'), ('2 tablespoons', 'tamarind paste'), ('2 tablespoons', 'vegetable oil'), ('2', 'boneless, skinless chicken breast halves'), ('1.5 teaspoons', 'garlic'), ('4 large', 'eggs'), ('1.5 tablespoons', 'sugar'), ('1.5 teaspoons', 'salt'), ('1 cup coarsely ground', 'peanuts'), ('2 cups', 'bean sprouts'), ('0.5 cup chopped fresh', 'chives'), ('1 tablespoon', 'paprika'), ('1 medium', 'lime')]"
Tourtiere (French Canadian Meat Pie),"[('3 cups', 'all-purpose flour'), ('2 sticks', 'butter'), ('1 teaspoon', 'kosher salt'), ('7 tablespoons ice-cold', 'water'), ('2 teaspoons', 'distilled white vinegar'), ('2 teaspoons', 'kosher salt'), ('1 teaspoon freshly ground', 'black pepper'), ('1 teaspoon', 'thyme'), ('0.5 teaspoon', 'sage'), ('0.5 teaspoon ground', 'cinnamon'), ('0.5 teaspoon ground', 'ginger'), ('0.25 teaspoon freshly grated', 'nutmeg'), ('0.25 teaspoon ground', 'allspice'), ('0.25 teaspoon ground', 'mustard'), ('0.125 teaspoon ground', 'cloves'), ('1 pinch', 'cayenne pepper'), ('1 large', 'russet potato'), ('1 teaspoon', 'kosher salt'), ('1 tablespoon', 'butter'), ('1 large', 'onion'), ('1 pinch', 'salt'), ('0.5 cup finely diced', 'celery'), ('4 cloves', 'garlic'), ('1 pound', 'pork'), ('1 pound', 'beef'), ('1 cup', 'potato cooking water'), ('1 large', 'egg'), ('1 tablespoon', 'water')]"
Polish Poppy Seed Cake,"[('3.5 cups', 'poppy seeds'), ('boiling', 'water'), ('5', 'eggs'), ('9 tablespoons', 'margarine'), ('1 cup', 'sugar'), ('2', 'apple'), ('0.5 cup chopped', 'walnuts'), ('0.5 cup', 'raisins'), ('3 tablespoons', 'honey'), ('3 tablespoons', 'bread crumbs'), ('1 teaspoon', 'almond extract'), ('1.5 cups', 'all-purpose flour'), ('0.75 cup', 'margarine'), ('0.33333334326744 cup', 'white sugar'), ('1 large', 'egg'), ('1 teaspoon', 'baking powder'), ('2 cups', ""confectioners' sugar""), ('0.33333334326744 cup boiling', 'water')]"
Arroz con Leche,"[('2.25 cups', 'water'), ('1.5 cups', 'short grain rice'), ('1', 'lime peel'), ('0.5 cup', 'water'), ('1', 'cinnamon stick'), ('2 tablespoons', 'anise seed'), ('1 (12 ounce) can', 'evaporated milk'), ('1 (14 ounce) can', 'condensed milk'), ('1 tablespoon', 'vanilla extract'), ('0.25 teaspoon', 'salt'), ('0.75 cup', 'raisins')]"
Turkish Pogaça,"[('3 teaspoons', 'active dry yeast'), ('1.5 teaspoons', 'white sugar'), ('2 tablespoons warm', 'milk'), ('1 cup', 'all-purpose flour'), ('1 cup', 'whole wheat flour'), ('0.5 cup warm', 'water'), ('0.25 cup', 'vegetable oil'), ('0.5 teaspoon', 'salt'), ('1 teaspoon', 'butter'), ('1 cup crumbled', 'feta cheese'), ('0.5 bunch', 'parsley'), ('1 teaspoon', 'salt'), ('0.5 teaspoon ground', 'black pepper'), ('0.5 teaspoon', 'chili powder'), ('2 tablespoons', 'milk'), ('1 teaspoon', 'poppy seeds')]"
Brazilian Broa (Corn Bread),"[('1.5 cups', 'white sugar'), ('1 cup', 'cornmeal'), ('1 cup', 'all-purpose flour'), ('0.5 teaspoon', 'salt'), ('2', 'eggs'), ('1 cup', 'milk'), ('0.25 cup melted', 'butter')]"
Thai Noodles,"[('0.5 pound dried', 'rice noodles'), ('1 pound', 'chicken breast'), ('1 dash', 'soy sauce'), ('1', 'green bell pepper'), ('1', 'red bell pepper'), ('1', 'cucumber'), ('1', 'carrot'), ('10', 'mushrooms'), ('1', 'onion'), ('2 cloves', 'garlic'), ('1 tablespoon minced', 'ginger root'), ('1.5 tablespoons', 'red chile sauce'), ('0.75 cup', 'peanut sauce'), ('2 tablespoons', 'oyster sauce'), ('1 tablespoon', 'sesame oil'), ('1 tablespoon', 'sesame seeds')]"
Polish Reuben Casserole,"[('2 (10.75 ounce) cans', 'condensed cream of mushroom soup'), ('1.3333333730698 cups', 'milk'), ('0.5 cup chopped', 'onion'), ('1 tablespoon', 'mustard'), ('2 (16 ounce) cans', 'sauerkraut'), ('1 (8 ounce) package', 'egg noodles'), ('1.5 pounds', 'kielbasa sausage'), ('2 cups shredded', 'Swiss cheese'), ('0.75 cup', 'whole wheat bread crumbs'), ('2 tablespoons', 'butter')]"
Easy Swedish Meatball Sauce,"[('1 cup', 'beef stock'), ('1 cup', 'heavy cream'), ('3 tablespoons', 'all-purpose flour'), ('1 tablespoon', 'soy sauce'), ('0.5 teaspoon', 'black pepper'), ('0.5 teaspoon', 'rosemary'), ('10 ounces', 'meatballs')]"
German Beef Rouladen,"[('0.25 cup', 'Dijon mustard'), ('8 (4 ounce) pieces', 'round steak'), ('0.5 cup minced', 'onion'), ('2 teaspoons', 'paprika'), ('2 teaspoons', 'salt'), ('2 teaspoons', 'black pepper'), ('8 slices', 'bacon'), ('3 tablespoons', 'canola oil'), ('1 (12 ounce) can', 'beef broth'), ('1.25 cups', 'water'), ('2 tablespoons', 'cornstarch'), ('1 cup warm', 'water'), ('0.25 cup', 'sour cream')]"
Spicy Noodles - Malay Style,"[('1 (12 ounce) package', 'egg noodles'), ('3 tablespoons', 'olive oil'), ('1 teaspoon finely chopped', 'garlic'), ('0.5 bunch', 'spinach'), ('0.25 cup', 'chile paste'), ('3 tablespoons', 'ketchup'), ('1', 'egg'), ('0.5 teaspoon', 'white sugar'), ('0.25 cup', 'water'), ('to taste', 'salt and pepper'), ('0.5 cup fresh', 'bean sprouts'), ('0.5 cup', 'green peas')]"
Indonesian Spiced Rice,"[('3 tablespoons', 'vegetable oil'), ('1 large', 'onion'), ('2', 'jalapeno peppers'), ('2 cloves', 'garlic'), ('1 teaspoon ground', 'turmeric'), ('0.5 teaspoon ground', 'cinnamon'), ('2 cups uncooked', 'long-grain white rice'), ('2 (14.5 ounce) cans', 'chicken broth'), ('1 cup', 'water'), ('1', 'bay leaf'), ('2', 'green onions')]"
Polvarones,"[('0.5 cup', 'sugar'), ('0.5 cup', 'butter'), ('0.5 cup', 'shortening'), ('1 tablespoon', 'almond extract'), ('2.5 cups', 'all-purpose flour'), ('2 tablespoons', 'sugar'), ('2 tablespoons', 'sprinkles'), ('2 tablespoons', 'guava paste')]"
Swedish Chocolate Balls (or Coconut Balls),"[('4 cups', 'rolled oats'), ('1.25 cups', 'white sugar'), ('0.5 cup', 'unsweetened cocoa powder'), ('1 cup', 'butter or margarine'), ('2 (1 ounce) squares', 'unsweetened baking chocolate'), ('2 tablespoons', 'coffee'), ('1 teaspoon', 'vanilla extract'), ('0.33333334326744 cup', 'coconut flakes')]"
Karioka Sweet Rice Balls,"[('1 cup', 'rice flour'), ('1 cup shredded', 'coconut'), ('0.75 cup', 'coconut milk'), ('2 cups', 'vegetable oil'), ('0.5 cup', 'coconut milk'), ('0.25 cup', 'brown sugar')]"
Baked Rigatoni,"[('1 tablespoon', 'olive oil'), ('1 large', 'onion'), ('2 pounds', 'mild Italian sausage links'), ('2 (28 ounce) cans', 'Italian-style crushed tomatoes'), ('2 cups', 'water'), ('3 tablespoons chopped fresh', 'basil'), ('1 tablespoon chopped fresh', 'oregano'), ('1 tablespoon chopped fresh', 'parsley'), ('1.5 (16 ounce) packages', 'rigatoni pasta'), ('1 pound', 'mozzarella cheese'), ('1.5 cups freshly shredded', 'Parmesan cheese'), ('aluminum', 'foil')]"
South African Lamb Sosaties (Kebabs),"[('1 cup', 'yogurt'), ('2 teaspoons', 'curry powder'), ('1 tablespoon', 'sugar'), ('1 tablespoon', 'vegetable oil'), ('1 large', 'onion'), ('1 cup cubed', 'lamb stew meat'), ('12 ounces', 'apricots'), ('8', 'kabob skewers')]"
Korean Spicy Chicken and Potato (Tak Toritang),"[('2.5 pounds', 'chicken drumettes'), ('2 large', 'potatoes'), ('2', 'carrots'), ('1 large', 'onion'), ('4 cloves', 'garlic'), ('0.25 cup', 'water'), ('0.5 cup', 'soy sauce'), ('2 tablespoons', 'white sugar'), ('3 tablespoons', 'gochujang')]"
Greek Lentil Soup (Fakes),"[('8 ounces', 'brown lentils'), ('0.25 cup', 'olive oil'), ('1 medium', 'onion'), ('1 large', 'carrot'), ('1 tablespoon minced', 'garlic'), ('1 quart', 'water'), ('2', 'bay leaves'), ('1 teaspoon dried', 'oregano'), ('1 pinch', 'rosemary'), ('1 tablespoon', 'tomato paste'), ('salt and ground black pepper to taste', ''), ('1 teaspoon', 'olive oil'), ('1 teaspoon', 'red wine vinegar')]"
Siopao (Filipino Steamed Dumplings),"[('1 tablespoon', 'active dry yeast'), ('1.5 cups lukewarm', 'water'), ('0.25 cup', 'sugar'), ('4.5 cups', 'rice flour'), ('0.5 cup', 'vegetable shortening'), ('1 teaspoon', 'vegetable oil'), ('1 large', 'onion'), ('1 clove', 'garlic'), ('1.5 pounds shredded cooked', 'chicken meat'), ('0.25 cup', 'soy sauce'), ('2 teaspoons', 'white sugar'), ('0.5 cup diced', 'green onion'), ('1 pinch', 'salt'), ('1 teaspoon', 'cornstarch')]"
Espetinho de Queijo Coalho Com Abacaxi (Brazilian Grilled Cheese with Pineapple),"[('2 cups', 'queijo coalho cheese curds'), ('0.5 pound', 'pineapple'), ('0.5 cup', 'brown sugar'), ('2 sprigs', 'mint')]"
Manti (Turkish &#39;Ravioli&#39; with Yogurt Sauce),"[('1 teaspoon', 'salt'), ('1 teaspoon dried', 'mint'), ('1 (9 ounce) package', 'beef ravioli'), ('0.25 cup', 'butter'), ('1 teaspoon', 'paprika'), ('1 tablespoon minced', 'garlic'), ('1 (8 ounce) container', 'yogurt')]"
Gelato,"[('2 cups', 'milk'), ('1 cup', 'heavy cream'), ('4', 'egg yolks'), ('0.5 cup', 'sugar')]"
Curried Coconut Chicken,"[('2 pounds', 'chicken breasts'), ('salt and ground black pepper to taste', ''), ('1.5 tablespoons', 'vegetable oil'), ('2 tablespoons', 'curry powder'), ('0.5', 'onion'), ('2 cloves', 'garlic'), ('1 (14.5 ounce) can', 'tomatoes'), ('1 (14 ounce) can', 'coconut milk'), ('1 (8 ounce) can', 'tomato sauce'), ('3 tablespoons', 'sugar')]"
Meat Pie with Hot Water Crust,"[('0.75 cup', 'lard'), ('1 cup', 'water'), ('5.3333334922791 cups', 'all-purpose flour'), ('0.5 teaspoon', 'salt'), ('2 pounds', 'pork sausage'), ('0.5 pound', 'pork'), ('0.5 pound', 'pork tenderloin'), ('1', 'onion'), ('0.5 cup chopped fresh', 'parsley'), ('1 teaspoon ground', 'black pepper'), ('1 teaspoon', 'thyme'), ('1 teaspoon', 'mixed herbs'), ('1 pinch', 'curry powder'), ('1 pound smoked', 'bacon'), ('2 tablespoons', 'milk')]"
Linzer Tart Cookies,"[('1.25 cups', 'unsalted butter'), ('0.66666668653488 cup', 'white sugar'), ('2 cups sifted', 'all purpose flour'), ('1.75 cups ground', 'almonds'), ('0.125 teaspoon ground', 'cinnamon'), ('5 tablespoons', 'raspberry jam'), ('0.33333334326744 cup', ""confectioners' sugar"")]"
Traditional Gyros,"[('1 small', 'onion'), ('1 pound', 'lamb'), ('1 pound', 'beef'), ('1 tablespoon minced', 'garlic'), ('1 teaspoon dried', 'oregano'), ('1 teaspoon ground', 'cumin'), ('1 teaspoon dried', 'marjoram'), ('1 teaspoon', 'thyme'), ('1 teaspoon dried', 'rosemary'), ('1 teaspoon', 'black pepper'), ('0.25 teaspoon', 'sea salt'), ('12 tablespoons', 'hummus'), ('12', 'pita bread rounds'), ('1 small head', 'lettuce'), ('1 large', 'tomato'), ('1 large', 'red onion'), ('6 ounces crumbled', 'feta cheese'), ('24 tablespoons', 'tzatziki sauce')]"
Haydari (Turkish Yogurt Dip),"[('1 (16 ounce) container', 'yogurt'), ('5 cloves', 'garlic'), ('1 pinch', 'salt'), ('1 bunch', 'dill'), ('1 bunch', 'parsley'), ('1 (4 ounce) package', 'cream cheese'), ('2', 'mint leaves')]"
Kima (Ground Beef and Peas),"[('3 tablespoons', 'butter'), ('1 cup chopped', 'onion'), ('1 clove', 'garlic'), ('1 pound', 'beef'), ('2 medium', 'tomatoes'), ('1 cup', 'peas'), ('1 tablespoon', 'Masala curry powder'), ('1.5 teaspoons', 'salt'), ('1 teaspoon', 'paprika'), ('0.5 teaspoon', 'chili powder'), ('1 pinch', 'black pepper'), ('0.25 cup', 'coconut')]"
Authentic Polish Pickle Soup (Zupa Orgorkowa),"[('2', 'chicken leg quarters'), ('5 cups', 'water'), ('0.5 small head', 'green cabbage'), ('2', 'carrots'), ('2 stalks', 'celery'), ('1', 'onion'), ('3 tablespoons chopped fresh', 'parsley'), ('2', 'bay leaves'), ('1 clove', 'garlic'), ('1 pinch', 'thyme'), ('1 pinch', 'marjoram'), ('salt and ground black pepper to taste', ''), ('4 small', 'dill pickles'), ('0.25 cup', 'sour cream'), ('1 tablespoon', 'all-purpose flour')]"
Chicken Cordon Bleu,"[('nonstick', 'cooking spray'), ('4', 'chicken breast halves'), ('0.25 teaspoon', 'salt'), ('0.125 teaspoon ground', 'black pepper'), ('6 slices', 'Swiss cheese'), ('4 slices', 'ham'), ('0.5 cup', 'bread crumbs')]"
Argentinian Steak with Red Chimichurri,"[('1 bunch chopped fresh', 'flat-leaf parsley'), ('1 medium', 'onion'), ('1', 'tomato'), ('0.5', 'red bell pepper'), ('4 cloves', 'garlic'), ('1 tablespoon dried', 'oregano'), ('1 tablespoon', 'paprika'), ('1 tablespoon', 'salt'), ('1 teaspoon crumbled', 'bay leaf'), ('1 teaspoon ground', 'black pepper'), ('1 pinch', 'red chile flakes'), ('0.25 cup', 'red wine vinegar'), ('0.25 cup', 'water'), ('0.5 cup', 'olive oil'), ('4', 'sirloin steaks'), ('2', 'sweet onions'), ('1 bunch', 'cilantro'), ('0.5 cup', 'white wine vinegar'), ('0.25 cup', 'olive oil'), ('4 cloves', 'garlic'), ('1.5 tablespoons chopped fresh', 'thyme'), ('1 tablespoon chopped fresh', 'oregano'), ('1 tablespoon', 'cumin')]"
Greek Salad,"[('1 head', 'romaine lettuce'), ('1', 'cucumber'), ('2 large', 'tomatoes'), ('1 (6 ounce) can', 'black olives'), ('1', 'green bell pepper'), ('1', 'red bell pepper'), ('1', 'red onion'), ('1 cup crumbled', 'feta cheese'), ('6 tablespoons', 'olive oil'), ('1', 'lemon'), ('1 teaspoon dried', 'oregano'), ('to taste', 'black pepper')]"
Blender Hollandaise Sauce,"[('3', 'egg yolks'), ('1 tablespoon', 'lemon juice'), ('0.25 teaspoon', 'Dijon mustard'), ('1 dash', 'hot pepper sauce'), ('0.5 cup', 'butter')]"
Tanya&#39;s Jamaican Spice Bread,"[('3.25 cups', 'all-purpose flour'), ('4 teaspoons', 'baking powder'), ('2 teaspoons', 'cinnamon'), ('1 teaspoon', 'nutmeg'), ('0.5 teaspoon ground', 'allspice'), ('1 pinch', 'salt'), ('1', 'egg'), ('1 cup', 'milk'), ('0.33333334326744 cup', 'beer'), ('1.75 cups', 'brown sugar'), ('0.5 cup melted', 'butter'), ('1 teaspoon', 'browning sauce'), ('1 teaspoon', 'vanilla extract'), ('1 teaspoon', 'lime juice'), ('1 cup', 'raisins'), ('0.5 cup', 'brown sugar'), ('0.5 cup', 'water')]"
Pacific Cuban Black Beans and Rice,"[('4 cups', 'water'), ('2 cups', 'rice'), ('3 tablespoons', 'olive oil'), ('1', 'onion'), ('1', 'bell pepper'), ('2', 'carrots'), ('2 ribs', 'celery'), ('1 tablespoon minced', 'garlic'), ('2 (15 ounce) cans', 'black beans'), ('2 smoked', 'Spanish chorizo sausage links'), ('1 cup', 'chicken stock'), ('1 (8 ounce) jar', 'picante sauce'), ('2', 'bay leaves'), ('2 teaspoons', 'smoked paprika'), ('1 teaspoon', 'red wine vinegar'), ('1 teaspoon ground', 'cumin'), ('1 teaspoon', 'sugar'), ('1 teaspoon', 'salt'), ('0.5 teaspoon', 'black pepper'), ('1 pinch', 'red pepper flakes')]"
Chicken Shawarma,"[('0.5 cup', 'malt vinegar'), ('0.25 cup', 'yogurt'), ('1 tablespoon', 'vegetable oil'), ('to taste', 'salt and pepper'), ('1 teaspoon', 'mixed spice'), ('0.25 teaspoon freshly ground', 'cardamom'), ('8', 'chicken thighs'), ('0.5 cup', 'tahini'), ('0.25 cup', 'yogurt'), ('0.5 teaspoon minced', 'garlic'), ('2 tablespoons', 'lemon juice'), ('1 tablespoon', 'olive oil'), ('1 tablespoon chopped fresh', 'parsley'), ('to taste', 'salt and pepper'), ('4 medium', 'tomatoes'), ('0.5 cup sliced', 'onion'), ('4 cups shredded', 'lettuce'), ('8', 'pita bread rounds')]"
Finnish Summer Soup,"[('2 cups', 'water'), ('5 small', 'potatoes'), ('6 cups', 'green onions'), ('1.5 pounds', 'green beans'), ('12', 'baby carrots'), ('2 tablespoons', 'butter'), ('1 teaspoon', 'salt'), ('0.125 teaspoon ground', 'black pepper'), ('2 cups fresh shelled', 'green peas'), ('2 cups', 'half-and-half'), ('3 tablespoons', 'all-purpose flour')]"
Pochero,"[('3 tablespoons', 'olive oil'), ('2', 'plantains'), ('2 small', 'potatoes'), ('1', 'onion'), ('2 cloves', 'garlic'), ('4 pounds', 'chicken legs, thighs, and wings'), ('2 (4 ounce) links', 'chorizo de bilbao'), ('to taste', 'salt and pepper'), ('water to', 'cover'), ('2', 'tomatoes'), ('1 small head', 'cabbage'), ('1 (15.5 ounce) can', 'garbanzo beans')]"
Vatrushka,"[('1.5 (.25 ounce) packages', 'active dry yeast'), ('1 pinch', 'sugar'), ('0.5 cup lukewarm', 'milk'), ('2 cups', 'all-purpose flour'), ('0.25 cup', 'unsalted butter'), ('1 pinch', 'salt'), ('1 teaspoon', 'vanilla extract'), ('1', 'egg'), ('2 tablespoons', 'white sugar'), ('1 teaspoon', 'vegetable oil'), ('2 cups', ""farmer's cheese""), ('1', 'egg'), ('2 tablespoons', 'white sugar'), ('2 tablespoons', 'sour cream'), ('1 teaspoon', 'vanilla extract'), ('1', 'egg yolk')]"
Lubia Polo (Green Bean Rice),"[('1 pound', 'beef'), ('1 large', 'onion'), ('1', 'jalapeno pepper'), ('2 tablespoons', 'curry powder'), ('5 cups', 'chicken broth'), ('1 cup', 'tomato sauce'), ('1 pound', 'green beans'), ('3 cups', 'basmati rice'), ('3 tablespoons', 'vegetable oil')]"
Homemade Adobo All-Purpose Seasoning,"[('3 tablespoons', 'garlic powder'), ('2.5 tablespoons', 'salt'), ('2 teaspoons ground', 'black pepper'), ('1 teaspoon dried', 'oregano'), ('0.5 teaspoon ground', 'turmeric')]"
Brigadeiro Chocolate Delights,"[('1 (14 ounce) can', 'sweetened condensed milk'), ('2 tablespoons', 'cocoa'), ('2 tablespoons', 'unsalted butter'), ('1 cup', 'chocolate sprinkles')]"
Easy German Apple Streusel Pie,"[('4 large', 'apples'), ('1 pinch', 'cinnamon'), ('7 ounces', 'butter'), ('1 cup', 'sugar'), ('3 teaspoons', 'vanilla sugar'), ('1', 'egg'), ('2 cups', 'all-purpose flour'), ('3.5 teaspoons', 'baking powder')]"
Schnitzel,"[('1 cup', 'self-rising flour'), ('1 cup', 'self-rising cornmeal'), ('1 teaspoon', 'salt'), ('1 teaspoon', 'pepper'), ('1 cup', 'milk'), ('3', 'eggs'), ('0.25 cup', 'vegetable oil'), ('4 (4 ounce)', 'beef cube steaks'), ('2 teaspoons', 'lemon juice')]"
Avgolemono Soup,"[('1 (3 pound)', 'chicken'), ('1', 'onion'), ('2 ribs', 'celery'), ('1', 'carrot'), ('2', 'bay leaves'), ('2 teaspoons', 'salt'), ('0.25 teaspoon dried', 'oregano'), ('3 quarts cold', 'water'), ('2 cups finely diced', 'onion'), ('2 tablespoons extra-virgin', 'olive oil'), ('0.66666668653488 cup', 'arborio rice'), ('2 large', 'eggs'), ('0.5 teaspoon ground', 'black pepper'), ('1 pinch', 'cayenne pepper'), ('0.5 cup fresh', 'lemon juice')]"
Russian Garden Salad,"[('10', 'romaine lettuce leaves'), ('4', 'tomatoes'), ('1 large', 'cucumber'), ('1', 'onion'), ('0.5 cup fresh', 'parsley'), ('1 tablespoon', 'salt'), ('2 tablespoons', 'lemon juice'), ('1 tablespoon extra-virgin', 'olive oil'), ('1 cup', 'sour cream')]"
Simple Crème Brûlée Dessert,"[('1 cup', 'heavy cream'), ('3 tablespoons', 'sugar'), ('3 large', 'egg yolks'), ('0.25 teaspoon', 'vanilla extract'), ('2 tablespoons', 'white sugar')]"
German Schwenkbraten,"[('10', 'onions'), ('1 cup', 'vegetable oil'), ('4 cloves', 'garlic'), ('7 dried', 'juniper berries'), ('1 tablespoon', 'mustard'), ('1 tablespoon dried', 'thyme'), ('1 tablespoon dried', 'oregano'), ('1 tablespoon', 'paprika'), ('1 tablespoon', 'curry powder'), ('1 tablespoon', 'cayenne pepper'), ('1 tablespoon ground', 'black pepper'), ('8 (8 ounce)', 'pork loin chops')]"
Easy Gazpacho,"[('4 cups', 'tomato juice'), ('2 cups chopped', 'tomatoes'), ('1', 'onion'), ('1', 'green bell pepper'), ('1', 'cucumber'), ('2 green', 'onions'), ('0.25 cup chopped fresh', 'parsley'), ('3 tablespoons fresh', 'lemon juice'), ('2 tablespoons', 'red wine vinegar'), ('1 clove', 'garlic'), ('1 teaspoon dried', 'tarragon'), ('1 teaspoon dried', 'basil'), ('1 teaspoon', 'sugar'), ('to taste', 'salt and pepper')]"
Lentil Stew,"[('7 medium', 'potatoes'), ('1 (28 ounce) can', 'tomatoes'), ('1 large', 'onion'), ('2 cloves', 'garlic'), ('1 pound', 'Polish sausage'), ('1 (16 ounce) package', 'lentils'), ('to taste', 'salt and pepper')]"
Panang Curry with Tofu and Vegetables,"[('3 cups', 'water'), ('2 cups', 'brown rice'), ('1 tablespoon', 'soy sauce'), ('0.5 teaspoon', 'salt'), ('1 tablespoon', 'vegetable oil'), ('2.5 tablespoons', 'panang curry paste'), ('1 (14 ounce) can', 'coconut milk'), ('1 tablespoon', 'vegetarian fish sauce'), ('1 tablespoon', 'sugar'), ('5', 'makrut lime leaves'), ('8 ounces', 'tofu'), ('2 cups', 'broccoli florets'), ('0.5', 'red bell pepper'), ('0.25 cup diagonally sliced', 'carrots')]"
Thịt Bò Xào Đậu (Vietnamese Stir-Fried Beef and Green Beans),"[('1 clove', 'garlic'), ('1 teaspoon', 'cornstarch'), ('1 teaspoon', 'vegetable oil'), ('0.25 teaspoon ground', 'black pepper'), ('1 pound', 'sirloin tips'), ('3 tablespoons', 'vegetable oil'), ('0.5', 'onion'), ('2 cups fresh', 'green beans'), ('0.25 cup', 'chicken broth'), ('1 teaspoon', 'soy sauce')]"
Beef Stroganoff,"[('2 pounds', 'beef chuck roast'), ('0.5 teaspoon', 'salt'), ('0.5 teaspoon ground', 'black pepper'), ('4 ounces', 'butter'), ('4', 'green onions'), ('4 tablespoons', 'all-purpose flour'), ('1 (10.5 ounce) can', 'condensed beef broth'), ('1 teaspoon', 'mustard'), ('1 (6 ounce) can', 'mushrooms'), ('0.33333334326744 cup', 'sour cream'), ('0.33333334326744 cup', 'white wine'), ('salt and ground black pepper to taste', '')]"
Danish Butter Cookies,"[('4 cups', 'all-purpose flour'), ('0.75 cup', 'white sugar'), ('1 teaspoon', 'baking soda'), ('1 pound unsalted', 'Danish butter'), ('1 large', 'egg'), ('1 cup', 'turbinado sugar'), ('1 (8 ounce) package', 'semisweet chocolate bar'), ('2 tablespoons flaky', 'sea salt')]"
Shrimp with Lobster Sauce,"[('1.5 teaspoons', 'cornstarch'), ('2 teaspoons', 'cooking sherry'), ('1 pound', 'shrimp'), ('0.25 cup', 'vegetable oil'), ('2 cloves', 'garlic'), ('0.25 pound', 'pork'), ('1 cup', 'water'), ('2 tablespoons', 'soy sauce'), ('0.25 teaspoon', 'sugar'), ('0.5 teaspoon', 'salt'), ('0.25 cup cold', 'water'), ('1.5 tablespoons', 'cornstarch'), ('1 large', 'egg')]"
Fast and Easy Israeli Tahini Cookies,"[('3 cups', 'all-purpose flour'), ('1 cup', 'sugar'), ('2 teaspoons', 'baking powder'), ('14 tablespoons', 'unsalted butter'), ('1 cup', 'tahini')]"
Australian Damper,"[('4 cups', 'self-rising flour'), ('1 teaspoon', 'salt'), ('1 tablespoon', 'butter'), ('1 cup', 'milk'), ('0.5 cup', 'water')]"
Brazilian Bom-Bocado (Egg Custard),"[('1 teaspoon', 'butter'), ('1 teaspoon', 'sugar'), ('1 (14 ounce) can', 'sweetened condensed milk'), ('0.5 cup unsweetened shredded', 'coconut'), ('2', 'eggs'), ('1 pinch finely grated', 'Parmesan cheese')]"
Vegan Sweet Potato Chickpea Curry,"[('3 tablespoons', 'olive oil'), ('1', 'onion'), ('2 cloves', 'garlic'), ('2 teaspoons minced', 'ginger root'), ('1 (15 ounce) can', 'chickpeas'), ('1 (14.5 ounce) can', 'tomatoes'), ('1 (14 ounce) can', 'coconut milk'), ('1', 'sweet potato'), ('1 tablespoon', 'garam masala'), ('1 teaspoon ground', 'cumin'), ('1 teaspoon ground', 'turmeric'), ('0.5 teaspoon', 'salt'), ('0.25 teaspoon', 'red chile flakes'), ('1 cup', 'spinach')]"
Argentinean Chimichurri Sauce,"[('1', 'onion'), ('1', 'tomato'), ('0.5 cup chopped fresh', 'flat-leaf parsley'), ('4 cloves', 'garlic'), ('1 tablespoon dried', 'oregano'), ('1 tablespoon', 'paprika'), ('1 tablespoon', 'salt'), ('1 teaspoon ground', 'black pepper'), ('0.5 cup', 'olive oil'), ('0.25 cup', 'red wine vinegar'), ('0.25 cup', 'water')]"
Babka,"[('0.5 cup', 'sugar'), ('0.25 cup', 'butter'), ('1 teaspoon', 'salt'), ('1 cup hot', 'milk'), ('2 (.25 ounce) packages', 'active dry yeast'), ('0.25 cup warm', 'water'), ('2', 'eggs'), ('4.5 cups', 'all-purpose flour'), ('3', 'eggs'), ('1 cup packed', 'light brown sugar'), ('0.33333334326744 cup', 'butter'), ('1.5 teaspoons ground', 'cinnamon'), ('1 teaspoon', 'vanilla extract'), ('4 cups', 'walnuts'), ('2 tablespoons', 'butter')]"
Sauce Vierge,"[('5 small', 'tomatoes'), ('2 tablespoons minced', 'shallots'), ('2 cloves', 'garlic'), ('2 tablespoons chopped fresh', 'parsley'), ('2 tablespoons chopped fresh', 'tarragon'), ('2 tablespoons', 'Kalamata olives'), ('8 large', 'basil leaves'), ('0.25 cup', 'extra-virgin olive oil'), ('1 tablespoon', 'lemon juice'), ('salt and freshly ground black pepper to taste', '')]"
Mojitos by the Pitcher,"[('0.5 cup', 'sugar'), ('36 leaves', 'mint'), ('3 medium', 'limes'), ('1 cup', 'rum'), ('1 liter', 'club soda')]"
Paneer Tikka Masala,"[('0.25 cup', 'butter'), ('1 pound', 'paneer'), ('2 medium', 'onions'), ('1 medium', 'green bell pepper'), ('2 medium', 'jalapeno peppers'), ('1 tablespoon ground', 'cashews'), ('1 teaspoon', 'garlic paste'), ('1 teaspoon', 'ginger paste'), ('1 teaspoon', 'cayenne pepper'), ('1 teaspoon ground', 'cumin'), ('1 teaspoon ground', 'coriander'), ('1 teaspoon', 'garam masala'), ('1 (16 ounce) can', 'tomato sauce'), ('1 pint', 'half-and-half'), ('1 teaspoon', 'salt')]"
The Best Thai Peanut Sauce,"[('1.5 cups', 'peanut butter'), ('0.5 cup', 'coconut milk'), ('3 tablespoons', 'water'), ('3 tablespoons fresh', 'lime juice'), ('3 tablespoons', 'soy sauce'), ('1 tablespoon', 'fish sauce'), ('1 tablespoon', 'hot sauce'), ('1 tablespoon minced', 'ginger root'), ('3 cloves', 'garlic'), ('0.25 cup chopped fresh', 'cilantro')]"
Kraut Bierocks,"[('1.5 (.25 ounce) packages', 'active dry yeast'), ('0.5 cup', 'sugar'), ('2 cups warm', 'water'), ('4 cups', 'all-purpose flour'), ('0.5 cup', 'milk'), ('1.5 teaspoons', 'baking powder'), ('0.5 cup', 'shortening'), ('1 pound', 'ground beef'), ('1 pound ground', 'Italian sausage'), ('1 cup chopped', 'onion'), ('3 cups shredded', 'cabbage'), ('3 tablespoons', 'mustard'), ('2 teaspoons', 'salt'), ('2 teaspoons ground', 'black pepper'), ('0.5 cup shredded, processed', 'American cheese'), ('0.5 cup shredded', 'Cheddar cheese')]"
Citrus Ceviche,"[('0.5 cup', 'lemon juice'), ('0.25 cup fresh', 'lime juice'), ('0.25 cup fresh', 'orange juice'), ('1 teaspoon grated', 'ginger'), ('2 tablespoons extra virgin', 'olive oil'), ('1 pound', 'sea bass fillets'), ('0.25 cup chopped fresh', 'cilantro'), ('1', 'onion'), ('2', 'avocados'), ('to taste', 'salt and pepper'), ('4 hard-cooked', 'eggs')]"
Stroopwafels with Treacle,"[('4 cups', 'all-purpose flour'), ('1 cup', 'butter'), ('0.75 cup', 'white sugar'), ('0.25 cup lukewarm', 'milk'), ('1', 'egg'), ('2 (.25 ounce) packages', 'active dry yeast'), ('1 cup', 'molasses or black treacle'), ('1.3333333730698 cups', 'soft brown sugar'), ('0.25 cup', 'butter'), ('1 teaspoon ground', 'cinnamon')]"
Hawaiian Chocolate Macadamia Nut Tart,"[('1.25 cups', 'macadamia nuts'), ('1 cup', 'unsweetened coconut flakes'), ('2 (9 inch) refrigerated', 'pie crusts'), ('1.5 cups', 'semi-sweet chocolate chips'), ('3', 'eggs'), ('2 teaspoons', 'vanilla extract'), ('1 cup', 'light corn syrup'), ('1 cup', 'sugar'), ('3 tablespoons', 'margarine or butter')]"
Simply Guacamole,"[('5', 'avocados'), ('2 tablespoons fresh', 'lemon juice'), ('0.75 cup minced', 'green onion'), ('0.5 cup minced fresh', 'cilantro'), ('to taste', 'salt and pepper')]"
Crispy Roasted Chicken,"[('1 teaspoon', 'kosher salt'), ('0.5 teaspoon', 'caraway seeds'), ('0.5 teaspoon', 'sage'), ('0.25 teaspoon', 'fennel seeds'), ('0.25 teaspoon', 'coriander seeds'), ('0.25 teaspoon', 'rosemary'), ('2 tablespoons', 'paprika'), ('2 teaspoons', 'garlic powder'), ('2 teaspoons', 'all-purpose flour'), ('1 teaspoon', 'onion powder'), ('5 tablespoons', 'vegetable oil'), ('1 (4 pound) broiler-fryer', 'chicken')]"
Capirotada (Mexican Bread Pudding),"[('2 cups', 'white sugar'), ('2 cups', 'water'), ('10', 'cinnamon sticks'), ('1 (1 pound) loaf', 'white bread'), ('2 tablespoons', 'butter'), ('1 cup', 'raisins'), ('1 cup', 'pineapple chunks'), ('4 ounces', 'Colby longhorn cheese'), ('0.75 cup chopped', 'walnuts')]"
Poffertjes (Dutch Mini Pancakes),"[('2 cups', 'self-rising flour'), ('1 pinch', 'salt'), ('1 cup', 'milk'), ('2 large', 'eggs'), ('2 tablespoons', 'maple syrup')]"
Chilled Russian Salad Dressing,"[('1 cup', 'mayonnaise'), ('3 teaspoons minced', 'onion'), ('1 teaspoon', 'horseradish'), ('1 teaspoon', 'Worcestershire sauce'), ('1 teaspoon', 'parsley'), ('3 tablespoons', 'chili sauce'), ('1 tablespoon', 'ketchup')]"
Chokladbiskvier (Swedish Chocolate Meringue Cookies),"[('3', 'egg whites'), ('1 cup', 'white sugar'), ('1 cup', 'almonds'), ('0.75 cup', 'bread crumbs'), ('1.5 cups', ""confectioners' sugar""), ('0.25 cup', 'unsweetened cocoa powder'), ('1 cup', 'unsalted butter'), ('2 teaspoons', 'vanilla extract'), ('1 pinch', 'salt'), ('5 ounces', 'semisweet chocolate'), ('6 tablespoons unsalted', 'butter')]"
Sausage and Pepper Penne,"[('2.5 cups dry', 'penne pasta'), ('4.5 teaspoons', 'coconut oil'), ('1 pound', 'smoked sausage'), ('1', 'onion'), ('1', 'green bell pepper'), ('1', 'red bell pepper'), ('1', 'orange bell pepper'), ('1 (8 ounce) package', 'mushrooms'), ('1 (14.5 ounce) can', 'tomatoes'), ('1 (8 ounce) can', 'tomato sauce'), ('1 teaspoon minced', 'garlic'), ('1 teaspoon', 'garlic powder'), ('1 teaspoon dried', 'oregano'), ('1 teaspoon dried', 'basil'), ('1 teaspoon', 'salt'), ('1 teaspoon ground', 'black pepper'), ('0.5 teaspoon', 'red pepper flakes')]"
Chicken Jalfrezi,"[('2 tablespoons', 'vegetable oil'), ('1', 'onion'), ('2 cloves', 'garlic'), ('1.5 pounds', 'chicken thighs'), ('3 teaspoons', 'turmeric'), ('1 teaspoon', 'chili powder'), ('1.5 teaspoons', 'salt'), ('1 (14.5 ounce) can', 'tomatoes'), ('2 tablespoons', 'ghee'), ('3 teaspoons ground', 'cumin'), ('3 teaspoons ground', 'coriander'), ('2 tablespoons grated', 'ginger root'), ('0.5 cup chopped', 'cilantro')]"
Philippine Longanisa de Eugenio (Sweet Sausage),"[('0.5 cup', 'sugar'), ('4.5 teaspoons', 'salt'), ('1 teaspoon dried', 'oregano'), ('0.5 teaspoon ground', 'pepper'), ('0.5 teaspoon', 'curing salt'), ('0.25 teaspoon ground', 'ginger'), ('2 pounds', 'pork'), ('1 pound coarse ground', 'pork back fat'), ('1 tablespoon minced', 'garlic'), ('0.25 cup', 'distilled white vinegar'), ('Hog casing, rinsed', 'well')]"
Apple Cinnamon Oatmeal Muffins,"[('0.25 cup', 'quick-cooking oats'), ('1 tablespoon', 'brown sugar'), ('1 tablespoon melted', 'butter'), ('0.25 teaspoon ground', 'cinnamon'), ('1.5 cups', 'quick-cooking oats'), ('1.5 cups', 'all-purpose flour'), ('0.5 cup', 'brown sugar'), ('1.5 teaspoons ground', 'cinnamon'), ('1 teaspoon', 'baking powder'), ('0.5 teaspoon', 'baking soda'), ('0.5 teaspoon', 'salt'), ('0.5 cup', 'applesauce'), ('0.5 cup', 'milk'), ('0.25 cup', 'vegetable oil'), ('1 large', 'egg'), ('1 teaspoon', 'vanilla extract'), ('1', 'apple')]"
Peruvian Chicha Morada Drink,"[('1 gallon', 'water'), ('1 (15 ounce) package', 'dried purple corn'), ('2', 'cinnamon sticks'), ('1 tablespoon', 'cloves'), ('5 large', 'lemons'), ('1.5 cups', 'brown sugar'), ('0.5 cup fresh', 'pineapple'), ('0.5', 'apple')]"
Swedish Pancakes (Vegan),"[('0.5 cup', 'soy milk'), ('0.5 cup', 'water'), ('0.25 cup', 'vegan butter'), ('2 tablespoons', 'maple syrup'), ('1 teaspoon', 'vanilla extract'), ('1 cup', 'spelt flour'), ('1 tablespoon', 'sugar'), ('0.25 teaspoon', 'salt')]"
Flan Mexicano (Mexican Flan),"[('1 cup', 'sugar'), ('1 (14 ounce) can', 'sweetened condensed milk'), ('1 cup', 'milk'), ('3 large', 'eggs'), ('3 large', 'egg yolks'), ('0.25 cup freshly squeezed', 'orange juice'), ('1 tablespoon grated', 'orange peel'), ('1 tablespoon', 'vanilla extract'), ('1 tablespoon', 'cornstarch'), ('1 cup', 'heavy cream')]"
Lisa&#39;s Jerk Chicken,"[('1 cup', 'orange juice'), ('1 cup', 'white vinegar'), ('0.5 cup', 'olive oil'), ('0.5 cup', 'soy sauce'), ('1', 'lime'), ('3', 'onions'), ('6', 'Scotch bonnet chiles'), ('8 cloves', 'garlic'), ('2 tablespoons', 'white sugar'), ('2 tablespoons dried', 'thyme'), ('2 tablespoons ground', 'allspice'), ('2 tablespoons', 'salt'), ('2 teaspoons ground', 'black pepper'), ('1 teaspoon', 'cinnamon'), ('1 teaspoon', 'nutmeg'), ('1 teaspoon', 'ginger'), ('3 pounds bone-in', 'chicken breast halves')]"
Sesame-Seared Tuna,"[('0.25 cup', 'soy sauce'), ('2 tablespoons', 'sesame oil'), ('1 tablespoon', 'mirin'), ('1 tablespoon', 'honey'), ('1 tablespoon', 'rice wine vinegar'), ('0.5 cup', 'sesame seeds'), ('4 (6 ounce)', 'tuna steaks'), ('1 tablespoon', 'olive oil'), ('', 'wasabi paste')]"
Puerto Rican Breakfast Custard,"[('3 tablespoons', 'sugar'), ('2 tablespoons', 'cornstarch'), ('0.125 teaspoon', 'salt'), ('0.125 teaspoon ground', 'cinnamon'), ('2 cups', 'milk')]"
Sesame Jellyfish Salad,"[('9 ounces ready-to-eat shredded', 'jellyfish'), ('3 tablespoons', 'sesame oil'), ('2 teaspoons', 'low-sodium soy sauce'), ('2 teaspoons', 'rice vinegar'), ('1 teaspoon', 'white sugar'), ('0.25 teaspoon', 'chili oil'), ('1 teaspoon grated', 'ginger'), ('2 tablespoons', 'white sesame seeds'), ('2 tablespoons chopped fresh', 'cilantro'), ('2 tablespoons thinly sliced', 'green onion')]"
Portuguese Cod Fish Casserole,"[('2 pounds', 'cod fish'), ('5 large', 'potatoes'), ('3 large', 'onions'), ('0.75 cup', 'olive oil'), ('2 cloves', 'garlic'), ('1 tablespoon chopped fresh', 'parsley'), ('1.5 teaspoons crushed', 'red pepper flakes'), ('1 teaspoon', 'paprika'), ('3 tablespoons', 'tomato sauce')]"
Red Currant Pie,"[('1.5 cups', 'all-purpose flour'), ('1 teaspoon', 'baking powder'), ('0.5 cup', 'butter'), ('0.5 cup', 'sugar'), ('2 large', 'eggs'), ('1.5 teaspoons grated', 'lemon zest'), ('0.5 cup', 'sugar'), ('2 teaspoons', 'cornstarch'), ('2.25 cups', 'red currants')]"
Brazilian Banana Bread,"[('3 tablespoons', 'margarine'), ('2 cups', 'white sugar'), ('3', 'egg yolks'), ('3 cups', 'all-purpose flour'), ('1 tablespoon', 'baking powder'), ('1 cup', 'milk'), ('3', 'egg whites'), ('6', 'bananas'), ('2 tablespoons', 'white sugar'), ('1 teaspoon ground', 'cinnamon')]"
Arabic Fattoush Salad,"[('1 tablespoon', 'vegetable oil'), ('2 small', 'pita breads'), ('1 large', 'English cucumber'), ('3 cups halved', 'grape tomatoes'), ('0.75 cup chopped', 'Italian parsley'), ('0.75 cup chopped fresh', 'mint'), ('0.5 red', 'onion'), ('2 tablespoons extra-virgin', 'olive oil'), ('1 tablespoon', 'lemon juice'), ('1 teaspoon ground', 'sumac'), ('1 clove', 'garlic'), ('kosher salt and freshly ground black pepper to taste', ''), ('1 ounce', ""sheep's milk feta cheese"")]"
Christmas Brunch Casserole,"[('1 pound', 'bacon'), ('2 medium', 'onions'), ('2 cups fresh sliced', 'mushrooms'), ('1 tablespoon', 'butter'), ('4 cups', 'hash brown potatoes'), ('1 teaspoon', 'salt'), ('0.5 teaspoon ground', 'black pepper'), ('0.25 teaspoon', 'garlic salt'), ('4 medium', 'eggs'), ('1.5 cups', 'milk'), ('1 pinch', 'parsley'), ('1 cup shredded', 'Cheddar cheese')]"
Tarte Tatin,"[('3 tablespoons', 'butter'), ('0.75 cup', 'sugar'), ('3 large', 'Granny Smith apples'), ('1 tablespoon', 'all-purpose flour'), ('1 9-inch unbaked', 'pie crust')]"
Easy Chimichurri,"[('1 cup tightly packed chopped', 'parsley leaves'), ('1 cup tightly packed chopped', 'cilantro leaves'), ('0.25 cup', 'red wine vinegar'), ('0.5', 'onion'), ('5 cloves', 'garlic'), ('1 teaspoon', 'salt'), ('1 teaspoon dried', 'oregano'), ('1 teaspoon', 'hot pepper flakes'), ('1 teaspoon', 'black pepper'), ('0.5 cup', 'extra-virgin olive oil')]"
Vietnamese Lemongrass Meatballs,"[('1 pound', 'ground pork'), ('0.25 cup', 'panko bread crumbs'), ('1 large', 'shallot'), ('2 tablespoons', 'lemongrass paste'), ('1 tablespoon finely chopped', 'mint'), ('1 tablespoon', 'fish sauce'), ('1 tablespoon', 'brown sugar'), ('2 cloves', 'garlic'), ('1 teaspoon finely grated', 'ginger root'), ('0.25 teaspoon', 'salt'), ('0.25 cup', 'water'), ('3 tablespoons', 'fish sauce'), ('2 tablespoons fresh', 'lime juice'), ('1 tablespoon', 'white sugar'), ('1 teaspoon', 'rice vinegar'), ('1 small', 'Thai chile pepper'), ('1 small', 'garlic clove')]"
DIY Finnish Lonkero (a.k.a. Long Drink),"[('4', 'ice cubes'), ('2 tablespoons', 'gin'), ('0.66666668653488 cup', 'grapefruit juice'), ('1 tablespoon', 'lemon juice'), ('1 tablespoon', 'lime juice'), ('1 cup', 'club soda')]"
Sweet and Sour Pork,"[('1 pound', 'pork butt'), ('1 teaspoon', 'soy sauce'), ('1 teaspoon', 'salt'), ('0.25 teaspoon', 'white sugar'), ('1', 'egg white'), ('2', 'green onions'), ('1 quart', 'vegetable oil'), ('0.5 cup', 'cornstarch'), ('1 tablespoon', 'vegetable oil'), ('3 stalks', 'celery'), ('1 medium', 'green bell pepper'), ('1 medium', 'onion'), ('1 pinch', 'white sugar'), ('to taste', 'salt'), ('1.25 cups', 'water'), ('0.75 cup', 'white sugar'), ('0.33333334326744 cup', 'apple cider vinegar'), ('0.25 cup', 'ketchup'), ('0.5 teaspoon', 'soy sauce'), ('0.25 teaspoon', 'salt'), ('1 (8 ounce) can', 'pineapple chunks'), ('2 tablespoons', 'cornstarch')]"
Yummy Korean-Style Glass Noodles (Japchae),"[('1 (8 ounce) package', 'sweet potato vermicelli'), ('0.5 cup', 'water'), ('0.5 cup', 'soy sauce'), ('0.25 cup', 'brown sugar'), ('3 tablespoons', 'vegetable oil'), ('1 teaspoon', 'sesame seeds')]"
Norwegian Potato Klub,"[('6 slices', 'bacon'), ('2 cups', 'all-purpose flour'), ('0.5 teaspoon', 'baking powder'), ('10 medium', 'potatoes'), ('2 teaspoons', 'salt')]"
Slow Cooker Kielbasa and Beer,"[('2 pounds', 'kielbasa sausage'), ('1 (16 ounce) can', 'sauerkraut'), ('1 (12 fluid ounce) can or bottle', 'beer')]"
Polish Sauerkraut and Carrot Salad,"[('4 cups', 'sauerkraut'), ('1', 'onion'), ('1', 'apple'), ('2', 'carrots'), ('0.25 cup', 'canola oil'), ('3 tablespoons', 'sugar'), ('1 teaspoon', 'caraway seeds'), ('salt and ground black pepper to taste', '')]"
Russian Cheese Pancakes (Syrniki),"[('1', 'egg'), ('3 tablespoons', 'sugar'), ('1 cup', 'quark'), ('5 tablespoons', 'all-purpose flour'), ('1.5 teaspoons', 'vanilla sugar'), ('0.25 teaspoon', 'salt'), ('oil for', 'frying')]"
Goan Pork Vindaloo,"[('16 dried', 'Kashmiri chile peppers'), ('1 (1 inch) piece', 'cinnamon stick'), ('1 teaspoon', 'cumin seeds'), ('0.5 teaspoon', 'black peppercorns'), ('0.5 teaspoon ground', 'turmeric'), ('6 whole', 'cloves'), ('1 tablespoon', 'white vinegar'), ('to taste', 'salt'), ('2 pounds', 'pork loin roast'), ('0.25 cup', 'vegetable oil'), ('4 medium', 'onions'), ('10 cloves', 'garlic'), ('1 (2 inch) piece', 'ginger root'), ('2 cups', 'water'), ('0.25 cup', 'white vinegar'), ('2', 'green chile peppers')]"
Puerto Rican Rice and Beans,"[('cooking', 'spray'), ('1 pound', 'pork roast'), ('3 teaspoons minced', 'garlic'), ('1 (15 ounce) can', 'black beans'), ('1 cup', 'recaito'), ('1 (5 ounce) jar', 'green olives'), ('1 (1.41 ounce) package', 'sazon seasoning with achiote'), ('3 cups', 'long grain rice'), ('2.75 cups', 'water')]"
Polish Gołąbki (Stuffed Cabbage Rolls),"[('2 heads', 'cabbage'), ('2 tablespoons', 'margarine'), ('2', 'onions'), ('4 pounds', 'ground beef'), ('2 (10.5 ounce) cans', 'chicken with rice soup'), ('2 cups', 'rice'), ('2', 'eggs'), ('1 teaspoon dried', 'marjoram'), ('salt and ground black pepper to taste', ''), ('1 (10.75 ounce) can', 'golden mushroom soup')]"
Baked Swedish Rice Pudding,"[('4 cups', 'milk'), ('0.5 cup', 'long grain rice'), ('0.5 teaspoon', 'salt'), ('4', 'egg yolks'), ('0.5 cup', 'sugar'), ('2 tablespoons', 'butter'), ('1 teaspoon', 'vanilla extract'), ('4', 'egg whites'), ('3 tablespoons', 'sugar')]"
Disney&#39;s Ratatouille,"[('1 (6 ounce) can', 'tomato paste'), ('0.5', 'onion'), ('0.25 cup minced', 'garlic'), ('0.75 cup', 'water'), ('4 tablespoons', 'olive oil'), ('salt and ground black pepper to taste', ''), ('1 small', 'eggplant'), ('1', 'zucchini'), ('1', 'yellow squash'), ('1', 'red bell pepper'), ('1', 'yellow bell pepper'), ('1 teaspoon', 'thyme leaves'), ('3 tablespoons', 'mascarpone cheese')]"
Filipino Pork Adobo,"[('1 cup', 'distilled white vinegar'), ('1 cup', 'soy sauce'), ('0.5 cup', 'ketchup'), ('1 tablespoon minced', 'garlic'), ('3', 'bay leaves'), ('1 teaspoon fresh-ground', 'black pepper'), ('2.5 pounds', 'lean pork'), ('1 pound', 'green beans')]"
Vegan Puerto Rican Empanadas,"[('2 cups', 'water'), ('1 cup', 'textured vegetable protein'), ('2 tablespoons', 'soy sauce'), ('3 cloves', 'garlic'), ('1 (1.41 ounce) package', 'sazon seasoning'), ('1 teaspoon', 'adobo sauce'), ('0.5 teaspoon dried', 'oregano'), ('0.5 teaspoon ground', 'cumin'), ('0.25 teaspoon', 'cayenne pepper'), ('2 dashes', 'liquid smoke'), ('2 tablespoons', 'tomato paste'), ('3 cups', 'all-purpose flour'), ('1 teaspoon', 'salt'), ('0.5 teaspoon', 'baking powder'), ('0.5 teaspoon', 'baking soda'), ('1 cup warm', 'water'), ('0.25 cup', 'vegetable oil'), ('1 (8 ounce) package shredded', 'vegan white cheese'), ('1 cup', 'vegetable oil')]"
Elk Steak Marinade,"[('3 tablespoons', 'canola oil'), ('2 tablespoons minced', 'onion'), ('1 tablespoon', 'lemon juice'), ('1 tablespoon', 'Worcestershire sauce'), ('1 tablespoon', 'soy sauce'), ('1 teaspoon', 'garlic powder'), ('0.5 teaspoon ground', 'black pepper'), ('1.5 pounds', 'elk steak')]"
Pork Chops Italiano,"[('1 teaspoon', 'olive oil'), ('2 cups sliced', 'mushrooms'), ('2 tablespoons', 'olive oil'), ('6', 'pork loin chops'), ('1 cup chopped', 'onion'), ('2 cloves', 'garlic'), ('1 (14.5 ounce) can', 'Italian tomatoes'), ('1 teaspoon dried', 'basil'), ('0.5 teaspoon dried', 'oregano'), ('0.5 teaspoon', 'salt'), ('0.25 teaspoon ground', 'black pepper'), ('0.5 cup', 'water'), ('6 large', 'green bell pepper')]"
Norwegian Pfeffernerse,"[('1 pound', 'butter'), ('3 cups', 'white sugar'), ('3 teaspoons', ""baker's ammonia""), ('1 cup finely chopped', 'almonds'), ('3.5 cups', 'all-purpose flour')]"
Indian Fish Curry,"[('3 tablespoons', 'canola oil'), ('2 teaspoons', 'Dijon mustard'), ('1 teaspoon ground', 'black pepper'), ('1.5 teaspoons', 'salt'), ('4', 'white fish fillets'), ('1 medium', 'onion'), ('4 cloves', 'garlic'), ('1 (1 inch) piece', 'ginger root'), ('5', 'cashew halves'), ('2 teaspoons', 'cayenne pepper'), ('1 teaspoon ground', 'cumin'), ('1 teaspoon ground', 'coriander'), ('1 teaspoon', 'sugar'), ('0.5 teaspoon ground', 'turmeric'), ('0.5 cup chopped', 'tomato'), ('0.25 cup', 'vegetable broth'), ('0.25 cup chopped fresh', 'cilantro')]"
Vietnamese Lemongrass Chicken Curry,"[('2 tablespoons', 'vegetable oil'), ('1', 'lemon grass'), ('1 (3 pound) whole', 'chicken'), ('0.66666668653488 cup', 'water'), ('1 tablespoon', 'fish sauce'), ('1.5 tablespoons', 'curry powder'), ('1 tablespoon', 'cornstarch'), ('1 tablespoon chopped', 'cilantro')]"
Thai Chicken Curry in Coconut Milk,"[('1 tablespoon', 'vegetable oil'), ('1 teaspoon', 'curry paste'), ('1.25 pounds', 'chicken breast meat'), ('1', 'onion'), ('1', 'red bell pepper'), ('1 tablespoon grated', 'lemon zest'), ('1 cup light', 'coconut milk'), ('1 tablespoon', 'fish sauce'), ('1 tablespoon fresh', 'lemon juice'), ('0.33333334326744 cup chopped fresh', 'cilantro')]"
Chicken Saag,"[('0.25 cup', 'vegetable oil'), ('1 (3 pound) whole', 'chicken'), ('2 pounds fresh', 'spinach'), ('0.25 cup', 'water'), ('2 large', 'onions'), ('5 cloves', 'garlic'), ('1 (1 inch) piece', 'ginger root'), ('1 (14.5 ounce) can', 'tomatoes'), ('1 teaspoon ground', 'coriander'), ('1 teaspoon', 'salt'), ('0.5 teaspoon', 'cayenne pepper'), ('0.5 teaspoon ground', 'turmeric'), ('2', 'cardamom pods'), ('2 whole', 'cloves'), ('1 tablespoon', 'water'), ('0.25 cup', 'milk'), ('1 teaspoon', 'garam masala'), ('6 tablespoons', 'sour cream'), ('2 tablespoons', 'butter')]"
Finnish Pancakes,"[('1 cup', 'milk'), ('2 tablespoons', 'butter'), ('2', 'eggs'), ('0.5 cup', 'all-purpose flour'), ('1 teaspoon', 'baking powder'), ('0.5 teaspoon', 'vanilla extract'), ('0.5 teaspoon', 'salt')]"
Rabo Encendido (Cuban Oxtail Stew),"[('1.5 cups', 'vino seco'), ('0.25 cup', 'olive oil'), ('1 teaspoon', 'salt'), ('4 pounds', 'beef oxtails'), ('2 tablespoons', 'olive oil'), ('2', 'potatoes'), ('2 cups diced', 'onion'), ('1 cup diced', 'carrots'), ('6 cloves', 'garlic'), ('0.5 teaspoon', 'salt'), ('0.25 cup', 'green olives'), ('3', 'bay leaves'), ('2 teaspoons', 'Miami-style sazon seasoning'), ('0.5 (.18 ounce) packet', 'sazon seasoning'), ('0.5 teaspoon', 'allspice'), ('2 (15 ounce) cans', 'tomato sauce'), ('3 cups', 'chicken broth')]"
German Currywurst,"[('3 (15 ounce) cans', 'tomato sauce'), ('1 pound', 'kielbasa'), ('2 tablespoons', 'chili sauce'), ('0.5 teaspoon', 'onion salt'), ('1 tablespoon', 'sugar'), ('1 teaspoon ground', 'black pepper'), ('1 pinch', 'paprika'), ('to taste', 'Curry powder')]"
Rice Cooker Spanish Rice,"[('1 (14.5 ounce) can', 'tomatoes'), ('2 cups uncooked', 'white rice'), ('1 cup', 'tomato sauce'), ('1 cup', 'chicken broth'), ('1 cup', 'corn'), ('0.5 cup crumbled cooked', 'bacon'), ('0.5 cup chopped', 'onion'), ('0.5 cup chopped', 'red bell pepper'), ('0.5 cup chopped', 'black olives'), ('0.33333334326744 cup', 'salsa'), ('2 teaspoons', 'chili powder'), ('1 teaspoon', 'cumin')]"
Old-Time Mincemeat Pie,"[('1.25 pounds', 'round steak'), ('1 cup', 'apple cider'), ('4', 'Granny Smith apples'), ('2.5 cups dried', 'currants'), ('2.5 cups', 'raisins'), ('1 (16 ounce) jar', 'sour cherry preserves'), ('1.3333333730698 cups', 'white sugar'), ('0.5 pound chopped', 'candied mixed fruit peel'), ('0.5 cup', 'butter'), ('1 teaspoon ground', 'ginger'), ('0.5 teaspoon ground', 'cloves'), ('0.5 teaspoon ground', 'nutmeg'), ('0.5 teaspoon ground', 'cinnamon'), ('0.5 teaspoon', 'salt'), ('1 (16 ounce) can', 'sour cherries'), ('1 recipe', 'pastry'), ('2 tablespoons', 'heavy cream'), ('', 'sugar')]"
"Strawberry, Ginger, and Mint Sekanjabin","[('4 cups', 'white sugar'), ('2 cups', 'water'), ('12 ounces', 'strawberries'), ('1 cup chopped fresh', 'mint'), ('0.5 cup sliced fresh', 'ginger'), ('2', 'lemons'), ('1 cup', 'white balsamic vinegar')]"
Turkish Kebabs,"[('2 large', 'onions'), ('2', 'garlic cloves'), ('0.5 cup', 'olive oil'), ('2 tablespoons', 'lemon juice'), ('1 teaspoon dried', 'oregano'), ('1 teaspoon ground', 'black pepper'), ('0.5 teaspoon ground', 'turmeric'), ('1 pinch', 'curry powder'), ('1 teaspoon', 'salt'), ('1 pound', 'beef flank steak'), ('8 ounces', 'sour cream'), ('2 tablespoons', 'olive oil'), ('1 tablespoon', 'lemon juice'), ('0.5 teaspoon', 'salt'), ('0.5 teaspoon ground', 'black pepper'), ('1 tablespoon chopped fresh', 'dill'), ('1 clove', 'garlic'), ('6', 'pita bread rounds')]"
Vegan Turkish Red Lentil Soup,"[('2 tablespoons', 'olive oil'), ('2 large', 'onions'), ('2 teaspoons', 'salt'), ('2 sprigs', 'thyme'), ('8 cloves', 'garlic'), ('2 teaspoons', 'cumin'), ('2', 'Turkish bay leaves'), ('6 cups', 'vegetable broth'), ('1 (28 ounce) can', 'tomatoes'), ('2 cups', 'red lentils'), ('1.5 tablespoons', 'tomato paste'), ('2 tablespoons dried', 'oregano'), ('1 teaspoon ground', 'black pepper'), ('2 cups', 'water'), ('4 tablespoons chopped', 'flat-leaf parsley'), ('1', 'lemon')]"
ANZAC Biscuits with Almonds,"[('2 cups', 'quick cooking oats'), ('1.75 cups', 'all-purpose flour'), ('1 cup', 'sugar'), ('0.5 cup sliced', 'almonds'), ('1 cup melted', 'butter'), ('2 tablespoons', 'golden syrup'), ('2 tablespoons', 'water'), ('1 teaspoon', 'baking soda')]"
Cuban-Style Mojo Shrimp,"[('0.5 cup', 'lime juice'), ('0.25 cup', 'orange juice'), ('0.25 cup', 'grapefruit juice'), ('0.25 cup', 'lemon juice'), ('0.25 cup', 'vinegar'), ('0.25 cup', 'extra-virgin olive oil'), ('5 cloves', 'garlic'), ('0.5 teaspoon dried', 'Mexican oregano'), ('0.25 teaspoon', 'red pepper flakes'), ('0.25 teaspoon ground', 'cumin'), ('1 pinch', 'salt'), ('1 pound', 'shrimp'), ('2 tablespoons chopped fresh', 'cilantro')]"
Faworki (Polish Chrusciki),"[('2.5 cups', 'all-purpose flour'), ('6', 'egg yolks'), ('3 tablespoons', 'sour cream'), ('2 tablespoons', 'sugar'), ('2 tablespoons', 'butter'), ('1 tablespoon', 'rum'), ('1 pinch', 'salt'), ('2 cups', 'vegetable oil'), ('0.5 cup', ""confectioners' sugar"")]"
Chicken In Coconut Sauce,"[('1 (15 ounce) can', 'cream of coconut'), ('1 cup hot', 'water'), ('3 tablespoons', 'vegetable oil'), ('4', 'chicken breast halves'), ('1 tablespoon', 'lemon juice'), ('1 teaspoon ground', 'ginger'), ('1 teaspoon', 'chili powder'), ('to taste', 'salt and pepper'), ('2', 'onions'), ('3 cloves', 'garlic')]"
Tut (Persian Marzipan),"[('1 cup blanched', 'almond flour'), ('0.5 cup', 'sugar'), ('0.5 teaspoon ground', 'cardamom'), ('2 tablespoons', 'rose water'), ('0.25 cup', 'sugar'), ('2 tablespoons raw', 'pistachios')]"
Easy Swedish Pancakes,"[('4', 'eggs'), ('2 cups', 'milk'), ('0.5 cup', 'all-purpose flour'), ('1 tablespoon', 'sugar'), ('1 pinch', 'salt'), ('2 tablespoons melted', 'butter')]"
Chicken Massaman Curry,"[('2 tablespoons', 'vegetable oil'), ('3 tablespoons', 'curry paste'), ('1 (3/4 inch thick) slice', 'ginger'), ('1.25 pounds', 'chicken breast meat'), ('0.33333334326744 cup', 'peanut butter'), ('3 tablespoons', 'brown sugar'), ('3 tablespoons', 'fish sauce'), ('3 tablespoons', 'tamarind paste'), ('3 cups peeled, cubed', 'potatoes'), ('1 (13.5 ounce) can', 'coconut milk'), ('3 tablespoons fresh', 'lime juice')]"
Indian Chapati Bread,"[('1 cup', 'whole wheat flour'), ('1 cup', 'all-purpose flour'), ('1 teaspoon', 'salt'), ('0.75 cup', 'water'), ('2 tablespoons', 'olive oil')]"
Karelian Pies (Karjalanpiirakka),"[('2 cups', 'water'), ('1 cup uncooked', 'white rice'), ('2 cups', 'milk'), ('to taste', 'salt'), ('0.5 cup', 'water'), ('1 teaspoon', 'salt'), ('1 cup', 'rye flour'), ('0.25 cup', 'all-purpose flour'), ('3 tablespoons', 'butter')]"
Sex-in-a-Pan,"[('1 cup', 'all-purpose flour'), ('0.25 cup', 'sugar'), ('0.5 cup', 'margarine'), ('2 (8 ounce) packages', 'cream cheese'), ('0.5 cup', ""confectioners' sugar""), ('2 cups', 'whipped topping'), ('3 cups', 'milk'), ('1 (5.9 ounce) package', 'instant chocolate pudding mix'), ('1 (5 ounce) package', 'instant vanilla pudding mix'), ('1 cup cold', 'heavy whipping cream'), ('12', 'chocolate wafer cookies')]"
South African Brown Pudding,"[('2 cups', 'white sugar'), ('4', 'eggs'), ('2 cups', 'flour'), ('2 teaspoons', 'baking powder'), ('2 teaspoons', 'baking soda'), ('0.5 teaspoon', 'salt'), ('3 tablespoons', 'distilled white vinegar'), ('2 tablespoons', 'apricot jam'), ('2 cups', 'milk'), ('1 cup', 'sugar'), ('1 cup', 'water'), ('1 cup', 'milk'), ('0.5 cup', 'butter or margarine'), ('2 teaspoons', 'vanilla')]"
Apple Walnut Canadian Butter Tarts,"[('cooking', 'spray'), ('for dusting', 'flour'), ('1 pound', 'pie crust'), ('2 cups', 'apple juice'), ('0.75 cup packed', 'brown sugar'), ('6 tablespoons', 'unsalted butter'), ('1 large', 'egg'), ('1 tablespoon', 'whipping cream'), ('0.5 teaspoon', 'vanilla extract'), ('1 pinch', 'salt'), ('0.5 cup chopped', 'walnuts')]"
Duck Fesenjan,"[('8', 'duck legs'), ('salt and freshly ground black pepper to taste', ''), ('2 tablespoons', 'vegetable oil'), ('0.25 cup', 'water'), ('3 tablespoons', 'olive oil'), ('2 cups diced', 'yellow onion'), ('1 teaspoon ground', 'turmeric'), ('0.5 teaspoon ground', 'cinnamon'), ('0.125 teaspoon ground', 'nutmeg'), ('6 cups', 'chicken broth'), ('0.66666668653488 cup', 'pomegranate molasses'), ('0.25 cup', 'honey'), ('3 cups', 'walnut halves')]"
Easy Brazilian Black Bean Stew,"[('2 strips', 'bacon'), ('0.5 cup minced', 'onion'), ('0.5 cup minced', 'green bell pepper'), ('2 tablespoons chopped fresh', 'cilantro'), ('2 cloves', 'garlic'), ('1', 'bay leaf'), ('2 (15 ounce) cans', 'black beans'), ('0.5 cup', 'chicken broth'), ('1 teaspoon', 'vinegar'), ('salt and ground black pepper to taste', ''), ('1 dash', 'hot sauce')]"
"Big Ray&#39;s White Bean, Kale, and Kielbasa Soup","[('1 bunch', 'kale'), ('1 tablespoon', 'olive oil'), ('8 ounces', 'kielbasa sausage'), ('1 bunch', 'green onions'), ('3 cups', 'chicken broth'), ('1 (15.5 ounce) can', 'white beans'), ('0.5 teaspoon', 'salt'), ('1 pinch', 'black pepper'), ('1 pinch grated', 'Parmesan cheese')]"
Boliche (Cuban Pot Roast),"[('4 pounds', 'beef eye of round roast'), ('2 (4 ounce) links', 'chorizo sausage'), ('6 cloves', 'garlic'), ('0.5 teaspoon', 'oregano'), ('0.125 teaspoon', 'paprika'), ('salt and ground black pepper to taste', ''), ('0.5 cup', 'orange juice'), ('0.25 cup', 'lime juice'), ('0.25 cup', 'lemon juice'), ('0.5 cup', 'olive oil'), ('2 large', 'onions'), ('3 cups', 'beef broth'), ('1 cup', 'sherry'), ('2', 'bay leaves'), ('4', 'potatoes')]"
Authentic Filipino Pancit,"[('4', 'chicken thighs'), ('1 (8 ounce) package', 'rice noodles'), ('2 tablespoons', 'soy-based liquid seasoning'), ('3 tablespoons', 'olive oil'), ('1 tablespoon', 'sesame oil'), ('3 cloves', 'garlic'), ('1 medium', 'onion'), ('0.5 large head', 'cabbage'), ('2', 'carrots'), ('1 teaspoon', 'garlic salt')]"
Deep Fried Corn Meal Sticks (Sorullitos de Maiz) with Dipping Sauce,"[('2 cups', 'water'), ('3 tablespoons', 'white sugar'), ('1 tablespoon', 'butter'), ('1 teaspoon', 'salt'), ('1.5 cups', 'cornmeal'), ('3 cups', 'vegetable oil'), ('', 'vegetable oil'), ('0.5 cup', 'mayonnaise'), ('0.25 cup', 'ketchup'), ('1 pinch', 'garlic salt')]"
Sausage Rolls,"[('1 pound', 'pork'), ('2 tablespoons finely minced', 'onion'), ('1 clove', 'garlic'), ('1 tablespoon minced fresh', 'sage'), ('1 tablespoon', 'bread crumbs'), ('1.25 teaspoons', 'kosher salt'), ('0.5 teaspoon freshly ground', 'black pepper'), ('0.25 teaspoon ground', 'coriander'), ('0.25 teaspoon', 'thyme'), ('0.125 teaspoon', 'cayenne pepper'), ('0.125 teaspoon freshly grated', 'nutmeg'), ('1', 'egg'), ('1 teaspoon', 'water'), ('1 sheet', 'puff pastry'), ('2 teaspoons', 'Sesame seeds')]"
Spicy Tuna Rolls,"[('4 sheets', 'nori'), ('0.5 pound', 'sashimi-grade tuna'), ('4 tablespoons', 'mayonnaise'), ('2', 'green onions'), ('1 tablespoon', 'chile sauce'), ('2.5 cups', 'sushi rice'), ('1 tablespoon', 'sesame seeds')]"
Kalimotxo (Calimocho),"[('for serving', 'ice cubes'), ('0.5 cup', 'red wine'), ('0.5 cup', 'cola'), ('1', 'lemon slice')]"
Yummy Matzo Rolls,"[('2 cups', 'water'), ('1 teaspoon', 'salt'), ('0.25 cup', 'vegetable oil'), ('0.25 cup', 'margarine'), ('2 cups', 'matzo cake meal'), ('6', 'egg')]"
Chinese Pepper Steak,"[('1 pound', 'beef top sirloin steak'), ('0.25 cup', 'soy sauce'), ('2 tablespoons', 'white sugar'), ('2 tablespoons', 'cornstarch'), ('0.5 teaspoon ground', 'ginger'), ('3 tablespoons', 'vegetable oil'), ('1', 'red onion'), ('1', 'green bell pepper'), ('2', 'tomatoes')]"
Chicken Tinola,"[('1 tablespoon', 'cooking oil'), ('1 medium', 'onion'), ('2 cloves', 'garlic'), ('1 (1 1/2 inch) piece', 'ginger'), ('1 tablespoon', 'fish sauce'), ('3 pounds', 'chicken legs and thighs'), ('2 (14 ounce) cans', 'chicken broth'), ('1', 'chayote squash'), ('salt and ground black pepper to taste', ''), ('1 head', 'bok choy'), ('1 (8 ounce) package', 'spinach')]"
Quesitos (Puerto Rican Cheese-Stuffed Puff Pastry),"[('1 (8 ounce) package', 'cream cheese'), ('1 cup', 'sugar'), ('1 (17.3 ounce) package', 'puff pastry'), ('1 tablespoon', 'corn syrup')]"
3-Ingredient Lemon Scones,"[('cooking', 'spray'), ('3 cups', 'self-rising flour'), ('1 cup', 'lemon-flavored soda'), ('1 cup', 'heavy cream')]"
Greek Butter Cookies,"[('1 cup', 'butter'), ('0.75 cup', 'sugar'), ('1', 'egg'), ('0.5 teaspoon', 'vanilla extract'), ('0.5 teaspoon', 'almond extract'), ('2.25 cups', 'all-purpose flour'), ('0.5 cup', ""confectioners' sugar"")]"
Portuguese Pork Alentejana,"[('1.5 cups', 'white wine'), ('1 teaspoon', 'paprika'), ('2.5 teaspoons', 'salt'), ('0.25 teaspoon', 'black pepper'), ('2 cloves', 'garlic'), ('1', 'bay leaf'), ('2 pounds', 'pork loin'), ('3 teaspoons', 'olive oil'), ('2', 'onions'), ('2 teaspoons finely chopped', 'garlic'), ('2', 'tomatoes'), ('0.25 teaspoon', 'red pepper flakes'), ('24 small', 'clams'), ('0.25 cup chopped fresh', 'parsley')]"
Classic Chicken Pad Thai,"[('10 ounces dried', 'rice noodles'), ('4 tablespoons', 'brown sugar'), ('4 tablespoons', 'soy sauce'), ('6 tablespoons', 'fish sauce'), ('5 tablespoons', 'tamarind paste'), ('2 tablespoons', 'vegetable oil'), ('12 ounces', 'chicken breast'), ('1 (7 ounce) package', 'tofu'), ('3 cloves', 'garlic'), ('1 tablespoon', 'shrimp paste'), ('3', 'eggs'), ('2 tablespoons chopped', 'spring onions'), ('0.75 cup', 'peanuts'), ('2 cups', 'bean sprouts'), ('1', 'lime')]"
Vietnamese Lemongrass Beef and Noodles,"[('1 (8 ounce) package', 'rice vermicelli noodles'), ('0.33333334326744 cup minced', 'lemongrass'), ('2 tablespoons', 'soy-based liquid seasoning'), ('1 tablespoon', 'sherry'), ('1 tablespoon', 'brown sugar'), ('3 cloves', 'garlic'), ('1 pound', 'flank steak'), ('2 tablespoons warm', 'water'), ('2 tablespoons', 'sugar'), ('0.5 medium', 'lemon'), ('0.25 cup', 'fish sauce'), ('2 fresh red', 'Thai chile peppers'), ('2 cloves', 'garlic'), ('1 bunch', 'Thai basil leaves'), ('1 bunch', 'cilantro'), ('1 cup fresh', 'bean sprouts')]"
Butter Tarts,"[('30 (2 inch) unbaked', 'tart shells'), ('1.5 cups packed', 'brown sugar'), ('0.5 cup', 'butter'), ('2', 'eggs'), ('2 cups', 'raisins'), ('1 cup chopped', 'walnuts'), ('2 tablespoons', 'heavy cream')]"
Lebanese Easter Cookies,"[('1.5 pounds', 'butter'), ('4 cups', 'white sugar'), ('1 cup', 'water'), ('9 cups', 'semolina flour'), ('8 cups', 'all-purpose flour'), ('0.25 cup', 'black sesame seeds'), ('1.5 tablespoons', 'quick rise yeast'), ('1 teaspoon', 'cinnamon'), ('1 teaspoon ground', 'mahleb'), ('0.5 teaspoon freshly grated', 'nutmeg'), ('0.5 teaspoon ground', 'cloves'), ('0.5 teaspoon ground', 'cardamom'), ('0.5 teaspoon', 'allspice'), ('cooking', 'spray'), ('0.25 cup', 'rose water'), ('0.25 cup', 'orange flower water'), ('1 cup warm', 'water')]"
Apfelkuchen (Apple Cake),"[('2.25 cups sifted', 'all-purpose flour'), ('1.125 cups warm', 'milk'), ('0.25 cup', 'sugar'), ('1 (.25 ounce) package', 'active dry yeast'), ('6 tablespoons', 'butter'), ('1 tablespoon', 'vanilla extract'), ('1 pinch', 'salt'), ('3 large', 'apples'), ('1 cup', 'sugar'), ('0.75 cup sifted', 'all-purpose flour'), ('2 ounces', 'candied lemon peel'), ('0.5 teaspoon ground', 'cinnamon'), ('0.25 teaspoon ground', 'nutmeg'), ('1 pinch', 'salt'), ('0.5 cup', 'butter')]"
Shakshuka (Middle Eastern Breakfast Dish),"[('2 teaspoons', 'vegetable oil'), ('2 cloves', 'garlic'), ('1', 'onion'), ('1', 'zucchini'), ('1 (10 ounce) can', 'tomatoes'), ('4 dashes', 'hot pepper sauce'), ('4', 'eggs'), ('1 pinch', 'salt')]"
Thai Red Chicken Curry,"[('2 teaspoons', 'olive oil'), ('1 pound', 'chicken breast'), ('1 tablespoon', 'Thai red curry paste'), ('1 cup sliced', 'zucchini'), ('1', 'red bell pepper'), ('0.5 cup sliced', 'carrots'), ('1', 'onion'), ('1 tablespoon', 'cornstarch'), ('1 (14 ounce) can', 'coconut milk'), ('2 tablespoons chopped fresh', 'cilantro')]"
Machhere Jhol (Bengali Fish Curry),"[('2 large', 'tomatoes'), ('2 teaspoons', 'cumin'), ('1 tablespoon ground', 'turmeric'), ('0.5 teaspoon', 'salt'), ('2 cups', 'water'), ('1 tablespoon', 'vegetable oil'), ('2 pounds', 'whitefish fillets'), ('0.5 teaspoon', 'mustard seeds'), ('0.5 teaspoon', 'cumin seeds'), ('0.5 teaspoon', 'black cumin seeds'), ('0.25 teaspoon', 'fennel seeds'), ('0.25 teaspoon', 'fenugreek seeds')]"
Simple Slow-Cooked Korean Beef Soft Tacos,"[('1 (3 pound)', 'beef chuck roast'), ('0.5 medium', 'onion'), ('0.5 cup', 'dark brown sugar'), ('0.33333334326744 cup', 'soy sauce'), ('10 cloves', 'garlic'), ('1 medium', 'jalapeno pepper'), ('1 (1 inch) piece', 'ginger root'), ('2 tablespoons', 'seasoned rice vinegar'), ('1 tablespoon', 'sesame oil'), ('to taste', 'salt and ground black pepper'), ('16 (6 inch)', 'corn tortillas')]"
Lamb (Gosht) Biryani,"[('2.5 cups', 'basmati rice'), ('0.25 cup', 'cooking oil'), ('8 whole', 'cloves'), ('4', 'black cardamom pods'), ('4', 'cinnamon sticks'), ('4 large', 'onions'), ('1 tablespoon', 'garlic paste'), ('1 tablespoon', 'ginger paste'), ('0.25 cup chopped fresh', 'cilantro leaves'), ('3 tablespoons chopped fresh', 'mint leaves'), ('1 pound', 'lamb chops'), ('to taste', 'salt'), ('3', 'tomatoes'), ('4', 'green chile peppers'), ('2 teaspoons ground', 'red pepper'), ('2 tablespoons', 'yogurt'), ('2 tablespoons', 'lemon juice'), ('7.5 cups', 'water'), ('1 teaspoon', 'salt'), ('1 tablespoon', 'vegetable oil'), ('1', 'onion'), ('0.5 teaspoon', 'saffron'), ('2 tablespoons warm', 'milk')]"
Sweet and Sour Red Cabbage,"[('1 medium head', 'red cabbage'), ('1 quart', 'water'), ('to taste', 'salt'), ('0.5 cup', 'brown sugar'), ('1 tablespoon', 'caraway seeds'), ('0.5 cup', 'vinegar'), ('0.25 cup', 'butter')]"
Skillet Chicken Bulgogi,"[('0.25 cup chopped', 'onion'), ('5 tablespoons', 'soy sauce'), ('2.5 tablespoons', 'brown sugar'), ('2 tablespoons minced', 'garlic'), ('2 tablespoons', 'sesame oil'), ('1 tablespoon', 'sesame seeds'), ('0.5 teaspoon', 'cayenne'), ('to taste', 'salt and ground black pepper'), ('1 pound', 'chicken breasts')]"
Vietnamese Lemongrass Chicken,"[('2 tablespoons', 'canola oil'), ('2 tablespoons finely chopped', 'lemongrass'), ('1 tablespoon', 'lemon juice'), ('2 teaspoons', 'soy sauce'), ('2 teaspoons', 'light brown sugar'), ('2 teaspoons minced', 'garlic'), ('1 teaspoon', 'fish sauce'), ('1.5 pounds', 'chicken thighs')]"
Chef John&#39;s Pavlova with Strawberries,"[('0.75 cup', 'sugar'), ('2 teaspoons', 'cornstarch'), ('3', 'egg whites'), ('1 teaspoon', 'vanilla extract'), ('0.75 teaspoon', 'white vinegar'), ('2 cups', 'heavy cream'), ('3 tablespoons', ""confectioners' sugar""), ('1 pint', 'strawberries')]"
Spanakopita (Greek Spinach Pie),"[('3 tablespoons', 'olive oil'), ('1 large', 'onion'), ('1 bunch', 'green onions'), ('2 cloves', 'garlic'), ('2 pounds', 'spinach'), ('0.5 cup chopped fresh', 'parsley'), ('1 cup crumbled', 'feta cheese'), ('0.5 cup', 'ricotta cheese'), ('2 large', 'eggs'), ('8 sheets', 'phyllo dough'), ('0.25 cup', 'olive oil')]"
Quiche Lorraine,"[('12 slices', 'bacon'), ('1 cup shredded', 'Swiss cheese'), ('0.33333334326744 cup minced', 'onion'), ('1 (9 inch) prepared', 'pie crust'), ('2 cups', 'light cream'), ('4 large', 'eggs'), ('0.75 teaspoon', 'salt'), ('0.25 teaspoon', 'white sugar'), ('0.125 teaspoon', 'cayenne pepper')]"
Russian Cabbage Rolls with Gravy,"[('1 medium head', 'cabbage'), ('2.5 cups', 'water'), ('0.75 cup uncooked', 'white rice'), ('3 tablespoons', 'vegetable oil'), ('2', 'onions'), ('1 pound', 'beef'), ('0.75 pound', 'pork'), ('salt and ground black pepper to taste', ''), ('3', 'carrots'), ('3 tablespoons', 'tomato paste'), ('2 tablespoons', 'sour cream'), ('1 teaspoon dried', 'mixed herbs')]"
Newfoundland Jigg&#39;s Dinner,"[('1 (3 pound) boneless', 'corned beef brisket'), ('1.5 cups', 'yellow split peas'), ('1 large head', 'cabbage'), ('1 medium', 'turnip'), ('6', 'carrots'), ('6 large', 'potatoes'), ('2 tablespoons', 'butter'), ('0.5 teaspoon', 'black pepper'), ('1.5 cups', 'all-purpose flour'), ('2 teaspoons', 'white sugar'), ('2 teaspoons', 'baking powder'), ('0.75 cup', 'water')]"
Eclairs,"[('1 cup', 'water'), ('0.5 cup', 'butter'), ('1 cup', 'all-purpose flour'), ('0.25 teaspoon', 'salt'), ('4 large', 'eggs'), ('2.5 cups cold', 'milk'), ('1 (5 ounce) package', 'instant vanilla pudding mix'), ('1 cup', 'heavy cream'), ('0.25 cup', ""confectioners' sugar""), ('1 teaspoon', 'vanilla extract'), ('2 (1 ounce) squares', 'semisweet chocolate'), ('2 tablespoons', 'butter'), ('1 cup', ""confectioners' sugar""), ('1 teaspoon', 'vanilla extract'), ('3 tablespoons', 'water')]"
"Slow Cooker Pork, Sauerkraut, and Beer","[('cooking', 'spray'), ('1 (2 pound) boneless', 'pork loin roast'), ('to taste', 'salt and ground black pepper'), ('1 (32 ounce) jar', 'sauerkraut'), ('0.5 (12 fluid ounce) can or bottle', 'light beer'), ('0.25 cup lightly packed', 'brown sugar'), ('1 small', 'onion'), ('1 tablespoon', 'butter')]"
Malasadas Dois,"[('1 teaspoon', 'Sugar'), ('0.25 cup warm', 'water'), ('1 (.25 ounce) envelope', 'active dry yeast'), ('4', 'eggs'), ('1 teaspoon', 'salt'), ('4 cups', 'all-purpose flour'), ('1 cup', 'sugar'), ('1 cup lukewarm', 'milk'), ('0.75 cup', 'butter or margarine'), ('1 quart', 'vegetable oil'), ('1 cup', 'white sugar')]"
Puerto Rican Sancocho,"[('3 tablespoons', 'olive oil'), ('1 large', 'onion'), ('5 cloves', 'garlic'), ('3 sprigs', 'cilantro'), ('0.25 teaspoon ground', 'white pepper'), ('1 pinch', 'oregano'), ('to taste', 'salt'), ('1.5 pounds', 'beef stew meat'), ('2 quarts', 'water'), ('0.5 (6.5 ounce) can', 'tomato sauce'), ('2 cubes', 'beef bouillon'), ('1 cup', 'green beans'), ('2', 'carrots'), ('0.33333334326744 cup chopped', 'celery'), ('1 large', 'chayote squash'), ('1 (15.5 ounce) can', 'small white beans'), ('0.5 head', 'cabbage'), ('1', 'green banana'), ('1', 'yellow plantain'), ('5 large', 'llautias'), ('6', 'potatoes'), ('0.5 cup chopped peeled', 'pumpkin'), ('2 ears', 'corn'), ('0.33333334326744 cup chopped', 'green bell pepper')]"
Perfect Pot Stickers,"[('1 pound', 'pork'), ('4 cloves minced', 'garlic'), ('0.5 cup finely chopped', 'green onions'), ('3 tablespoons very finely minced', 'ginger'), ('2 tablespoons', 'soy sauce'), ('1 teaspoon', 'soy sauce'), ('1 teaspoon', 'sesame oil'), ('1 pinch', 'cayenne pepper'), ('1.5 cups finely chopped', 'green cabbage'), ('2.5 cups', 'all-purpose flour'), ('0.75 teaspoon', 'kosher salt'), ('1 cup', 'water'), ('0.25 cup', 'rice vinegar'), ('0.25 cup', 'soy sauce'), ('6 tablespoons', 'vegetable oil'), ('8 tablespoons', 'water')]"
Chocolate Babka,"[('0.75 cup', 'milk'), ('0.25 cup', 'butter'), ('2 cups', 'bread flour'), ('2 cups', 'all-purpose flour'), ('2 teaspoons', 'active dry yeast'), ('0.25 cup', 'sugar'), ('0.25 cup', 'water'), ('1 large', 'egg'), ('0.75 teaspoon', 'salt'), ('5 (1 ounce) squares', 'semisweet chocolate'), ('1.5 teaspoons ground', 'cinnamon'), ('0.33333334326744 cup', 'white sugar'), ('0.25 cup', 'butter'), ('0.25 cup', ""confectioners' sugar""), ('0.25 cup', 'all-purpose flour'), ('0.25 cup', 'butter'), ('1 large', 'egg'), ('1 tablespoon', 'water')]"
South African Malvapoeding (Marshmallow Pudding),"[('0.5 cup', 'milk'), ('2 tablespoons', 'butter'), ('1 teaspoon', 'distilled white vinegar'), ('1.3333333730698 cups', 'cake flour'), ('1 teaspoon', 'baking soda'), ('1 pinch', 'salt'), ('1 cup', 'superfine sugar'), ('2', 'eggs'), ('1 tablespoon', 'apricot jelly'), ('1 cup', 'heavy cream'), ('0.5 cup', 'butter'), ('0.5 cup', 'sugar'), ('0.5 cup', 'water, orange juice, or sherry')]"
Indian Lassi,"[('ice', 'cubes'), ('1.75 cups', 'yogurt'), ('1.5 cups', 'water'), ('6 cubes', 'ice'), ('2 teaspoons', 'white sugar'), ('1 pinch', 'salt')]"
Instant Pot Thai Chicken Soup,"[('4', 'carrots'), ('1 medium', 'red bell pepper'), ('2.5 cups sliced', 'shiitake mushrooms'), ('12 ounces', 'chicken breasts'), ('2 tablespoons', 'Thai red curry paste'), ('2 tablespoons', 'sugar'), ('1 (32 ounce) carton', 'Swanson® Chicken Broth'), ('1 (14 ounce) can', 'coconut milk'), ('2 tablespoons', 'lime juice'), ('1 tablespoon grated', 'lime zest'), ('2 tablespoons chopped fresh', 'cilantro')]"
Fatayer (Lebanese Meat Pies),"[('1 tablespoon', 'vegetable oil'), ('2 pounds', 'round steak'), ('2 large', 'onion'), ('0.5 cup', 'parsley'), ('salt and ground black pepper to taste', ''), ('2 (1 pound) loaves', 'bread dough'), ('1 tablespoon', 'butter')]"
Golabki (Stuffed Cabbage Rolls),"[('1 head', 'cabbage'), ('2 tablespoons', 'butter'), ('1 large', 'onion'), ('1 pound', 'beef'), ('0.5 pound', 'pork'), ('1.5 cups cooked', 'rice'), ('1 teaspoon finely chopped', 'garlic'), ('1 teaspoon', 'salt'), ('0.25 teaspoon', 'black pepper'), ('3 (10.75 ounce) cans', 'condensed tomato soup'), ('2 (12 fluid ounce) cans', 'tomato juice'), ('0.5 cup', 'ketchup')]"
Taramosalata,"[('13 ounces', 'bread'), ('cold water to', 'cover'), ('0.5 cup', 'olive oil'), ('1 small', 'onion'), ('1 large', 'lemon'), ('1 cup', 'tarama')]"
Portuguese Bean Soup II Recipe,"[('2 pounds', 'Portuguese sausage'), ('1 pound', 'ham hocks'), ('1', 'onion'), ('2 quarts', 'water'), ('2', 'carrots'), ('3', 'potatoes'), ('1 small head', 'cabbage'), ('1 (8 ounce) can', 'tomato sauce'), ('2 (15 ounce) cans', 'kidney beans'), ('1 (16 ounce) package', 'macaroni')]"
Jan Hagel Cookies,"[('1 cup', 'butter'), ('1 cup', 'sugar'), ('2 cups', 'all-purpose flour'), ('0.5 teaspoon ground', 'cinnamon'), ('1 large', 'egg'), ('1 teaspoon', 'water'), ('0.5 cup finely chopped', 'walnuts')]"
Butterkuchen,"[('2 (.25 ounce) packages', 'dry yeast'), ('0.5 cup', 'water'), ('0.75 cup', 'milk'), ('0.5 cup', 'sugar'), ('1 teaspoon', 'salt'), ('0.5 cup', 'butter'), ('4 cups', 'all-purpose flour'), ('3', 'eggs'), ('0.5 cup', 'butter'), ('1 cup', 'sugar'), ('0.5 teaspoon ground', 'cinnamon')]"
Finnish-American Flatbread,"[('4 cups warm', 'water'), ('1 teaspoon', 'sugar'), ('2 (.25 ounce) packages', 'active dry yeast'), ('0.75 cup coarse', 'whole wheat flour'), ('0.75 cup coarse', 'whole rye flour'), ('2 teaspoons', 'salt'), ('8 cups', 'bread flour'), ('2 tablespoons', 'butter')]"
Korean Hot Wings,"[('1 cup low-sodium', 'soy sauce'), ('0.75 cup', 'dark brown sugar'), ('0.25 cup', 'ketchup'), ('3 tablespoons', 'barbeque sauce'), ('2 tablespoons minced', 'garlic'), ('1 tablespoon', 'rice wine vinegar'), ('1 tablespoon', 'chile-garlic sauce'), ('1.5 teaspoons ground', 'black pepper'), ('1 teaspoon', 'sesame oil'), ('1 teaspoon grated', 'ginger'), ('1 tablespoon', 'cornstarch'), ('1 tablespoon', 'water'), ('1 quart', 'peanut oil'), ('4 pounds', 'chicken wings'), ('2 tablespoons', 'lemon-pepper seasoning')]"
Russian Sour Cream Cake,"[('3', 'eggs'), ('1 cup', 'sugar'), ('1 cup', 'all-purpose flour'), ('2 tablespoons', 'all-purpose flour'), ('1.75 cups', 'sour cream'), ('1 cup', 'sugar'), ('1 teaspoon', 'lemon juice')]"
Caldo Verde (Portuguese Sausage Kale Soup),"[('12 ounces', 'linguica sausage'), ('1 tablespoon', 'olive oil'), ('1', 'onion'), ('1 pinch', 'salt'), ('3 pounds', 'russet potatoes'), ('2 teaspoons', 'salt'), ('2 quarts', 'chicken broth or water'), ('2 pounds', 'kale'), ('1 pinch', 'cayenne pepper')]"
Bjarne&#39;s Norwegian Meatballs,"[('0.75 cup', 'bread crumbs'), ('0.5 cup', 'milk'), ('2', 'eggs'), ('1 large', 'onion'), ('1 tablespoon grated', 'ginger'), ('1 tablespoon', 'salt'), ('2 teaspoons', 'nutmeg'), ('2 teaspoons minced', 'garlic'), ('1.5 teaspoons ground', 'black pepper'), ('3 pounds 85% lean', 'ground beef'), ('3 tablespoons', 'butter'), ('2 tablespoons minced', 'onion'), ('5 tablespoons', 'all-purpose flour'), ('4 cups', 'beef broth'), ('0.5 cup', 'heavy cream'), ('1 dash', 'cayenne pepper'), ('1 dash', 'white pepper')]"
Easy Three-Ingredient Gluten-Free German Christmas Coconut Cookies,"[('4', 'egg whites'), ('1 cup', 'sugar'), ('2 cups', 'unsweetened coconut flakes')]"
Caldereta (Filipino Beef Stew),"[('3 tablespoons', 'vegetable oil'), ('1.5 pounds cubed', 'beef stew meat'), ('salt and ground black pepper to taste', ''), ('3 cloves', 'garlic'), ('3 cups', 'water'), ('0.5 cup', 'pineapple juice'), ('1', 'onion'), ('1 (14 ounce) can', 'tomato sauce'), ('0.25 cup', 'tomato paste'), ('2 red', 'potatoes'), ('1', 'red bell pepper'), ('1 large', 'carrot'), ('0.5 pound', 'miniature cocktail sausages'), ('1 (8 ounce) can', 'pineapple chunks'), ('1 (6 ounce) can', 'ripe olives'), ('3 large', 'bay leaves'), ('1 tablespoon', 'hot pepper sauce')]"
Korean Fried Chicken Sauce,"[('0.5 cup', 'ketchup'), ('2 green', 'onions'), ('4 cloves', 'garlic'), ('1', 'lemon'), ('2 tablespoons', 'honey'), ('1 tablespoon', 'chile-garlic sauce'), ('1 teaspoon', 'red pepper flakes'), ('0.5 teaspoon freshly ground', 'black pepper'), ('0.25 cup', 'water'), ('1 pinch', 'salt')]"
Vegetable Banh Mi,"[('0.33333334326744 cup', 'carrots'), ('0.33333334326744 cup matchstick-cut', 'jicama'), ('0.25 cup thinly sliced', 'onion'), ('0.75 cup', 'rice vinegar'), ('0.25 cup', 'water'), ('0.25 cup', 'sugar'), ('2 tablespoons', 'fish sauce'), ('1 tablespoon', 'soy sauce'), ('2 teaspoons', 'sriracha sauce'), ('1.5 teaspoons', 'garlic powder'), ('1 teaspoon', 'Chinese five-spice powder'), ('salt and ground black pepper to taste', ''), ('2', 'portobello mushrooms'), ('4 tablespoons', 'mayonnaise'), ('2', 'hoagie rolls'), ('0.25 cup thinly sliced', 'cucumber'), ('1', 'jalapeno pepper'), ('6 sprigs', 'cilantro'), ('2', 'lime wedges')]"
Peruvian Chicken Soup (Aguadito de Pollo),"[('4', 'chicken breast halves'), ('to taste', 'salt and pepper'), ('0.5 cup', 'olive oil'), ('1 medium', 'onion'), ('1 teaspoon minced', 'garlic'), ('1 tablespoon seeded, minced', 'serrano chile'), ('0.5 cup chopped', 'cilantro'), ('1 cup', 'green peas'), ('1 cup', 'corn'), ('0.5', 'red bell pepper'), ('10 cups', 'chicken broth'), ('4', 'Yukon Gold potatoes'), ('1 cup uncooked', 'white rice')]"
Finnish Blueberry Pie,"[('0.75 cup', 'white sugar'), ('0.75 cup', 'butter'), ('1', 'egg'), ('1 teaspoon', 'baking powder'), ('2.25 cups', 'all-purpose flour'), ('0.5 cup', 'milk'), ('2 pints fresh', 'blueberries'), ('0.5 cup', 'white sugar')]"
Korean Fried Chicken,"[('1 pound', 'chicken thighs'), ('0.5', 'onion'), ('4 cloves', 'garlic'), ('1 teaspoon', 'salt'), ('0.5 teaspoon freshly ground', 'black pepper'), ('4 cups', 'oil'), ('0.75 cup', 'cornstarch'), ('0.5 cup', 'self-rising flour'), ('1 teaspoon', 'white sugar'), ('0.5 teaspoon ground', 'black pepper'), ('0.25 teaspoon', 'salt'), ('1 cup very cold', 'water')]"
German Zwiebelkuchen (Onion Pie),"[('6 pounds', 'onions'), ('4 slices', 'bacon'), ('1 (16 ounce) container', 'sour cream'), ('4', 'egg'), ('2 tablespoons', 'all-purpose flour'), ('0.5 teaspoon', 'salt'), ('0.5 teaspoon', 'caraway seed'), ('1 package', 'pastry double crust pie')]"
Maple Butter Tarts,"[('16 (3 inch)', 'tart shells'), ('1 cup', 'raisins'), ('0.75 cup', 'brown sugar'), ('0.25 cup', 'butter'), ('2', 'eggs'), ('0.5 cup', 'maple syrup'), ('1 tablespoon', 'all-purpose flour'), ('1 tablespoon', 'vanilla extract'), ('1 pinch', 'salt')]"
Portuguese Favas,"[('5 tablespoons', 'olive oil'), ('3 large', 'onions'), ('2 cloves', 'garlic'), ('2 tablespoons', 'red pepper flakes'), ('0.25 cup', 'tomato sauce'), ('2 cups hot', 'water'), ('3 tablespoons chopped fresh', 'parsley'), ('to taste', 'salt'), ('0.5 teaspoon', 'black pepper'), ('2 teaspoons', 'paprika'), ('2 (19 ounce) cans', 'fava beans')]"
Homemade Tom Yum Soup,"[('4 cups', 'vegetable broth'), ('1 pound', 'shrimp'), ('4', 'limes'), ('4', 'Thai chile peppers'), ('2 stalks', 'lemongrass'), ('4', 'ginger root'), ('2 tablespoons', 'tom yum paste'), ('1.5 tablespoons', 'fish sauce'), ('1 tablespoon', 'sugar'), ('1 tablespoon', 'chile sauce'), ('6', 'baby bella mushrooms'), ('2', 'green onions')]"
Chef John&#39;s Grilled Mojo Beef,"[('2 pounds', 'beef skirt steak'), ('1 large', 'navel orange'), ('3', 'limes'), ('0.25 cup', 'olive oil'), ('6 cloves', 'garlic'), ('1 tablespoon', 'kosher salt'), ('1.5 teaspoons ground', 'cumin'), ('1 teaspoon', 'black pepper'), ('0.5 teaspoon dried', 'oregano'), ('0.5 teaspoon', 'cayenne pepper'), ('0.5', 'onion'), ('0.5 cup fresh chopped', 'cilantro'), ('1 teaspoon', 'salt'), ('for serving', 'Lime wedges')]"
Crispy Chinese Noodles,"[('1 (10 ounce) package', 'egg roll wrappers'), ('2 cups', 'vegetable oil')]"
Bûche de Noël,"[('2 cups', 'heavy cream'), ('0.5 cup', ""confectioners' sugar""), ('0.5 cup', 'unsweetened cocoa powder'), ('1 teaspoon', 'vanilla extract'), ('6', 'egg yolks'), ('0.5 cup', 'sugar'), ('0.33333334326744 cup', 'unsweetened cocoa powder'), ('1.5 teaspoons', 'vanilla extract'), ('0.125 teaspoon', 'salt'), ('6', 'egg whites'), ('0.25 cup', 'sugar'), (None, ""confectioners' sugar for dusting"")]"
Jamaican Plantain Tarts,"[('2 cups', 'all-purpose flour'), ('1 teaspoon', 'salt'), ('0.25 cup cold', 'butter'), ('3 tablespoons', 'shortening'), ('1', 'egg'), ('1 tablespoon', 'water'), ('3 very ripe', 'plantains'), ('0.25 cup', 'sugar'), ('1 teaspoon', 'vanilla extract'), ('1 teaspoon grated', 'nutmeg'), ('2 drops', 'red food coloring'), ('1', 'egg white'), ('for decoration', 'white sugar')]"
Baked Chicken In a Sweet BBQ Sauce,"[('0.5 cup', 'barbecue sauce'), ('0.25 cup', 'soy sauce'), ('0.25 cup', 'red wine'), ('0.25 cup', 'maple syrup'), ('1 tablespoon', 'chili powder'), ('1 tablespoon', 'mustard powder'), ('1 tablespoon', 'garlic powder'), ('1 teaspoon', 'onion powder'), ('1 teaspoon ground', 'cumin'), ('4', 'chicken breast halves'), ('1 tablespoon', 'cornstarch'), ('1 cup', 'water')]"
Cuban Banana Casserole,"[('6', 'bananas'), ('0.5 cup', 'light brown sugar'), ('0.5 cup', 'butter'), ('0.5 cup chopped', 'pecans'), ('0.5 cup', 'raisins'), ('1 tablespoon', 'brandy')]"
Nuoc Cham Sauce,"[('2 cloves', 'garlic'), ('1 teaspoon crushed', 'red pepper flakes'), ('3 tablespoons', 'sugar'), ('2 tablespoons', 'lime juice'), ('4 tablespoons', 'fish sauce'), ('1 cup', 'water')]"
Sauerkraut Russian-Style,"[('2 pounds shredded', 'cabbage'), ('2', 'carrots'), ('2 tablespoons', 'kosher salt'), ('1 (1 liter) bottle', 'spring water'), ('3 tablespoons', 'sugar')]"
Malaysian Nasi Lemak,"[('2 cups', 'coconut milk'), ('2 cups', 'water'), ('2 cups', 'long grain rice'), ('1 (1/2 inch) piece', 'ginger'), ('0.25 teaspoon', 'ginger'), ('1 whole', 'bay leaf'), ('to taste', 'salt'), ('1 cup', 'oil'), ('1 cup raw', 'peanuts'), ('1 (4 ounce) package', 'white anchovies'), ('4 large', 'eggs'), ('1 medium', 'cucumber'), ('2 tablespoons', 'vegetable oil'), ('1 medium', 'onion'), ('3 medium', 'shallots'), ('3 cloves', 'garlic'), ('2 teaspoons', 'chile paste'), ('1 tablespoon', 'water'), ('1 (4 ounce) package', 'white anchovies'), ('0.25 cup', 'tamarind juice'), ('3 tablespoons', 'sugar'), ('to taste', 'salt')]"
Solianka (Russian Beef Soup),"[('2 ounces', 'mushrooms'), ('0.75 cup', 'water'), ('0.5 cup', 'butter'), ('3', 'onions'), ('1 cup cooked diced', 'veal'), ('1 cup diced', 'ham'), ('0.25 pound', 'kielbasa sausage'), ('2 quarts', 'beef stock'), ('3', 'bay leaves'), ('10', 'black peppercorns'), ('12', 'mushrooms'), ('2', 'dill pickles'), ('2 tablespoons', 'capers'), ('1 (28 ounce) can', 'tomatoes'), ('2 tablespoons', 'tomato paste'), ('1.5 tablespoons', 'all-purpose flour'), ('12', 'kalamata olives'), ('0.33333298563957 cup chopped fresh', 'dill weed'), ('0.25 cup', 'dill pickle juice'), ('3 cloves', 'garlic'), ('1 teaspoon', 'Hungarian sweet paprika'), ('0.25 teaspoon dried', 'marjoram'), ('salt and ground black pepper to taste', ''), ('1 cup', 'sour cream'), ('1', 'lemon')]"
The Best Thai Coconut Soup,"[('1 tablespoon', 'vegetable oil'), ('2 tablespoons grated', 'ginger'), ('2 teaspoons', 'red curry paste'), ('1 stalk', 'lemon grass'), ('4 cups', 'chicken broth'), ('3 tablespoons', 'fish sauce'), ('1 tablespoon', 'light brown sugar'), ('3 (13.5 ounce) cans', 'coconut milk'), ('0.5 pound fresh', 'shiitake mushrooms'), ('1 pound', 'shrimp'), ('2 tablespoons fresh', 'lime juice'), ('to taste', 'salt'), ('0.25 cup chopped fresh', 'cilantro')]"
Potato Klubb (Norwegian Potato Dumplings),"[('2 cups', 'all-purpose flour'), ('0.5 teaspoon', 'salt'), ('0.25 teaspoon', 'baking powder'), ('0.25 teaspoon ground', 'black pepper'), ('4 cups', 'potatoes'), ('2 tablespoons grated', 'onion'), ('8 ounces', 'ham'), ('2 teaspoons', 'salt'), ('1 cup melted', 'butter')]"
Homemade Sushi Rolls,"[('1.33 cups', 'sushi rice'), ('1 (4 inch) piece', 'dashi kombu'), ('3 cups', 'water'), ('2 tablespoons', 'rice wine'), ('2 tablespoons', 'sugar'), ('0.75 teaspoon', 'salt'), ('4', 'nori seaweed sheets'), ('desired', 'fillings')]"
Arepas de Queso,"[('1 (8 ounce) package', 'mozzarella cheese'), ('2 cups pre-cooked', 'white cornmeal'), ('2.5 cups warm', 'water'), ('1.5 teaspoons', 'kosher salt'), ('0.25 cup', 'canola oil')]"
Tomato Bredie,"[('1 tablespoon', 'vegetable oil'), ('3.5 pounds', 'lamb or mutton breast chops'), ('2 tablespoons', 'cake flour'), ('1 large', 'onion'), ('2.25 pounds', 'tomatoes'), ('1 tablespoon', 'white vinegar'), ('2', 'bay leaves'), ('1 cube', 'beef bouillon'), ('1 teaspoon', 'salt'), ('1 teaspoon', 'brown sugar'), ('6 whole', 'white peppercorns'), ('0.5 teaspoon freshly ground', 'black pepper'), ('1 dash', 'Worcestershire sauce'), ('2 medium', 'potatoes')]"
Steamed Vegan Rice Cakes (Banh Bo Hap),"[('4 cups', 'rice flour'), ('2 cups lukewarm', 'water'), ('1 (14 ounce) can', 'coconut milk'), ('1 cup', 'sugar'), ('4 teaspoons', 'tapioca starch'), ('1.5 teaspoons', 'active dry yeast'), ('0.5 teaspoon', 'vanilla extract'), ('0.25 teaspoon', 'salt'), ('2 teaspoons', 'oil')]"
Authentic Paella,"[('2.5 cups uncooked', 'white rice'), ('6 cups', 'chicken stock'), ('3 cloves', 'garlic'), ('1 teaspoon chopped fresh', 'parsley'), ('0.5 teaspoon', 'curry powder'), ('5', 'saffron threads'), ('salt and ground black pepper to taste', ''), ('0.25 cup', 'olive oil'), ('1', 'onion'), ('1 (3 pound) whole', 'chicken'), ('2 cups peeled and deveined', 'small shrimp'), ('6 small', 'lobster tails'), ('0.5 pound', 'clams'), ('1 (8 ounce) jar', 'mushrooms'), ('1 cup', 'green peas'), ('1 (2 ounce) can', 'mussels')]"
Filipino Chicken Salad,"[('1', 'chicken breast'), ('0.66666668653488 cup', 'elbow macaroni'), ('1 (20 ounce) can', 'pineapple chunks'), ('2 (1.5 ounce) boxes', 'raisins'), ('2 stalks', 'celery'), ('1', 'apple'), ('1', 'carrot'), ('1 cup', 'mayonnaise'), ('1 teaspoon', 'sugar'), ('1 teaspoon', 'seasoned salt')]"
Blinis,"[('2 cups', 'milk'), ('1 cup', 'all-purpose flour'), ('3 tablespoons', 'all-purpose flour'), ('2', 'eggs'), ('1 tablespoon', 'sugar'), ('0.25 cup melted', 'butter'), ('0.75 pound', 'beef stew meat'), ('2 tablespoons', 'butter'), ('2', 'onions'), ('salt and ground black pepper to taste', ''), ('1 teaspoon', 'vegetable oil')]"
Hard Do Bread,"[('3 tablespoons', 'sugar'), ('1 (.25 ounce) package', 'active dry yeast'), ('0.75 cup warm', 'water'), ('1 tablespoon', 'vegetable oil'), ('1 tablespoon', 'margarine'), ('0.5 teaspoon', 'salt'), ('2.75 cups', 'all-purpose flour')]"
Peruvian Pickled Onions (Salsa Criolla),"[('1 teaspoon', 'sea salt'), ('2 red', 'onions'), ('2 large', 'English cucumbers'), ('1 large', 'tomato'), ('2 tablespoons', 'rice vinegar'), ('2 tablespoons', 'lime juice'), ('1 tablespoon', 'white wine vinegar'), ('1', 'jalapeno pepper'), ('1 tablespoon chopped fresh', 'cilantro'), ('1.5 teaspoons', 'olive oil'), ('to taste', 'black pepper')]"
Japanese Agedashi Tofu,"[('1 (10.5 ounce) package', 'firm silken tofu'), ('2 cups', 'water'), ('2 tablespoons', 'light soy sauce'), ('2 tablespoons', 'mirin'), ('1 teaspoon', 'dashi granules'), ('0.25 cup', 'all-purpose flour'), ('vegetable oil for', 'frying'), ('2 green', 'onions')]"
Steelhead Trout Bake with Dijon Mustard,"[('cooking', 'spray'), ('1 pound skinless', 'steelhead trout fillets'), ('0.25 cup', 'white wine'), ('2.5 tablespoons', 'Dijon mustard'), ('2 cloves', 'garlic'), ('1 tablespoon', 'lemon juice'), ('1 teaspoon dried', 'dill weed'), ('1 teaspoon', 'lemon-pepper seasoning')]"
Thai Red Curry Chicken Soup,"[('2 tablespoons', 'red curry paste'), ('1', 'red bell pepper'), ('1 small', 'onion'), ('1 (14 ounce) can', 'coconut milk'), ('1 tablespoon', 'fish sauce'), ('3 cups', 'chicken stock'), ('2 cups shredded cooked', 'chicken'), ('1.5 cups cooked', 'basmati rice'), ('4 tablespoons', 'cilantro')]"
Portuguese Pork and Clams,"[('1 cup', 'white wine'), ('3 cloves', 'garlic'), ('1 teaspoon dried', 'oregano'), ('1 teaspoon', 'salt'), ('0.5 teaspoon ground', 'black pepper'), ('2', 'bay leaves'), ('0.5 teaspoon ground', 'cumin'), ('1 pound', 'pork loin'), ('1 tablespoon', 'olive oil'), ('1', 'onion'), ('1 pound', 'potatoes'), ('1 (15 ounce) can', 'cannellini beans'), ('1 pinch', 'cayenne pepper'), ('18', 'clams'), ('3 tablespoons', 'parsley')]"
Quick Chinese-Style Vermicelli (Rice Noodles),"[('1 (8 ounce) package', 'rice noodles'), ('2 tablespoons', 'vegetable oil'), ('1 clove', 'garlic'), ('1 tablespoon', 'soy sauce'), ('0.5 tablespoon', 'chili sauce'), ('to taste', 'salt and pepper'), ('1', 'green onion')]"
Russian Potato Salad,"[('5 large', 'potatoes'), ('1 (16 ounce) package', 'turkey hot dogs'), ('5', 'eggs'), ('5 large', 'dill pickles'), ('1 bunch', 'green onions'), ('1 (15 ounce) can', 'baby peas'), ('to taste', 'salt'), ('1 cup', 'mayonnaise')]"
Bengali Dhal,"[('1 cup', 'red lentils'), ('3 cups', 'water'), ('1 cup', 'onion'), ('4 cloves', 'garlic'), ('0.5 teaspoon ground', 'turmeric'), ('1', 'bay leaf'), ('0.75 cup', 'cherry tomatoes'), ('0.5 teaspoon', 'salt'), ('2 (2 inch) whole', 'serrano chile peppers'), ('1 tablespoon', 'vegetable oil'), ('2 tablespoons chopped', 'cilantro')]"
Homemade Sauerkraut,"[('1 cup', 'water'), ('1 cup', 'distilled white vinegar'), ('0.5', 'onion'), ('1 head', 'cabbage'), ('0.75 teaspoon', 'sea salt'), ('0.5 teaspoon', 'celery seed'), ('0.5 teaspoon', 'onion powder'), ('0.5 teaspoon', 'garlic powder'), ('to taste', 'black pepper')]"
Vietnamese Stir-Fry,"[('0.25 cup', 'olive oil'), ('4 cloves', 'garlic'), ('1 (1 inch) piece', 'ginger root'), ('0.25 cup', 'fish sauce'), ('0.25 cup', 'soy sauce'), ('1 dash', 'sesame oil'), ('2 pounds', 'sirloin tip'), ('1 tablespoon', 'vegetable oil'), ('2 cloves', 'garlic'), ('3', 'green onions'), ('1 large', 'onion'), ('2 cups frozen', 'green beans'), ('0.5 cup', 'beef broth'), ('2 tablespoons', 'lime juice'), ('1 tablespoon chopped fresh', 'Thai basil'), ('1 tablespoon chopped fresh', 'mint'), ('1 pinch', 'red pepper flakes'), ('0.5 teaspoon ground', 'black pepper'), ('0.25 cup chopped fresh', 'cilantro')]"
Siopao (Filipino Steamed Buns),"[('3.3333332538605 cups', 'all-purpose flour'), ('0.5 cup', 'sugar'), ('0.5 teaspoon', 'salt'), ('1 (.25 ounce) package', 'active dry yeast'), ('1 cup lukewarm', 'water'), ('0.25 cup', 'vegetable oil'), ('1 teaspoon', 'vegetable oil')]"
Mongolian Beef and Spring Onions,"[('2 teaspoons', 'vegetable oil'), ('1 tablespoon finely chopped', 'garlic'), ('0.5 teaspoon grated', 'ginger'), ('0.66666668653488 cup', 'dark brown sugar'), ('0.5 cup', 'soy sauce'), ('0.5 cup', 'water'), ('1 pound', 'beef flank steak'), ('0.25 cup', 'cornstarch'), ('1 cup', 'vegetable oil'), ('2 bunches', 'green onions')]"
Beef Pho,"[('5 pounds', 'beef soup bones'), ('1 tablespoon', 'salt'), ('2 gallons', 'water'), ('2 medium', 'onions'), ('1 (4 inch) piece', 'ginger root'), ('2 pounds', 'beef oxtail'), ('1 white', 'radish'), ('2 ounces whole', 'star anise pods'), ('0.5 (3 inch)', 'cinnamon stick'), ('1 teaspoon', 'black peppercorns'), ('2 whole', 'cloves'), ('1 tablespoon', 'sugar'), ('1 tablespoon', 'fish sauce'), ('to taste', 'salt'), ('1.5 pounds', 'flat rice noodles'), ('0.5 pound frozen', 'beef sirloin')]"
Fondant Potatoes,"[('3 large whole', 'russet potatoes'), ('2 tablespoons', 'vegetable oil'), ('salt and ground black pepper to taste', ''), ('3 tablespoons', 'butter'), ('4 sprigs', 'thyme'), ('0.5 cup', 'chicken broth')]"
Pisco Sour II,"[('2 cups', 'pisco'), ('1 cup fresh', 'lime juice'), ('1', 'egg white'), ('1.3333333730698 cups', ""confectioners' sugar""), ('2 cups', 'ice'), ('aromatic', 'bitters')]"
Finnish Pulla,"[('2 cups', 'milk'), ('0.5 cup warm', 'water'), ('1 (.25 ounce) package', 'active dry yeast'), ('1 cup', 'sugar'), ('4 large', 'eggs'), ('1 teaspoon', 'salt'), ('1 teaspoon ground', 'cardamom'), ('9 cups', 'all-purpose flour'), ('0.5 cup', 'butter'), ('1 large', 'egg'), ('1 tablespoon', 'water'), ('2 tablespoons', 'white sugar')]"
Arvidson Swedish Pancakes,"[('4', 'eggs'), ('4 cups', 'milk'), ('2.5 cups', 'all-purpose flour'), ('0.5 cup', 'sugar'), ('0.5 teaspoon', 'vanilla extract'), ('0.5 teaspoon ground', 'nutmeg'), ('0.25 teaspoon', 'salt'), ('0.5 cup', 'butter'), ('1 teaspoon', 'butter')]"
Turkish Red Lentil &#39;Bride&#39; Soup,"[('0.25 cup', 'butter'), ('2', 'onions'), ('1 teaspoon', 'paprika'), ('1 cup', 'red lentils'), ('0.5 cup fine', 'bulgur'), ('2 tablespoons', 'tomato paste'), ('8 cups', 'vegetable stock'), ('0.125 teaspoon', 'cayenne pepper'), ('1 tablespoon dried', 'mint leaves'), ('4 slices', 'lemon'), ('0.5 teaspoon chopped fresh', 'mint')]"
Cheese Bourekas,"[('2 large', 'eggs'), ('2 cups shredded', 'mozzarella cheese'), ('1 teaspoon', 'parsley'), ('1 pinch', 'garlic powder'), ('1 pinch', 'onion powder'), ('1 pinch', 'salt'), ('1 pinch', 'black pepper'), ('1 (17.5 ounce) package', 'puff pastry'), ('2 teaspoons', 'water'), ('2 tablespoons', 'sesame seeds')]"
Polish Chicken and Dumplings,"[('1 (3 pound)', 'chicken'), ('1', 'onion'), ('1 stalk', 'celery'), ('1 tablespoon', 'poultry seasoning'), ('1 teaspoon whole', 'allspice'), ('1 teaspoon dried', 'basil'), ('0.5 teaspoon', 'salt'), ('1 teaspoon', 'black pepper'), ('1 teaspoon', 'seasoning salt'), ('1 (10.75 ounce) can', 'condensed cream of chicken soup'), ('4', 'eggs'), ('2 tablespoons', 'olive oil'), ('1 tablespoon', 'salt'), ('1 teaspoon', 'black pepper'), ('2 cups', 'water'), ('4 cups', 'all-purpose flour')]"
Australian-Style Pumpkin Scones,"[('1 tablespoon', 'butter'), ('2 cups', 'self-rising flour'), ('0.5 cup', 'sugar'), ('1 teaspoon', 'baking powder'), ('0.25 teaspoon', 'salt'), ('1 cup', 'pumpkin'), ('1', 'egg')]"
Lumpia in the Air Fryer,"[('1 pound', 'Italian hot sausage links'), ('0.5 cup finely sliced', 'green onions'), ('0.5 cup finely chopped', 'carrots'), ('0.5 cup finely chopped', 'water chestnuts'), ('0.25 cup diced', 'onions'), ('2 cloves', 'garlic'), ('2 tablespoons', 'soy sauce'), ('0.5 teaspoon', 'salt'), ('0.25 teaspoon ground', 'ginger'), ('16', 'spring roll wrappers'), ('avocado oil', 'cooking spray')]"
South African Traditional Vetkoek (Fried Bread),"[('2 cups lukewarm', 'water'), ('0.25 cup', 'sugar'), ('1 (.25 ounce) package', 'active dry yeast'), ('7 cups', 'all-purpose flour'), ('2 teaspoons', 'salt'), ('3 cups', 'oil')]"
Black Bean and Corn Quesadillas,"[('2 teaspoons', 'olive oil'), ('3 tablespoons finely chopped', 'onion'), ('1 (15.5 ounce) can', 'black beans'), ('1 (10 ounce) can', 'corn'), ('0.25 cup', 'salsa'), ('1 tablespoon', 'brown sugar'), ('0.25 teaspoon', 'red pepper flakes'), ('2 tablespoons', 'butter'), ('8 (8 inch)', 'flour tortillas'), ('1.5 cups shredded', 'Monterey Jack cheese')]"
Strudel Dough,"[('2.5 cups', 'all-purpose flour'), ('0.5 teaspoon', 'baking powder'), ('0.5 teaspoon', 'salt'), ('3 large', 'eggs'), ('3 tablespoons', 'vegetable oil'), ('1 tablespoon', 'sugar'), ('0.25 cup', 'water')]"
Jamaican Brown Stew Chicken,"[('4 cloves', 'garlic'), ('0.5 cup sliced', 'green onions'), ('2 tablespoons packed', 'dark brown sugar'), ('2 tablespoons', 'thyme leaves'), ('1 tablespoon minced', 'habanero pepper'), ('1 tablespoon', 'cider vinegar'), ('2 teaspoons minced', 'ginger root'), ('2 teaspoons', 'kosher salt'), ('1 teaspoon', 'black pepper'), ('1 teaspoon', 'smoked paprika'), ('0.5 teaspoon ground', 'allspice'), ('8 (5 ounce) bone-in, skin-on', 'chicken thighs'), ('3 tablespoons', 'olive oil'), ('1 large', 'yellow onion'), ('1 pinch', 'kosher salt'), ('1 tablespoon', 'brown sugar'), ('4 cups', 'chicken broth'), ('0.33333334326744 cup', 'ketchup'), ('2', 'bay leaves'), ('1 cup sliced', 'carrot'), ('1 cup quartered', 'baby bell peppers')]"
How to Make Beef Satay,"[('0.25 cup packed', 'brown sugar'), ('0.25 cup', 'fish sauce'), ('4 cloves', 'garlic'), ('2 tablespoons minced', 'onion'), ('2 tablespoons', 'vegetable oil'), ('2 tablespoons', 'soy sauce'), ('2 tablespoons', 'coriander'), ('1 tablespoon grated', 'ginger'), ('1 tablespoon ground', 'cumin'), ('0.5 teaspoon ground', 'turmeric'), ('0.125 teaspoon', 'cayenne pepper'), ('1 2-inch piece', 'lemon grass'), ('2 pounds', 'beef top sirloin'), ('4 12-inch long', 'metal skewers')]"
Krautburger,"[('1 pound', 'ground beef'), ('1', 'onion'), ('0.5 medium head', 'cabbage'), ('0.5 (1 ounce) package', 'dry onion soup mix'), ('1 (8 ounce) package', 'mild Cheddar cheese'), ('to taste', 'black pepper'), ('2 (1 pound) loaves', 'bread dough'), ('butter flavored', 'cooking spray'), ('0.25 cup', 'margarine')]"
Pomegranate Stew with Chicken (Khoresh Fesenjan),"[('2 tablespoons', 'olive oil'), ('1.5 pounds', 'chicken legs'), ('1', 'white onion'), ('0.5 pound', 'walnuts'), ('1 teaspoon', 'salt'), ('4 cups', 'pomegranate juice'), ('0.5 teaspoon', 'cardamom'), ('2 tablespoons', 'sugar')]"
Vietnamese Grilled Pork Skewers,"[('1 pound', 'pork belly'), ('1 fresh', 'red chile pepper'), ('3 stalks', 'lemongrass'), ('3 tablespoons', 'fish sauce'), ('3 cloves', 'garlic'), ('1 teaspoon', 'monosodium glutamate'), ('1 teaspoon', 'white sugar'), ('1 teaspoon', 'Chinese five-spice powder'), ('', 'bamboo skewers'), ('0.25 cup', 'fish sauce'), ('0.25 cup', 'sugar'), ('1 fresh', 'red chile pepper'), ('1', 'lime'), ('5 cloves', 'garlic'), ('1 teaspoon', 'monosodium glutamate'), ('1 cup', 'water')]"
Raisin Butter Tarts,"[('14 (4 inch)', 'tart shells'), ('1', 'egg'), ('1 cup packed', 'brown sugar'), ('3 tablespoons', 'butter'), ('2 tablespoons', 'lemon juice'), ('0.25 teaspoon ground', 'nutmeg'), ('1 cup', 'raisins')]"
Easy-Made German Quark,"[('0.5 gallon', 'buttermilk'), ('1 cup', 'heavy whipping cream')]"
How to Make Peanut Dipping Sauce,"[('0.75 cup', 'peanut butter'), ('2 cloves', 'garlic'), ('2 tablespoons', 'brown sugar'), ('1 tablespoon', 'fish sauce'), ('2 teaspoons', 'soy sauce'), ('2 teaspoons', 'sesame oil'), ('0.5', 'lime'), ('1 teaspoon', 'chile-garlic sauce'), ('1 (5.6 ounce) can', 'coconut milk'), ('2 teaspoons chopped', 'red bell pepper'), ('2 teaspoons chopped fresh', 'cilantro'), ('2 teaspoons chopped', 'peanuts')]"
Galette des Rois,"[('0.25 cup', 'almond paste'), ('0.25 cup', 'sugar'), ('3 tablespoons', 'unsalted butter'), ('1', 'egg'), ('0.25 teaspoon', 'vanilla extract'), ('0.25 teaspoon', 'almond extract'), ('2 tablespoons', 'all-purpose flour'), ('1 pinch', 'salt'), ('1 (17.25 ounce) package', 'puff pastry'), ('1', 'dry kidney bean'), ('1', 'egg'), ('1 tablespoon', ""confectioners' sugar"")]"
Vietnamese Iced Coffee,"[('4 cups', 'water'), ('0.5 cup', 'coffee beans'), ('0.5 cup', 'sweetened condensed milk'), ('16', 'ice cubes')]"
Butter Mochi Cupcakes,"[('0.5 (16 ounce) box', 'mochiko'), ('1 cup', 'sugar'), ('0.75 teaspoon', 'baking powder'), ('0.5 stick', 'unsalted butter'), ('0.5 (14 ounce) can', 'coconut milk'), ('0.5 (12 fluid ounce) can', 'evaporated milk'), ('2 large', 'eggs'), ('0.5 teaspoon', 'vanilla extract')]"
Bigos (Hunter&#39;s Stew),"[('1 pound', 'kielbasa sausage'), ('2 thick slices', 'bacon'), ('1 pound cubed', 'pork stew meat'), ('0.25 cup', 'all-purpose flour'), ('4 cups shredded', 'green cabbage'), ('2', 'carrots'), ('1', 'onion'), ('1.5 cups sliced fresh', 'mushrooms'), ('3 cloves', 'garlic'), ('1 (16 ounce) jar', 'sauerkraut'), ('0.25 cup', 'red wine'), ('1', 'bay leaf'), ('1 tablespoon', 'paprika'), ('1 teaspoon dried', 'basil'), ('1 teaspoon dried', 'marjoram'), ('0.25 teaspoon', 'salt'), ('0.125 teaspoon ground', 'black pepper'), ('0.125 teaspoon', 'caraway seed'), ('1 pinch', 'cayenne pepper'), ('5 cups', 'beef stock'), ('1 cup canned diced', 'tomatoes'), ('0.5 ounce', 'mushrooms'), ('2 tablespoons canned', 'tomato paste'), ('1 dash', 'hot pepper sauce'), ('1 dash', 'Worcestershire sauce')]"
California Roll,"[('4 cups', 'water'), ('2 cups uncooked', 'white rice'), ('0.5 cup', 'rice vinegar'), ('1 teaspoon', 'white sugar'), ('1 teaspoon', 'salt'), ('0.25 pound', 'crab meat'), ('1 tablespoon', 'mayonnaise'), ('5 sheets', 'nori'), ('1', 'avocado'), ('0.25 cup', 'red caviar'), ('1', 'English cucumber'), ('2 tablespoons drained', 'pickled ginger'), ('2 tablespoons', 'soy sauce'), ('1 tablespoon', 'wasabi paste')]"
Authentic Russian Salad &#39;Olivye&#39;,"[('6', 'potatoes'), ('1', 'carrot'), ('4 whole', 'eggs'), ('6 large', 'pickles'), ('1 (15 ounce) can', 'peas'), ('0.5 cup cubed fully cooked', 'ham'), ('1 tablespoon chopped fresh', 'parsley'), ('0.5 cup', 'mayonnaise')]"
Pastry Cream,"[('2 cups', 'milk'), ('0.25 cup', 'sugar'), ('2', 'egg yolks'), ('1', 'egg'), ('0.33333334326744 cup', 'white sugar'), ('0.25 cup', 'cornstarch'), ('2 tablespoons', 'butter'), ('1 teaspoon', 'vanilla extract')]"
Vietnamese Pork and Five Spice,"[('4 pounds', 'pork shoulder'), ('1 teaspoon', 'salt'), ('1 teaspoon ground', 'black pepper'), ('0.25 cup', 'olive oil'), ('2 cloves', 'garlic'), ('2 tablespoons', 'brown sugar'), ('2 tablespoons', 'soy sauce'), ('1 tablespoon', 'fish sauce'), ('1 teaspoon', 'Chinese five-spice powder')]"
Mojo Shrimp,"[('0.25 cup', 'extra-virgin olive oil'), ('3 medium', 'limes'), ('1 medium', 'orange'), ('6 cloves', 'garlic'), ('1 teaspoon dried', 'oregano'), ('0.5 teaspoon', 'salt'), ('0.5 teaspoon ground', 'black pepper'), ('0.25 teaspoon ground', 'cumin'), ('1 pound large', 'shrimp'), ('2 tablespoons', 'olive oil')]"
Masht-o Khiyaar (Persian Cucumber Salad with Sultanas and Walnuts),"[('1.5 cups', 'yogurt'), ('2 tablespoons roughly chopped', 'walnuts'), ('3 tablespoons', 'golden raisins'), ('1 tablespoon chopped fresh', 'dill'), ('1 tablespoon chopped fresh', 'mint'), ('to taste', 'salt and freshly ground black pepper'), ('1 large', 'cucumber')]"
Hawaii Five-O So Good Ice Cream,"[('2 (20 ounce) cans', 'pineapple'), ('2 cups', 'heavy whipping cream'), ('0.5 cup', 'brown sugar'), ('1 (7 ounce) can', 'luncheon meat'), ('2 tablespoons', 'brown sugar'), ('1', 'dragon fruit')]"
Vietnamese Spring Rolls With Dipping Sauce,"[('0.25 cup', 'white vinegar'), ('0.25 cup', 'fish sauce'), ('2 tablespoons', 'sugar'), ('2 tablespoons', 'lime juice'), ('1 clove', 'garlic'), ('0.25 teaspoon', 'red pepper flakes'), ('2 ounces', 'rice vermicelli'), ('8 large', 'shrimp'), ('4', 'rice wrappers'), ('2 leaves', 'lettuce'), ('3 tablespoons finely chopped fresh', 'mint leaves'), ('3 tablespoons finely chopped', 'cilantro'), ('4 teaspoons finely chopped', 'Thai basil')]"
Homemade Sazon Seasoning,"[('1 tablespoon', 'coriander'), ('1 tablespoon ground', 'cumin'), ('1 tablespoon', 'garlic powder'), ('1 tablespoon ground', 'annatto seed'), ('1 tablespoon', 'kosher salt'), ('1.5 teaspoons ground', 'turmeric'), ('1.5 teaspoons dried', 'Mexican oregano'), ('1 teaspoon ground', 'black pepper')]"
Chef John&#39;s Cuban Sandwich,"[('0.25 cup', 'mayonnaise'), ('0.25 cup', 'mustard'), ('1 pinch', 'cayenne pepper'), ('1 (8 ounce) loaf', 'Cuban bread'), ('8 slices', 'Swiss cheese'), ('6 thin slices', 'ham'), ('1.5 cups', 'pulled pork'), ('1 large', 'dill pickle'), ('2 tablespoons', 'butter')]"
Kielbasa and Cabbage,"[('6 slices', 'bacon'), ('1', 'onion'), ('0.25 cup', 'water'), ('2 tablespoons', 'sugar'), ('3 teaspoons', 'caraway seed'), ('2 teaspoons minced', 'garlic'), ('0.25 teaspoon', 'red pepper flakes'), ('0.25 teaspoon', 'seasoning salt'), ('1 large head', 'cabbage'), ('1 pound', 'Polish kielbasa')]"
Kotlet Schabowy (Polish Breaded Pork Chop),"[('2', 'pork chops'), ('to taste', 'salt and freshly ground black pepper'), ('1 tablespoon', 'all-purpose flour'), ('1', 'egg'), ('5 tablespoons', 'bread crumbs'), ('2 tablespoons', 'vegetable oil')]"
Smokey Vegetarian Cuban Black Bean Soup,"[('1 pound dried', 'black beans'), ('0.25 cup', 'vegetable oil'), ('1 large', 'yellow onion'), ('1 tablespoon', 'smoked paprika'), ('2 teaspoons', 'cumin seeds'), ('1', 'red bell pepper'), ('1', 'green bell pepper'), ('8 cloves', 'garlic'), ('2 teaspoons dried', 'Mexican oregano'), ('2', 'bay leaves'), ('6 cups', 'vegetable stock'), ('1 cup diced', 'smoked tempeh bacon'), ('2 tablespoons', 'dark rum'), ('1', 'jalapeño pepper'), ('2 cups', 'water'), ('1.5 teaspoons', 'salt'), ('salt and freshly ground black pepper to taste', ''), ('0.5 cup sliced', 'hard-boiled eggs'), ('0.5 cup finely chopped', 'red onion')]"
Finnish Turnip Casserole,"[('3 large', 'carrots'), ('1 large', 'turnip'), ('0.25 cup', 'all-purpose flour'), ('0.25 cup', 'sugar'), ('3 tablespoons softened', 'butter'), ('0.5 teaspoon', 'salt'), ('0.5 cup', 'milk'), ('2', 'eggs'), ('2 tablespoons', 'white sugar'), ('0.25 teaspoon', 'cinnamon')]"
Black Beans with Bacon,"[('1 (8 ounce) package', 'black beans'), ('2.5 quarts', 'water'), ('3 tablespoons', 'olive oil'), ('3 cloves', 'garlic'), ('1 large', 'onion'), ('1', 'tomato'), ('1', 'carrot'), ('0.5 pound', 'bacon strips'), ('1 tablespoon chopped fresh', 'parsley'), ('to taste', 'salt and pepper')]"
Orange Cardamom Krumkake,"[('1.5 cups', 'all-purpose flour'), ('2 teaspoons ground', 'cardamom'), ('0.5 teaspoon ground', 'ginger'), ('0.25 teaspoon ground', 'cinnamon'), ('0.25 teaspoon ground', 'nutmeg'), ('1 cup', 'sugar'), ('0.125 teaspoon', 'salt'), ('2 teaspoons grated', 'orange zest'), ('0.33333334326744 cup', 'butter'), ('0.66666668653488 cup', 'half-and-half'), ('2', 'eggs')]"
Vegetarian Huevo Saltado,"[('1 extra large', 'zucchini'), ('1 cup', 'all-purpose flour'), ('1 pinch', 'Italian seasoning'), ('1 cup', 'vegetable oil'), ('to taste', 'salt'), ('1 tablespoon', 'olive oil'), ('1', 'onion'), ('1 clove', 'garlic'), ('1 teaspoon minced', 'ginger'), ('2 pounds', 'tomatoes'), ('8', 'eggs'), ('3 tablespoons', 'soy sauce'), ('1 tablespoon', 'sugar'), ('2 cups cooked', 'rice')]"
Blini (Russian Pancakes),"[('4.25 cups', 'milk'), ('5 large', 'eggs'), ('2 tablespoons', 'white sugar'), ('0.33333334326744 teaspoon', 'salt'), ('0.5 teaspoon', 'baking soda'), ('0.125 teaspoon', 'citric acid'), ('4 cups', 'all-purpose flour'), ('3 tablespoons', 'vegetable oil'), ('1 cup', 'water'), ('0.66666668653488 cup', 'butter')]"
Taylor&#39;s Piroshki,"[('1.5 pounds', 'ground beef'), ('1', 'onion'), ('1 teaspoon', 'salt'), ('to taste', 'black pepper'), ('dried to taste', 'dill weed'), ('1 (.25 ounce) package', 'active dry yeast'), ('0.25 cup warm', 'water'), ('1 cup', 'milk'), ('3', 'eggs'), ('0.5 cup', 'vegetable oil'), ('2 tablespoons', 'granulated sugar'), ('1 teaspoon', 'salt'), ('4 cups', 'all-purpose flour'), ('3 cups', 'oil')]"
Taiwanese Popcorn Chicken,"[('1.5 pounds', 'chicken thighs'), ('2 cloves', 'garlic'), ('1 tablespoon', 'soy sauce'), ('2 teaspoons grated', 'ginger'), ('1 teaspoon', 'five-spice powder'), ('1 teaspoon ground', 'white pepper'), ('1 teaspoon', 'salt'), ('0.5 teaspoon', 'rice vinegar'), ('0.5 teaspoon', 'cayenne pepper'), ('1 large', 'egg'), ('1 cup', 'tempura batter mix'), ('2 cups', 'peanut oil'), ('1 bunch', 'Thai basil'), ('2 green', 'onions')]"
Russian Ant Hill Cake,"[('0.75 cup', 'unsalted butter'), ('2 tablespoons', 'unsalted butter'), ('0.5 cup', 'sugar'), ('4 ounces', 'sour cream'), ('4 cups', 'all-purpose flour'), ('2 teaspoons', 'baking powder'), ('0.75 cup', 'butter'), ('2 tablespoons', 'unsalted butter'), ('1 (13.4 ounce) can', 'dulce de leche'), ('2 tablespoons', 'poppy seeds')]"
Papa a la Huancaína (Huancayo-Style Potatoes),"[('12', 'Yukon Gold potatoes'), ('1 tablespoon', 'olive oil'), ('1', 'onion'), ('6', 'chile peppers'), ('1 pound', 'cream cheese'), ('1 pound', 'queso fresco'), ('0.25 cup', 'vegetable oil'), ('2 teaspoons', 'salt'), ('1 clove', 'garlic'), ('0.5 teaspoon ground', 'black pepper'), ('0.33333334326744 cup', 'evaporated milk'), ('8 leaves', 'lettuce'), ('4 large', 'eggs'), ('8', 'black olives')]"
Havregrynskugler (Danish Oat Balls),"[('5 tablespoons', 'unsalted butter'), ('2.25 cups', 'rolled oats'), ('0.25 cup', 'sugar'), ('1 tablespoon', 'cocoa powder'), ('1 teaspoon', 'vanilla sugar'), ('0.75 cup', 'coconut flour')]"
Kuku Sabzi,"[('1 large', 'leek'), ('3 tablespoons extra-virgin', 'olive oil'), ('4 large', 'eggs'), ('1 teaspoon', 'baking powder'), ('1 teaspoon ground', 'fenugreek'), ('0.75 teaspoon', 'kosher salt'), ('0.5 teaspoon ground', 'turmeric'), ('1.5 cups finely chopped fresh', 'parsley'), ('1 cup finely chopped fresh', 'cilantro'), ('0.75 cup finely chopped fresh', 'dill')]"
Spicy Korean Chicken,"[('2 tablespoons', 'soy sauce'), ('2 tablespoons', 'vegetable oil'), ('1.5 tablespoons', 'Korean chile paste'), ('1 tablespoon', 'sesame oil'), ('1 teaspoon', 'Korean red chile flakes'), ('3 cloves', 'garlic'), ('1 (1 inch) piece', 'ginger'), ('1 pound', 'chicken thighs')]"
Filipino Chicken Sopas,"[('6 cups', 'water'), ('0.5', 'onion'), ('1 pound bone-in', 'chicken thighs'), ('1 teaspoon', 'garlic powder'), ('1 teaspoon', 'onion powder'), ('2', 'carrots'), ('2 tablespoons', 'fish sauce'), ('4 teaspoons', 'chicken bouillon granules'), ('0.5 teaspoon ground', 'black pepper'), ('0.5 (16 ounce) package', 'elbow macaroni'), ('0.5 cup', 'evaporated milk'), ('3 tablespoons', 'butter'), ('1 pinch', 'salt')]"
Pasta de Sardine,"[('8 ounces', 'fettuccine pasta'), ('2 tablespoons', 'olive oil'), ('1 medium', 'yellow onion'), ('3 cloves', 'garlic'), ('1 medium', 'lemon'), ('1 (3.75 ounce) can', 'sardines'), ('0.25 cup freshly grated', 'Parmesan cheese'), ('1 pinch', 'red pepper flakes')]"
Yaki Mandu (Korean Dumplings),"[('1 pound', 'beef'), ('0.5 cup finely chopped', 'green onions'), ('0.5 cup finely chopped', 'cabbage'), ('0.5 cup finely chopped', 'carrot'), ('0.5 cup minced', 'garlic'), ('4 teaspoons', 'sesame oil'), ('1 tablespoon', 'sesame seeds'), ('0.5 teaspoon', 'monosodium glutamate'), ('salt and ground black pepper to taste', ''), ('2', 'eggs'), ('1.5 cups', 'vegetable oil'), ('1 (16 ounce) package', 'wonton wrappers'), ('3 tablespoons', 'soy sauce'), ('2 teaspoons', 'rice wine vinegar'), ('1 teaspoon toasted', 'sesame seeds')]"
Thai Carrot Salad,"[('1 pound', 'carrots'), ('1 cup', 'sugar'), ('0.5 cup', 'water'), ('0.5 cup', 'rice vinegar'), ('2 tablespoons minced', 'garlic'), ('2 tablespoons', 'Thai fish sauce'), ('1.5 teaspoons', 'Thai red curry paste'), ('2 tablespoons', 'lime juice'), ('1 tablespoon', 'red pepper flakes'), ('0.5 cup finely chopped unsalted', 'peanuts')]"
Beer Sausage,"[('1 (12 fluid ounce) can or bottle', 'beer'), ('4', 'potatoes'), ('1 teaspoon', 'Italian seasoning'), ('salt and ground black pepper to taste', ''), ('1 (8 ounce) package', 'baby carrots'), ('0.5 yellow', 'onion'), ('1 pound', 'kielbasa sausage'), ('1 small head', 'cabbage')]"
The Best Ricotta Pancakes,"[('1 cup', 'ricotta cheese'), ('2 tablespoons', 'ricotta cheese'), ('0.5 cup', 'milk'), ('2', 'eggs'), ('0.75 cup', 'all-purpose flour'), ('1 teaspoon', 'baking powder'), ('1 pinch', 'salt'), ('1 tablespoon', 'canola oil')]"
Portuguese Sweet Bread III,"[('2 (0.6 ounce) cakes compressed fresh', 'yeast'), ('0.25 cup warm', 'water'), ('3.5 cups', 'white sugar'), ('6', 'eggs'), ('5 pounds', 'all-purpose flour'), ('1.25 tablespoons', 'salt'), ('8 ounces', 'butter'), ('4 cups', 'milk'), ('1', 'egg')]"
Easy Mango Salad,"[('2 firm', 'green mangoes'), ('0.25', 'purple onion'), ('0.25 thinly sliced', 'red bell pepper'), ('3 sprigs', 'cilantro'), ('2 tablespoons', 'lime juice'), ('2 tablespoons', 'fish sauce'), ('1 tablespoon', 'brown sugar'), ('1 tablespoon crushed', 'peanuts')]"
Linzer Torte Cookies,"[('1 cup', 'sugar'), ('0.75 cup', 'unsalted butter'), ('1 large', 'egg'), ('1 teaspoon', 'lemon zest'), ('2 cups', 'all-purpose flour'), ('0.75 cup', 'almonds'), ('1 teaspoon ground', 'cinnamon'), ('0.125 teaspoon ground', 'cloves'), ('1 cup', 'raspberry jam')]"
Peruvian Aji-Style Sauce,"[('1 head', 'romaine lettuce'), ('0.5 bunch', 'cilantro'), ('5', 'green onions'), ('0.25 cup', 'mayonnaise'), ('2', 'jalapeno peppers'), ('1 clove', 'garlic'), ('salt and ground black pepper to taste', '')]"
Austrian Peach Cookies II,"[('0.75 cup', 'unsalted butter'), ('1 cup', 'sugar'), ('2', 'eggs'), ('1 teaspoon', 'vanilla extract'), ('3.75 cups', 'all-purpose flour'), ('1 teaspoon', 'baking powder'), ('0.5 cup', 'milk'), ('0.25 cup', 'semisweet chocolate chips'), ('0.67 cup', 'apricot jam'), ('0.33 cup ground', 'pecans'), ('2 teaspoons', 'rum'), ('0.25 cup', 'water'), ('1 cup', 'sugar'), ('2 drops', 'red food coloring'), ('4 drops', 'yellow food coloring')]"
Beef and Cabbage (Lazy Golumpki),"[('1 head', 'green cabbage'), ('1 pound', 'beef'), ('1 teaspoon', 'salt'), ('1 teaspoon', 'parsley'), ('0.25 teaspoon', 'onion powder'), ('0.125 teaspoon ground', 'black pepper'), ('2 cups', 'water'), ('1 cup', 'white rice'), ('1 (10.75 ounce) can', 'condensed tomato soup'), ('1 (32 ounce) container', 'tomatoes')]"
Kachumbari,"[('1 medium', 'red onion'), ('2 teaspoons', 'sea salt'), ('4 medium', 'tomatoes'), ('0.5 medium', 'cucumber'), ('0.25 cup chopped', 'cilantro'), ('1', 'jalapeno pepper'), ('1', 'avocado'), ('1', 'lime'), ('salt and freshly ground black pepper to taste', '')]"
Austrian Linzer Torte,"[('2 cups', 'all-purpose flour'), ('2 cups finely ground', 'almonds'), ('1.25 cups', 'white sugar'), ('1 teaspoon', 'baking powder'), ('0.5 teaspoon ground', 'cinnamon'), ('0.125 teaspoon ground', 'cloves'), ('1.125 cups', 'unsalted butter'), ('4', 'egg yolks'), ('6 tablespoons', 'red currant jam')]"
Norwegian Krumkake,"[('1 cup', 'sugar'), ('0.5 cup', 'unsalted butter'), ('2 large', 'eggs'), ('1.5 cups', 'all-purpose flour'), ('1 cup', 'milk'), ('0.5 teaspoon', 'vanilla extract'), ('0.5 teaspoon', 'butter flavoring')]"
Waterzooi (Vaterzoy),"[('2 tablespoons', 'vegetable oil'), ('2 pounds', 'chicken'), ('2', 'leeks'), ('1 large', 'onion'), ('2 stalks', 'celery'), ('1.5 teaspoons', 'salt'), ('5 cups', 'water'), ('1 teaspoon', 'chicken bouillon granules'), ('0.25 teaspoon', 'nutmeg'), ('1 tablespoon', 'all-purpose flour'), ('1 tablespoon', 'lemon juice'), ('0.5 cup', 'heavy cream'), ('2', 'egg yolks'), ('1 tablespoon dried', 'parsley')]"
Plum Butter,"[('4.5 pounds', 'plums'), ('0.25 cup', 'water'), ('1 cup', 'white sugar')]"
Peruvian Pineapple Chicken (Pollo a la Piña),"[('1.5 tablespoons', 'soy sauce'), ('1 teaspoon', 'salt'), ('0.5 teaspoon ground', 'black pepper'), ('0.5 teaspoon', 'garlic powder'), ('0.5 teaspoon ground', 'cumin'), ('3', 'chicken breasts'), ('1 (20 ounce) can', 'pineapple chunks'), ('1.5 cups', 'white sugar'), ('2 cups', 'potato starch'), ('1 tablespoon', 'vegetable oil'), ('1 teaspoon', 'vegetable oil'), ('2 tablespoons', 'tomato paste'), ('1', 'red bell pepper'), ('3 green', 'onions')]"
Jerk Pork Chops,"[('0.75 cup', 'water'), ('0.33333298563957 cup', 'lemon juice'), ('0.33333298563957 cup chopped', 'onion'), ('1 tablespoon packed', 'brown sugar'), ('1 tablespoon chopped', 'green onion'), ('1 tablespoon', 'canola oil'), ('0.75 teaspoon', 'salt'), ('0.75 teaspoon ground', 'allspice'), ('0.75 teaspoon ground', 'cinnamon'), ('0.75 teaspoon ground', 'black pepper'), ('0.5 teaspoon', 'thyme'), ('0.25 teaspoon', 'cayenne pepper'), ('6', 'pork chops')]"
Beef Nilaga,"[('4.5 pounds', 'beef short ribs'), ('1 quart', 'water'), ('2', 'onions'), ('1 tablespoon', 'black peppercorns'), ('2', 'beef bouillon cubes'), ('2', 'potatoes'), ('1', 'chayote squash'), ('2', 'carrots'), ('2 stalks', 'celery'), ('to taste', 'salt'), ('0.25 head', 'cabbage')]"
Kibbee Lebanese Style,"[('0.5 cup', 'bulgur'), ('0.5 cup hot', 'water'), ('0.5 teaspoon', 'mint'), ('0.25 teaspoon ground', 'allspice'), ('0.25 teaspoon ground', 'black pepper'), ('0.125 teaspoon ground', 'cinnamon'), ('0.25 teaspoon', 'salt'), ('1', 'onion'), ('2 tablespoons chopped fresh', 'parsley'), ('1 pound', 'lamb'), ('2 tablespoons', 'pine nuts')]"
Sangria by the Pros,"[('1', 'orange'), ('1', 'lemon'), ('1', 'lime'), ('1 medium', 'apples'), ('1 cup', 'cherries'), ('1 cup fresh', 'pineapple'), ('0.75 cup', 'brandy'), ('1 (750 milliliter) bottle', 'dry red wine'), ('1 (12 ounce) can', 'lemon-lime soda'), ('1 cup', 'orange juice')]"
Deviled Eggs with Zip,"[('12', 'eggs'), ('2 tablespoons', 'mayonnaise'), ('1 teaspoon', 'Chinese hot prepared mustard'), ('2 teaspoons', 'mustard'), ('to taste', 'salt and pepper'), ('for garnish', 'paprika')]"
Pierogi Casserole,"[('5', 'potatoes'), ('0.5 cup', 'milk'), ('0.5 cup', 'butter'), ('0.5 pound', 'bacon'), ('1', 'onion'), ('6 cloves', 'garlic'), ('0.5 (16 ounce) package', 'lasagna noodles'), ('2 cups shredded', 'Cheddar cheese'), ('to taste', 'salt and pepper'), ('1 (8 ounce) container', 'sour cream'), ('3 tablespoons chopped fresh', 'chives')]"
Korean Cucumber Salad,"[('3 pounds', 'cucumber'), ('1.5 tablespoons', 'sea salt'), ('1', 'green onion'), ('1 clove', 'garlic'), ('0.5 cup', 'rice vinegar'), ('2 tablespoons', 'sesame oil'), ('2 tablespoons', 'honey'), ('2 tablespoons', 'lemon juice'), ('1 tablespoon', 'rice wine'), ('1 tablespoon', 'sesame seeds'), ('1.5 teaspoons', 'Korean red pepper powder'), ('freshly ground to taste', 'black pepper')]"
Lebanese Fatayer,"[('1 cup', 'water'), ('1 teaspoon', 'yeast'), ('2 cups', 'all-purpose flour'), ('2 tablespoons', 'milk'), ('1 teaspoon', 'sugar'), ('1 teaspoon', 'olive oil'), ('0.5 teaspoon', 'baking powder'), ('1 pinch', 'salt'), ('1 tablespoon', 'olive oil'), ('1 medium', 'onion'), ('1 (10 ounce) package', 'spinach'), ('salt and ground black pepper to taste', ''), ('0.5 medium', 'lemon'), ('1 teaspoon', 'sesame seeds'), ('1 large', 'egg')]"
Lemon Pisco Sour,"[('1 tablespoon', 'sugar'), ('1 fluid ounce', 'lemon juice'), ('2 fluid ounces', 'Pisco'), ('ice', 'cubes')]"
Frikadeller (Danish Meatballs),"[('0.5 pound ground', 'veal'), ('0.5 pound', 'pork'), ('0.25 cup', 'milk'), ('0.25 cup finely grated', 'onion'), ('1 large', 'egg'), ('0.25 cup', 'bread crumbs'), ('0.25 cup', 'all-purpose flour'), ('0.25 cup', 'seltzer water'), ('to taste', 'salt and pepper'), ('0.25 cup', 'margarine')]"
Shredded Slow Cooker Cuban Beef,"[('1 pound', 'rump roast'), ('to taste', 'coarse salt'), ('to taste', 'black pepper'), ('1 tablespoon', 'olive oil'), ('0.75 cup', 'bitter orange marinade'), ('0.75 cup', 'garlic marinade'), ('1 yellow', 'onion'), ('4 large cloves', 'garlic'), ('0.5 tablespoon ground', 'cumin')]"
Quick Beef Stir-Fry,"[('2 tablespoons', 'vegetable oil'), ('1 pound', 'beef sirloin'), ('1.5 cups fresh', 'broccoli'), ('1', 'red bell pepper'), ('2', 'carrots'), ('1', 'green onion'), ('1 teaspoon minced', 'garlic'), ('2 tablespoons', 'soy sauce'), ('2 tablespoons', 'sesame seeds')]"
Wiener Schnitzel,"[('1.5 pounds', 'veal cutlets'), ('0.5 cup', 'all-purpose flour'), ('2 large', 'eggs'), ('3 tablespoons grated', 'Parmesan cheese'), ('2 tablespoons', 'milk'), ('1 teaspoon minced', 'parsley'), ('0.5 teaspoon', 'salt'), ('0.25 teaspoon', 'pepper'), ('1 pinch', 'nutmeg'), ('1 cup', 'bread crumbs'), ('6 tablespoons', 'butter'), ('4 slices', 'lemon')]"
Puerto Rican Tostones (Fried Plantains),"[('1 green', 'plantain'), ('5 tablespoons', 'oil'), ('3 cups cold', 'water'), ('to taste', 'salt')]"
Chicken Sofrito,"[('4 large', 'potatoes'), ('4 large', 'chicken breasts'), ('1 (16 ounce) package', 'chourico sausage'), ('1 (12 fluid ounce) can or bottle', 'beer'), ('4 large', 'carrots'), ('1', 'onion'), ('0.5 cup chopped fresh', 'parsley'), ('5 tablespoons', 'sofrito'), ('0.25 cup', 'red cooking wine'), ('3 (.18 ounce) packets', 'sazon seasoning'), ('4 cloves', 'garlic'), ('salt and ground black pepper to taste', '')]"
Basic Crêpes,"[('2 large', 'eggs'), ('0.5 cup', 'milk'), ('0.5 cup', 'water'), ('0.25 teaspoon', 'salt'), ('1 cup', 'all-purpose flour'), ('2 tablespoons', 'butter')]"
Nanaimo Bars,"[('1 cup', 'butter'), ('5 tablespoons', 'unsweetened cocoa powder'), ('0.25 cup', 'sugar'), ('1', 'egg'), ('1.75 cups', 'graham cracker crumbs'), ('1 cup', 'coconut'), ('0.5 cup finely chopped', 'almonds'), ('3 tablespoons', 'heavy cream'), ('2 tablespoons', 'custard powder'), ('2 cups', ""confectioners' sugar""), ('4 (1 ounce) squares', 'semisweet baking chocolate'), ('2 teaspoons', 'butter')]"
Vietnamese Chicken and Long-Grain Rice Congee,"[('0.125 cup uncooked', 'jasmine rice'), ('1 (2.5 pound)', 'chicken'), ('3 (2 inch) pieces', 'ginger root'), ('1 stalk', 'lemon grass'), ('1 tablespoon', 'salt'), ('0.25 cup chopped', 'cilantro'), ('0.125 cup chopped fresh', 'chives'), ('to taste', 'black pepper'), ('1', 'lime')]"
Toasted Cuban Sandwich,"[('', 'Chipotle Mayonnaise'), ('1.5 cups', 'mayonnaise'), ('0.5 cup', 'sour cream'), ('0.25 cup chopped fresh', 'cilantro'), ('0.25 cup diced', 'green onions'), ('1.5 tablespoons ground', 'chipotle peppers'), ('1 tablespoon', 'lime juice'), ('1 tablespoon', 'garlic basil spread'), ('1 teaspoon', 'cumin'), ('salt and ground black pepper to taste', ''), ('', 'Fillings'), ('2 tablespoons', 'olive oil'), ('2', 'sweet onions'), ('1 teaspoon', 'red pepper flakes'), ('1 teaspoon dried', 'oregano'), ('2', 'jalapeno peppers'), ('4', 'ciabatta sandwich rolls'), ('0.25 cup', 'mustard'), ('0.5 pound sliced', 'Swiss cheese'), ('0.5 pound sliced', 'deli roast pork loin'), ('0.5 pound sliced', 'ham'), ('2', 'dill pickles')]"
Malasadas,"[('1 (.25 ounce) package', 'active dry yeast'), ('1 teaspoon', 'sugar'), ('0.25 cup warm', 'water'), ('6', 'eggs'), ('6 cups', 'all-purpose flour'), ('0.5 cup', 'sugar'), ('0.25 cup', 'butter'), ('1 cup', 'evaporated milk'), ('1 cup', 'water'), ('1 teaspoon', 'salt'), ('2 quarts', 'vegetable oil'), ('2 cups', 'white sugar')]"
Easy Haupia,"[('5 tablespoons', 'cornstarch'), ('0.25 cup', 'sugar'), ('0.125 teaspoon', 'salt'), ('2 cups', 'coconut milk')]"
Coconut Chikki,"[('1 tablespoon', 'ghee'), ('4 cups grated', 'dried coconut'), ('0.75 cup', 'brown sugar'), ('0.75 cup', 'sugar'), ('0.25 cup', 'water')]"
Crispy Ginger Beef,"[('0.75 cup', 'cornstarch'), ('0.5 cup', 'water'), ('2 large', 'eggs'), ('1 pound', 'flank steak'), ('0.5 cup', 'canola oil'), ('1 large', 'carrot'), ('1', 'green bell pepper'), ('1', 'red bell pepper'), ('3 green', 'onions'), ('0.25 cup minced fresh', 'ginger root'), ('5', 'garlic cloves'), ('0.5 cup', 'sugar'), ('0.25 cup', 'rice vinegar'), ('3 tablespoons', 'soy sauce'), ('1 tablespoon', 'sesame oil'), ('1 tablespoon', 'red pepper flakes')]"
Chilean Empanada,"[('1 tablespoon', 'butter'), ('1 large', 'onion'), ('1 teaspoon minced', 'garlic'), ('1 teaspoon dried', 'oregano'), ('1 teaspoon', 'cumin'), ('0.5 teaspoon', 'salt'), ('0.5 teaspoon ground', 'black pepper'), ('1 pound', 'pork'), ('1 cup', 'raisins'), ('1 cup chopped', 'black olives'), ('3 large', 'eggs'), ('1 cup', 'water'), ('1 teaspoon', 'cornstarch'), ('1 cup lukewarm', 'milk'), ('1 cup', 'shortening'), ('5 cups', 'all-purpose flour'), ('2 teaspoons', 'salt'), ('2 large', 'eggs')]"
"Eggplant, Roasted Pepper and Chicken Pitas","[('2', 'eggplants'), ('1 tablespoon', 'salt'), ('2 (6 ounce)', 'chicken breast halves'), ('all-purpose flour for', 'dusting'), ('2', 'eggs'), ('1 cup', 'bread crumbs'), ('4 tablespoons', 'olive oil'), ('3 cloves', 'garlic'), ('2 tablespoons', 'red wine vinegar'), ('2 tablespoons', 'olive oil'), ('1 (12 ounce) jar', 'red peppers'), ('to taste', 'salt and pepper'), ('6 (6-inch)', 'pita breads')]"
Lefse,"[('3 cups', 'water'), ('3 cups dry', 'potato flakes'), ('1 cup', 'evaporated milk'), ('0.5 cup', 'shortening'), ('2 teaspoons', 'white sugar'), ('1 teaspoon', 'salt'), ('3.75 cups', 'all-purpose flour')]"
Fried Kimchi,"[('1 cup', 'kimchi'), ('0.5 teaspoon', 'sesame oil'), ('1.5 teaspoons', 'white vinegar'), ('1 tablespoon', 'sugar')]"
Pork Dumplings,"[('100 (3.5 inch square)', 'wonton wrappers'), ('1.75 pounds', 'pork'), ('1 tablespoon minced', 'ginger root'), ('4 cloves', 'garlic'), ('2 tablespoons thinly sliced', 'green onion'), ('4 tablespoons', 'soy sauce'), ('3 tablespoons', 'sesame oil'), ('1', 'egg'), ('5 cups finely shredded', 'Chinese cabbage')]"
Japanese Beef Stir-Fry,"[('2 pounds', 'beef sirloin or beef top round steaks'), ('3 tablespoons', 'cornstarch'), ('1 (10.5 ounce) can', ""Campbell's® Condensed Beef Broth""), ('0.5 cup', 'soy sauce'), ('2 tablespoons', 'sugar'), ('2 tablespoons', 'vegetable oil'), ('4 cups sliced', 'shiitake mushrooms'), ('1 head', 'Chinese cabbage'), ('2 medium', 'red peppers'), ('3 stalks', 'celery'), ('2 medium', 'green onions'), ('Hot cooked regular long-grain', 'white rice')]"
Halloumi Cheese Fingers,"[('0.5 tablespoon', 'olive oil'), ('6 ounces', 'halloumi cheese'), ('2 teaspoons', 'lemon juice'), ('0.25 teaspoon dried', 'oregano'), ('to taste', 'black pepper')]"
Grandma&#39;s Polish Perogies,"[('4.5 cups', 'all-purpose flour'), ('2 teaspoons', 'salt'), ('2 cups', 'sour cream'), ('2', 'eggs'), ('1', 'egg yolk'), ('2 tablespoons', 'butter'), ('2 tablespoons', 'vegetable oil'), ('8', 'potatoes'), ('1 cup shredded', 'Cheddar cheese'), ('2 tablespoons', 'cheese sauce'), ('1 pinch', 'onion salt'), ('to taste', 'salt and pepper')]"
Piña Colada Sorbet,"[('1.5 cups', 'white sugar'), ('1.5 cups', 'water'), ('1 (20 ounce) can', 'pineapple'), ('1 (13.5 ounce) can', 'coconut milk'), ('0.25 cup', 'lime juice')]"
Jamaican Curried Goat,"[('2 pounds', 'goat stew meat'), ('2 fresh', 'chile peppers'), ('2 tablespoons', 'curry powder'), ('2 cloves', 'garlic'), ('1 teaspoon', 'salt'), ('1 teaspoon ground', 'black pepper'), ('3 tablespoons', 'vegetable oil'), ('1', 'onion'), ('1 rib', 'celery'), ('2.5 cups', 'vegetable broth'), ('1', 'bay leaf'), ('3', 'potatoes')]"
Norwegian Potato Lefsa,"[('18', 'potatoes'), ('0.5 cup', 'heavy whipping cream'), ('0.5 cup', 'butter'), ('1 tablespoon', 'salt'), ('1 tablespoon', 'sugar'), ('4 cups', 'all-purpose flour')]"
Chicken Biryani,"[('4 tablespoons', 'vegetable oil'), ('4 small', 'potatoes'), ('2 large', 'onions'), ('2 cloves', 'garlic'), ('1 tablespoon minced fresh', 'ginger root'), ('2 medium', 'tomatoes'), ('1 teaspoon', 'salt'), ('1 teaspoon ground', 'cumin'), ('0.5 teaspoon', 'chili powder'), ('0.5 teaspoon ground', 'black pepper'), ('0.5 teaspoon ground', 'turmeric'), ('2 tablespoons', 'yogurt'), ('2 tablespoons chopped fresh', 'mint leaves'), ('0.5 teaspoon ground', 'cardamom'), ('1 (2 inch) piece', 'cinnamon stick'), ('3 pounds', 'chicken'), ('1 pound', 'basmati rice'), ('2.5 tablespoons', 'vegetable oil'), ('1 large', 'onion'), ('5 pods', 'cardamom'), ('3 whole', 'cloves'), ('1 (1 inch) piece', 'cinnamon stick'), ('0.5 teaspoon ground', 'ginger'), ('1 pinch', 'saffron'), ('4 cups', 'chicken stock'), ('1.5 teaspoons', 'salt')]"
Suspiro Limeño,"[('1 (14 ounce) can', 'sweetened condensed milk'), ('1 (12 fluid ounce) can', 'evaporated milk'), ('1 tablespoon', 'vanilla extract'), ('2 beaten', 'egg yolks'), ('2 beaten', 'egg white'), ('1 cup', ""confectioners' sugar""), ('0.25 teaspoon ground', 'cinnamon')]"
Jerk Chicken Pizza,"[('1', 'green bell pepper'), ('4 teaspoons', 'olive oil'), ('1', 'chicken breast'), ('1 tablespoon', 'jerk sauce'), ('3 cloves', 'garlic'), ('1', 'portobello mushroom'), ('1 (10 ounce) package', 'pizza crust'), ('0.5 cup', 'pizza sauce'), ('1 (4 ounce) package thinly sliced', 'salami'), ('1.5 cups shredded', 'mozzarella cheese')]"
German Apple Cake,"[('1 cup', 'vegetable oil'), ('2', 'eggs'), ('2 cups', 'sugar'), ('1 teaspoon', 'vanilla extract'), ('2 cups', 'all-purpose flour'), ('2 teaspoons', 'cinnamon'), ('1 teaspoon', 'baking soda'), ('0.5 teaspoon', 'salt'), ('4 cups', 'apples')]"
Arroz con Pollo (Peruvian Style),"[('1 tablespoon', 'vegetable oil'), ('5', 'chicken pieces'), ('salt and ground black pepper to taste', ''), ('1 large', 'onion'), ('2 cloves', 'garlic'), ('1 cup chopped fresh', 'cilantro'), ('3 cups', 'white rice'), ('2 cups', 'water'), ('1 (12 fluid ounce) can', 'beer'), ('1', 'carrot'), ('1 cup', 'green peas')]"
Finnish Kropser (Baked Pancakes),"[('3', 'eggs'), ('0.5 cup', 'sugar'), ('1 teaspoon', 'salt'), ('2 cups', 'milk'), ('1.25 cups', 'all-purpose flour'), ('0.25 cup', 'butter')]"
Grilled Pollo a la Brasa,"[('3 tablespoons', 'soy sauce'), ('1 tablespoon', 'grapeseed oil'), ('1.5 teaspoons ground', 'cumin'), ('1.5 teaspoons', 'paprika'), ('1 teaspoon minced', 'garlic'), ('1 teaspoon', 'thyme'), ('0.5 teaspoon freshly ground', 'black pepper'), ('0.5 teaspoon dried', 'oregano'), ('0.5 teaspoon', 'granulated onion'), ('0.25 teaspoon ground', 'coriander'), ('0.25 teaspoon ground', 'turmeric'), ('0.25 teaspoon', 'mustard powder'), ('1 pinch', 'cinnamon'), ('1 pound', 'chicken breast'), ('0.5', 'lime')]"
Pastelon (Puerto Rican Layered Casserole),"[('1 pound', 'ground beef'), ('1 cup', 'tomato sauce'), ('0.33333334326744 cup', 'sofrito'), ('8', 'green olives'), ('1 teaspoon crushed', 'garlic'), ('1 teaspoon', 'salt'), ('0.25 cup', 'recao'), ('0.25 teaspoon', 'oregano'), ('cooking', 'spray'), ('0.75 cup', 'vegetable oil'), ('6 large ripe', 'plantains'), ('5 large', 'eggs'), ('1 (9 ounce) package', 'French cut green beans'), ('1 cup shredded', 'mozzarella cheese')]"
Jibarito,"[('2 cups', 'vegetable oil'), ('1 green', 'plantain'), ('2 tablespoons', 'vegetable oil'), ('1 clove', 'garlic'), ('4 ounces', 'beef skirt steak'), ('0.25 medium', 'yellow onion'), ('1 pinch', 'cumin'), ('1 pinch', 'oregano'), ('1 tablespoon', 'mayonnaise'), ('1 slice', 'processed American cheese'), ('2 slices', 'tomato'), ('3 leaves', 'lettuce')]"
Panang Curry with Chicken,"[('5 tablespoons', 'Panang curry paste'), ('1 tablespoon', 'cooking oil'), ('4 cups', 'coconut milk'), ('0.66666668653488 pound', 'chicken breast'), ('2 tablespoons', 'palm sugar'), ('2 tablespoons', 'fish sauce'), ('6', 'makrut lime leaves'), ('2 fresh', 'red chile peppers'), ('0.25 cup fresh', 'Thai basil')]"
Instant Pot Red Thai Curry Chicken,"[('1 tablespoon', 'cooking oil'), ('2 tablespoons', 'red curry paste'), ('1.5 pounds', 'chicken breasts'), ('1 (14 ounce) can', 'coconut milk'), ('1 tablespoon', 'fish sauce'), ('1 tablespoon', 'palm sugar'), ('1 cup sliced', 'yellow onion'), ('1 cup sliced', 'red bell pepper'), ('1 cup sliced', 'yellow bell pepper'), ('1 cup sliced', 'orange bell pepper')]"
Hawaiian Cookie Tarts,"[('1.75 cups', 'all-purpose flour'), ('0.5 cup', ""confectioners' sugar""), ('2 tablespoons', 'cornstarch'), ('1 cup', 'butter'), ('1 teaspoon', 'vanilla extract'), ('1 cup', 'pineapple preserves'), ('1 cup chopped', 'macadamia nuts'), ('0.5 cup', 'sugar'), ('1', 'egg'), ('1.5 cups shredded', 'coconut')]"
Christmas Stollen,"[('0.66666668653488 cup warm', 'milk'), ('1 tablespoon', 'active dry yeast'), ('2.5 cups', 'bread flour'), ('0.33333334326744 cup', 'white sugar'), ('0.33333334326744 cup', 'butter'), ('1 large', 'egg'), ('0.5 tablespoon', 'salt'), ('0.66666668653488 cup diced', 'candied citron'), ('0.33333334326744 cup', 'currants'), ('0.33333334326744 cup', 'golden raisins'), ('0.33333334326744 cup', 'red candied cherries'), ('6 ounces', 'marzipan'), ('1 tablespoon', ""confectioners' sugar""), ('0.25 teaspoon', 'cinnamon')]"
Squash and Kohlrabi Empanadas,"[('1 tablespoon extra-virgin', 'olive oil'), ('1 tablespoon', 'butter'), ('3 cloves', 'garlic'), ('1 (1 inch) piece', 'ginger'), ('2', 'kohlrabi bulbs'), ('to taste', 'salt and pepper'), ('1 large', 'yellow squash'), ('2 green', 'onions'), ('0.5 cup chopped fresh', 'spinach'), ('1 pinch', 'nutmeg'), ('1', 'egg'), ('1 teaspoon', 'water'), ('1 (15 ounce) package', 'pastry')]"
Jamaican Fried Dumplings,"[('4 cups', 'all-purpose flour'), ('2 teaspoons', 'baking powder'), ('1.5 teaspoons', 'salt'), ('0.5 cup', 'butter'), ('0.5 cup cold', 'water'), ('1 cup', 'vegetable oil')]"
Easy Two-Ingredient Naan,"[('1.25 cups', 'self-rising flour'), ('1 cup', 'Greek yogurt')]"
Slow Cooker Sweet and Sour Kielbasa,"[('6 tablespoons', 'butter'), ('2 large', 'onions'), ('1 cup packed', 'brown sugar'), ('0.5 (28 ounce) bottle', 'ketchup'), ('3 tablespoons', 'cider vinegar'), ('1.5 teaspoons', 'spicy brown mustard'), ('1 tablespoon', 'Worcestershire sauce'), ('2 teaspoons', 'hot pepper sauce'), ('1 pound', 'kielbasa sausage')]"
Filipino Ribs,"[('6 pounds', 'pork spareribs'), ('2 medium', 'onions'), ('6 tablespoons', 'soy sauce'), ('6 whole', 'star anise'), ('0.25 teaspoon ground', 'black pepper'), ('1/2 cup', 'water'), ('1 tablespoon', 'vegetable oil'), ('1 medium', 'onion'), ('0.5 cup', 'honey'), ('2 tablespoons', 'brown sugar'), ('1 tablespoon grated', 'ginger'), ('1 tablespoon', 'Worcestershire sauce'), ('1 tablespoon', 'lemon juice')]"
Maicena (Corn Pudding),"[('0.25 cup', 'cornstarch'), ('2 cups', 'milk'), ('0.5 cup', 'sugar'), ('0.5 teaspoon', 'salt'), ('2', 'egg yolks'), ('1 slice', 'lemon rind'), ('1 teaspoon', 'vanilla extract')]"
Chef John&#39;s Swedish Meatballs,"[('2 tablespoons', 'butter'), ('0.5', 'onion'), ('1.5 teaspoons', 'salt'), ('2 large', 'eggs'), ('0.33333334326744 cup', 'bread crumbs'), ('0.25 cup', 'milk'), ('0.75 teaspoon freshly ground', 'black pepper'), ('0.25 teaspoon ground', 'nutmeg'), ('0.25 teaspoon ground', 'allspice'), ('1 pinch', 'cayenne pepper'), ('1 pound', 'beef chuck'), ('1 pound', 'pork'), ('2 tablespoons', 'butter'), ('3 tablespoons', 'all-purpose flour'), ('3.25 cups', 'beef broth'), ('0.5 cup', 'heavy cream'), ('0.5 teaspoon', 'white sugar'), ('0.25 teaspoon', 'Worcestershire sauce'), ('salt and freshly ground black pepper to taste', ''), ('cooking', 'spray')]"
Dilled Shrimp (Rejer),"[('2 quarts', 'water'), ('0.25 cup', 'salt'), ('0.33333334326744 cup', 'white sugar'), ('5 sprigs', 'dill'), ('2 pounds', 'shrimp'), ('2 tablespoons', 'vegetable oil'), ('1 tablespoon', 'white wine vinegar'), ('1 tablespoon minced', 'dill'), ('0.25 teaspoon', 'salt'), ('0.25 teaspoon', 'pepper')]"
Grandma&#39;s Aebleskevers,"[('2 large', 'eggs'), ('0.75 cup', 'all-purpose flour'), ('1 tablespoon', 'sugar'), ('0.5 teaspoon', 'baking powder'), ('1 pinch', 'salt'), ('0.75 cup', 'sweetened condensed milk'), ('1 tablespoon', 'shortening'), ('0.25 cup', 'unsalted butter')]"
Instant Pot® Jamaican Chicken Curry,"[('2 tablespoons', 'ghee'), ('1 medium', 'onion'), ('1 tablespoon minced', 'garlic'), ('1 tablespoon minced', 'ginger'), ('2 tablespoons', 'Jamaican curry powder'), ('1 fresh', 'jalapeno pepper'), ('0.25 teaspoon', 'thyme'), ('1 pinch', 'salt'), ('2 cups', 'chicken broth'), ('1.5 pounds', 'chicken thighs'), ('2 medium', 'potatoes'), ('1 pound', 'carrots'), ('3 cups steamed', 'basmati rice')]"
Pastel de Choclo,"[('2', 'eggs'), ('1 tablespoon', 'vegetable oil'), ('2', 'onions'), ('2 cloves', 'garlic'), ('1 teaspoon', 'salt'), ('0.5 teaspoon', 'paprika'), ('to taste', 'black pepper'), ('1 pound', 'beef'), ('0.5 broiled', 'chicken'), ('2 tablespoons', 'raisins'), ('1.5 tablespoons chopped', 'Kalamata olives'), ('3 (15.25 ounce) cans', 'sweet corn'), ('2 teaspoons dried', 'basil'), ('1 tablespoon', 'butter'), ('1 cup', 'milk'), ('2 teaspoons', 'white sugar'), ('to taste', 'salt')]"
Honey Walnut Shrimp,"[('1 cup', 'water'), ('0.66666668653488 cup', 'white sugar'), ('0.5 cup', 'walnuts'), ('4 large', 'egg whites'), ('0.66666668653488 cup', 'mochiko'), ('1 cup', 'vegetable oil'), ('1 pound large', 'shrimp'), ('0.25 cup', 'mayonnaise'), ('2 tablespoons', 'honey'), ('1 tablespoon canned', 'sweetened condensed milk')]"
Original Kumla Recipe from Mom,"[('1 (5 pound) unsmoked bone-in', 'ham'), ('1 teaspoon', 'salt'), ('5 pounds', 'russet potatoes'), ('4 cups', 'all-purpose flour'), ('1.5 cups stone ground', 'whole wheat flour'), ('1 teaspoon', 'baking powder'), ('1 teaspoon', 'salt'), ('3 slices', 'bacon'), ('1 pinch', 'salt')]"
Jajangmyeon (Vegetarian Korean Black Bean Noodles),"[('0.5 tablespoon', 'canola oil'), ('1 clove', 'garlic'), ('0.5 cup cubed', 'carrots'), ('0.5 cup', 'potatoes'), ('to taste', 'salt and ground black pepper'), ('0.5 cup peeled and cubed', 'zucchini'), ('0.5 cup chopped', 'onion'), ('1 tablespoon', 'cornstarch'), ('1 tablespoon', 'water'), ('1 cup', 'water'), ('4 tablespoons', 'black bean paste'), ('1 tablespoon', 'white sugar'), ('0.5 (7 ounce) package', 'jaa jang myun noodles')]"
Kroppkakor - Swedish Potato Dumplings,"[('0.25 pound', 'salt pork'), ('1 small', 'onion'), ('1.5 cups cold', 'potatoes'), ('1 large', 'egg'), ('0.75 teaspoon', 'salt'), ('0.25 teaspoon ground', 'black pepper'), ('1 pinch', 'nutmeg'), ('2 cups sifted', 'all-purpose flour'), ('0.5 cup', 'all-purpose flour'), ('1 gallon', 'water'), ('2 (32 fluid ounce) containers', 'beef broth')]"
Dansk Aebleskiver (Danish Doughnuts),"[('8', 'eggs'), ('1 quart', 'buttermilk'), ('0.25 cup melted', 'butter'), ('4 cups', 'all-purpose flour'), ('1 teaspoon', 'salt'), ('2 tablespoons', 'white sugar'), ('1 teaspoon', 'baking soda'), ('1.5 tablespoons ground', 'cardamom'), ('2 cups', 'vegetable shortening')]"
Slow Cooker Puerto Rican Shredded Pork,"[('1 (3 pound) boneless', 'pork sirloin roast'), ('4 cloves', 'garlic'), ('1 tablespoon', 'vegetable oil'), ('1 cup', 'orange juice'), ('4', 'limes'), ('1 tablespoon ground', 'cumin'), ('1.5 teaspoons coarse', 'salt'), ('1 teaspoon dried', 'oregano')]"
Butter Lamb Gravy,"[('2 pounds', 'lamb shoulder'), ('0.5 teaspoon', 'garam masala'), ('to taste', 'salt'), ('2 tablespoons', 'butter'), ('1', 'onion'), ('0.5 teaspoon ground', 'turmeric'), ('0.5 teaspoon minced', 'ginger'), ('0.5 teaspoon minced', 'garlic'), ('0.5 teaspoon', 'cayenne pepper'), ('1 tablespoon', 'tomato paste'), ('1 cup', 'water'), ('0.5 cup', 'heavy cream'), ('1 tablespoon', 'honey'), ('1 cup chopped fresh', 'cilantro')]"
Kung Pao Chicken,"[('2 tablespoons', 'cornstarch'), ('2 tablespoons', 'white wine'), ('2 tablespoons', 'soy sauce'), ('2 tablespoons', 'sesame oil'), ('1 pound', 'chicken breast'), ('1 ounce', 'chile paste'), ('2 teaspoons', 'brown sugar'), ('1 teaspoon', 'distilled white vinegar'), ('1 (8 ounce) can', 'water chestnuts'), ('4 ounces', 'peanuts'), ('4', 'green onions'), ('1 tablespoon chopped', 'garlic')]"
Lutefisk,"[('1 quart', 'water'), ('1.5 tablespoons', 'salt'), ('1 pound dried', 'lutefisk'), ('2 tablespoons', 'butter')]"
Authentic Bangladeshi Beef Curry,"[('3 tablespoons', 'olive oil'), ('1', 'onion'), ('6 cloves', 'garlic'), ('5', 'green chile peppers'), ('1 teaspoon', 'ginger paste'), ('3 whole', 'cardamom seeds'), ('2 whole', 'cloves'), ('1.5 (2 inch)', 'cinnamon sticks'), ('1 teaspoon ground', 'cumin'), ('1 teaspoon ground', 'coriander'), ('1 teaspoon ground', 'turmeric'), ('1 teaspoon', 'garlic powder'), ('1 teaspoon', 'cayenne pepper'), ('1 cup', 'water'), ('2 pounds', 'beef chuck')]"
Chocolate Pavlova,"[('6', 'egg whites'), ('0.25 teaspoon', 'salt'), ('0.25 teaspoon', 'cream of tartar'), ('1.5 cups', 'sugar'), ('3 tablespoons', 'cocoa powder'), ('2 teaspoons', 'cornstarch'), ('1 tablespoon', 'vinegar'), ('2 teaspoons', 'vanilla extract'), ('2 (1 ounce) squares', 'bittersweet chocolate'), ('3 cups', 'strawberries'), ('1.5 cups', 'whipping cream'), ('2 teaspoons', 'sugar'), ('1 (1 ounce) square', 'bittersweet chocolate')]"
Grilled Asian Chicken,"[('0.25 cup', 'soy sauce'), ('2 tablespoons', 'honey'), ('4 teaspoons', 'sesame oil'), ('2 cloves', 'garlic'), ('3 slices', 'ginger root'), ('4', 'chicken breast halves')]"
Argentine Corn Pie,"[('1', 'egg'), ('2 cups', 'corn'), ('1 tablespoon', 'vegetable oil'), ('0.75 cup', 'onion'), ('2 cups', 'milk'), ('0.25 cup', 'cornstarch'), ('0.25 cup', 'butter'), ('1 teaspoon ground', 'nutmeg'), ('0.5 teaspoon', 'salt'), ('0.5 teaspoon ground', 'black pepper'), ('1 (9 inch) unbaked', 'pie crust'), ('1', 'egg')]"
Instant Pot Lebanese Lentil Soup (Shorbat Adas),"[('2 tablespoons', 'olive oil'), ('1', 'onion'), ('1', 'Yukon Gold potato'), ('1', 'carrot'), ('1', 'tomato'), ('2', 'celery ribs'), ('1 clove', 'garlic'), ('1.5 teaspoons', 'kosher salt'), ('0.75 teaspoon', 'cumin'), ('0.125 teaspoon ground', 'cinnamon'), ('0.125 teaspoon', 'allspice'), ('4 cups low-sodium', 'vegetable broth'), ('2 cups', 'water'), ('1.5 cups', 'red lentils'), ('2', 'lemons'), ('2', 'pita bread'), ('cooking', 'spray'), ('1 pinch', 'salt')]"
Austrian Jam Cookies,"[('0.5 cup', 'butter'), ('0.5 cup', 'sugar'), ('1 teaspoon', 'vanilla extract'), ('1', 'egg yolk'), ('1.5 cups', 'all-purpose flour'), ('0.66666668653488 cup chopped', 'almonds'), ('1 cup', 'raspberry jam')]"
Spicy Red Bean Soup,"[('2 tablespoons', 'olive oil'), ('1', 'onion'), ('6 tablespoons', 'paprika'), ('2.5 cups', 'ketchup'), ('8 cups', 'water'), ('1 (1 ounce) package', 'dry onion soup mix'), ('1 teaspoon', 'salt'), ('1 tablespoon ground', 'black pepper'), ('1 pound', 'linguica'), ('1 pound', 'chourico'), ('5 (15 ounce) cans', 'kidney beans'), ('3', 'potatoes'), ('0.5 pound', 'spaghetti')]"
Filipino Beef Steak,"[('4 pounds', 'New York strip steak'), ('1', 'lemon'), ('3 tablespoons', 'soy sauce'), ('1 teaspoon', 'sugar'), ('to taste', 'salt and pepper'), ('1 tablespoon', 'cornstarch'), ('0.25 cup', 'vegetable oil'), ('3 tablespoons', 'olive oil'), ('1', 'onion'), ('2 cloves', 'garlic')]"
California Style Israeli Salad,"[('8', 'roma tomatoes'), ('1', 'English cucumber'), ('1 cup peeled, chopped', 'jicama'), ('1 small', 'yellow bell pepper'), ('0.5 cup diced', 'red onion'), ('3 tablespoons fresh', 'lemon juice'), ('3 tablespoons extra virgin', 'olive oil'), ('1 tablespoon dried', 'parsley'), ('to taste', 'salt and pepper')]"
Classic Chicken Cordon Bleu,"[('3 tablespoons', 'all-purpose flour'), ('1 teaspoon', 'paprika'), ('6', 'chicken breast halves'), ('6 slices', 'Swiss cheese'), ('6 slices', 'ham'), ('6 tablespoons', 'butter'), ('0.5 cup', 'white wine'), ('1 teaspoon', 'chicken bouillon granules'), ('1 cup', 'heavy whipping cream'), ('1 tablespoon', 'cornstarch')]"
Aebleskiver,"[('2 large', 'egg whites'), ('2 cups', 'buttermilk'), ('2 cups', 'all-purpose flour'), ('4 tablespoons', 'butter'), ('1 tablespoon', 'sugar'), ('2 teaspoons', 'baking powder'), ('0.5 teaspoon', 'baking soda'), ('0.5 teaspoon', 'salt'), ('1 cup', 'vegetable oil')]"
Lebanese Lemon Lentil Soup,"[('2 tablespoons', 'olive oil'), ('1 large', 'yellow onion'), ('2 stalks', 'celery'), ('2', 'carrots'), ('1.5 teaspoons minced', 'garlic'), ('6 cups', 'water'), ('2 cups', 'French green lentils'), ('4 tablespoons', 'parsley'), ('1 tablespoon', 'salt'), ('1 tablespoon ground', 'coriander'), ('1 tablespoon', 'cumin'), ('1.5 teaspoons ground', 'black pepper'), ('0.5 teaspoon', 'cayenne pepper'), ('1 cup', 'all-purpose flour'), ('0.25 cup', 'butter'), ('1', 'lemon'), ('freshly ground', 'black pepper')]"
Gheymeh (Persian Beef Stew),"[('1.5 tablespoons', 'oil'), ('1 medium', 'onion'), ('0.75 pound', 'beef stew meat'), ('1 cup dried', 'split peas'), ('2 dried', 'Persian limes'), ('1.5 tablespoons', 'tomato paste'), ('1 teaspoon', 'salt'), ('1 pinch', 'curry powder'), ('1 pinch', 'turmeric'), ('1 pinch', 'black pepper'), ('as needed', 'water'), ('oil for', 'frying'), ('0.5 pound', 'potatoes')]"
Spicy Tuna Sushi Roll,"[('2 cups uncooked', 'glutinous white rice'), ('2.5 cups', 'water'), ('1 tablespoon', 'rice vinegar'), ('1 (5 ounce) can', 'tuna'), ('1 tablespoon', 'mayonnaise'), ('1 teaspoon', 'chili powder'), ('1 teaspoon', 'wasabi paste'), ('4 sheets', 'nori'), ('0.5', 'cucumber'), ('1', 'carrot'), ('1', 'avocado')]"
Hawaiian Bread I,"[('0.5 cup mashed', 'banana'), ('0.5 cup', 'pineapple'), ('1', 'egg'), ('0.25 cup', 'milk'), ('0.25 cup', 'margarine'), ('1 teaspoon', 'coconut extract'), ('0.5 teaspoon', 'salt'), ('0.33333298563957 cup', 'white sugar'), ('0.5 cup', 'potato flakes'), ('3 cups', 'bread flour'), ('1.5 teaspoons', 'active dry yeast')]"
