title,original_ingredients,standardized_ingredients
Easy Chicken Fajita Marinade,"vegetable oil, chili powder, lime juice, honey, garlic powder, paprika, black pepper, chicken breasts","vegetable oil, chili powder, lime juice, honey, garlic powder, paprika, black pepper, chicken breast"
Boneless Buffalo Wings,"deep frying, all-purpose flour, salt, black pepper, cayenne pepper, paprika, garlic powder, egg, milk, chicken breasts, hot pepper sauce, butter","deep frying, all purpose flour, salt, black pepper, cayenne pepper, paprika, garlic powder, egg, milk, chicken breast, hot pepper sauce, butter"
Vietnamese Aromatic Lamb Chops,"lamb loin chops, white sugar, garlic, garlic powder, chili powder, olive oil, lime juice, soy sauce, cilantro, lemon wedges, lime wedges","lamb loin chop, white sugar, garlic, garlic powder, chili powder, olive oil, lime juice, soy sauce, cilantro, lemon wedge, lime wedge"
Joy&#39;s Green Banana Salad,"bananas, olive oil, green bell pepper, shrimp, crabmeat, sweet onion, salt, sugar, red wine vinegar, bacon, egg","banana, olive oil, green bell pepper, shrimp, crab meat, sweet onion, salt, sugar, red wine vinegar, bacon, egg"
Danish Christmas Red Cabbage,"red cabbage, water, sugar, white vinegar, salt","red cabbage, water, sugar, white vinegar, salt"
Sweet Plantain Pie,"canola oil, pork, ham, sofrito, olives, capers, salt, garlic powder, oregano, tomato sauce, plantains, butter, white sugar, butter","canola oil, pork, ham, sofrito, olive, caper, salt, garlic powder, oregano, tomato sauce, plantain, butter, white sugar"
Bulgogi (Korean Barbecued Beef),"soy sauce, sesame oil, sesame seeds, garlic, white sugar, salt, black pepper, monosodium glutamate, beef top sirloin, carrot, green onion, onion","soy sauce, sesame oil, black sesame seed, garlic, white sugar, salt, black pepper, monosodium glutamate, beef top sirloin, carrot, green onion, onion"
Greek Seasoning Blend,"salt, garlic powder, basil, Greek oregano, cinnamon, black pepper, parsley, rosemary, dill weed, marjoram, cornstarch, thyme, nutmeg","salt, garlic powder, basil, greek oregano, cinnamon, black pepper, parsley, rosemary, dill weed, marjoram, cornstarch, thyme, nutmeg"
Godeungeo Jorim (Korean Braised Mackerel with Radish),"red chile pepper, green chile pepper, cooking wine, gochugaru, gochujang, soy sauce, brown sugar, garlic, ginger, water, daikon radish, mackerel, onions","red chile pepper, green chile pepper, cooking wine, gochugaru, gochujang, soy sauce, brown sugar, garlic, ginger, water, daikon radish, mackerel, onion"
Chocolate Yule Log,"sugar, butter, coffee-flavored liqueur, cocoa powder, salt, mascarpone cheese, butter, cocoa powder, all-purpose flour, kosher salt, eggs, white sugar, vanilla, sugar, heavy cream, dark chocolate chips","sugar, butter, coffee flavored liqueur, cocoa powder, salt, mascarpone cheese, all purpose flour, kosher salt, egg, white sugar, vanilla, heavy cream, dark chocolate chip"
Curry Stand Chicken Tikka Masala Sauce,"ghee, onion, garlic, cumin, salt, ginger, cayenne pepper, cinnamon, turmeric, tomato sauce, heavy whipping cream, white sugar, paprika, vegetable oil, chicken breast, curry powder","ghee, onion, garlic, cumin, salt, ginger, cayenne pepper, cinnamon, turmeric, tomato sauce, heavy whipping cream, white sugar, paprika, vegetable oil, chicken breast, curry powder"
Filipino-Style Congee (Lugaw),"water, white rice, vegetable oil, garlic, ginger, onion, chicken breasts, fish sauce, black pepper, annatto powder, eggs, spring onions","water, white rice, vegetable oil, garlic, ginger, onion, chicken breast, fish sauce, black pepper, annatto powder, egg, green onion"
Air Fryer Chicken Katsu with Homemade Katsu Sauce,"ketchup, soy sauce, brown sugar, sherry, Worcestershire sauce, garlic, chicken breast, salt, eggs, panko bread crumbs, spray","ketchup, soy sauce, brown sugar, sherry, worcestershire sauce, garlic, chicken breast, salt, egg, panko bread crumb, cooking spray"
Tom Ka Gai (Coconut Chicken Soup),"chicken meat, vegetable oil, coconut milk, water, ginger root, fish sauce, lime juice, cayenne pepper, turmeric, green onion, cilantro","chicken meat, vegetable oil, coconut milk, water, ginger root, fish sauce, lime juice, cayenne pepper, turmeric, green onion, cilantro"
Bacalao a la Vizcaina (Basque-Style Codfish Stew),"cod fish, potatoes, onions, eggs, capers, garlic, green olives, roasted red bell peppers, golden raisins, bay leaf, tomato sauce, olive oil, water, white wine","cod fish, potato, onion, egg, caper, garlic, green olive, roasted red bell pepper, golden raisin, bay leaf, tomato sauce, olive oil, water, white wine"
Canadian Yellow Split Pea Soup with Ham,"ham bone, yellow split peas, celery, carrots, Spanish onion, kosher salt, thyme, bay leaf, black pepper, water","ham bone, yellow split pea, celery, carrot, spanish onion, kosher salt, thyme, bay leaf, black pepper, water"
Adobong Pusit (Squid Adobo),"squid, white vinegar, water, salt and ground black pepper, olive oil, onion, garlic, tomato, soy sauce","squid, white vinegar, water, salt, black pepper, olive oil, onion, garlic, tomato, soy sauce"
Israeli Tomato and Cucumber Salad,"English cucumbers, Roma tomatoes, red bell pepper, parsley, purple onion, mint, garlic, olive oil, lemon juice, kosher salt, black pepper","english cucumber, roma tomato, red bell pepper, parsley, purple onion, mint, garlic, olive oil, lemon juice, kosher salt, black pepper"
Danish Almond Puff,"all-purpose flour, butter, water, butter, water, almond extract, eggs, all-purpose flour, confectioners' sugar, almond extract, milk, candy sprinkles","all purpose flour, butter, water, almond extract, egg, confectioners sugar, milk, candy sprinkle"
Instant Pot Haluski with Kielbasa,"yellow onion, butter, cabbage, kielbasa sausage, chicken broth, egg noodles, salt and ground black pepper","yellow onion, butter, cabbage, kielbasa sausage, chicken broth, egg noodle, salt, black pepper"
Slow Cooker Spanish Beef Stew,"beef stew meat, Spanish onion, garlic, potatoes, tomatoes, sofrito, green olives","beef stew meat, spanish onion, garlic, potato, tomato, sofrito, green olive"
Macarons (French Macaroons),"egg whites, sugar, confectioners' sugar, almonds","egg white, sugar, confectioners sugar, almond"
Instant Pot® Cuban-Style Black Beans,"bacon, onion, jalapeno pepper, garlic, water, chicken broth, black beans, red wine vinegar, sazon seasoning, cumin, oregano, bay leaf, limes, cilantro","bacon, onion, jalapeno pepper, garlic, water, chicken broth, black bean, red wine vinegar, sazon seasoning, cumin, oregano, bay leaf, lime, cilantro"
Goat Stew,"goat meat, vinegar, soy sauce, garlic, vegetable oil, onion, red bell pepper, tomato sauce, beef stock, potato, carrots, green peas, salt, pepper, cayenne pepper","goat meat, vinegar, soy sauce, garlic, vegetable oil, onion, red bell pepper, tomato sauce, beef stock, potato, carrot, green pea, salt, black pepper, cayenne pepper"
Keema Aloo (Ground Beef and Potatoes),"olive oil, Spanish onion, water, lean ground beef, garlic, ginger root, serrano chile pepper, cilantro, coriander, salt, cumin, cayenne pepper, turmeric, potatoes, tomatoes, green peas, garam masala","olive oil, spanish onion, water, lean ground beef, garlic, ginger root, serrano chile pepper, cilantro, coriander, salt, cumin, cayenne pepper, turmeric, potato, tomato, green pea, garam masala"
Chef John&#39;s Quick Cassoulet,"bacon, sausage, chicken thighs, onion, salt and pepper, chicken broth, cannellini beans, rosemary, thyme, cayenne pepper, butter, bread crumbs, Parmigiano-Reggiano","bacon, sausage, chicken thigh, onion, salt, black pepper, chicken broth, cannellini bean, rosemary, thyme, cayenne pepper, butter, bread crumb, parmesan cheese"
Stir-Fried Mushrooms with Baby Corn,"cooking oil, garlic, onion, baby corn ears, mushrooms, fish sauce, soy sauce, oyster sauce, water, cornstarch, red chile pepper, cilantro","cooking oil, garlic, onion, baby corn ear, mushroom, fish sauce, soy sauce, oyster sauce, water, cornstarch, red chile pepper, cilantro"
Meze Fava Beans,"olive oil, onion, fava beans, water, all-purpose flour, water, lemon juice, white sugar, salt, dill","olive oil, onion, fava bean, water, all purpose flour, lemon juice, white sugar, salt, dill"
Instant Pot Bahn Flan (Vietnamese Flan),"milk, white sugar, eggs, egg yolk, vanilla extract","milk, white sugar, egg, egg yolk, vanilla extract"
Biriyani,"olive oil, yogurt, distilled white vinegar, onion, tomatoes, green chile peppers, garlic, ginger paste, garam masala, mint, salt and pepper, cilantro, chicken, water, basmati rice, cinnamon stick, bay leaf, green cardamom, black cardamom, yellow food coloring","olive oil, yogurt, distilled white vinegar, onion, tomato, green chile pepper, garlic, ginger paste, garam masala, mint, salt, black pepper, cilantro, chicken, water, basmati rice, cinnamon stick, bay leaf, green cardamom, black cardamom, yellow food coloring"
Balti Chicken Pasanda,"Greek yogurt, almonds, garam masala, garlic, ginger, chili powder, salt, black cumin seeds, cinnamon stick, green cardamom, black peppercorns, chicken, vegetable oil, onions, green chile peppers, cilantro, light cream","greek yogurt, almond, garam masala, garlic, ginger, chile powder, salt, black cumin seed, cinnamon stick, green cardamom, black peppercorn, chicken, vegetable oil, onion, green chile pepper, cilantro, light cream"
Cordon Bleu Chicken Rolls,"chicken breasts, ham, Swiss cheese, thyme, salt and pepper, butter, cornflakes cereal, condensed cream of chicken soup, sour cream, lemon juice","chicken breast, ham, swiss cheese, thyme, salt, black pepper, butter, cornflakes cereal, condensed cream of chicken soup, sour cream, lemon juice"
Cheater Pierogi,"butter, bacon, bacon drippings, onion, Yukon Gold potatoes, cayenne pepper, egg, farmer’s cheese, egg, water, wonton wrappers, sour cream, chives","butter, bacon, bacon dripping, onion, yukon gold potato, cayenne pepper, egg, farmers cheese, water, wonton wrapper, sour cream, chive"
Beijinho de Coco (Coconut Little Kiss),"sweetened condensed milk, butter, coconut, coconut, cloves","sweetened condensed milk, butter, coconut, clove"
Beef Asado,"beef chuck roast, salt and pepper, cooking oil, onion, garlic, tomatoes, onion, Manzanilla olives, beef bouillon cubes, bay leaves, peppercorns, ketchup, red bell pepper, potatoes, corn flour, water","beef chuck roast, salt, black pepper, cooking oil, onion, garlic, tomato, manzanilla olive, beef bouillon cube, bay leaf, peppercorn, ketchup, red bell pepper, potato, corn flour, water"
Brazilian Peanut Fudge,"peanuts, tea biscuits, white sugar, sweetened condensed milk","peanut, tea biscuit, white sugar, sweetened condensed milk"
Lentil and Green Collard Soup,"olive oil, onion, salt, red lentils, water, collard greens, garlic, cumin, cinnamon, lemon juice","olive oil, onion, salt, red lentil, water, collard green, garlic, cumin, cinnamon, lemon juice"
Oyakodon (Japanese Chicken and Egg Rice Bowl),"olive oil, chicken thighs, onion, dashi stock, soy sauce, mirin, brown sugar, eggs, white rice","olive oil, chicken thigh, onion, dashi stock, soy sauce, mirin, brown sugar, egg, white rice"
Menemen,"olive oil, onion, red bell pepper, Aleppo chiles, red pepper flakes, garlic, tomato, salt and ground black pepper, eggs, basil, feta cheese","olive oil, onion, red bell pepper, aleppo chile, red pepper flake, garlic, tomato, salt, black pepper, egg, basil, feta cheese"
Sofrito,"ajies dulces peppers, onions, tomatoes, green bell peppers, red bell peppers, garlic, cilantro stems, recao, salt, black pepper","aji dulce pepper, onion, tomato, green bell pepper, red bell pepper, garlic, cilantro stem, recaito, salt, black pepper"
The Best Classic Beef Stroganoff,"all-purpose flour, salt, black pepper, beef tenderloin, butter, water, onion, garlic, mushrooms, condensed cream of chicken soup, sour cream","all purpose flour, salt, black pepper, beef tenderloin, butter, water, onion, garlic, mushroom, condensed cream of chicken soup, sour cream"
Victor&#39;s Non-Dairy Hawaiian Coconut Mochi Cake,"almond milk, sugar, eggs, vegan margarine, vanilla extract, baking powder, sweet rice flour, coconut flakes","almond milk, sugar, egg, margarine, almond extract, baking powder, sweet rice flour, coconut flake"
Mom&#39;s Portuguese Beef Stew,"olive oil, beef stew meat, all-purpose flour, garlic, bay leaves, black pepper, salt, onion, green bell pepper, carrot, paprika, tomato, white wine, water, parsley, potatoes, sweet potato, green beans","olive oil, beef stew meat, all purpose flour, garlic, bay leaf, black pepper, salt, onion, green bell pepper, carrot, paprika, tomato, white wine, water, parsley, potato, sweet potato, green bean"
South African Bobotie,"oil, onion, beef, bread, milk, egg, raisins, white vinegar, white sugar, turmeric, salt, curry powder, black pepper, bay leaves, chutney","oil, onion, beef, bread, milk, egg, raisin, white vinegar, sugar, turmeric, salt, curry powder, black pepper, bay leaf, chutney"
Pure Maple Candy,"maple syrup, walnuts","maple syrup, walnut"
Banh-Mi Style Vietnamese Baguette,"portobello mushroom caps, olive oil, salt and pepper, carrot, daikon radish, rice vinegar, lime juice, water, lime juice, soy sauce, nuoc mam, sesame oil, canola oil, garlic, white sugar, water, jalapeno pepper, cilantro, cucumber, Thai basil, French bread baguettes","portobello mushroom, olive oil, salt, black pepper, carrot, daikon radish, rice vinegar, lime juice, water, soy sauce, nuoc mam, sesame oil, canola oil, garlic, sugar, jalapeno pepper, cilantro, cucumber, thai basil, french bread baguette"
Lefse II,"buttermilk, light corn syrup, sugar, baking soda, cardamom, all-purpose flour","buttermilk, light corn syrup, sugar, baking soda, cardamom, all purpose flour"
Thai Coffee,"coffee beans, cardamom, water, sweetened condensed milk","coffee bean, cardamom, water, sweetened condensed milk"
Finnish-Style Mojakka,"butter, beef roast, water, onion, salt, black pepper, potatoes, carrots, celery, all-purpose flour","butter, beef roast, water, onion, salt, black pepper, potato, carrot, celery, all purpose flour"
Tteokbokki (Korean Spicy Rice Cakes),"water, anchovies, chile paste, white sugar, soy sauce, corn syrup, Korean fish cakes, onion, spring onion","water, anchovy, chile paste, sugar, soy sauce, corn syrup, korean fish cake, onion, green onion"
Scandinavian Sweetheart Waffles,"eggs, sugar, vanilla sugar, water, butter, buttermilk, all-purpose flour, cardamom, salt","egg, sugar, vanilla sugar, water, butter, buttermilk, all purpose flour, cardamom, salt"
BaumKuchen,"unsalted butter, confectioners' sugar, cornstarch, almond paste, vanilla extract, salt, egg yolks, egg whites, white sugar, all-purpose flour, semisweet chocolate, vegetable oil","unsalted butter, confectioners sugar, cornstarch, almond paste, almond extract, salt, egg yolk, egg white, sugar, all purpose flour, semisweet chocolate, vegetable oil"
Chef John&#39;s Chinese Scallion Pancakes,"bread flour, kosher salt, water, vegetable oil, sesame oil, all-purpose flour, all-purpose flour, green onions, vegetable oil","bread flour, salt, water, vegetable oil, sesame oil, all purpose flour, green onion"
Dol Sot Bi Bim Bap,"soy sauce, sugar, brown sugar, garlic, green onion, sesame seeds, rib-eye steak, salt and pepper, glutinous (sticky) white rice, water, shiitake mushrooms, spinach, cucumber, carrots, sesame oil, bean sprouts, eggs, nori, sesame oil, chili bean paste","soy sauce, sugar, brown sugar, garlic, green onion, sesame seed, beef rib eye steak, salt, black pepper, glutinous white rice, water, shiitake mushroom, spinach, cucumber, carrot, sesame oil, bean sprout, egg, nori, chili bean paste"
Japanese-Style Sesame Green Beans,"canola oil, sesame oil, green beans, soy sauce, sesame seeds","canola oil, sesame oil, green bean, soy sauce, sesame seed"
Vermicelli Noodle Bowl,"white vinegar, fish sauce, white sugar, lime juice, garlic, red pepper flakes, canola oil, shallots, skewers, shrimp, rice vermicelli noodles, lettuce, bean sprouts, English cucumber, carrots, diakon radish, peanuts, cilantro, Thai basil, mint","white vinegar, fish sauce, sugar, lime juice, garlic, red pepper flake, canola oil, shallot, skewer, shrimp, rice vermicelli noodle, lettuce, bean sprout, english cucumber, carrot, daikon radish, peanut, cilantro, thai basil, mint"
Lebanese Bean Salad,"fava beans, chickpeas, white beans, flat leaf parsley, olive oil, garlic, lemon, kosher salt and ground black pepper","fava bean, chickpea, white bean, flat leaf parsley, olive oil, garlic, lemon, salt, black pepper"
Easy Garam Masala,"cumin, coriander, cardamom, black pepper, cinnamon, cloves, nutmeg","cumin, coriander, cardamom, black pepper, cinnamon, clove, nutmeg"
Mojito Perfecto,"mint leaves, sugar, lime, lemon-flavored rum, ice cubes, carbonated water","mint leaf, sugar, lime, rum, ice cube, carbonated water"
Naan,"active dry yeast, water, sugar, milk, egg, salt, bread flour, garlic, butter","active dry yeast, water, sugar, milk, egg, salt, bread flour, garlic, butter"
Ropa Vieja (Cuban Beef),"flank steak, kosher salt, black pepper, cayenne pepper, olive oil, red onion, garlic, cumin, paprika, oregano, cayenne pepper, cloves, allspice, white wine, tomato sauce, chicken broth, bay leaves, bell peppers, poblano pepper, smoked paprika, capers, green olives, white sugar, cilantro","flank steak, kosher salt, black pepper, cayenne pepper, olive oil, red onion, garlic, cumin, paprika, oregano, cloves, allspice, white wine, tomato sauce, chicken broth, bay leaf, bell pepper, poblano pepper, smoked paprika, caper, green olive, white sugar, cilantro"
Maja Blanca,"coconut milk, sugar, cornstarch, coconut milk, corn, corn kernels","coconut milk, sugar, cornstarch, corn, corn kernel"
Brazilian-Style Carrot Cake with Chocolate Sauce,"white sugar, eggs, vegetable oil, carrots, all-purpose flour, baking powder, sugar, cocoa powder, milk, unsalted butter","white sugar, egg, vegetable oil, carrot, all purpose flour, baking powder, sugar, cocoa powder, milk, unsalted butter"
Pani PoPo,"dinner rolls dough, water, coconut milk, sugar, cornstarch","dinner roll dough, water, coconut milk, sugar, cornstarch"
Cuban Pork,"pork tenderloin, lime, olive oil, cumin, salt, red pepper flakes, garlic","pork tenderloin, lime, olive oil, cumin, salt, red pepper flake, garlic"
Rendang Gaging (Beef Stew),"shallots, lemongrass, garlic, ginger root, galangal, red chile peppers, vegetable oil, curry powder, beef stew meat, coconut milk, vinegar, brown sugar, salt","shallot, lemongrass, garlic, ginger root, galangal, red chile pepper, vegetable oil, curry powder, beef stew meat, coconut milk, vinegar, brown sugar, salt"
Aranitas (Shredded Green Plantain Patties),"canola oil, plantains, garlic salt","canola oil, plantain, garlic salt"
Gochujang Fried Rice,"vegetable oil, garlic, ginger, mixed color bell peppers, carrots, onion, white rice, gochujang, low-sodium soy sauce, sesame oil, green onions, sesame seeds","vegetable oil, garlic, ginger, mixed color bell pepper, carrot, onion, white rice, gochujang, low sodium soy sauce, sesame oil, green onion, sesame seed"
Slow Cooker German-Style Pork Roast with Sauerkraut and Potatoes,"white potatoes, garlic, salt and pepper, pork loin roast, sauerkraut, caraway seeds","white potato, garlic, salt, black pepper, pork loin roast, bavarian style sauerkraut, caraway seed"
Shiraz Salad,"cucumbers, tomato, onion, lemon juice, mint","cucumber, tomato, onion, lemon juice, mint"
Swedish Limpa Rye Bread,"caraway seeds, fennel seeds, anise seeds, milk, butter, molasses, active dry yeast, all-purpose flour, rye flour, sea salt, orange zest","caraway seed, fennel seed, anise seed, milk, butter, molasses, active dry yeast, all purpose flour, rye flour, sea salt, orange zest"
Pasteles with Yuca and Plantains,"yuca, green plantains, yautia, milk, lard, achiote seeds, olive oil, onion, green bell pepper, pork shoulder roast, ham, garbanzo beans, tomato sauce, Spanish olives, capers, orange juice, cilantro, oregano, salt, garlic, plantain leaves, string","yuca, green plantain, yautia, milk, lard, achiote seed, olive oil, onion, green bell pepper, pork shoulder roast, ham, garbanzo bean, tomato sauce, black olive, caper, orange juice, cilantro, oregano, salt, garlic, plantain leaf"
Pakistani Chapli Kebab,"spray, egg, beef, red onion, tomato, cilantro, mint, ginger-garlic paste, coriander seeds, salt, cumin, cayenne pepper, tomato, vegetable oil","egg, beef, red onion, tomato, cilantro, mint, ginger garlic paste, coriander seed, salt, cumin, cayenne pepper, vegetable oil"
Thai Fried Rice with Pineapple and Chicken,"bacon, shallots, chicken breast, curry powder, vegetable oil, egg yolks, jasmine rice, Thai bird chile pepper, cilantro leaves, soy sauce, fish sauce, white sugar, tiger prawns, pineapple, green onions","bacon, shallot, chicken breast, curry powder, vegetable oil, egg yolk, jasmine rice, thai bird chile pepper, cilantro leaf, soy sauce, fish sauce, white sugar, tiger prawn, pineapple, green onion"
Danish Oatmeal Cookies,"all-purpose flour, baking soda, salt, butter, confectioners' sugar, vanilla extract, oatmeal, pecans, confectioners' sugar","all purpose flour, baking soda, salt, butter, confectioners sugar, vanilla extract, oatmeal, pecan"
Tahini Butter Cookies,"butter, sugar, vanilla extract, tahini, all-purpose flour, baking powder","butter, sugar, vanilla extract, tahini, all purpose flour, baking powder"
Onigiri (Japanese Rice Balls),"short-grain white rice, water, salt, bonito shavings, nori, sesame seeds","short grain white rice, water, salt, bonito shaving, nori, sesame seed"
Nasi Goreng (Indonesian Fried Rice),"spray, eggs, vegetable oil, onion, leek, green chile peppers, garlic, chicken breasts, prawns, coriander, cumin, white rice, sweet soy sauce","egg, vegetable oil, onion, leek, green chile pepper, garlic, chicken breast, prawn, coriander, cumin, white rice, sweet soy sauce"
Ostkaka (Swedish Cheesecake),"milk, all-purpose flour, rennet tablet, water, butter, eggs, sugar, whipping cream","milk, all purpose flour, rennet tablet, water, butter, egg, sugar, whipping cream"
Instant Pot Bobo de Frango (Brazilian Chicken Stew),"chicken tenders, salt, lime, olive oil, yellow onion, yellow bell pepper, garlic, chicken broth, yuca (cassava) roots, tomato, coconut milk, table cream, evaporated milk, cilantro, dende oil","chicken tender, salt, lime, olive oil, yellow onion, yellow bell pepper, garlic, chicken broth, yuca, tomato, coconut milk, cream, evaporated milk, cilantro, dende oil"
French Onion Soup Gratinée,"butter, red onions, onions, salt, chicken broth, beef broth, red wine, Worcestershire sauce, parsley, thyme leaves, bay leaf, balsamic vinegar, French bread, Gruyère cheese, Asiago cheese, paprika","butter, red onion, onion, salt, chicken broth, beef broth, red wine, worcestershire sauce, parsley, thyme leaf, bay leaf, balsamic vinegar, french bread, gruyere cheese, asiago cheese, paprika"
Russian Green Bean and Potato Soup,"vegetable oil, onion, potatoes, green beans, broth, whole wheat flour, sour cream, sauerkraut, dill, Salt and pepper","vegetable oil, onion, potato, green bean, broth, whole wheat flour, sour cream, bavarian style sauerkraut, dill, salt, black pepper"
Khao Soi Soup,"vegetable oil, shallots, garlic, red curry paste, curry powder, coconut milk, water, chicken, sea salt, fish sauce, white sugar, lime juice, vegetable oil, Thai chile peppers, shallots, bok choy, rice noodles, pickled mustard cabbage, cilantro, lime","vegetable oil, shallot, garlic, red curry paste, curry powder, coconut milk, water, chicken, sea salt, fish sauce, white sugar, lime juice, thai chile pepper, bok choy, rice noodle, pickled mustard cabbage, cilantro, lime"
Korean Soft Tofu Stew (Soon Du Bu Jigae),"vegetable oil, Korean chile powder, ground beef, Korean soy bean paste, water, salt and pepper, tofu, egg, sesame seeds, green onion","vegetable oil, korean red pepper powder, ground beef, korean soy bean paste, water, salt, black pepper, tofu, egg, sesame seed, green onion"
Garlic Dill New Potatoes,"red potatoes, butter, dill, garlic, salt","red potato, butter, dill, garlic, salt"
Stuffed Turkey Legs,"turkey legs, olive oil, green bell peppers, white onion, salt, black pepper, oregano, distilled white vinegar, bacon, teriyaki sauce","turkey leg, olive oil, green bell pepper, white onion, salt, black pepper, oregano, distilled white vinegar, bacon, teriyaki sauce"
Dutch Bokkenpootjes - Goat&#39;s Feet,"egg whites, white sugar, almond meal, cinnamon, lemon, vanilla extract, butter, confectioners' sugar, vanilla extract, bittersweet chocolate","egg white, white sugar, almond meal, cinnamon, lemon, vanilla extract, butter, confectioners sugar, bittersweet chocolate"
Greek-Style Potatoes,"potatoes, water, olive oil, lemon juice, garlic, chicken bouillon, thyme, rosemary, black pepper","potato, water, olive oil, lemon juice, garlic, chicken bouillon, thyme, rosemary, black pepper"
Kalam Polo (Persian Cabbage and Rice),"water, saffron, vegetable oil, onion, beef, salt, black pepper, turmeric, cabbage, cinnamon, ginger, basmati rice, water, butter, water","water, saffron, vegetable oil, onion, beef, salt, black pepper, turmeric, cabbage, cinnamon, ginger, basmati rice, butter"
Pakistani Batter-Fried Potatoes,"vegetable oil, gram flour, salt, cayenne pepper, cumin seeds, baking powder, water, potatoes","vegetable oil, gram flour, salt, cayenne pepper, cumin seed, baking powder, water, potato"
Jamaican Beef Patties,"all-purpose flour, curry powder, salt, margarine, shortening, water, margarine, beef, onion, Scotch bonnet chile, curry powder, allspice, cloves, thyme, pepper, salt, beef bouillon, water, browning, bay leaf, bread crumbs, egg","all purpose flour, curry powder, salt, margarine, shortening, water, beef, onion, scotch bonnet chile, allspice, clove, thyme, pepper, beef bouillon, browning, bay leaf, bread crumb, egg"
Chipotle Barbacoa,"vegetable oil, beef chuck roast, chipotle peppers, apple cider, lime juice, garlic, cumin, serrano chile pepper, cayenne pepper, oregano, black pepper, garlic powder, salt, cloves, chicken broth, onion, bay leaves","vegetable oil, beef chuck roast, chipotle pepper, apple cider, lime juice, garlic, cumin, serrano chile pepper, cayenne pepper, oregano, black pepper, garlic powder, salt, clove, chicken broth, onion, bay leaf"
Canadian Sharp Cheddar Cheese Spread,"cream cheese, Cheddar cheese, red onion, Worcestershire sauce, black pepper, paprika, hot sauce","cream cheese, cheddar cheese, red onion, worcestershire sauce, black pepper, paprika, hot sauce"
Quick Vegetarian Picadillo Empanadas,"olive oil, lentils, sofrito, garlic, oregano, salt, black pepper, potatoes, tomato sauce, pimento-stuffed green olives, vegetable oil, empanada pastry discs","olive oil, lentil, sofrito, garlic, oregano, salt, black pepper, potato, tomato sauce, pimento stuffed green olive, empanada pastry disc"
Jamaican Style Curry Chicken,"vegetable oil, onion, tomato, habanero pepper, garlic clove, Jamaican-style curry powder, thyme, chicken breast halves, water, salt","vegetable oil, onion, tomato, habanero pepper, garlic clove, jamaican curry powder, thyme, chicken breast half, water, salt"
Red Wine Reduction Sauce,"olive oil, shallot, pinot noir wine, beef broth, butter, Italian seasoning, salt","olive oil, shallot, pinot noir wine, beef broth, butter, italian seasoning, salt"
Chewy Coconut Bibingka (Filipino Rice Cake),"coconut milk, sweetened condensed milk, butter, eggs, macapuno strings, sweet rice flour, brown sugar, vanilla extract","coconut milk, sweetened condensed milk, butter, egg, macapuno string, sweet rice flour, brown sugar, vanilla extract"
Cinnamon Babka,"all-purpose flour, instant yeast, sugar, kosher salt, cinnamon, egg, water, unsalted butter, vanilla extract, spray, light brown sugar, all-purpose flour, cinnamon, unsalted butter, egg yolk, water, all-purpose flour, light brown sugar, cinnamon, kosher salt, unsalted butter","all purpose flour, instant yeast, sugar, kosher salt, cinnamon, egg, water, unsalted butter, vanilla extract, cooking spray, light brown sugar, egg yolk"
Beef Empanadas,"olive oil, yellow onions, scallions, green bell pepper, ground beef, oregano, salt, cayenne pepper, cumin, butter, empanada pastry discs, egg white","olive oil, yellow onion, scallion, green bell pepper, ground beef, oregano, salt, cayenne pepper, cumin, butter, empanada pastry disc, egg white"
Jerk Seasoning,"onion, thyme, allspice, black pepper, cinnamon, cayenne pepper, salt","onion, thyme, allspice, black pepper, cinnamon, cayenne pepper, salt"
Greek Garbanzo Bean Salad,"garbanzo beans, cucumbers, black olives, cherry tomatoes, onion, Italian-style salad dressing, garlic, lemon, feta cheese, garlic salt, black pepper","garbanzo bean, cucumber, black olive, cherry tomato, onion, italian style salad dressing, garlic, lemon, feta cheese, garlic salt, black pepper"
Galaktoboureko,"white sugar, semolina flour, cornstarch, salt, whole milk, eggs, vanilla extract, butter, phyllo dough, water","sugar, semolina flour, cornstarch, salt, milk, egg, vanilla extract, butter, phyllo dough, water"
Beef and Beet Borscht,"bone-in beef shank, water, onion, carrots, celery, bay leaf, beets, cabbage, white vinegar, sour cream, dill","bone in beef shank, water, onion, carrot, celery, bay leaf, beet, cabbage, white vinegar, sour cream, dill"
Poutine Gravy,"vegetable oil, beef chuck, butter, onions, salt, black pepper, cayenne pepper, all-purpose flour, beef broth, French fries, cheese curds, chives","vegetable oil, beef chuck, butter, onion, salt, black pepper, cayenne pepper, all purpose flour, beef broth, french fry, cheese curd, chive"
Botercake (Butter Cake),"butter, white sugar, vanilla sugar, lemon zest, sugar, salt, eggs, all-purpose flour, baking powder","butter, sugar, vanilla sugar, lemon zest, salt, egg, all purpose flour, baking powder"
Jujeh Kabob (Persian Chicken Kabobs),"onion, lime, lemon, salt, black pepper, saffron, olive oil, chicken breasts, metal skewers","onion, lime, lemon, salt, black pepper, saffron, olive oil, chicken breast, metal skewer"
Gulab Jamun or Kala Jam (Waffle Balls),"water, white sugar, cardamom, rose water, saffron, instant dry milk powder, all-purpose flour, baking soda, unsalted butter, yogurt, vegetable oil","water, sugar, cardamom, rose water, saffron, instant dry milk powder, all purpose flour, baking soda, butter, yogurt, vegetable oil"
Persian Rice,"water, kosher salt, basmati rice, olive oil, russet potato, cumin, salt, butter, saffron, water, parsley","water, salt, basmati rice, olive oil, russet potato, cumin, butter, saffron, parsley"
Maui Banana Cream Tube Cake,"butter, white sugar, eggs, vanilla extract, bananas, all-purpose flour, baking powder, baking soda, salt, nonfat plain yogurt, pecans, confectioners' sugar","butter, sugar, egg, vanilla extract, banana, all purpose flour, baking powder, baking soda, salt, nonfat plain yogurt, pecan, confectioners sugar"
Roast Peruvian Turkey,"turkey, cumin, soy sauce, white vinegar, vegetable oil, garlic, paprika, black pepper, paprika, oregano, kosher salt, vegetable oil, water, creme fraiche, chicken broth, lime, jalapeno peppers, cilantro, cayenne pepper","turkey, cumin, soy sauce, white vinegar, vegetable oil, garlic, paprika, black pepper, oregano, salt, water, creme fraiche, chicken broth, lime, jalapeno pepper, cilantro, cayenne pepper"
Cuban-Style Roast Pork,"garlic, kosher salt, black pepper, cumin, oregano, coriander, lime juice, orange juice, olive oil, white wine vinegar, pork shoulder roast","garlic, salt, black pepper, cumin, oregano, coriander, lime juice, orange juice, olive oil, white wine vinegar, pork shoulder roast"
Portuguese Sweet Rice,"milk, white rice, sugar, eggs","milk, rice, sugar, egg"
Easy Chimichurri Sauce,"water, oregano, salt, parsley, cilantro, garlic, shallot, jalapeno pepper, red wine vinegar, extra virgin olive oil","water, oregano, salt, parsley, cilantro, garlic, shallot, jalapeno pepper, red wine vinegar, extra virgin olive oil"
Indian Summer Raspberry Peach Sangria,"red wine, raspberry-flavored soda water, peach schnapps, pomegranate juice, lemon juice, peaches, lemons, raspberries, orange, ice cubes","red wine, raspberry flavored soda water, peach schnapps, pomegranate juice, lemon juice, peach, lemon, raspberry, orange, ice cube"
Chupe (Peruvian Shrimp Chowder),"olive oil, red onion, salt, butternut squash, garlic, black pepper, chicken stock, corn, peas, white rice, shrimp, feta cheese, milk","olive oil, red onion, salt, butternut squash, garlic, black pepper, chicken stock, corn, pea, rice, shrimp, feta cheese, milk"
Tortilla de Patatas,"extra-virgin olive oil, Yukon Gold potatoes, onion, pink Himalayan salt, eggs, olive oil","extra virgin olive oil, yukon gold potato, onion, pink himalayan salt, egg, olive oil"
Danish Cinnamon Snails,"milk, yeast, butter, eggs, white sugar, cardamom, salt, all-purpose flour, butter, sugar, cinnamon","milk, yeast, butter, egg, sugar, cardamom, salt, all purpose flour, cinnamon"
Sharon&#39;s Jamaican Fruit Cake,"butter, sugar, eggs, white rum, lime juice, almond extract, vanilla extract, lime, mixed fruit, red wine, molasses, all-purpose flour, baking powder, nutmeg, allspice, cinnamon, salt","butter, sugar, egg, white rum, lime juice, almond extract, vanilla extract, lime, mixed fruit, red wine, molasses, all purpose flour, baking powder, nutmeg, allspice, cinnamon, salt"
Beefs Portuguese Style,"red wine, water, garlic, chile paste, white pepper, salt, beef tenderloin steaks, vegetable oil","red wine, water, garlic, chile paste, white pepper, salt, beef tenderloin steak, vegetable oil"
Vietnamese Style Vegetarian Curry Soup,"vegetable oil, onion, shallots, garlic, ginger root, lemon grass, curry powder, green bell pepper, carrots, mushrooms, tofu, vegetable broth, water, vegetarian fish sauce, red pepper flakes, bay leaf, makrut lime leaves, potatoes, coconut milk, bean sprouts, cilantro","vegetable oil, onion, shallot, garlic, ginger root, lemongrass, curry powder, green bell pepper, carrot, mushroom, tofu, vegetable broth, water, vegetarian fish sauce, red pepper flake, bay leaf, makrut lime leaf, potato, coconut milk, bean sprout, cilantro"
Sunomono (Japanese Cucumber Salad),"cucumbers, rice vinegar, sugar, ginger root, salt","cucumber, rice vinegar, sugar, ginger root, salt"
Bistek (Filipino Beef Steak),"soy sauce, lime juice, garlic, white sugar, fish sauce, black pepper, beef steak, vegetable oil, potatoes, onion, water","soy sauce, lime juice, garlic, sugar, fish sauce, black pepper, beef steak, vegetable oil, potato, onion, water"
Puerto Rican Arroz con Pollo,"chicken thighs, apple cider vinegar, canola oil, pork, ham, red bell pepper, green bell pepper, yellow onion, sofrito, recaito, oregano, cumin, black pepper, capers, garlic, tomato sauce, Spanish olives, chicken broth, sazon seasoning, white rice","chicken thigh, apple cider vinegar, canola oil, pork, ham, red bell pepper, green bell pepper, yellow onion, sofrito, recaito, oregano, cumin, black pepper, caper, garlic, tomato sauce, black olive, chicken broth, sazon seasoning, white rice"
Kid-Friendly Chicken Katsu,"chicken tenders, garlic salt, all-purpose flour, eggs, panko bread crumbs, vegetable oil, ketchup, soy sauce, white sugar, Worcestershire sauce, cayenne pepper","chicken tender, garlic salt, all purpose flour, egg, panko bread crumb, vegetable oil, ketchup, soy sauce, sugar, worcestershire sauce, cayenne pepper"
Pumpkin Kaya,"pumpkin, coconut cream, brown sugar, pandan leaves","pumpkin, coconut cream, brown sugar, pandan leaf"
Australian Federation Biscuits,"butter, white sugar, eggs, baking soda, water, dates, golden raisins, all-purpose flour, cinnamon, walnuts","butter, sugar, egg, baking soda, water, date, golden raisin, all purpose flour, cinnamon, walnut"
Russian Poppy Seed Roll,"milk, active dry yeast, sugar, sugar, lemon zest, eggs, egg yolks, salt, all-purpose flour, unsalted butter, poppy seeds, milk, raisins, egg whites, honey, sugar, walnuts, unsalted butter, egg, water","milk, active dry yeast, sugar, lemon zest, egg, egg yolk, salt, all purpose flour, unsalted butter, poppy seed, raisin, egg white, honey, walnut, water"
Spanish-Style Oxtail Stew,"olive oil, beef oxtail, onions, green bell pepper, garlic, white wine, beef broth, bay leaves, unsweetened chocolate, paprika, salt, carrots","olive oil, beef oxtail, onion, green bell pepper, garlic, white wine, beef broth, bay leaf, unsweetened chocolate, paprika, salt, carrot"
Cream Cheese and Crab Sushi Rolls,"white rice, water, rice vinegar, salt, nori seaweed, cucumber, imitation crab, cream cheese, ginger root","white rice, water, rice vinegar, salt, nori seaweed, cucumber, imitation crab, cream cheese, ginger root"
Portuguese Coconut Cakes (Bolos de Coco),"coconut, white sugar, eggs, lemon zest","coconut, sugar, egg, lemon zest"
Chocolate Chip Belgian Waffles,"egg, all-purpose flour, milk, chocolate chips, vegetable oil, sugar, baking powder, vanilla extract, salt, cooking spray","egg, all purpose flour, milk, chocolate chip, vegetable oil, sugar, baking powder, vanilla extract, salt, cooking spray"
Dulce de Leche,"milk, vanilla bean, white sugar, baking soda","milk, vanilla bean, sugar, baking soda"
Tulumba (Deep-Fried Pastry with Syrup),"water, vegetable oil, all-purpose flour, baking powder, eggs, vegetable oil, white sugar, water","water, vegetable oil, all purpose flour, baking powder, egg, sugar"
Jalapeño Jelly,"green bell pepper, jalapeno peppers, apple cider vinegar, salt, granulated sugar, pectin, jalapeno peppers","green bell pepper, jalapeno pepper, apple cider vinegar, salt, sugar, pectin"
Opor Ayam (Chicken in Coconut Milk),"chicken, lemon, candlenuts, coriander, cumin seeds, shallots, garlic, galangal, ginger, white peppercorns, turmeric root, vegetable oil, lemongrass, tamarind juice, makrut lime leaves, bay leaves, salt, white sugar, coconut milk, coconut milk, Thai basil, fried shallots","chicken, lemon, candlenut, coriander, cumin seed, shallot, garlic, galangal, ginger, white peppercorn, turmeric root, vegetable oil, lemongrass, tamarind juice, makrut lime leaf, bay leaf, salt, sugar, coconut milk, thai basil, fried shallot"
Chinese Broccoli,"Gai Lan, hoisin sauce, white sugar, soy sauce, cornstarch, rice vinegar, sesame oil, garlic, ginger root","gai lan, hoisin sauce, sugar, soy sauce, cornstarch, rice vinegar, sesame oil, garlic, ginger root"
Malaysian Chicken Curry,"shallots, hot chile peppers, lemongrass, almonds, cilantro, garlic, ginger, peanut oil, chicken thighs, peanut oil, onion, red bell pepper, yellow bell pepper, orange bell pepper, snow peas, carrot, coconut milk, white sugar, salt","shallot, hot chile pepper, lemongrass, almond, cilantro, garlic, ginger, peanut oil, chicken thigh, onion, red bell pepper, yellow bell pepper, orange bell pepper, snow pea, carrot, coconut milk, sugar, salt"
Norwegian Lefse,"potatoes, butter, heavy cream, salt, sugar, all-purpose flour","potato, butter, heavy cream, salt, sugar, all purpose flour"
Scandinavian Almond Bars,"butter, white sugar, egg, almond extract, all-purpose flour, baking powder, salt, almonds, milk, confectioners' sugar, almond extract, milk","butter, sugar, egg, almond extract, all purpose flour, baking powder, salt, almond, milk, confectioners sugar"
Russian Syrniki,"cottage cheese, eggs, sugar, semolina flour, all-purpose flour, canola oil","cottage cheese, egg, sugar, semolina flour, all purpose flour, canola oil"
Peruvian Cilantro Rice,"chicken breast halves, cilantro, water, vegetable oil, garlic, carrots, peas, cumin, white rice","chicken breast, cilantro, water, vegetable oil, garlic, carrot, pea, cumin, white rice"
Russian Cabbage Pie,"butter, cabbage, eggs, dill, salt, yeasted puff pastry, egg","butter, cabbage, egg, dill, salt, yeasted puff pastry"
Mom&#39;s Buttermilk Pancakes,"flour, salt, baking soda, egg, buttermilk, butter","all purpose flour, salt, baking soda, egg, buttermilk, butter"
Bang Bang Chicken,"milk, egg, chicken breasts, potato starch, all-purpose flour, salt, black pepper, shichimi togarashi, oil, mayonnaise, honey, sweet chili sauce, gochujang","milk, egg, chicken breast, potato starch, all purpose flour, salt, black pepper, shichimi togarashi, cooking oil, mayonnaise, honey, sweet chili sauce, gochujang"
Instant Pot® Pho,"oxtail, ginger, onion, cinnamon stick, cardamom pods, cloves, star anise, coriander seeds, fennel seeds, water, fish sauce, onions, sugar, salt, rice noodles","oxtail, ginger, onion, cinnamon stick, cardamom pod, clove, star anise, coriander seed, fennel seed, water, fish sauce, sugar, salt, rice noodle"
Persian Shish Kabob,"beef tenderloin, onion, lime juice, salt, black pepper","beef tenderloin, onion, lime juice, salt, black pepper"
Tandoori Masala Spice Mix,"coriander, cumin, garlic powder, ginger, cloves, mace, fenugreek, cinnamon, black pepper, cardamom, nutmeg","coriander, cumin, garlic powder, ginger, clove, mace, fenugreek, cinnamon, black pepper, cardamom, nutmeg"
Jay&#39;s Jerk Chicken,"green onions, onion, jalapeno pepper, soy sauce, distilled white vinegar, vegetable oil, brown sugar, thyme, cloves, nutmeg, allspice, chicken breast, wedges","green onion, onion, jalapeno pepper, soy sauce, distilled white vinegar, vegetable oil, brown sugar, thyme, clove, nutmeg, allspice, chicken breast"
Authentic Miso Soup,"water, dashi kombu, bonito flakes, tofu, wakame, miso paste, green onions","water, dashi kombu, bonito flake, tofu, wakame, miso paste, green onion"
Chicken Arroz Caldo (Chicken Rice Porridge),"olive oil, onion, garlic, ginger, chicken wings, fish sauce, chicken broth, glutinous sweet rice, salt and pepper, green onion, lemon, fish sauce","olive oil, onion, garlic, ginger, chicken wing, fish sauce, chicken broth, glutinous sweet rice, salt, black pepper, green onion, lemon"
Japanese-Style Deep-Fried Shrimp,"shrimp, salt, black pepper, garlic powder, all-purpose flour, paprika, eggs, panko crumbs, vegetable oil","shrimp, salt, black pepper, garlic powder, all purpose flour, paprika, egg, panko bread crumb, vegetable oil"
Fairy Bread,"white bread, butter or margarine, multicolored candy sprinkles","white bread, butter, margarine, multicolored candy sprinkle"
Korean-Style Salad Dressing,"low-sodium soy sauce, water, rice vinegar, sesame oil, sugar, red chile pepper","low sodium soy sauce, water, rice vinegar, sesame oil, sugar, red chile pepper"
Kimchi Jun (Kimchi Pancake) and Dipping Sauce,"kimchi, juice, all-purpose flour, eggs, green onion, vegetable oil, salt, rice vinegar, soy sauce, sesame oil, Korean chili pepper flakes, sesame seeds","kimchi, juice, all purpose flour, egg, green onion, vegetable oil, salt, rice vinegar, soy sauce, sesame oil, korean red pepper flake, sesame seed"
Korean BBQ Galbi,"beef short ribs, Asian pear, onion, garlic, soy sauce, brown sugar, honey, sesame oil, black pepper","beef short rib, asian pear, onion, garlic, soy sauce, brown sugar, honey, sesame oil, black pepper"
Kwek Kwek (Filipino Street Food),"quail eggs, rice vinegar, ketchup, brown sugar, soy sauce, water, yellow food coloring, red food coloring, all-purpose flour, salt and freshly ground black pepper, deep frying, cornstarch, bamboo skewer","quail egg, rice vinegar, ketchup, brown sugar, soy sauce, water, yellow food coloring, red food coloring, all purpose flour, salt, black pepper, deep frying, cornstarch, bamboo skewer"
Best Hummus,"garbanzo beans, tahini, olive oil, lemon juice, water, garlic, cumin, paprika, parsley","chickpea, tahini, olive oil, lemon juice, water, garlic, cumin, paprika, parsley"
Vegetarian Moussaka,"eggplant, salt, olive oil, zucchini, potatoes, onion, garlic, white vinegar, tomatoes, lentils, parsley, oregano, black pepper, feta cheese, milk, all-purpose flour, butter, nutmeg, black pepper, egg, Parmesan cheese","eggplant, salt, olive oil, zucchini, potato, onion, garlic, white vinegar, tomato, lentil, parsley, oregano, black pepper, feta cheese, milk, all purpose flour, butter, nutmeg, egg, parmesan cheese"
Homemade Pickled Ginger (Gari),"ginger root, sea salt, rice vinegar, white sugar","ginger, sea salt, rice vinegar, white sugar"
Szechuan Beef,"soy sauce, cornstarch, garlic, red pepper, sirloin steak, vegetable oil, broccoli, onions, water chestnuts, chicken broth, peanuts","soy sauce, cornstarch, garlic, red pepper, sirloin steak, vegetable oil, broccoli, onion, water chestnut, chicken broth, peanut"
Refreshing Brazilian Lemonade,"water, limes, sweetened condensed milk, cubes, sugar","water, lime, sweetened condensed milk, sugar"
Light and Easy Greek Potato Salad,"potatoes, green onion, olive oil, red wine vinegar, lemon juice, garlic powder, onion powder, salt, black pepper, oregano, white sugar, rosemary, red pepper","potato, green onion, olive oil, red wine vinegar, lemon juice, garlic powder, onion powder, salt, black pepper, oregano, sugar, rosemary, red pepper"
Lebanese Fattoush,"lettuce leaves, cabbage leaves, radishes, cucumber, red bell pepper, carrot, sweet corn kernels, tomato, onion, garlic, parsley, mint leaves, olive oil, pomegranate seeds, pomegranate syrup, pita bread rounds, vegetable oil","lettuce leaf, cabbage leaf, radish, cucumber, red bell pepper, carrot, sweet corn kernel, tomato, onion, garlic, parsley, mint leaf, olive oil, pomegranate seed, pomegranate syrup, pita bread round, vegetable oil"
"Chicken French (Rochester, NY Style)","all-purpose flour, salt and black pepper, eggs, sugar, Parmesan cheese, olive oil, chicken breast halves, butter, garlic, sherry, lemon juice, chicken base","all purpose flour, salt, black pepper, egg, sugar, parmesan cheese, olive oil, chicken breast half, butter, garlic, sherry, lemon juice, chicken base"
Bo Nuong Xa,"white sugar, soy sauce, black pepper, garlic, lemon grass, sesame seeds, sirloin tip, skewers, romaine lettuce, cilantro, basil, mint, green onion","sugar, soy sauce, black pepper, garlic, lemongrass, sesame seed, sirloin tip, skewer, romaine lettuce, cilantro, basil, mint, green onion"
Korean BBQ Short Ribs (Galbi),"soy sauce, water, white vinegar, sesame oil, onion, garlic, dark brown sugar, white sugar, black pepper, Korean-style short ribs","soy sauce, water, white vinegar, sesame oil, onion, garlic, dark brown sugar, sugar, black pepper, korean style short rib"
Argentinian-Style Ribs,"beef short ribs, salt, limes","beef short rib, salt, lime"
Escabeche,"chicken gizzards, onion, green bell pepper, garlic, white wine vinegar, corn oil, bay leaves, black peppercorns, green olives, salt","chicken gizzard, onion, green bell pepper, garlic, white wine vinegar, corn oil, bay leaf, black peppercorn, green olive, salt"
Swiss Steak Quick and Easy,"vegetable oil, cube steaks, all-purpose flour, tomatoes, mushrooms, onion, brown gravy mix, salt and pepper, egg noodles","vegetable oil, cube steak, all purpose flour, tomato, mushroom, onion, brown gravy mix, salt, black pepper, egg noodle"
Banh Mi Burgers,"cucumber, green onion, carrot, rice vinegar, mirin, white sugar, pork, tamari sauce, sesame oil, mirin, ginger, chili garlic sauce, fish sauce, sesame seed hamburger buns, basil, mint","cucumber, green onion, carrot, rice vinegar, mirin, sugar, pork, tamari sauce, sesame oil, mirin, ginger, chili garlic sauce, fish sauce, sesame seed hamburger bun, basil, mint"
Haupia and Purple Sweet Potato Pie,"all-purpose flour, white sugar, butter, butter, sugar, eggs, Japanese purple sweet potatoes, milk, vanilla extract, water, sugar, cornstarch, coconut milk, coconut","all purpose flour, sugar, butter, butter, sugar, egg, japanese purple sweet potato, milk, vanilla extract, water, sugar, cornstarch, coconut milk, coconut"
Easy Pina Colada French Toast,"eggs, milk, pina colada drink mix, butter, French bread, bananas","egg, milk, pina colada drink mix, butter, french bread, banana"
Fereni Starch Pudding,"cornstarch, milk, almonds, cardamom seeds, sugar, rosewater, almonds","cornstarch, milk, almond, cardamom seed, sugar, rose water, almond"
Chilean Pebre Sauce,"scallions, Roma tomatoes, cilantro, red wine vinegar, chile-garlic sauce, garlic, olive oil, garlic salt","scallion, roma tomato, cilantro, red wine vinegar, chile garlic sauce, garlic, olive oil, garlic salt"
Kaiserschmarrn,"raisins, rum, eggs, milk, sugar, vanilla extract, salt, all-purpose flour, butter, butter, confectioners' sugar, plum preserves","raisin, rum, egg, milk, sugar, vanilla extract, salt, all purpose flour, butter, butter, confectioners sugar, plum preserve"
Butter Chicken (Murgh Makhani),"garam masala, tandoori masala, Madras curry powder, cumin, cardamom, cayenne pepper, chicken thighs, butter, yellow onion, garlic, lemon juice, ginger, tomato puree, half-and-half, yogurt, cashews, cilantro","garam masala, tandoori masala, madras curry powder, cumin, cardamom, cayenne pepper, chicken thigh, butter, yellow onion, garlic, lemon juice, ginger, tomato puree, half and half, yogurt, cashew, cilantro"
Spanish Octopus,"yellow onion, garlic, bay leaf, paprika, kosher salt, olive oil, white wine, Spanish octopus, olive oil, braising liquid, lemon juice, olive oil, salt, cayenne pepper","yellow onion, garlic, bay leaf, paprika, salt, olive oil, white wine, spanish octopus, olive oil, braising liquid, lemon juice, olive oil, salt, cayenne pepper"
German Wiener Schnitzel,"veal, all-purpose flour, eggs, vegetable oil, salt and pepper, bread crumbs, oil","veal, all purpose flour, egg, vegetable oil, salt, black pepper, bread crumb, oil"
Pan de Queso (Brazilian Cheese Buns),"water, milk, oil, salt, tapioca starch, egg, Parmesan cheese","water, milk, oil, salt, tapioca starch, egg, parmesan cheese"
Spanish Paella,"olive oil, onion, garlic, red bell pepper, Spanish chorizo, chicken breast halves, Arborio rice, chicken broth, white wine, thyme, saffron, salt, black pepper, squid, tomatoes, green peas, shrimp, mussels, Italian flat leaf parsley, lemon","olive oil, onion, garlic, red bell pepper, spanish chorizo, chicken breast half, arborio rice, chicken broth, white wine, thyme, saffron, salt, black pepper, squid, tomato, green pea, shrimp, mussel, italian flat leaf parsley, lemon"
Jamaican Jerk Chicken,"chicken breast halves, water, limes, vegetable oil, allspice, thyme, black pepper, salt, brown sugar, ginger, nutmeg, onions, onions, habanero peppers, garlic","chicken breast, water, lime, vegetable oil, allspice, thyme, black pepper, salt, brown sugar, ginger, nutmeg, onion, habanero pepper, garlic"
Ginataang Manok (Chicken Cooked in Coconut Milk),"canola oil, ginger, chicken, coconut milk, spinach","canola oil, ginger, chicken, coconut milk, spinach"
Dutch Croquetten,"veal, butter, all-purpose flour, milk, chicken broth, paprika, chili powder, curry powder, salt, pepper, Worcestershire sauce, parsley, Gouda cheese, egg, all-purpose flour, water, bread crumbs, oil","veal, butter, all purpose flour, milk, chicken broth, paprika, chili powder, curry powder, salt, black pepper, worcestershire sauce, parsley, gouda cheese, egg, water, bread crumb, oil"
Thai Chicken,"soy sauce, garlic, hot pepper sauce, ginger root, chicken thighs, sesame oil, brown sugar, onion, water, peanut butter, green onions","soy sauce, garlic, hot sauce, ginger, chicken thigh, sesame oil, brown sugar, onion, water, peanut butter, green onion"
Sausage and Sauerkraut,"sauerkraut, caraway seeds, brown sugar, apple, spray, bacon, onion, kielbasa sausage","sauerkraut, caraway seed, brown sugar, apple, cooking spray, bacon, onion, kielbasa sausage"
Jamaican Curry Chicken,"curry powder, garlic powder, salt, onion powder, salt, thyme, allspice, salt and ground black pepper, chicken, vegetable oil, water, potato, carrots, scallions, ginger root, Scotch bonnet chile pepper","curry powder, garlic powder, salt, onion powder, thyme, allspice, black pepper, chicken, vegetable oil, water, potato, carrot, scallion, ginger, scotch bonnet chile pepper"
Cuban Goulash,"vegetable oil, pork roast, onions, bananas, tomatoes, cayenne pepper","vegetable oil, pork roast, onion, banana, tomato, cayenne pepper"
Chef John&#39;s Baklava,"walnut halves, pistachios, cinnamon, unsalted butter, phyllo dough, sugar, water, honey, cloves, vanilla extract, orange flower water","walnut half, pistachio, cinnamon, unsalted butter, phyllo dough, sugar, water, honey, clove, vanilla extract, orange flower water"
Swedish Tea Ring,"milk, egg, butter, sugar, salt, bread flour, active dry yeast, butter, cinnamon, brown sugar, raisins, 1 cup confectioners' sugar, sifted, almond extract, milk","milk, egg, butter, sugar, salt, bread flour, active dry yeast, cinnamon, brown sugar, raisin, confectioners sugar, almond extract"
Sour Cream Dough for Pierogi,"all-purpose flour, salt, eggs, sour cream, milk","all purpose flour, salt, egg, sour cream, milk"
Shami Kabab (Bun Kabab),"beef, garlic paste, ginger paste, coriander, cumin, turmeric, garam masala, red chile pepper, salt, water, chana dal, cilantro, eggs, cilantro, red chile pepper, salt, bread crumbs, vegetable oil","beef, garlic paste, ginger paste, coriander, cumin, turmeric, garam masala, red chile pepper, salt, water, chana dal, cilantro, egg, bread crumb, vegetable oil"
Korean Tofu and Vegetable Soup,"beef stock, toenjang, dashi kombu, garlic, tofu, napa cabbage, daikon radish, yellow squash, green onions, hot red pepper","beef stock, toenjang, dashi kombu, garlic, tofu, napa cabbage, daikon radish, yellow squash, green onion, hot red pepper"
Turkish Chicken Kebabs,"Greek yogurt, garlic, olive oil, lemon juice, ketchup, Aleppo red pepper flakes, kosher salt, cumin, black pepper, paprika, cinnamon, chicken thighs, metal skewers","greek yogurt, garlic, olive oil, lemon juice, ketchup, aleppo red pepper flake, salt, cumin, black pepper, paprika, cinnamon, chicken thigh, metal skewer"
Super Easy Polish Cabbage Rolls,"white rice, water, cabbage, butter, onion, chicken, eggs, garlic, salt and ground black pepper, marjoram, tomato sauce","white rice, water, cabbage, butter, onion, chicken, egg, garlic, salt, black pepper, marjoram, tomato sauce"
Pakistani-Style Roast Chicken Thighs,"chicken thighs, lemon, ketchup, garlic powder, onion powder, coriander, cumin, garam masala, brown sugar, chile powder, paprika, sage, mint, spray","chicken thigh, lemon, ketchup, garlic powder, onion powder, coriander, cumin, garam masala, brown sugar, chile powder, paprika, sage, mint, cooking spray"
Easy Plum Cake,"sugar, butter, eggs, all-purpose flour, baking powder, salt, Italian plums, cinnamon sugar","sugar, butter, egg, all purpose flour, baking powder, salt, italian plum, cinnamon sugar"
Polvorones from Puerto Rico,"vegetable shortening, butter, sugar, egg, egg yolk, vanilla extract, almond extract, all-purpose flour, guava paste","vegetable shortening, butter, sugar, egg, egg yolk, vanilla extract, almond extract, all purpose flour, guava paste"
Banket,"all-purpose flour, butter, water, almond paste, eggs, sugar, almond extract, salt, egg white","all purpose flour, butter, water, almond paste, egg, sugar, almond extract, salt, egg white"
Hasty Pudding,"brown sugar, vanilla extract, butter, water, sugar, all-purpose flour, milk, baking powder, nuts, raisins","brown sugar, vanilla extract, butter, water, sugar, all purpose flour, milk, baking powder, nut, raisin"
Pork Lo Mein,"linguine, low-sodium soy sauce, rice vinegar, cornstarch, white sugar, sesame oil, canola oil, snap peas, sweet onion, pork tenderloin, white mushrooms, red bell pepper, garlic, ginger, onions","linguine, low sodium soy sauce, rice vinegar, cornstarch, sugar, sesame oil, canola oil, snap pea, sweet onion, pork tenderloin, white mushroom, red bell pepper, garlic, ginger, onion"
Cheese Rösti,"potatoes, butter, Swiss cheese, salt, black pepper, water","potato, butter, swiss cheese, salt, black pepper, water"
We Be Jammin&#39; Jamaican Banana Bread,"unsalted butter, cream cheese, sugar, egg, all-purpose flour, baking powder, baking soda, salt, bananas, milk, dark rum, lime zest, lime juice, vanilla extract, pecans, coconut, brown sugar, unsalted butter, lime juice, dark rum, pecans, coconut","butter, cream cheese, sugar, egg, all purpose flour, baking powder, baking soda, salt, banana, milk, dark rum, lime zest, lime juice, vanilla extract, pecan, coconut, dark brown sugar"
Matar Pulao (Rice with Peas),"vegetable oil, cloves, black cardamom seeds, black peppercorns, cinnamon sticks, garlic powder, water, green peas, basmati rice, water, salt","vegetable oil, clove, black cardamom seed, black peppercorn, cinnamon stick, garlic powder, water, green pea, basmati rice, salt"
Pakistani Chicken Karahi,"sunflower oil, chicken, water, cumin, salt, ginger and garlic paste, red chile powder, turmeric, tomatoes, green chile peppers, cilantro leaves","sunflower oil, chicken, water, cumin, salt, ginger garlic paste, chile powder, turmeric, tomato, green chile pepper, cilantro leaf"
Chef John&#39;s Drunken Noodles,"rice noodles, oyster sauce, soy sauce, Asian fish sauce, maple syrup, white sugar, water, vegetable oil, sesame oil, shallots, chile padi, garlic, chicken thighs, Chinese broccoli, green onions, Thai basil","rice noodle, oyster sauce, soy sauce, asian fish sauce, maple syrup, white sugar, water, vegetable oil, sesame oil, shallot, chile padi, garlic, chicken thigh, chinese broccoli, green onion, thai basil"
Chakalaka,"oil, onions, green bell peppers, carrots, tomatoes, Thai green chiles, water, vegetable bouillon, curry powder, chili powder","oil, onion, green bell pepper, carrot, tomato, thai chile, water, vegetable bouillon, curry powder, chili powder"
Instant Pot Baked Beans,"water, navy beans, olive oil, salt pork, bacon, onion, water, molasses, ketchup, brown sugar, mustard","water, navy bean, olive oil, salt pork, bacon, onion, molasses, ketchup, brown sugar, mustard"
Chinese Steamed Buns,"all-purpose flour, water, active dry yeast, sugar, white sugar, vegetable oil, salt, baking powder","all purpose flour, water, active dry yeast, sugar, white sugar, vegetable oil, salt, baking powder"
Danish Spiced Rye Bread (Sigtebrod),"milk, water, molasses, white sugar, butter, orange zest, fennel seed, anise seed, caraway seed, cardamom, salt, active dry yeast, water, all-purpose flour, rye flour, butter","milk, water, molasses, white sugar, butter, orange zest, fennel seed, anise seed, caraway seed, cardamom, salt, active dry yeast, all purpose flour, rye flour"
Polish Cabbage Noodles,"cabbage, onions, butter, wide egg noodles, salt, black pepper","cabbage, onion, butter, wide egg noodle, salt, black pepper"
Cheese Babka,"active dry yeast, sugar, water, butter, sugar, salt, vanilla extract, milk, eggs, all-purpose flour, farmers cheese, white sugar, sour cream, egg, vanilla extract, lemon peel, butter","active dry yeast, sugar, water, butter, salt, vanilla extract, milk, egg, all purpose flour, farmers cheese, white sugar, sour cream, lemon peel"
Filipino Fish Escabeche,"oil, tilapia, salt, olive oil, onion, garlic, red bell pepper, ginger, water, distilled white vinegar, sugar, salt and ground black pepper, cornstarch","oil, tilapia, salt, olive oil, onion, garlic, red bell pepper, ginger, water, distilled white vinegar, sugar, black pepper, cornstarch"
Apple Strudel II,"all-purpose flour, egg, water, white sugar, lard, salt, butter, bread crumbs, walnuts, apples, raisins, cinnamon, white sugar","all purpose flour, egg, water, white sugar, lard, salt, butter, bread crumb, walnut, apple, raisin, cinnamon"
Bánh Mì,"rice vinegar, sugar, water, carrots, daikon radish, white onion, chicken breast half, garlic salt, black pepper, French baguette, mayonnaise, cucumber, cilantro leaves, jalapeno pepper, lime","rice vinegar, sugar, water, carrot, daikon radish, white onion, chicken breast half, garlic salt, black pepper, french baguette, mayonnaise, cucumber, cilantro leaf, jalapeno pepper, lime"
Lazy Man&#39;s Pierogi,"rotelle pasta, bacon, onions, butter, mushrooms, condensed cream of mushroom soup, sauerkraut, salt and pepper","rotelle pasta, bacon, onion, butter, mushroom, condensed cream of mushroom soup, bavarian style sauerkraut, salt, black pepper"
Instant Pot Lebanese Lentil and Chard Soup,"olive oil, onion, russet potato, celery, garlic, cilantro, kosher salt, cumin, coriander, cinnamon, water, brown lentils, Swiss chard, lemons","olive oil, onion, russet potato, celery, garlic, cilantro, kosher salt, cumin, coriander, cinnamon, water, brown lentil, swiss chard, lemon"
Chef John&#39;s Brazilian Feijoada,"black beans, water, beef, bay leaf, smoked pork chops, bacon, linguica sausage, Italian sausage, onion, garlic, cumin, coriander, cayenne pepper, salt and ground black pepper, Italian parsley, olive oil, bread crumbs, Italian parsley, orange zest","black bean, water, beef, bay leaf, smoked pork chop, bacon, linguica sausage, italian sausage, onion, garlic, cumin, coriander, cayenne pepper, salt, black pepper, italian parsley, olive oil, bread crumb, orange zest"
Mom&#39;s Kimchi Egg,"vegetable oil, kimchi, eggs","vegetable oil, kimchi, egg"
Atsara (Papaya Relish),"green papaya, salt, carrot, red bell pepper, green chile peppers, ginger root, raisins, white vinegar, water, sugar, salt","green papaya, salt, carrot, red bell pepper, green chile pepper, ginger root, raisin, white vinegar, water, sugar"
Perfect Sushi Rice,"glutinous white rice, water, rice vinegar, vegetable oil, sugar, salt","glutinous white rice, water, rice vinegar, vegetable oil, sugar, salt"
Caldo Verde (Portuguese Green Soup),"olive oil, onion, garlic, potatoes, water, linguiça sausage, kosher salt, black pepper, kale","olive oil, onion, garlic, potato, water, linguica sausage, kosher salt, black pepper, kale"
Danish Kringle,"all-purpose flour, salt, butter, sour cream, egg, cream cheese, brown sugar, cinnamon, English walnuts, confectioners' sugar, water","all purpose flour, salt, butter, sour cream, egg, cream cheese, brown sugar, cinnamon, english walnut, confectioners sugar, water"
Ube-Macapuno Cake,"cake flour, baking powder, salt, ube, milk, vanilla extract, egg yolks, corn syrup, vegetable oil, egg whites, cream of tartar, sugar, red food color, blue food coloring, macapuno, evaporated milk, white sugar, butter, violet food coloring","cake flour, baking powder, salt, ube, milk, vanilla extract, egg yolk, corn syrup, vegetable oil, egg white, cream of tartar, sugar, red food coloring, blue food coloring, macapuno, evaporated milk, white sugar, butter, violet food coloring"
Dessert Crepes,"eggs, milk, all-purpose flour, butter, white sugar, salt","egg, milk, all purpose flour, butter, white sugar, salt"
The Perfect Simplified Sushi Vinegar,"rice vinegar, white sugar, salt, lemon","rice vinegar, white sugar, salt, lemon"
Japanese Pan Noodles,"udon noodles, sesame oil, broccoli, green bell pepper, carrots, zucchini, soy sauce, mirin, chili-garlic sauce, ginger","udon noodle, sesame oil, broccoli, green bell pepper, carrot, zucchini, soy sauce, mirin, chile garlic sauce, ginger"
Caipirinha Cocktail,"lime, sugar, cachaca, ice","lime, sugar, cachaca, ice"
Mulligatawny Soup,"onion, celery, carrot, butter, all-purpose flour, curry powder, chicken broth, apple, white rice, chicken breast half, thyme, heavy cream","onion, celery, carrot, butter, all purpose flour, curry powder, chicken broth, apple, white rice, chicken breast half, thyme, heavy cream"
Polish Meat and Potatoes,"potatoes, onion, green bell peppers, onion powder, garlic powder, salt, black pepper, vegetable oil, kielbasa sausage","potato, onion, green bell pepper, onion powder, garlic powder, salt, black pepper, vegetable oil, kielbasa sausage"
Chinese Tea Eggs,"water, black tea leaves, soy sauce, black soy sauce, tangerine zest, cinnamon stick, star anise, salt, eggs","water, black tea leaf, soy sauce, black soy sauce, tangerine zest, cinnamon stick, star anise, salt, egg"
Muhammara (Roasted Pepper &amp; Walnut Spread),"olive oil, walnut halves, breadcrumbs, red bell peppers, garlic cloves, lemon juice, pomegranate molasses, salt, paprika, Aleppo pepper flakes, cumin, cayenne pepper, Italian parsley","olive oil, walnut half, bread crumb, red bell pepper, garlic clove, lemon juice, pomegranate molasses, salt, paprika, aleppo pepper flake, cumin, cayenne pepper, italian parsley"
Slow Cooker Mojo Pork,"pork butt roast, salt, black pepper, orange juice, lime juice, extra-virgin olive oil, cilantro, garlic, oranges, lime, bay leaves, oregano, cumin","pork butt roast, salt, black pepper, orange juice, lime juice, extra virgin olive oil, cilantro, garlic, orange, lime, bay leaf, oregano, cumin"
Carrie&#39;s Pad Thai Salad,"rice noodles, sugar, water, lime, soy sauce, fish sauce, tamarind concentrate, peanut oil, garlic, eggs, paprika, chili powder, lettuce, flaxseed oil, bean sprouts, green onion, cilantro, peanuts, lime","rice noodle, sugar, water, lime, soy sauce, fish sauce, tamarind concentrate, peanut oil, garlic, egg, paprika, chili powder, lettuce, flaxseed oil, bean sprout, green onion, cilantro, peanut, lime"
Espinacas con Garbanzos (Spinach with Garbanzo Beans),"olive oil, garlic, onion, spinach, garbanzo beans, cumin, salt","olive oil, garlic, onion, spinach, garbanzo bean, cumin, salt"
German Strawberry Roll,"eggs, sugar, vanilla sugar, confectioners' sugar, all-purpose flour, baking powder, white sugar, heavy whipping cream, vanilla sugar, strawberries, whipping cream, vanilla sugar, strawberries","egg, sugar, vanilla sugar, confectioners sugar, all purpose flour, baking powder, white sugar, heavy whipping cream, vanilla sugar, strawberry, whipping cream, vanilla sugar, strawberry"
Celery Herb Stuffing and Savory Chicken,"onion, celery, bread, black pepper, parsley, sage, rosemary, thyme, celery salt, butter, chicken, savory","onion, celery, bread, black pepper, parsley, sage, rosemary, thyme, celery salt, butter, chicken, savory"
Israeli Salad Recipe,"cucumbers, roma tomatoes, onions, red bell pepper, garlic, parsley, mint leaves, olive oil, lemon juice, salt, black pepper","cucumber, roma tomato, onion, red bell pepper, garlic, parsley, mint leaf, olive oil, lemon juice, salt, black pepper"
My Mango Lassi,"mangos, plain yogurt, milk, heavy cream, confectioners' sugar, cardamom","mango, plain yogurt, milk, heavy cream, confectioners sugar, cardamom"
Vanille Kipferl II,"all-purpose flour, salt, unsalted butter, confectioners' sugar, egg, vanilla sugar, almonds, confectioners' sugar, vanilla sugar","all purpose flour, salt, unsalted butter, confectioners sugar, egg, vanilla sugar, almond, confectioners sugar, vanilla sugar"
Hachee (Dutch Beef Stew),"oil, beef stew meat, salt and pepper, water, onions, cloves, bay leaves, beef bouillon granules, vinegar, white sugar, curry powder, potato starch","oil, beef stew meat, salt, black pepper, water, onion, clove, bay leaf, beef bouillon granule, vinegar, white sugar, curry powder, potato starch"
Chef John&#39;s Miso Soup,"water, kombu, dried bonito flakes, silken tofu, white miso, red miso, wakame seaweed flakes, wakame or hijiki seaweed, green onions","water, kombu, bonito flake, silken tofu, white miso, red miso, wakame, hijiki seaweed, green onion"
Hawaiian Chicken Pineapple Kabobs,"soy sauce, brown sugar, sherry, sesame oil, ginger, garlic powder, chicken breast halves, pineapple chunks, skewers","soy sauce, brown sugar, sherry, sesame oil, ginger, garlic powder, chicken breast half, pineapple chunk, skewer"
Thai-Style Ground Pork Skewers,"pork, sugar, fish sauce, garlic, sea salt, black pepper, baking powder, water, soaked in water","pork, sugar, fish sauce, garlic, sea salt, black pepper, baking powder, water"
Mizeria (Polish Cucumber Salad),"cucumbers, salt, dill, sour cream, lemon juice, white sugar, black pepper","cucumber, salt, dill, sour cream, lemon juice, white sugar, black pepper"
The Best Pavlova,"white sugar, cornstarch, egg whites, lemon juice, heavy whipping cream, confectioners' sugar, strawberries","white sugar, cornstarch, egg white, lemon juice, heavy whipping cream, confectioners sugar, strawberry"
Chicken Souvlaki with Tzatziki Sauce,"olive oil, garlic, lemon juice, oregano, salt, chicken breast, wooden skewers, Greek-style yogurt, cucumber, olive oil, white vinegar, garlic, salt","olive oil, garlic, lemon juice, oregano, salt, chicken breast, skewer, greek yogurt, cucumber, white vinegar"
Vegetarian Korma,"vegetable oil, onion, garlic, ginger root, carrots, potatoes, tomato sauce, cashews, jalapeno pepper, curry powder, salt, heavy cream, green peas, green bell pepper, red bell pepper, cilantro","vegetable oil, onion, garlic, ginger root, carrot, potato, tomato sauce, cashew, jalapeno pepper, curry powder, salt, heavy cream, green pea, green bell pepper, red bell pepper, cilantro"
Authentic Thai Green Curry,"bamboo shoots, corn oil, green curry paste, pork, coconut milk, red bell pepper, sugar, salt, makrut lime leaves, fish sauce, Thai basil","bamboo shoot, corn oil, green curry paste, pork, coconut milk, red bell pepper, sugar, salt, makrut lime leaf, fish sauce, thai basil"
Kesme Helva,"all-purpose flour, 1 cup confectioners' sugar, sifted, butter, vanilla extract","all purpose flour, confectioners sugar, butter, vanilla extract"
Traditional Springerle,"spray, anise seeds, all-purpose flour, baking powder, sugar, eggs, vanilla extract, confectioners' sugar","cooking spray, anise seed, all purpose flour, baking powder, sugar, egg, vanilla extract, confectioners sugar"
Quindim,"sugar, coconut, butter, egg yolks, egg white","sugar, coconut, butter, egg yolk, egg white"
Finnish Nissua,"milk, margarine, sugar, salt, active dry yeast, water, eggs, cardamom, bread flour, butter, confectioners' sugar, vanilla extract, milk","milk, margarine, sugar, salt, active dry yeast, water, egg, cardamom, bread flour, butter, confectioners sugar, vanilla extract"
Empanadas Fritas de Queso,"all-purpose flour, baking powder, salt, lard, milk, egg, queso chanco","all purpose flour, baking powder, salt, lard, milk, egg, queso chanco"
Cucumber Chili Salad,"cucumber, serrano chile pepper, onion, mint, lime, grapeseed oil, sugar, salt and ground black pepper","cucumber, serrano chile pepper, onion, mint, lime, grapeseed oil, sugar, salt, black pepper"
Cold Russian Borscht,"beets, beef broth, onion, red wine vinegar, salt, black pepper, cucumber, sour cream","beet, beef broth, onion, red wine vinegar, salt, black pepper, cucumber, sour cream"
Greek-Style Garlic Chicken Breasts,"chicken breast halves, olive oil, lemon, garlic, black pepper, salt, paprika","chicken breast half, olive oil, lemon, garlic, black pepper, salt, paprika"
Brazilian Lemonade,"limes, water, sugar, sweetened condensed milk, ice cubes","lime, water, sugar, sweetened condensed milk, ice cube"
Aebleskiver (Danish Pancakes),"whole wheat flour, white sugar, baking powder, salt, cinnamon, nutmeg, cloves, egg, milk, unsalted butter, vanilla extract","whole wheat flour, white sugar, baking powder, salt, cinnamon, nutmeg, clove, egg, milk, unsalted butter, vanilla extract"
Beef Birria Queso Tacos with Consommé,"sauce, chicken broth, carrots, celery, cabbage, beef fat, corn tortillas, Monterey Jack cheese, Beef Birria, white onion, cilantro, lime","sauce, chicken broth, carrot, celery, cabbage, beef fat, corn tortilla, monterey jack cheese, beef birria, white onion, cilantro, lime"
Sangria Cocktail,"sugar, water, orange, lime, red wine, ice, sparkling water, raspberries, blackberries, blueberries, or halved strawberries","sugar, water, orange, lime, red wine, ice, sparkling water, raspberry, blackberry, blueberry, strawberry"
Russian Carrot Salad (Korean-Style),"carrots, garlic, vinegar, sugar, salt, vegetable oil, onion, coriander, cayenne pepper","carrot, garlic, vinegar, sugar, salt, vegetable oil, onion, coriander, cayenne pepper"
Mallorca Bread,"active dry yeast, water, all-purpose flour, milk, sugar, butter, egg yolks, salt, confectioners' sugar","active dry yeast, water, all purpose flour, milk, sugar, butter, egg yolk, salt, confectioners sugar"
Australian English Trifle,"sponge cake, fruit cocktail, port wine flavored gelatin mix, custard powder, sugar, milk","sponge cake, fruit cocktail, port wine flavored gelatin mix, custard powder, sugar, milk"
Dave Matthews,"rum, amaretto liqueur, lime juice, pineapple juice, cranberry juice","rum, amaretto liqueur, lime juice, pineapple juice, cranberry juice"
Bannock,"all-purpose flour, baking powder, salt, water, butter","all purpose flour, baking powder, salt, water, butter"
Spicy Korean Fried Chicken with Gochujang Sauce,"milk, egg, chicken breast tenderloins, all-purpose flour, potato starch, salt, black pepper, frying, honey, brown sugar, soy sauce, gochujang, Worcestershire sauce, red pepper flakes, ginger","milk, egg, chicken breast tenderloin, all purpose flour, potato starch, salt, black pepper, frying, honey, brown sugar, soy sauce, gochujang, worcestershire sauce, red pepper flake, ginger"
Chicken with Black Beans,"soy sauce, cornstarch, white sugar, black pepper, chicken breast meat, water, vegetable oil, ginger, garlic, fermented black beans, sugar, red bell pepper, bell pepper, green onions, carrot, oyster sauce, soy sauce","soy sauce, cornstarch, white sugar, black pepper, chicken breast meat, water, vegetable oil, ginger, garlic, fermented black bean, sugar, red bell pepper, bell pepper, green onion, carrot, oyster sauce"
Roscones,"milk, egg, unsalted butter, all-purpose flour, sugar, icing sugar, salt, instant yeast, guava paste, eggs, sugar","milk, egg, unsalted butter, all purpose flour, sugar, icing sugar, salt, instant yeast, guava paste, eggs"
Russian Doughnuts,"farmer's cheese, all-purpose flour, eggs, sugar, vanilla extract, salt, frying, confectioners' sugar","farmers cheese, all purpose flour, eggs, sugar, vanilla extract, salt, frying, confectioners sugar"
Chicken Satay,"peanut butter, soy sauce, lemon or lime juice, brown sugar, curry powder, garlic, hot pepper sauce, chicken breast halves, soaked in cold water","peanut butter, soy sauce, lime juice, brown sugar, curry powder, garlic, hot pepper sauce, chicken breast half, soaked in cold water"
Moqueca de Peixe Baiana (Brazilian Fish Stew),"sea bass, lime juice, garlic, salt, olive oil, onion, palm oil, onion, water, coconut milk, green bell pepper, red bell pepper, tomatoes, cilantro, green onions","sea bass, lime juice, garlic, salt, olive oil, onion, palm oil, water, coconut milk, green bell pepper, red bell pepper, tomato, cilantro, green onion"
Restaurant-Style French Onion Soup,"butter, onions, garlic, thyme, salt, black pepper, red wine, sherry, all-purpose flour, beef broth, French baguette, olive oil, Swiss cheese, provolone cheese","butter, onion, garlic, thyme, salt, black pepper, red wine, sherry, all purpose flour, beef broth, french baguette, olive oil, swiss cheese, provolone cheese"
Borscht I,"water, salt, carrots, green bell pepper, celery, beet, tomatoes, potatoes, butter, onion, tomatoes, cabbage, heavy cream, potatoes, dill weed, black pepper","water, salt, carrot, green bell pepper, celery, beet, tomato, potato, butter, onion, cabbage, heavy cream, dill weed, black pepper"
Japanese-Style Cabbage Salad,"cabbage, green onions, almond slivers, sesame seeds, sesame oil, rice vinegar, sugar, garlic, ginger, salt, black pepper","cabbage, green onion, almond sliver, sesame seed, sesame oil, rice vinegar, sugar, garlic, ginger, salt, black pepper"
Chicken Madras,"cooking oil, cloves, cardamom pods, onions, green chile peppers, garlic, ginger, red chili pepper, turmeric, cumin, coriander, salt, chicken breasts, water, tomato puree, nutmeg, garam masala, cilantro","cooking oil, clove, cardamom pod, onion, green chile pepper, garlic, ginger, red chili pepper, turmeric, cumin, coriander, salt, chicken breast, water, tomato puree, nutmeg, garam masala, cilantro"
Old German Honey Cookies,"sugar, shortening, honey, eggs, vanilla extract, baking soda, ginger, all-purpose flour","sugar, shortening, honey, egg, vanilla extract, baking soda, ginger, all purpose flour"
Crispy Orange Beef,"beef top sirloin, water, long grain rice, white sugar, rice wine vinegar, orange juice concentrate, soy sauce, salt, oil, cornstarch, ginger, garlic, orange zest, broccoli florets","beef top sirloin, water, long grain rice, white sugar, rice wine vinegar, orange juice concentrate, soy sauce, salt, oil, cornstarch, ginger, garlic, orange zest, broccoli floret"
Swedish Meatballs (From a Swede!),"butter, onion, bread crumbs, water, half-and-half, beef, pork, salt, white pepper, white sugar, butter","butter, onion, bread crumb, water, half and half, beef, pork, salt, white pepper, white sugar"
Authentic Chicken Tikka Masala,"yogurt, garam masala, paprika, black pepper, salt, cayenne pepper, coriander, chicken breast, vegetable oil, cumin seeds, onion, green chile peppers, garlic, ginger, Roma tomatoes, tomato paste, water, garam masala, coriander, turmeric, salt, heavy whipping cream, cilantro","yogurt, garam masala, paprika, black pepper, salt, cayenne pepper, coriander, chicken breast, vegetable oil, cumin seed, onion, green chile pepper, garlic, ginger, roma tomato, tomato paste, water, turmeric, heavy whipping cream, cilantro"
Vietnamese Coffee,"sweetened condensed milk, coffee, non-dairy creamer, cocoa mix","sweetened condensed milk, coffee, non dairy creamer, cocoa mix"
Hawaiian Banana Nut Bread,"all-purpose flour, salt, baking soda, sugar, cinnamon, walnuts, eggs, vegetable oil, banana, pineapple, vanilla extract, coconut, maraschino cherries","all purpose flour, salt, baking soda, sugar, cinnamon, walnut, egg, cooking oil, banana, pineapple, vanilla extract, coconut, candied cherry"
Peruvian Lomo Saltado,"French fries, vegetable oil, beef tri tip, salt and pepper, onion, tomatoes, yellow chili pepper, distilled white vinegar, soy sauce, parsley","french fry, cooking oil, beef tri tip, salt, black pepper, onion, tomato, yellow chili pepper, distilled white vinegar, soy sauce, parsley"
Strassburgare,"butter, confectioners' sugar, vanilla sugar, all-purpose flour, potato flour, red food coloring","butter, confectioners sugar, vanilla sugar, all purpose flour, potato flour, red food coloring"
Samoan Panikeke,"all-purpose flour, white sugar, baking powder, water, bananas, vanilla extract, vegetable oil","all purpose flour, white sugar, baking powder, water, banana, vanilla extract, cooking oil"
Super Easy Cabbage Stir Fry,"vegetable oil, garlic, cabbage, soy sauce, Chinese cooking wine","cooking oil, garlic, cabbage, soy sauce, chinese cooking wine"
Swedish Spareribs,"white sugar, allspice, salt, black pepper, country style pork ribs, butter, beef broth","white sugar, allspice, salt, black pepper, country style pork rib, butter, beef broth"
Best Hawaiian Banana Nut Bread,"all-purpose flour, white sugar, light brown sugar, baking soda, cinnamon, baking powder, salt, bananas, canola oil, pineapple, coconut, walnuts, macadamia nuts, eggs, applesauce, vanilla extract, lemon extract, coconut extract, butter, sugar, walnuts, macadamia nuts, milk","all purpose flour, white sugar, light brown sugar, baking soda, cinnamon, baking powder, salt, banana, canola oil, pineapple, coconut, walnut, macadamia nut, egg, applesauce, vanilla extract, lemon extract, coconut extract, butter, sugar, walnut, macadamia nut, milk"
Swedish Christmas Glogg,"fruity red wine, port wine, cinnamon sticks, cloves, orange, sugar, rum, brandy, raisins, almonds","fruity red wine, port wine, cinnamon stick, clove, orange, sugar, rum, brandy, raisin, almond"
"Chard Lentil Soup, Lebanese-Style","water, brown lentils, Swiss chard, potatoes, lemon juice, garlic, salt, olive oil","water, brown lentil, swiss chard, potato, lemon juice, garlic, salt, olive oil"
Goi Ga (Vietnamese Chicken and Cabbage Salad),"chicken breasts, cabbage, cilantro, red onion, carrot, white vinegar, sugar, lime juice, fish sauce, garlic, cayenne pepper, salt and ground black pepper, peanuts","chicken breast, cabbage, cilantro, red onion, carrot, white vinegar, sugar, lime juice, fish sauce, garlic, cayenne pepper, salt, black pepper, peanut"
Simple Malaysian Fried Chicken,"chicken, garlic, oyster sauce, curry powder, vegetable oil","chicken, garlic, oyster sauce, curry powder, cooking oil"
Cilantro and Garlic Potatoes,"oil, potatoes, vegetable oil, cilantro, garlic, lemon juice, cumin, salt","cooking oil, potato, cooking oil, cilantro, garlic, lemon juice, cumin, salt"
Nut Filling for Kolacky Cookies,"walnuts, egg whites, sugar","walnut, egg white, sugar"
Pineapple Mango Daiquiri,"mango nectar, pineapple juice, rum, triple sec, lime, ice cubes","mango nectar, pineapple juice, rum, triple sec, lime, ice cube"
Jamaican Cornmeal Porridge,"water, cornmeal, milk, coconut milk, sugar, vanilla extract, salt, nutmeg, cinnamon, raisins","water, cornmeal, milk, coconut milk, sugar, vanilla extract, salt, nutmeg, cinnamon, raisin"
Mom&#39;s Beef Shish Kabobs,"soy sauce, vegetable oil, lemon juice, garlic, mustard, Worcestershire sauce, salt, black pepper, lean beef, mushroom caps, metal skewers, green bell peppers, red bell pepper, onion","soy sauce, cooking oil, lemon juice, garlic, mustard, worcestershire sauce, salt, black pepper, lean beef, mushroom cap, metal skewer, green bell pepper, red bell pepper, onion"
Easy Crispy Vietnamese Shrimp Balls,"shrimp, egg, shallot, sesame oil, cornstarch, light brown sugar, fish sauce, garlic, bread crumbs, eggs, vegetable oil","shrimp, egg, shallot, sesame oil, cornstarch, light brown sugar, fish sauce, garlic, bread crumb, egg, cooking oil"
Kruschicki,"egg yolks, sour cream, sugar, vanilla extract, whiskey, all-purpose flour, vegetable oil, confectioners' sugar","egg yolk, sour cream, sugar, vanilla extract, whiskey, all purpose flour, cooking oil, confectioners sugar"
Indian-Style Seekh Kebab,"ground lamb, onions, mint leaves, cilantro, ginger paste, green chile paste, cumin, coriander, paprika, salt, cayenne pepper, skewers, vegetable oil","ground lamb, onion, mint leaf, cilantro, ginger paste, green chile paste, cumin, coriander, paprika, salt, cayenne pepper, skewer, cooking oil"
Brazilian Passion Fruit Mousse (Maracuja),"passion fruits, sugar, sweetened condensed milk, cream","passion fruit, sugar, sweetened condensed milk, cream"
Norwegian Almond Cake,"egg yolks, white sugar, heavy cream, butter, egg whites, confectioners' sugar, baking powder, almond meal","egg yolk, sugar, heavy cream, butter, egg white, confectioners sugar, baking powder, almond meal"
Danish Pastry Apple Bars,"all-purpose flour, salt, shortening, egg yolk, milk, apples, light brown sugar, sugar, cinnamon, nutmeg, egg white","all purpose flour, salt, shortening, egg yolk, milk, apple, light brown sugar, sugar, cinnamon, nutmeg, egg white"
Kringla,"sugar, egg, sour cream, all-purpose flour, baking soda, salt","sugar, egg, sour cream, all purpose flour, baking soda, salt"
Turkey Kofta Kebabs,"grill, turkey, onion, cilantro, egg, garlic, green chile pepper, coriander, paprika, chili powder, salt","turkey, onion, cilantro, egg, garlic, green chile pepper, coriander, paprika, chili powder, salt"
Orange Chicken,"water, rice vinegar, lemon juice, soy sauce, orange juice, brown sugar, green onion, orange zest, ginger root, garlic, red pepper flakes, cornstarch, water, chicken breasts, all-purpose flour, salt, pepper, olive oil","rice vinegar, lemon juice, soy sauce, orange juice, brown sugar, green onion, orange zest, ginger root, garlic, red pepper flake, cornstarch, chicken breast, all purpose flour, salt, black pepper, olive oil"
Diana&#39;s Hawaiian Bread Rolls,"water, egg, salt, vanilla extract, lemon extract, molasses, honey, sugar, dry milk powder, butter flavored shortening, bread flour, active dry yeast","egg, salt, vanilla extract, lemon extract, molasses, honey, sugar, dry milk powder, butter flavored shortening, bread flour, active dry yeast"
Indian Chicken Curry,"olive oil, onion, garlic, curry powder, cinnamon, paprika, bay leaf, ginger, white sugar, salt, chicken breast halves, tomato paste, yogurt, coconut milk, lemon, cayenne pepper","olive oil, onion, garlic, curry powder, cinnamon, paprika, bay leaf, ginger, sugar, salt, chicken breast half, tomato paste, yogurt, coconut milk, lemon, cayenne pepper"
Bistec Encebollao,"beef sirloin steak, white onions, beef stock, olive oil, distilled white vinegar, garlic, sazon seasoning, salt, oregano","beef sirloin steak, white onion, beef stock, olive oil, distilled white vinegar, garlic, sazon seasoning, salt, oregano"
Shadi&#39;s One-Pot Turmeric Chicken and Rice,"water, chicken breasts, onion, garlic, turmeric, salt, black pepper, basmati rice, carrot, lemon juice, parsley","chicken breast, onion, garlic, turmeric, salt, black pepper, basmati rice, carrot, lemon juice, parsley"
Swedish Saffron Buns,"milk, butter, yeast, quark or sour cream, saffron, sugar, salt, all-purpose flour, raisins, eggs","milk, butter, yeast, sour cream, saffron, sugar, salt, all purpose flour, raisin, egg"
Chamoyada,"mango, pineapple juice, lime, chili-lime seasoning, chamoy","mango, pineapple juice, lime, chili lime seasoning, chamoy"
Fish Sinigang (Tilapia) - Filipino Sour Broth Dish,"tilapia fillets, bok choy, tomatoes, daikon radish, tamarind paste, water, red chile peppers","tilapia fillet, bok choy, tomato, daikon radish, tamarind paste, red chile pepper"
Vegetable Biryani,"ghee, red onion, cumin seed, cinnamon stick, peppercorns, ginger garlic paste, tomato, water, peas, carrot, potato, chicken bouillon, salt, red chile pepper, black pepper, garam masala, turmeric, water, basmati rice","ghee, red onion, cumin seed, cinnamon stick, peppercorn, ginger garlic paste, tomato, pea, carrot, potato, chicken bouillon, salt, red chile pepper, black pepper, garam masala, turmeric, basmati rice"
Hawaiian Millionaire Pie,"pie crust, pineapple, lemon juice, whipped topping, maraschino cherries, sweetened condensed milk, walnuts","pie crust, pineapple, lemon juice, whipped topping, maraschino cherry, sweetened condensed milk, walnut"
Mojo Pollo Asada (Roast Chicken),"olive oil, cumin, kosher salt, oregano, garlic, lime juice, orange juice, chicken","olive oil, cumin, salt, oregano, garlic, lime juice, orange juice, chicken"
Authentic Swedish Meatballs,"heavy cream, rolled oats, potato flour, salt, black pepper, butter, onion, ground beef, allspice, vegetable oil","heavy cream, rolled oat, potato flour, salt, black pepper, butter, onion, ground beef, allspice, vegetable oil"
Thai Dipping Sauce for Spring Rolls (Nam Jim Po Piah),"sugar, water, white vinegar, salt, bird's eye chile, garlic","sugar, white vinegar, salt, birds eye chile, garlic"
Canadian Walleye (Pickerel),"frying, all-purpose flour, salt, black pepper, milk, eggs, bread crumbs, walleye fillets","all purpose flour, salt, black pepper, milk, egg, bread crumb, walleye fillet"
Alfajor Cake,"butter, sugar, eggs, all-purpose flour, cornstarch, baking powder, kosher salt, milk, dulce de leche, heavy whipping cream, sugar","butter, sugar, egg, all purpose flour, cornstarch, baking powder, salt, milk, dulce de leche, heavy whipping cream"
Healthier Swedish Meatballs,"olive oil, onion, sirloin, pork, panko bread crumbs, egg, milk, garlic powder, salt, black pepper, Worcestershire sauce, beef broth, soy sauce, rosemary, cornstarch, Greek yogurt, parsley","olive oil, onion, sirloin, pork, panko bread crumb, egg, milk, garlic powder, salt, black pepper, worcestershire sauce, beef broth, soy sauce, rosemary, cornstarch, greek yogurt, parsley"
Air Fryer Pakoras,"cauliflower, chickpea flour, potatoes, water, red onion, salt, garlic, curry powder, coriander, cayenne pepper, cumin, spray","cauliflower, chickpea flour, potato, water, red onion, salt, garlic, curry powder, coriander, cayenne pepper, cumin"
Bierock Casserole,"onion, ground beef, sauerkraut, crescent rolls, Cheddar cheese","onion, ground beef, sauerkraut, crescent roll, cheddar cheese"
Huancaina Sauce,"vegetable oil, onion, aji amarillo peppers, garlic, evaporated milk, queso fresco, saltine crackers, salt and ground black pepper","vegetable oil, onion, aji amarillo pepper, garlic, evaporated milk, queso fresco, saltine cracker, salt, black pepper"
Russian Beet and Potato Salad,"beets, potatoes, carrots, dill pickles, vegetable oil, champagne vinegar, salt, onions","beet, potato, carrot, dill pickle, vegetable oil, champagne vinegar, salt, onion"
Bolo Facil de Fuba Cremoso (Easy Creamy Cornmeal Cake),"milk, sugar, cornmeal, eggs, unsalted butter, all-purpose flour, baking powder","milk, sugar, cornmeal, egg, unsalted butter, all purpose flour, baking powder"
Chimichurri Muy Pefecto,"Italian flat-leaf parsley leaves, olive oil, red wine vinegar, oregano, cumin, kosher salt, garlic, hot sauce, red pepper flakes, lemon juice","italian flat leaf parsley, olive oil, red wine vinegar, oregano, cumin, salt, garlic, hot sauce, red pepper flake, lemon juice"
Roasted Greek Lemon Potatoes,"potatoes, olive oil, lemons, salt, oregano, black pepper, chicken broth","potato, olive oil, lemon, salt, oregano, black pepper, chicken broth"
Mongo Guisado (Mung Bean Soup),"water, mung beans, olive oil, onion, garlic, pork loin, salt and ground black pepper, prawns, tomato, chicken broth, spinach","water, mung bean, olive oil, onion, garlic, pork loin, salt, black pepper, prawn, tomato, chicken broth, spinach"
Japanese Tamago Egg,"eggs, dashi stock, sugar, mirin, soy sauce, vegetable oil","egg, dashi stock, sugar, mirin, soy sauce, vegetable oil"
Pierogi (Traditional Polish Dumplings),"vegetable oil, onions, mushrooms, potatoes, farmer's cheese, sour cream, all-purpose flour, eggs, unsalted butter, water","vegetable oil, onion, mushroom, potato, farmers cheese, sour cream, all purpose flour, egg, unsalted butter, water"
Beef Stroganoff with Ground Beef,"butter, mushrooms, onion, ground beef, all-purpose flour, garlic powder, seasoning salt, paprika, black pepper, condensed cream of mushroom soup, sour cream, liquid smoke, Worcestershire sauce","butter, mushroom, onion, ground beef, all purpose flour, garlic powder, seasoning salt, paprika, black pepper, condensed cream of mushroom soup, sour cream, liquid smoke, worcestershire sauce"
Apple Crisp Cups,"McIntosh apples, water, white sugar, cinnamon, all-purpose flour, rolled oats, brown sugar, cinnamon, nutmeg, butter","mcintosh apple, water, sugar, cinnamon, all purpose flour, rolled oat, brown sugar, nutmeg, butter"
Jaeger Schnitzel,"pork chops, frying, eggs, bread crumbs, dry mushroom gravy mix, mushrooms, dry egg noodles","pork chop, egg, bread crumb, dry mushroom gravy mix, mushroom, dry egg noodle"
Duck a l&#39;Orange,"duck breast halves, salt, chicken broth, orange liqueur, sherry vinegar, Seville orange marmalade, orange zest, cayenne pepper, duck fat, all-purpose flour, butter","duck breast half, salt, chicken broth, orange liqueur, sherry vinegar, seville orange marmalade, orange zest, cayenne pepper, duck fat, all purpose flour, butter"
Buchi,"water, green mung beans, sugar, glutinous rice flour, white sugar, salt, cooking oil","water, green mung bean, sugar, glutinous rice flour, salt, cooking oil"
Fried Cabbage and Egg Noodles,"egg noodles, butter, green cabbage, salt and pepper","egg noodle, butter, green cabbage, salt, pepper"
Middle Eastern Kibbeh,"bulgur, mint leaves, onion, cumin, allspice, salt, black pepper, ground lamb, olive oil","bulgur, mint leaf, onion, cumin, allspice, salt, black pepper, ground lamb, olive oil"
The Original Donair From the East Coast of Canada,"beef, cayenne pepper, black pepper, onion powder, garlic powder, salt, paprika, oregano, evaporated milk, sugar, white vinegar, pita bread rounds","beef, cayenne pepper, black pepper, onion powder, garlic powder, salt, paprika, oregano, evaporated milk, sugar, white vinegar, pita bread round"
Vietnamese Fresh Spring Rolls,"rice vermicelli, rice wrappers, shrimp, lettuce, mint leaves, cilantro, Thai basil, water, lime juice, white sugar, fish sauce, garlic, garlic chili sauce, hoisin sauce, peanuts","rice vermicelli, rice wrapper, shrimp, lettuce, mint leaf, cilantro, thai basil, water, lime juice, sugar, fish sauce, garlic, garlic chili sauce, hoisin sauce, peanut"
Holland Boterkoek,"butter, sugar, almond extract, egg, all-purpose flour, baking powder","butter, sugar, almond extract, egg, all purpose flour, baking powder"
Roasted Pork Bánh Mì (Vietnamese Sandwich),"daikon radish, carrots, rice vinegar, mayonnaise, hoisin sauce, sriracha hot sauce, French sandwich roll, pork roast, pate, English cucumber, jalapeno pepper, cilantro leaves","daikon radish, carrot, rice vinegar, mayonnaise, hoisin sauce, sriracha hot sauce, french sandwich roll, pork roast, pate, english cucumber, jalapeno pepper, cilantro leaf"
3-Ingredient Japanese Potsticker Dip,"soy sauce, rice vinegar, chili oil","soy sauce, rice vinegar, chili oil"
Toaster Biscuits,"active dry yeast, white sugar, water, unbleached flour, salt, milk, vegetable oil, cornmeal","active dry yeast, sugar, water, unbleached flour, salt, milk, vegetable oil, cornmeal"
Pain au Chocolat (Chocolate Croissants),"water, bread flour, instant nonfat dry milk, sugar, salt, butter, instant yeast, butter, egg yolk, milk, semisweet chocolate","water, bread flour, instant nonfat dry milk, sugar, salt, butter, instant yeast, egg yolk, milk, semisweet chocolate"
Spicy Crab Curry - Bangla Style,"Dungeness crabs, turmeric, salt, mustard seed, water, mustard oil, red onion, potatoes, cloves, cinnamon stick, green cardamom, peppercorns, tomatoes, Thai green chiles, garlic paste, ginger paste, cayenne pepper, salt, sugar, lemon, cilantro","dungeness crab, turmeric, salt, mustard seed, water, mustard oil, red onion, potato, clove, cinnamon stick, green cardamom, black pepper, tomato, thai chile, garlic paste, ginger paste, cayenne pepper, sugar, lemon, cilantro"
Chef John&#39;s Spanish Garlic Soup (Sopa de Ajo),"French bread, olive oil, olive oil, garlic, ham, smoked paprika, chicken broth, cayenne pepper, flat-leaf parsley, eggs","french bread, olive oil, garlic, ham, smoked paprika, chicken broth, cayenne pepper, parsley leaf, egg"
Danish Chicken Liver Pate,"all-purpose flour, water, chicken livers, heavy whipping cream, onion, eggs, butter, salt, nutmeg, black pepper","all purpose flour, water, chicken liver, heavy whipping cream, onion, egg, butter, salt, nutmeg, black pepper"
Thai Chicken Spring Rolls,"Peanut sauce, ginger root, garlic, soy sauce, chicken breast, peanut oil, bean sprouts, snow pea pods, green onions, watercress, cilantro, carrots, spring roll wrappers","peanut sauce, ginger root, garlic, soy sauce, chicken breast, peanut oil, bean sprout, snow pea pod, green onion, watercress, cilantro, carrot, spring roll wrapper"
Mum&#39;s Swedish Meatballs,"butter, onion, bread, evaporated milk, ground beef, pork, eggs, Worcestershire sauce, parsley, nutmeg, allspice, salt, lemon pepper, black pepper, olive oil, beef stock, all-purpose flour, sherry","butter, onion, bread, evaporated milk, ground beef, pork, egg, worcestershire sauce, parsley, nutmeg, allspice, salt, lemon pepper, black pepper, olive oil, beef stock, all purpose flour, sherry"
Spicy Szechuan Green Beans,"green beans, water, ginger, garlic, sesame oil, soy sauce, rice vinegar, sugar, red pepper flakes","green bean, water, ginger, garlic, sesame oil, soy sauce, rice vinegar, sugar, red pepper flake"
Malaysian Flatbread (Roti Canai) with Curried Lentil Dip,"bread flour, white sugar, kosher salt, egg, unsalted butter, water, vegetable oil, unsalted butter, yellow onion, ginger, garlic, kosher salt, curry powder, paprika, cumin, black pepper, cayenne pepper, tomato paste, water, coconut milk, red lentils, unsalted butter, cilantro, serrano pepper","bread flour, sugar, salt, egg, butter, water, vegetable oil, yellow onion, ginger, garlic, curry powder, paprika, cumin, black pepper, cayenne pepper, tomato paste, coconut milk, red lentil, cilantro, serrano pepper"
Cuban Mini Melts,"white sandwich bread, honey ham, Swiss cheese, spicy brown mustard, mayonnaise, dill pickle slices, toothpicks","white sandwich bread, honey ham, swiss cheese, spicy brown mustard, mayonnaise, dill pickle slice"
Malaysian Barbecue Chicken Wings,"chicken wings, soy sauce, dark soy sauce, sesame oil, oyster sauce, garlic powder, onion powder, black pepper, basil","chicken wing, soy sauce, dark soy sauce, sesame oil, oyster sauce, garlic powder, onion powder, black pepper, basil"
Cucumber Gyro Sauce,"sour cream, cucumber, garlic, dill, mustard, garlic powder","sour cream, cucumber, garlic, dill, mustard, garlic powder"
Spicy Peruvian Pork,"pork shoulder, white vinegar, cumin, turmeric, garlic powder, salt, black pepper, vegetable oil, orange juice, water, onion, all-purpose flour, water","pork shoulder, white vinegar, cumin, turmeric, garlic powder, salt, black pepper, vegetable oil, orange juice, water, onion, all purpose flour"
Pork Pie,"ground pork, ground beef, potatoes, nutmeg, salt, pie shells, egg white","ground pork, ground beef, potato, nutmeg, salt, pie shell, egg white"
General Tso&#39;s Chicken,"vegetable oil, egg, chicken thighs, salt, sugar, white pepper, cornstarch, vegetable oil, green onion, garlic, red chilies, orange zest, sugar, soy sauce, chicken broth, peanut oil, rice vinegar, sesame oil, ginger, cornstarch, water","vegetable oil, egg, chicken thigh, salt, sugar, white pepper, cornstarch, green onion, garlic, red chile, orange zest, soy sauce, chicken broth, peanut oil, rice vinegar, sesame oil, ginger, water"
Perfectly Dry Roasted Chickpeas,"chickpeas, mixed spice, sea salt","chickpea, mixed spice, sea salt"
Mediterranean Meat Pies (Sfeeha),"beef, lamb, white onion, pine nuts, cinnamon, lemon juice, frozen puff pastry, egg","beef, lamb, white onion, pine nut, cinnamon, lemon juice, frozen puff pastry, egg"
Patacones de Colombia (Fried Plantains),"oil, plantain, salt","oil, plantain, salt"
Branzino Mediterranean,"olive oil, red onion, Branzino, lemon wedges, rosemary, white wine, lemon juice, oregano, Italian flat-leaf parsley","olive oil, red onion, branzino, lemon wedge, rosemary, white wine, lemon juice, oregano, italian flat leaf parsley"
Anzac Biscuits,"rolled oats, coconut, all-purpose flour, sugar, baking powder, water, butter, golden syrup","rolled oat, coconut, all purpose flour, sugar, baking powder, water, butter, golden syrup"
Mailäenderli (Swiss Butter Cookies),"eggs, white sugar, butter, salt, all purpose flour, lemon zest, egg yolks, colored sprinkles","egg, sugar, butter, salt, all purpose flour, lemon zest, egg yolk, colored sprinkle"
Portuguese Chourico and Peppers,"chorizo sausage, bell peppers, sweet onion, tomato paste, red wine, water, garlic","chorizo sausage, bell pepper, sweet onion, tomato paste, red wine, water, garlic"
Classic Beef Empanadas,"potatoes, butter, onion, onions, red bell pepper, ground beef, paprika, cayenne pepper, salt, green olives, eggs, olive oil, empanada pastry rounds, egg","potato, butter, onion, red bell pepper, ground beef, paprika, cayenne pepper, salt, green olive, egg, olive oil, empanada pastry round"
Italian-Style Bruschetta,"plum tomatoes, extra-virgin olive oil, basil, red onion, garlic, red wine vinegar, black pepper, French baguette, balsamic vinegar","plum tomato, extra virgin olive oil, basil, red onion, garlic, red wine vinegar, black pepper, french baguette, balsamic vinegar"
Alfajores (Dulce de Leche Sandwich Cookies),"all-purpose flour, confectioners' sugar, cornstarch, salt, butter, sugar, vanilla extract, dulce de leche, confectioners' sugar","all purpose flour, confectioners sugar, cornstarch, salt, butter, sugar, vanilla extract, dulce de leche"
Easy Shrimp Mozambique,"butter, onion, water, garlic, sazon seasoning with saffron, lemon, beer, hot sauce, shrimp","butter, onion, water, garlic, sazon seasoning, lemon, beer, hot sauce, shrimp"
Turkish Stuffed Flatbread (Gozleme),"water, butter-flavored shortening, salt, sugar, bread flour, yeast, olive oil, butter, onion, salt, spinach, garlic, Parmesan cheese, olive oil","water, butter flavored shortening, salt, sugar, bread flour, yeast, olive oil, butter, onion, spinach, garlic, parmesan cheese"
Carrots and Lentils,"olive oil, onion, garlic, carrots, tomato paste, chile pepper, sea salt, water, lentils, Greek yogurt","olive oil, onion, garlic, carrot, tomato paste, chile pepper, sea salt, water, lentil, greek yogurt"
Israeli Charoset,"apples, bananas, dates, walnuts, orange, lemon, cinnamon, white sugar, dry red wine, matzo meal","apple, banana, date, walnut, orange, lemon, cinnamon, sugar, dry red wine, matzo meal"
Biko,"glutinous white rice, water, coconut milk, white sugar, brown sugar, coconut preserves","glutinous white rice, water, coconut milk, sugar, brown sugar, coconut preserve"
Eggs in Purgatory,"olive oil, garlic, black Italian olives, capers, anchovy fillet, passata, water, parsley, salt, eggs","olive oil, garlic, black italian olive, caper, anchovy fillet, passata, water, parsley, salt, egg"
Bengali Chicken Curry with Potatoes,"olive oil, onions, ginger-garlic paste, tomatoes, cayenne pepper, curry powder, garam masala, turmeric, cumin, chicken breast halves, red-skinned potatoes, cilantro","olive oil, onion, ginger garlic paste, tomato, cayenne pepper, curry powder, garam masala, turmeric, cumin, chicken breast half, red skinned potato, cilantro"
Spinach and Cauliflower Bhaji,"vegetable oil, onions, cauliflower, coriander, garlic, cayenne pepper, ginger, cumin, turmeric, tomatoes, vegetable broth, spinach","vegetable oil, onion, cauliflower, coriander, garlic, cayenne pepper, ginger, cumin, turmeric, tomato, vegetable broth, spinach"
Chinese Pork Dumplings,"soy sauce, rice vinegar, Chinese chives, sesame seeds, chile-garlic sauce, pork, garlic, egg, Chinese chives, soy sauce, sesame oil, ginger, dumpling wrappers, vegetable oil","soy sauce, rice vinegar, chinese chive, sesame seed, chile garlic sauce, pork, garlic, egg, sesame oil, ginger, dumpling wrapper, vegetable oil"
Authentic Empanada Pastry Dough,"all-purpose flour, unsalted butter, egg, water, salt","all purpose flour, unsalted butter, egg, water, salt"
Bee Sting Cake (Bienenstich),"all-purpose flour, active dry yeast, white sugar, salt, milk, butter, butter, confectioners' sugar, milk, almonds, honey, milk, cornstarch, sugar, egg, almond extract, heavy whipping cream, cream of tartar","all purpose flour, active dry yeast, sugar, salt, milk, butter, confectioners sugar, almond, honey, cornstarch, egg, almond extract, heavy whipping cream, cream of tartar"
Jerk Marinade Seasoning Rub,"onion powder, thyme, allspice, black pepper, turbinado sugar, garlic powder, sea salt, ginger, cinnamon, nutmeg, cayenne pepper, marjoram, sage, rosemary","onion powder, thyme, allspice, black pepper, turbinado sugar, garlic powder, sea salt, ginger, cinnamon, nutmeg, cayenne pepper, marjoram, sage, rosemary"
Middle Eastern-Style Dolma (Stuffed Vegetables),"beef, tomato paste, parsley, green onion, butter, salt, black pepper, white rice, cabbage, green bell pepper, eggplants, zucchini","beef, tomato paste, parsley, green onion, butter, salt, black pepper, white rice, cabbage, green bell pepper, eggplant, zucchini"
Ratatouille Bake,"olive oil, eggplant, onion, garlic, zucchini, tomatoes, green bell pepper, basil, parsley, salt, black pepper, cheese ravioli, mozzarella cheese","olive oil, eggplant, onion, garlic, zucchini, tomato, green bell pepper, basil, parsley, salt, black pepper, cheese ravioli, mozzarella cheese"
Greek Lemon Chicken Soup,"chicken broth, lemon juice, carrots, onion, celery, chicken soup base, white pepper, margarine, all-purpose flour, egg yolks, white rice, chicken meat, lemon","chicken broth, lemon juice, carrot, onion, celery, chicken soup base, white pepper, margarine, all purpose flour, egg yolk, white rice, chicken meat, lemon"
Empanada Dough,"all-purpose flour, white sugar, salt, water, egg yolk, all-purpose flour, butter","all purpose flour, sugar, salt, water, egg yolk, all purpose flour, butter"
Thai Steamed Mussels,"coconut milk, lime juice, dry white wine, Thai red curry paste, garlic, Asian fish sauce, sugar, mussels, cilantro","coconut milk, lime juice, dry white wine, thai red curry paste, garlic, asian fish sauce, sugar, mussel, cilantro"
Cold Yogurt Soup (Abdoogh Khiar),"Greek-style yogurt, mint, salt, water, Persian cucumbers, mint, parsley, raisins, walnuts, Persian rose petals, cubes, pita bread rounds","greek yogurt, mint, salt, water, english cucumber, mint, parsley, raisin, walnut, rose petal, cube, pita bread round"
Vegetarian Bibimbap,"sesame oil, carrot matchsticks, zucchini, bean sprouts, bamboo shoots, mushrooms, salt, rice, green onions, soy sauce, black pepper, butter, eggs, sweet red chili sauce","sesame oil, carrot matchstick, zucchini, bean sprout, bamboo shoot, mushroom, salt, rice, green onion, soy sauce, black pepper, butter, egg, sweet red chili sauce"
Glogi,"water, white sugar, cloves, cinnamon stick, raisins, red wine, lemons, orange, almonds","water, sugar, clove, cinnamon stick, raisin, red wine, lemon, orange, almond"
Labneh (Lebanese Yogurt),"Greek yogurt, extra-virgin olive oil, mint, dill, kosher salt","greek yogurt, extra virgin olive oil, mint, dill, salt"
Quick Whole Wheat Chapati,"whole wheat flour, salt, water","whole wheat flour, salt, water"
Greek Couscous Salad,"water, chicken broth, garlic, pearl couscous, garbanzo beans, sun-dried tomatoes, Kalamata olives, feta cheese, white wine vinegar, lemon juice, oregano, black pepper","water, chicken broth, garlic, pearl couscous, garbanzo bean, sun dried tomato, kalamata olive, feta cheese, white wine vinegar, lemon juice, oregano, black pepper"
Chinese Hand-Pulled Noodles in Beef Broth,"water, beef shoulder, ginger, Szechuan peppercorns, tsaoko, mandarin orange peel, bay leaves, salt, all-purpose flour, water, vegetable oil, daikon, green garlic, cilantro, chili oil","water, beef shoulder, ginger, szechuan peppercorn, tsaoko, mandarin orange peel, bay leaf, salt, all purpose flour, water, vegetable oil, daikon radish, green garlic, cilantro, chili oil"
Olivie (Russian Potato Salad),"potatoes, carrots, sweet peas, dill pickles, onion, bologna slices, eggs, mayonnaise, sour cream, salt, black pepper","potato, carrot, sweet pea, dill pickle, onion, bologna slice, egg, mayonnaise, sour cream, salt, black pepper"
Turmeric Golden Milk with Turmeric Paste,"water, turmeric, black pepper, water, almond milk, coconut oil, ginger, cinnamon, honey","water, turmeric, black pepper, water, almond milk, coconut oil, ginger, cinnamon, honey"
Italian Capezzoli di Venere (Chocolate Truffles of Venus),"dark chocolate, chestnuts, butter, sugar, brandy, vanilla extract, white chocolate, red food coloring","dark chocolate, chestnut, butter, sugar, brandy, vanilla extract, white chocolate, red food coloring"
Beef Bulgogi,"soy sauce, green onion, white sugar, garlic, sesame seeds, sesame oil, black pepper, flank steak","soy sauce, green onion, sugar, garlic, sesame seed, sesame oil, black pepper, flank steak"
Abuela&#39;s Picadillo,"lean ground beef, olive oil, onion, green bell pepper, garlic, tomato sauce, water, red cooking wine, hot sauce, sazon seasoning, parsley, garlic powder, onion powder, cumin, black pepper, bay leaf, Spanish-style olives, butternut squash, salt","lean ground beef, olive oil, onion, green bell pepper, garlic, tomato sauce, water, red cooking wine, hot sauce, sazon seasoning, parsley, garlic powder, onion powder, cumin, black pepper, bay leaf, spanish olive, butternut squash, salt"
Bulgogi Beef (Korean-Style Barbecue),"beef short ribs, garlic, yellow onion, gingerroot, sesame oil, light brown sugar, Asian pear, soy sauce, Korean red pepper flakes, kosher salt, vegetable oil, rice, green onion tops","beef short rib, garlic, yellow onion, ginger root, sesame oil, light brown sugar, asian pear, soy sauce, korean red pepper flake, salt, vegetable oil, rice, green onion top"
Lolah&#39;s Chicken Adobo,"vegetable oil, chicken thighs, garlic, soy sauce, apple cider vinegar, water, pickling spice","vegetable oil, chicken thigh, garlic, soy sauce, apple cider vinegar, water, pickling spice"
Porotos Granados (Chilean Bean Stew),"olive oil, yellow onion, butternut squash, great Northern beans, lima beans, chicken stock, corn, basil, banana pepper","olive oil, yellow onion, butternut squash, great northern bean, lima bean, chicken stock, corn, basil, banana pepper"
Miraculous Canadian Sugar Pie,"brown sugar, butter, eggs, vanilla extract, salt, all-purpose flour, milk","brown sugar, butter, egg, vanilla extract, salt, all purpose flour, milk"
Quince Empanadas,"water, salt, all-purpose flour, unsalted butter, egg, sunflower oil, quince paste, egg, white sugar","water, salt, all purpose flour, unsalted butter, egg, sunflower oil, quince paste, white sugar"
Pfeffernusse,"all-purpose flour, baking powder, baking soda, white pepper, cinnamon, cardamom, ginger, salt, butter, brown sugar, eggs, almonds","all purpose flour, baking powder, baking soda, black pepper, cinnamon, cardamom, ginger, salt, butter, brown sugar, egg, almond"
Bill&#39;s Peruvian Chicken and Rice,"white wine vinegar, olive oil, garlic, paprika, cumin, lemon juice, sea salt, black pepper, chile powder, onions, chicken breasts, chicken broth, basmati rice, garlic, olive oil, cumin, cilantro, sea salt, black pepper, peas","white wine vinegar, olive oil, garlic, paprika, cumin, lemon juice, sea salt, black pepper, chile powder, onion, chicken breast, chicken broth, basmati rice, cilantro, pea"
Authentic Chicken Empanadas (Empanadas de Pollo),"all-purpose flour, salt, baking powder, baking soda, water, vegetable oil, vegetable oil, chicken, onion, green bell pepper, cilantro, green olives, garlic, sazon seasoning with annato, tomato paste, salt and ground black pepper, vegetable oil","all purpose flour, salt, baking powder, baking soda, water, vegetable oil, chicken, onion, green bell pepper, cilantro, green olive, garlic, sazon seasoning, annatto, tomato paste, black pepper"
Homemade Muesli,"oats, rice cereal, pecans, almonds, sunflower seed kernels, cherries, golden raisins","oat, rice cereal, pecan, almond, sunflower seed kernel, cherry, golden raisin"
Russian Cabbage and Beet Salad,"cabbage, carrots, beet, garlic, water, sugar, salt, black pepper, white vinegar, vegetable oil","cabbage, carrot, beet, garlic, water, sugar, salt, black pepper, white vinegar, vegetable oil"
Hearty Portuguese Bean Soup,"water, ham hock, linguica sausage, onion, potatoes, celery rib, carrots, tomatoes, tomato sauce, garlic, kidney beans, cabbage","water, ham hock, linguica sausage, onion, potato, celery rib, carrot, tomato, tomato sauce, garlic, kidney bean, cabbage"
Lyonnaise Potatoes,"russet potatoes, olive oil, onions, garlic, butter, salt, white pepper, parsley","russet potato, olive oil, onion, garlic, butter, salt, black pepper, parsley"
Traditional Russian Pirozhki,"milk, sugar, active dry yeast, butter, egg, salt, all-purpose flour, butter, cabbage, eggs, salt and pepper","milk, sugar, active dry yeast, butter, egg, salt, all purpose flour, cabbage, black pepper"
Ashley&#39;s Chicken Katsu with Tonkatsu Sauce,"Worcestershire sauce, ketchup, soy sauce, pepper, vegetable oil, all-purpose flour, panko bread crumbs, salt and pepper, egg, chicken breast halves, green onion","worcestershire sauce, ketchup, soy sauce, black pepper, vegetable oil, all purpose flour, panko bread crumb, egg, chicken breast half, green onion"
Mitzie&#39;s Beef Stroganoff,"beef, salt, black pepper, butter, onion, garlic, all-purpose flour, beef broth, Worcestershire sauce, mustard, sour cream, cream cheese","beef, salt, black pepper, butter, onion, garlic, all purpose flour, beef broth, worcestershire sauce, mustard, sour cream, cream cheese"
Air-Fried Korean Chicken Wings,"honey, gochujang, brown sugar, soy sauce, lemon juice, garlic, ginger root, salt, black pepper, green onions, chicken wings, salt, garlic powder, onion powder, black pepper, cornstarch, green onions, sesame seeds","honey, gochujang, brown sugar, soy sauce, lemon juice, garlic, ginger root, salt, black pepper, green onion, chicken wing, garlic powder, onion powder, cornstarch, sesame seed"
Beef Bulgogi with Dipping Sauce,"soy sauce, onions, sugar, vegetable oil, garlic, sesame oil, sesame seeds, beef sirloin steak, soy sauce, rice vinegar, sesame seeds, ginger, sweet paprika, cayenne pepper, sugar","soy sauce, onion, sugar, vegetable oil, garlic, sesame oil, sesame seed, beef sirloin steak, rice vinegar, ginger, sweet paprika, cayenne pepper"
Filipino Lumpia,"lumpia wrappers, beef, pork, onion, green bell pepper, carrot, oil","lumpia wrapper, beef, pork, onion, green bell pepper, carrot, oil"
Absolutely Fabulous Greek Salad Dressing,"olive oil, garlic powder, oregano, basil, pepper, salt, onion powder, Dijon-style mustard, red wine vinegar","olive oil, garlic powder, oregano, basil, black pepper, salt, onion powder, dijon mustard, red wine vinegar"
Lebanese Chicken and Potatoes,"chicken pieces, potatoes, salt, white pepper, garlic, olive oil, lemon juice","chicken piece, potato, salt, black pepper, garlic, olive oil, lemon juice"
Egg and Potato Curry,"vegetable oil, onions, tomatoes, green chile peppers, garlic paste, ginger paste, coriander, cumin, garam masala, turmeric, cayenne pepper, salt, water, potato, eggs, cilantro","vegetable oil, onion, tomato, green chile pepper, garlic paste, ginger paste, coriander, cumin, garam masala, turmeric, cayenne pepper, salt, water, potato, egg, cilantro"
Easy New Zealand Squares,"all-purpose flour, coconut, dates, sugar, baking powder, butter, golden syrup, vanilla, coconut","all purpose flour, coconut, date, sugar, baking powder, butter, golden syrup, vanilla"
Lahmacun Turkish Pizza,"onion, parsley, green bell pepper, red bell pepper, basil, mint, lemon, olive oil, garlic, paprika, coriander seed, cumin, roma tomatoes, lamb, tomato paste, cayenne pepper, salt, active dry yeast, white sugar, water, all-purpose flour, salt, water, vegetable oil, yogurt, parsley, garlic, green cabbage, red cabbage","onion, parsley, green bell pepper, red bell pepper, basil, mint, lemon, olive oil, garlic, paprika, coriander seed, cumin, roma tomato, lamb, tomato paste, cayenne pepper, salt, active dry yeast, white sugar, water, all purpose flour, vegetable oil, yogurt, green cabbage, red cabbage"
Dragon Fruit Shake,"dragon fruit, tangerines, lime, basil, brown sugar, sparkling mineral water, ice","dragon fruit, tangerine, lime, basil, brown sugar, sparkling mineral water, ice"
Telur Balado (Spicy Chile Sauce with Eggs),"vegetable oil, eggs, red chile peppers, garlic, shallots, tomatoes, shrimp paste, peanut oil, vegetable oil, white vinegar, sugar, salt and pepper","vegetable oil, egg, red chile pepper, garlic, shallot, tomato, shrimp paste, peanut oil, white vinegar, sugar, salt, black pepper"
Beef Stifado in the Slow Cooker,"olive oil, beef stew meat, onion, garlic, tomatoes, cinnamon stick, bay leaves, rosemary, nutmeg, black pepper, salt, red wine, vinegar, ketchup, shallots","olive oil, beef stew meat, onion, garlic, tomato, cinnamon stick, bay leaf, rosemary, nutmeg, black pepper, salt, red wine, vinegar, ketchup, shallot"
Easter White Borscht,"water, kielbasa sausage, garlic, butter, leeks, white onion, garlic, bay leaves, sour cream, all-purpose flour, dill, white vinegar, eggs","water, kielbasa sausage, garlic, butter, leek, white onion, bay leaf, sour cream, all purpose flour, dill, white vinegar, egg"
Cuban-Style Picadillo,"potatoes, salt, olive oil, onion, green bell pepper, garlic, ground beef, red wine, tomato sauce, pimiento-stuffed green olives, capers, golden raisins, cumin, oregano, black pepper, salt, olive oil","potato, salt, olive oil, onion, green bell pepper, garlic, ground beef, red wine, tomato sauce, pimiento stuffed green olive, caper, golden raisin, cumin, oregano, black pepper"
Tourtière (French Canadian Meat Pie),"potato, pork, onion, salt, black pepper, cinnamon, cloves, allspice, water, double-crust pie pastry, egg, paprika","potato, pork, onion, salt, black pepper, cinnamon, clove, allspice, water, double crust pie pastry, egg, paprika"
Empanada Filling,"all-purpose flour, water, olive oil, onion, beef, kalamata olives, cumin, paprika, raisins, eggs","all purpose flour, water, olive oil, onion, beef, kalamata olive, cumin, paprika, raisin, egg"
Cuban Ropa Vieja,"vegetable oil, beef flank steak, beef broth, tomato sauce, tomato paste, green bell pepper, onion, garlic, cumin, cilantro, olive oil, white vinegar","vegetable oil, beef flank steak, beef broth, tomato sauce, tomato paste, green bell pepper, onion, garlic, cumin, cilantro, olive oil, white vinegar"
Korean Doenjang-Jjigae (Soybean Paste Soup),"vegetable stock, water, garlic, Korean soy bean paste, tofu, green onions, zucchini, jalapeno pepper","vegetable stock, water, garlic, korean soy bean paste, tofu, green onion, zucchini, jalapeno pepper"
Date Loaf Cake,"dates, dark brown sugar, margarine, water, self-rising flour, baking soda, vanilla extract","date, dark brown sugar, margarine, water, self rising flour, baking soda, vanilla extract"
Mild Coconut Tofu Curry,"ginger root, garlic, cashews, lemon grass, onions, olive oil, red pepper flakes, curry powder, firm tofu, coconut milk, water, potatoes, salt, sugar","ginger root, garlic, cashew, lemongrass, onion, olive oil, red pepper flake, curry powder, firm tofu, coconut milk, water, potato, salt, sugar"
Chimichurri Marinade,"parsley, garlic, shallot, red wine vinegar, anchovy fillets, olive oil","parsley, garlic, shallot, red wine vinegar, anchovy fillet, olive oil"
Aji de Gallina,"chicken breast halves, onion, carrots, garlic, water, white bread, evaporated milk, Parmesan cheese, walnut pieces, vegetable oil, garlic, onion, aji amarillo chile paste, turmeric, eggs, kalamata olives","chicken breast half, onion, carrot, garlic, water, white bread, evaporated milk, parmesan cheese, walnut piece, vegetable oil, aji amarillo chile paste, turmeric, egg, kalamata olive"
Easy Chinese Corn Soup,"corn, chicken broth, cornstarch, water, egg","corn, chicken broth, cornstarch, water, egg"
Spanish Cod,"butter, olive oil, onion, garlic, tomato sauce, cherry tomatoes, green olives, Italian vegetable salad, black pepper, cayenne pepper, paprika, cod","butter, olive oil, onion, garlic, tomato sauce, cherry tomato, green olive, italian vegetable salad, black pepper, cayenne pepper, paprika, cod"
Jägerschnitzel,"egg, bread crumbs, all-purpose flour, salt and pepper, pork steaks or cutlets, vegetable oil, onion, mushrooms, water, beef bouillon, sour cream, cornstarch","egg, bread crumb, all purpose flour, salt, black pepper, pork steak, vegetable oil, onion, mushroom, water, beef bouillon, sour cream, cornstarch"
Classic Beef Stroganoff in a Slow Cooker,"beef top round steak, mushrooms, onion, Dijon mustard, parsley, garlic, salt, dill, black pepper, all-purpose flour, beef broth, sour cream, egg noodles","beef top round steak, mushroom, onion, dijon mustard, parsley, garlic, salt, dill, black pepper, all purpose flour, beef broth, sour cream, egg noodle"
Malaysian Lady Fingers (Okra),"vegetable oil, garlic, shrimp, okra pods, chili peppers, belacan, water, light soy sauce","vegetable oil, garlic, shrimp, okra pod, chile pepper, belacan, water, light soy sauce"
Wonton Soup,"pork loin, shrimp, Chinese rice wine, soy sauce, brown sugar, green onions, ginger root, wonton wrappers, chicken stock, green onions","pork loin, shrimp, chinese cooking wine, soy sauce, brown sugar, green onion, ginger root, wonton wrapper, chicken stock"
Kheer (Rice Pudding),"coconut milk, milk, sugar, basmati rice, raisins, cardamom, rose water, almonds, pistachio nuts","coconut milk, milk, sugar, basmati rice, raisin, cardamom, rose water, almond, pistachio nut"
Kecap Manis (Sweet Soy Sauce),"white sugar, dark soy sauce, water, star anise pod, curry leaves, ginger root, garlic","white sugar, dark soy sauce, water, star anise pod, curry leaf, ginger root, garlic"
Chicken Makhani (Indian Butter Chicken),"peanut oil, shallot, white onion, butter, ginger garlic paste, lemon juice, garam masala, chili powder, cumin, bay leaf, tomato puree, half-and-half, yogurt, salt, chicken thighs, cayenne pepper, cornstarch, water","peanut oil, shallot, white onion, butter, ginger garlic paste, lemon juice, garam masala, chili powder, cumin, bay leaf, tomato puree, half and half, yogurt, salt, chicken thigh, cayenne pepper, cornstarch, water"
Spanish Rice and Shrimp,"water, Spanish yellow rice mix, olive oil, onion, shrimp, green bell pepper, red bell pepper, seafood seasoning, parsley","water, spanish yellow rice mix, olive oil, onion, shrimp, green bell pepper, red bell pepper, seafood seasoning, parsley"
Korean Spicy Marinated Pork (Dae Ji Bool Gogi),"rice wine vinegar, soy sauce, gochujang, garlic, ginger root, red pepper flakes, black pepper, sugar, green onions, yellow onion, pork loin, canola oil","rice wine vinegar, soy sauce, gochujang, garlic, ginger root, red pepper flake, black pepper, sugar, green onion, yellow onion, pork loin, canola oil"
Best Ever New Zealand Pavlova,"egg whites, white sugar, water, cornstarch, vanilla extract, distilled white vinegar, salt","egg white, white sugar, water, cornstarch, vanilla extract, distilled white vinegar, salt"
My Chicken Pho Recipe,"Chinese egg noodles, chicken stock, fish sauce, garlic, ginger root, lemon grass, green onions, chicken, bean sprouts, bok choy","chinese egg noodle, chicken stock, fish sauce, garlic, ginger root, lemongrass, green onion, chicken, bean sprout, bok choy"
Sherry Chicken Curry,"vegetable oil, chicken breast halves, cornstarch, garlic, onion, salt and pepper, cooking sherry, beef bouillon, peanut butter, curry powder, cover, ginger, coconut milk","vegetable oil, chicken breast half, cornstarch, garlic, onion, salt, black pepper, cooking sherry, beef bouillon, peanut butter, curry powder, ginger, coconut milk"
Sop Buntut (Indonesian Oxtail Soup),"shallots, onion, ginger, garlic, canola oil, cloves, nutmeg, cinnamon, oxtail, celery, carrots, water, waxy potatoes, carrots, salt, black pepper, white sugar, fish sauce, roma tomatoes, French-fried onions","shallot, onion, ginger, garlic, canola oil, clove, nutmeg, cinnamon, oxtail, celery, carrot, water, waxy potato, salt, black pepper, white sugar, fish sauce, roma tomato, french fried onion"
The Rebbetzin Chef&#39;s Persian Walnut Cookies,"walnuts, white sugar, egg yolks, cardamom, baking soda, rose water, water, walnut pieces","walnut, white sugar, egg yolk, cardamom, baking soda, rose water, water, walnut"
Chinese Spareribs,"hoisin sauce, ketchup, honey, soy sauce, sake, rice vinegar, lemon juice, ginger, garlic, Chinese five-spice powder, pork spareribs","hoisin sauce, ketchup, honey, soy sauce, sake, rice vinegar, lemon juice, ginger, garlic, chinese five spice powder, pork sparerib"
Colombian Arepas,"water, white cornmeal, mozzarella cheese, butter, salt, spray","water, white cornmeal, mozzarella cheese, butter, salt, cooking spray"
Mom&#39;s Nova Scotia Seafood Chowder,"onions, carrots, potatoes, salmon, cod, scallops, shrimp, lobster meat, crabmeat, clams, heavy whipping cream, half-and-half, butter","onion, carrot, potato, salmon, cod, sea scallop, shrimp, lobster meat, crab meat, clam, heavy whipping cream, half and half, butter"
Colombian Ahuyama Soup,"butter, onion, garlic, curry powder, red pepper flakes, chicken broth, butternut squash, nutmeg, Worcestershire sauce, peanut butter, light cream, parsley","butter, onion, garlic, curry powder, red pepper flake, chicken broth, butternut squash, nutmeg, worcestershire sauce, peanut butter, light cream, parsley"
Bob&#39;s Stuffed Banana Peppers,"banana peppers, butter, onion, celery, tomatoes, tomato sauce, garlic, salt, basil, oregano, black pepper, Parmesan cheese, egg, Worcestershire sauce, hot Italian sausage, mild Italian sausage, bread crumbs","banana pepper, butter, onion, celery, tomato, tomato sauce, garlic, salt, basil, oregano, black pepper, parmesan cheese, egg, worcestershire sauce, italian hot sausage, italian sausage, bread crumb"
Easy Mochi,"red bean paste, glutinous rice flour, green tea powder, water, sugar, cornstarch","red bean paste, glutinous rice flour, green tea powder, water, sugar, cornstarch"
How to Make Bordelaise Sauce,"butter, shallots, salt, red wine, veal stock","butter, shallot, salt, red wine, veal stock"
Swedish Pickled Cucumbers,"cucumbers, white vinegar, sugar, water, salt, parsley","cucumber, white vinegar, sugar, water, salt, parsley"
Norwegian Christmas Cabbage,"bacon, cabbage, all-purpose flour, caraway seed, salt and pepper, white vinegar, sugar","bacon, cabbage, all purpose flour, caraway seed, salt, black pepper, white vinegar, sugar"
Brazilian Coffee Cookies,"all-purpose flour, instant coffee powder, salt, baking soda, baking powder, brown sugar, sugar, shortening, egg, milk, vanilla extract","all purpose flour, instant coffee powder, salt, baking soda, baking powder, brown sugar, sugar, shortening, egg, milk, vanilla extract"
Klupskies (Polish Burgers),"beef, onion, green pepper, egg, ketchup, sea salt, white bread, olive oil","beef, onion, green pepper, egg, ketchup, sea salt, white bread, olive oil"
Tzatziki Sauce,"cucumbers, Greek yogurt, garlic, olive oil, dill, lemon","cucumber, greek yogurt, garlic, olive oil, dill, lemon"
Fabada,"Asturian fabada beans or lima beans, salt pork, water, saffron, serrano ham, Spanish chorizo sausage, morcilla sausage or blood sausage, bay leaf","asturian fabada bean, lima bean, salt pork, water, saffron, serrano ham, spanish chorizo sausage, morcilla sausage, blood sausage, bay leaf"
Ghormeh Sabzi (Persian Herb Stew),"canola oil, yellow onion, turmeric, boneless chuck roast, spinach, green onions, Italian flat-leaf parsley, cilantro, chives, fenugreek leaves, water, lemon, Persian limes, red kidney beans","canola oil, yellow onion, turmeric, boneless chuck roast, spinach, green onion, italian flat leaf parsley, cilantro, chive, fenugreek leaf, water, lemon, persian lime, red kidney bean"
Sizzling Sherry Shrimp with Garlic,"olive oil, garlic, red pepper flakes, paprika, shrimp, sherry, Italian flat leaf parsley","olive oil, garlic, red pepper flake, paprika, shrimp, sherry, italian flat leaf parsley"
Authentic Chimichurri,"parsley, olive oil, oregano, red wine vinegar, water, jalapeno chile pepper, garlic, salt, black pepper","parsley, olive oil, oregano, red wine vinegar, water, jalapeno chile pepper, garlic, salt, black pepper"
Runaway Bay Jamaican Chicken,"red onion, garlic, habanero pepper, ginger root, olive oil, brown sugar, red wine vinegar, orange juice concentrate, soy sauce, cinnamon, nutmeg, cloves, cilantro, salt, chicken breast halves","red onion, garlic, habanero pepper, ginger root, olive oil, brown sugar, red wine vinegar, orange juice concentrate, soy sauce, cinnamon, nutmeg, clove, cilantro, salt, chicken breast half"
Coconut (Haupia) and Chocolate Pie,"pie crust, coconut milk, milk, sugar, water, cornstarch, semi-sweet chocolate chips, heavy cream, sugar","pie crust, coconut milk, milk, sugar, water, cornstarch, semisweet chocolate chip, heavy cream"
Northern Ontario Partridge (Ruffed Grouse),"partridge breast halves, bacon, chicken broth, toothpicks, white wine, shallots, garlic, salt, black pepper, all-purpose flour","partridge breast half, bacon, chicken broth, toothpick, white wine, shallot, garlic, salt, black pepper, all purpose flour"
Finnish Meatballs (Lihapyorykoita),"ground beef, bread crumbs, onion, egg, whipping cream, salt, allspice, butter, all-purpose flour, milk, whipping cream","ground beef, bread crumb, onion, egg, whipping cream, salt, allspice, butter, all purpose flour, milk"
Vietnamese Beef Pho,"beef broth, onion, ginger root, lemon grass, cinnamon stick, black peppercorns, bean sprouts, basil leaves, mint leaves, cilantro leaves, jalapeno peppers, limes, rice noodles, sirloin tip, fish sauce, hoisin sauce, hot pepper sauce","beef broth, onion, ginger root, lemongrass, cinnamon stick, black peppercorn, bean sprout, basil leaf, mint leaf, cilantro leaf, jalapeno pepper, lime, rice noodle, sirloin tip, fish sauce, hoisin sauce, hot pepper sauce"
Eel Sauce,"soy sauce, sugar, mirin","soy sauce, sugar, mirin"
Russian Mushroom and Potato Soup,"butter, leeks, carrots, chicken broth, dill weed, salt, black pepper, bay leaf, potatoes, mushrooms, half-and-half, all-purpose flour, dill weed","butter, leek, carrot, chicken broth, dill weed, salt, black pepper, bay leaf, potato, mushroom, half and half, all purpose flour"
Savory Saffron Chicken Polow,"water, olive oil, yellow saffron rice, onions, garlic, chicken breast, chicken broth, chickpeas, raisins, paprika","water, olive oil, yellow saffron rice, onion, garlic, chicken breast, chicken broth, chickpea, raisin, paprika"
Shakshuka,"olive oil, onion, bell peppers, garlic, tomatoes, hot chile pepper, cumin, paprika, salt, eggs","olive oil, onion, bell pepper, garlic, tomato, hot chile pepper, cumin, paprika, salt, egg"
Persian Rice with Potato Tahdig,"basmati rice, salt, cooking oil, potato","basmati rice, salt, cooking oil, potato"
Quince Paste,"quinces, white sugar, cover","quince, white sugar"
Chilean-Style Sopaipillas,"zapallo squash, all-purpose flour, baking soda, salt, butter, canola oil","zapallo squash, all purpose flour, baking soda, salt, butter, canola oil"
Tender Juicy Skirt Steak (Churrasco),"garlic, balsamic vinegar, grill seasoning, oregano, skirt steak, olive oil, water, onion, mushrooms","garlic, balsamic vinegar, grill seasoning, oregano, skirt steak, olive oil, water, onion, mushroom"
Persian Saffron Chicken,"saffron, water, chicken thighs, kosher salt, black pepper, vegetable oil, yellow onion, garlic, curry powder, chicken stock","saffron, water, chicken thigh, kosher salt, black pepper, vegetable oil, yellow onion, garlic, curry powder, chicken stock"
Nada&#39;s Baba Cake,"eggs, vegetable oil, sugar, vanilla sugar, self-rising flour, cocoa powder","egg, vegetable oil, sugar, vanilla sugar, self rising flour, cocoa powder"
Pan De Sal I,"water, active dry yeast, white sugar, vegetable oil, salt, all-purpose flour","water, active dry yeast, white sugar, vegetable oil, salt, all purpose flour"
Spicy Sambal Shrimp,"shrimp, butter, garlic, lemon, butter, onion, sambal oelek, water, sushi rice, green onions","shrimp, butter, garlic, lemon, onion, sambal oelek, water, sushi rice, green onion"
Chicken Curry III,"garlic, onions, ginger root, curry powder, water, olive oil, yogurt, coconut milk, milk, water, potatoes, chicken, salt","garlic, onion, ginger root, curry powder, water, olive oil, yogurt, coconut milk, milk, potato, chicken, salt"
Daddy&#39;s Shrimp Toast,"shrimp, yellow onion, water chestnuts, celery, green onion, crabmeat, egg, parsley, sesame oil, garlic, soy sauce, soy sauce, parsley, water, sesame oil, white sugar, garlic powder, oil, white bread","shrimp, yellow onion, water chestnut, celery, green onion, crab meat, egg, parsley, sesame oil, garlic, soy sauce, water, white sugar, garlic powder, oil, white bread"
Kropsua (Finnish Pancake),"butter, milk, all-purpose flour, eggs, white sugar, salt","butter, milk, all purpose flour, egg, white sugar, salt"
Torsk (Scandinavian Cod),"water, white sugar, salt, cod, butter, paprika","water, white sugar, salt, cod, butter, paprika"
Green Beans in Seasoned Tomato Sauce,"olive oil, onion, garlic, salt, tomatoes, green beans, sugar, cinnamon","olive oil, onion, garlic, salt, tomato, green bean, sugar, cinnamon"
Kokub&#39;s Mango Chutney from Pakistan,"mangoes, garlic, ginger root, white sugar, salt, cumin seed, red pepper flakes, cloves, cardamom seeds, cardamom pods, cinnamon stick, distilled white vinegar, black peppercorns","mango, garlic, ginger root, white sugar, salt, cumin seed, red pepper flake, clove, cardamom seed, cardamom pod, cinnamon stick, distilled white vinegar, black peppercorn"
Fried Empanadas,"all-purpose flour, salt, shortening, water, olive oil, onion, ground beef, paprika, cumin, black pepper, salt, raisins, white vinegar, eggs, oil","all purpose flour, salt, shortening, water, olive oil, onion, ground beef, paprika, cumin, black pepper, raisin, white vinegar, egg, oil"
Vietnamese Chicken Salad,"green chile peppers, rice vinegar, lime juice, Asian fish sauce, garlic, sugar, sesame oil, vegetable oil, black pepper, chicken breast halves, cabbage, carrot, onion, peanuts, cilantro","green chile pepper, rice vinegar, lime juice, asian fish sauce, garlic, sugar, sesame oil, vegetable oil, black pepper, chicken breast half, cabbage, carrot, onion, peanut, cilantro"
Simple Swedish Pancakes,"milk, eggs, all-purpose flour, all-purpose flour, sugar, salt, nutmeg","milk, egg, all purpose flour, sugar, salt, nutmeg"
Paksiw na Pata (Pig&#39;s Feet Stew),"pig's feet, vinegar, water, soy sauce, onion, garlic, black peppercorns, sugar, bay leaves, salt","pigs foot, vinegar, water, soy sauce, onion, garlic, black peppercorn, sugar, bay leaf, salt"
Spicy Vietnamese Quick-Pickled Vegetables,"water, rice vinegar, white sugar, salt, carrots, purple daikon radish, English cucumbers, jalapeno peppers","water, rice vinegar, white sugar, salt, carrot, purple daikon radish, english cucumber, jalapeno pepper"
Miso and Soy Chilean Sea Bass,"sake, mirin, miso paste, brown sugar, soy sauce, sea bass, green onion","sake, mirin, miso paste, brown sugar, soy sauce, sea bass, green onion"
Portuguese Braised Chicken,"olive oil, linguica sausage, onion, green bell pepper, chicken parts, oregano, basil, kosher salt, black pepper, dry white wine, chicken broth, bay leaves, red pepper flakes, orange","olive oil, linguica sausage, onion, green bell pepper, chicken part, oregano, basil, coarse salt, black pepper, dry white wine, chicken broth, bay leaf, red pepper flake, orange"
Stewed Cabbage,"butter, onions, celery, garlic, cabbage, stewed tomatoes, salt and pepper","butter, onion, celery, garlic, cabbage, stewed tomato, salt, black pepper"
Virgin Strawberry Daiquiri,"lemon-lime soda, sugar, strawberries, lemon juice, ice","lemon lime soda, sugar, strawberry, lemon juice, ice"
Sinigang na Bangus (Filipino Milkfish in Tamarind Broth),"water, onions, tomatoes, milkfish, eggplants, green beans, white radishes, okra, green chile peppers, watercress, tamarind powder, salt","water, onion, tomato, milkfish, eggplant, green bean, white radish, okra, green chile pepper, watercress, tamarind powder, salt"
Authentic Seafood Paella,"olive oil, onion, tomato, salt, paprika, romano or green beans, butter beans, white rice, shrimp, mussels, clams, white wine, seafood stock, saffron, rosemary, peas, squid, lemon, flat-leaf parsley","olive oil, onion, tomato, salt, paprika, green bean, butter bean, white rice, shrimp, mussel, clam, white wine, seafood stock, saffron, rosemary, pea, squid, lemon, flat leaf parsley"
Mamita&#39;s Mojito Scallop Kabobs with Stuffed Tomatoes,"orange juice, lemon juice, salt, onion powder, garlic powder, black pepper, sugar, scallops, yellow squash, zucchinis, portobello mushroom caps, bamboo skewers, basil, tomatoes, broccoli in cheese sauce, brown rice, American cheese","orange juice, lemon juice, salt, onion powder, garlic powder, black pepper, sugar, scallop, yellow squash, zucchini, portobello mushroom cap, bamboo skewer, basil, tomato, broccoli in cheese sauce, brown rice, american cheese"
Lobster Thermidor,"lobster, butter, shallot, fish stock, white wine, heavy cream, English mustard, parsley, lemon juice, Parmesan cheese","lobster, butter, shallot, fish stock, white wine, heavy cream, english mustard, parsley, lemon juice, parmesan cheese"
Baked Cuban Chicken,"chicken breasts, chicken thighs, chicken drumsticks, onion, lemon juice, Worcestershire sauce, garlic, allspice, onion powder, cumin, red pepper flakes, salt, spray, vegetable oil","chicken breast, chicken thigh, chicken drumstick, onion, lemon juice, worcestershire sauce, garlic, allspice, onion powder, cumin, red pepper flake, salt, cooking spray, vegetable oil"
Viennese Crescent Holiday Cookies,"all-purpose flour, butter, hazelnuts, confectioners' sugar, salt, vanilla extract, confectioners' sugar, vanilla bean","all purpose flour, butter, hazelnut, confectioners sugar, salt, almond extract, vanilla extract, vanilla bean"
Sweet Lamb Curry,"all-purpose flour, salt and black pepper, lamb stew meat, butter, onion, Granny Smith apple, chicken stock, raisins, curry powder, brown sugar, lemon juice","all purpose flour, salt, black pepper, lamb stew meat, butter, onion, granny smith apple, chicken stock, raisin, curry powder, brown sugar, lemon juice"
Saganaki (Flaming Greek Cheese),"kasseri cheese, water, all-purpose flour, olive oil, brandy, lemon, Italian parsley","kasseri cheese, water, all purpose flour, olive oil, brandy, lemon, italian parsley"
Nana&#39;s Beef Stroganoff,"all-purpose flour, salt, beef sirloin, butter, mushrooms, onion, garlic, butter, all-purpose flour, tomato paste, beef stock, sour cream, white wine","all purpose flour, salt, beef sirloin, butter, mushroom, onion, garlic, tomato paste, beef stock, sour cream, white wine"
Easy Paella,"olive oil, paprika, oregano, chicken breasts, olive oil, garlic, red pepper flakes, short-grain white rice, saffron, bay leaf, Italian flat leaf parsley, chicken stock, lemons, olive oil, Spanish onion, red bell pepper, shrimp, chorizo sausage","olive oil, paprika, oregano, chicken breast, garlic, red pepper flake, short grain white rice, saffron, bay leaf, italian flat leaf parsley, chicken stock, lemon, spanish onion, red bell pepper, shrimp, chorizo sausage"
Sekanjabin (Iranian Mint Vinegar Syrup),"orange blossom honey, water, white wine vinegar, mint","orange blossom honey, water, white wine vinegar, mint"
Norwegian Butter Sauce (Sandefjordsmor),"lemons, heavy cream, butter, salt, cayenne pepper, Italian parsley","lemon, heavy cream, butter, salt, cayenne pepper, italian parsley"
Curried Israeli Couscous,"olive oil, onion, vegetable bouillon, curry powder, oregano, pearl couscous, water","olive oil, onion, vegetable bouillon, curry powder, oregano, pearl couscous, water"
Appeltaart (Dutch Apple Tart),"all-purpose flour, butter, eggs, white sugar, sugar, cinnamon, apples, sultana raisins, sugar, cinnamon","all purpose flour, butter, egg, white sugar, sugar, cinnamon, apple, sultana raisin"
Brazilian-Style Moist Coconut Cake,"all-purpose flour, baking powder, egg whites, white sugar, egg yolks, orange juice, milk, coconut milk, sweetened condensed milk, coconut","all purpose flour, baking powder, egg white, white sugar, egg yolk, orange juice, milk, coconut milk, sweetened condensed milk, coconut"
Cretons,"pork, milk, onion, garlic, cloves, allspice, salt and pepper, bread crumbs","pork, milk, onion, garlic, clove, allspice, salt, black pepper, bread crumb"
Traditional Swedish Pancakes,"eggs, milk, all-purpose flour, white sugar, vegetable oil, vanilla extract, vegetable oil","egg, milk, all purpose flour, white sugar, vegetable oil, vanilla extract"
Malaysian Beef Rendang,"shallots, garlic, red chile peppers, ginger root, lemon grass, coriander seeds, fennel seeds, cumin seeds, nutmeg, vegetable oil, beef stew meat, sugar, coconut, cloves, cinnamon stick, coconut milk, water, salt","shallot, garlic, red chile pepper, ginger root, lemongrass, coriander seed, fennel seed, cumin seed, nutmeg, vegetable oil, beef stew meat, sugar, coconut, clove, cinnamon stick, coconut milk, water, salt"
Honeycomb with Golden Syrup,"sugar, golden syrup, baking soda","sugar, golden syrup, baking soda"
Fricase de Pollo,"olive oil, red bell pepper, onion, garlic, tomato paste, water, chicken leg quarters, salt","olive oil, red bell pepper, onion, garlic, tomato paste, water, chicken leg quarter, salt"
Dashi Stock (Konbudashi),"dashi kombu, water, bonito flakes","dashi kombu, water, bonito flake"
Swedish Nut Bars,"eggs, white sugar, almonds, almond extract","egg, white sugar, almond, almond extract"
Chili Relleno Casserole,"spray, green chile peppers, Monterey Jack cheese, Longhorn or Cheddar cheese, eggs, evaporated milk, all-purpose flour, milk, tomato sauce","cooking spray, green chile pepper, monterey jack cheese, longhorn cheese, cheddar cheese, egg, evaporated milk, all purpose flour, milk, tomato sauce"
Cornish Finnish Michigan Pasties,"all-purpose flour, shortening, water, salt, potatoes, carrots, onions, rutabaga, ground beef, ground pork, salt, black pepper, monosodium glutamate, beef bouillon, water","all purpose flour, shortening, water, salt, potato, carrot, onion, rutabaga, ground beef, ground pork, black pepper, monosodium glutamate, beef bouillon"
Portuguese Sweet Bread II,"milk, eggs, margarine, white sugar, salt, bread flour, active dry yeast, lemon juice","milk, egg, margarine, white sugar, salt, bread flour, active dry yeast, lemon juice"
Rose Water Gelees,"vegetable oil, water, gelatin, white sugar, lemon juice, rose water, red food coloring, cornstarch","vegetable oil, water, gelatin, white sugar, lemon juice, rose water, red food coloring, cornstarch"
Lebanese Fattoush (Bread Salad),"pita bread, romaine lettuce, radishes, English cucumber, tomato, onions, garlic, parsley, mint, lemon juice, olive oil, sumac","pita bread, romaine lettuce, radish, english cucumber, tomato, onion, garlic, parsley, mint, lemon juice, olive oil, sumac"
Vietnamese Beef and Red Cabbage Bowl,"red cabbage, red onion, canola oil, ground beef, Fresno chile pepper, paprika, kosher salt, lime juice, fish sauce, brown sugar, lime zest, cilantro, mint, lime","red cabbage, red onion, canola oil, ground beef, fresno chile pepper, paprika, kosher salt, lime juice, fish sauce, brown sugar, lime zest, cilantro, mint, lime"
Grandma&#39;s Authentic Swedish Meatballs,"beef, pork sausage, bread crumbs, onion, milk, egg, parsley, salt, Worcestershire sauce, black pepper, vegetable oil, water, sour cream, all-purpose flour, paprika, black pepper","beef, pork sausage, bread crumb, onion, milk, egg, parsley, salt, worcestershire sauce, black pepper, vegetable oil, water, sour cream, all purpose flour, paprika, black pepper"
Ukha (Russian Fish Soup),"water, potatoes, onion, parsley, cod fillets, lemon, salt and pepper","water, potato, onion, parsley, cod fillet, lemon, salt, black pepper"
Crunchies,"golden syrup, butter, baking soda, coconut, all-purpose flour, sugar, rolled oats","golden syrup, butter, baking soda, coconut, all purpose flour, sugar, rolled oat"
German Rice,"olive oil, bratwurst, onion, garlic, fennel seed, Bavarian-style sauerkraut, white rice, chicken soup base, water, raisins, black pepper","olive oil, bratwurst, onion, garlic, fennel seed, bavarian style sauerkraut, white rice, chicken soup base, water, raisin, black pepper"
"Velveting Chicken Breast, Chinese Restaurant Style","egg white, Chinese rice vinegar, cornstarch, kosher salt, chicken breast, water, peanut oil","egg white, chinese rice vinegar, cornstarch, kosher salt, chicken breast, water, peanut oil"
Classic Cuban Midnight (Medianoche) Sandwich,"sweet bread rolls, mayonnaise, mustard, ham, pork, Swiss cheese, dill pickle slices, butter","sweet bread roll, mayonnaise, mustard, ham, pork, swiss cheese, dill pickle slice, butter"
Brazilian Style Flan (Pudim de Leite Condensado),"sugar, eggs, sweetened condensed milk, milk, milk","sugar, egg, sweetened condensed milk, milk, milk"
Japanese-Style Fluffy Pancakes,"all-purpose flour, baking powder, eggs, brown sugar, milk, vanilla extract, oil","all purpose flour, baking powder, egg, brown sugar, milk, vanilla extract, oil"
Schupfnudeln (German Fried Potato Dumplings),"potatoes, flour, eggs, nutmeg, butter","potato, flour, egg, nutmeg, butter"
"Lomo de Res, Cuban-Style Rib-Eye Steaks","garlic powder, onion powder, meat tenderizer, seasoning salt, rib-eye steak, onion, beer, lime juice","garlic powder, onion powder, meat tenderizer, seasoning salt, beef rib eye steak, onion, beer, lime juice"
Orange Drop Cookies II,"shortening, sugar, egg, orange juice, orange zest, all-purpose flour, baking powder, baking soda, salt, confectioners' sugar, butter, orange juice, orange zest","shortening, sugar, egg, orange juice, orange zest, all purpose flour, baking powder, baking soda, salt, confectioners sugar, butter, orange juice, orange zest"
Champorado,"glutinous sweet rice, coconut milk, cocoa powder, sugar, salt, coconut milk","glutinous sweet rice, coconut milk, cocoa powder, sugar, salt, coconut milk"
Miso Soup,"water, dashi granules, miso paste, silken tofu, onions","water, dashi granule, miso paste, silken tofu, onion"
Laura&#39;s Famous Aebleskiver,"white flour, salt, baking soda, buttermilk, eggs","white flour, salt, baking soda, buttermilk, egg"
Taro Rolls,"water, poi, butter, egg, active dry yeast, purple food coloring, white sugar, salt, all-purpose flour","water, poi, butter, egg, active dry yeast, purple food coloring, white sugar, salt, all purpose flour"
Omelet in a Bag,"eggs, ham, Cheddar cheese, tomato, mushrooms, onion, green bell pepper, salsa","egg, ham, cheddar cheese, tomato, mushroom, onion, green bell pepper, salsa"
Chourico Stew,"water, Portuguese chourico sausage, potatoes, cabbage, carrots, onion, celery, mixed vegetables, parsley, garlic powder, celery salt, red pepper, cornstarch, water","water, chourico sausage, potato, cabbage, carrot, onion, celery, mixed vegetable, parsley, garlic powder, celery salt, red pepper, cornstarch"
Turkish Fish Stew,"water, couscous, olive oil, white onion, green bell pepper, garlic, artichoke hearts, capers, olives, stewed tomatoes, white wine, lemon juice, water, sumac, red pepper flakes, basil, cumin, ginger root, black pepper, tilapia fillets","water, couscous, olive oil, white onion, green bell pepper, garlic, artichoke heart, caper, olive, stewed tomato, white wine, lemon juice, sumac, red pepper flake, basil, cumin, ginger root, black pepper, tilapia fillet"
Fastelavnsboller (Fastelavn Buns),"yeast, milk, butter, eggs, salt, white sugar, all-purpose flour, milk, cornstarch, eggs, white sugar, vanilla extract, egg, confectioners' sugar, water, cocoa powder","yeast, milk, butter, egg, salt, white sugar, all purpose flour, cornstarch, vanilla extract, confectioners sugar, water, cocoa powder"
Spicy Thai Basil Chicken (Pad Krapow Gai),"chicken broth, oyster sauce, soy sauce, fish sauce, white sugar, brown sugar, vegetable oil, chicken thighs, shallots, garlic, Thai chilies, Serrano, or other hot pepper, basil, rice","chicken broth, oyster sauce, soy sauce, fish sauce, white sugar, brown sugar, vegetable oil, chicken thigh, shallot, garlic, thai chile, serrano pepper, basil, rice"
Anise Waffle Cookies,"all-purpose flour, anise seed, salt, shortening, sugar, white sugar, eggs, anise oil, confectioners' sugar","all purpose flour, anise seed, salt, shortening, white sugar, egg, anise oil, confectioners sugar"
My Big Fat Greek Salad,"English cucumbers, kosher salt, cherry tomatoes, red onion, red bell pepper, Kalamata olives, green olives, oregano, cayenne pepper, red wine vinegar, olive oil, feta cheese, oregano","english cucumber, kosher salt, cherry tomato, red onion, red bell pepper, kalamata olive, green olive, oregano, cayenne pepper, red wine vinegar, olive oil, feta cheese"
Day After Thanksgiving Turkey Pho,"coriander seed, fennel seeds, cloves, cardamom pod, star anise pod, onion, ginger, water, turkey carcass, flat rice noodles, fish sauce, salt, turkey, onion, basil, cilantro, lime, chile-garlic sauce","coriander seed, fennel seed, clove, cardamom pod, star anise pod, onion, ginger, water, chicken carcass, flat rice noodle, fish sauce, salt, turkey, basil, cilantro, lime, chile garlic sauce"
Kringla II,"heavy cream, sour cream, white sugar, shortening, egg yolk, all-purpose flour, baking powder, baking soda, vanilla extract","heavy cream, sour cream, white sugar, shortening, egg yolk, all purpose flour, baking powder, baking soda, vanilla extract"
Chef John&#39;s Rocky Road,"dark chocolate chips, butter, maple syrup, miniature marshmallows, almonds, cocoa powder","dark chocolate chip, butter, maple syrup, miniature marshmallow, almond, cocoa powder"
Avocado-Lime Shrimp Salad (Ensalada de Camarones con Aguacate y Limon),"shrimp, avocados, tomatoes, yellow tomato, bell pepper, green onion tops, cilantro, lime juice","shrimp, avocado, tomato, yellow tomato, bell pepper, green onion top, cilantro, lime juice"
"Portuguese Chourico, Beans, and Rice","water, white rice, olive oil, dried chourico sausage, Spanish onion, garlic, tomato sauce, red pepper flakes, Italian seasoning, salt and pepper, fava beans","water, white rice, olive oil, dried chourico sausage, spanish onion, garlic, tomato sauce, red pepper flake, italian seasoning, salt, black pepper, fava bean"
"Beet, Walnut and Prune Salad","beets, walnuts, mayonnaise, prunes, garlic, salt","beet, walnut, mayonnaise, prune, garlic, salt"
Norwegian Potato Flatbread (Lefse),"russet potato, unsalted butter, heavy cream, salt, sugar, all-purpose flour","russet potato, unsalted butter, heavy cream, salt, white sugar, all purpose flour"
Brazilian Sweet Banana and Rice Dish,"lemon juice, sugar, butter, rum, bananas, water, brown rice, black beans, tomatoes, vegetable oil, sausage, dill, basil","lemon juice, white sugar, butter, rum, banana, water, brown rice, black bean, tomato, vegetable oil, sausage, dill, basil"
Mutton Varuval (Malaysian Indian-Style Goat Curry),"goat stew meat, salt, turmeric, black pepper, red onions, coconut oil, cinnamon stick, star anise pods, cardamom pods, fennel seeds, cloves, curry leaves, ginger-garlic paste, tomato, coconut oil, garam masala, curry powder, paprika, cilantro","goat stew meat, salt, turmeric, black pepper, red onion, coconut oil, cinnamon stick, star anise pod, cardamom pod, fennel seed, clove, curry leaf, ginger garlic paste, tomato, garam masala, curry powder, paprika, cilantro"
Portuguese Muffins - Bolo Levedo,"active dry yeast, water, all-purpose flour, sugar, eggs, butter, salt, milk","active dry yeast, water, all purpose flour, white sugar, egg, butter, salt, milk"
Puerto Rican Beef Stew,"all-purpose flour, salt, black pepper, beef stew meat, olive oil, sugar, carrots, potatoes, water, tomato sauce, red cooking wine, Manzanilla olives, sofrito, sazon seasoning with achiote, adobo seasoning, soy sauce, Worcestershire sauce","all purpose flour, salt, black pepper, beef stew meat, olive oil, white sugar, carrot, potato, water, tomato sauce, red cooking wine, manzanilla olive, sofrito, sazon seasoning, achiote, adobo seasoning, soy sauce, worcestershire sauce"
Chinese Chicken Wings,"soy sauce, brown sugar, garlic powder, chicken wings","soy sauce, brown sugar, garlic powder, chicken wing"
Shadi&#39;s Soup-e Mahicheh,"olive oil, onion, garlic, lamb shank, water, turmeric, black pepper, carrot, green lentils, rice, spinach, parsley, cilantro, salt, lemon","olive oil, onion, garlic, lamb shank, water, turmeric, black pepper, carrot, green lentil, rice, spinach, parsley, cilantro, salt, lemon"
Char Siu (Chinese BBQ Pork),"soy sauce, honey, ketchup, brown sugar, Chinese rice wine, hoisin sauce, red bean curd, Chinese five-spice powder, pork tenderloins","soy sauce, honey, ketchup, brown sugar, chinese rice wine, hoisin sauce, red bean curd, chinese five spice powder, pork tenderloin"
Greek Tzatziki,"plain low-fat yogurt, English cucumber, lemon juice, olive oil, garlic, dill, salt, black pepper, lemon zest","plain yogurt, english cucumber, lemon juice, olive oil, garlic, dill, salt, black pepper, lemon zest"
Hasselback Potatoes,"potatoes, butter, salt and pepper, Romano cheese, bread crumbs","potato, butter, salt, black pepper, romano cheese, bread crumb"
Dumplings and Cocky&#39;s Joy (Caramel Sauce),"self-rising flour, confectioners' sugar, butter, egg, milk, water, golden syrup, brown sugar, lemon juice, butter","self rising flour, confectioners sugar, butter, egg, milk, water, golden syrup, brown sugar, lemon juice"
Pakistani Lamb Chops,"oil, lamb chops, green cardamom, bay leaves, cinnamon stick, cumin seeds, black cardamom, onions, garlic, ginger root, red chile powder, turmeric, salt, green chile peppers, tomatoes, water, cilantro","oil, lamb chop, green cardamom, bay leaf, cinnamon stick, cumin seed, black cardamom, onion, garlic, ginger root, chile powder, turmeric, salt, green chile pepper, tomato, water, cilantro"
Lebanese Zaatar (Za&#39;atar) Bread,"water, yeast, salt, white sugar, all-purpose flour, whole wheat flour, olive oil, corn oil, 2 cups fresh za'atar","water, yeast, salt, white sugar, all purpose flour, whole wheat flour, olive oil, corn oil, zaatar"
Japanese-Style Ginger Salad Dressing,"soy sauce, lemon, garlic, ginger root, honey, mustard, black pepper, olive oil","soy sauce, lemon, garlic, ginger root, honey, mustard, black pepper, olive oil"
Al&#39;s Baked Swiss Steak,"beef round steak, seasoned salt, salt, black pepper, all-purpose flour, vegetable oil, stewed tomatoes, onion, green bell pepper, carrots, celery, beef broth, garlic, Worcestershire sauce, Cheddar cheese","beef round steak, seasoning salt, salt, black pepper, all purpose flour, vegetable oil, stewed tomato, onion, green bell pepper, carrot, celery, beef broth, garlic, worcestershire sauce, cheddar cheese"
Grilled Jerk Pork Tenderloin,"habanero peppers, onion, green onions, ginger, garlic, apple cider, white vinegar, soy sauce, olive oil, brown sugar, mustard seed, kosher salt, black pepper, thyme, allspice, nutmeg, cinnamon, wood chips, pork tenderloin","habanero pepper, onion, green onion, ginger, garlic, apple cider, white vinegar, soy sauce, olive oil, brown sugar, mustard seed, kosher salt, black pepper, thyme, allspice, nutmeg, cinnamon, wood chip, pork tenderloin"
Chrusciki,"egg yolks, egg, white sugar, whiskey, salt, vanilla extract, all-purpose flour, vegetable oil, confectioners' sugar","egg yolk, egg, white sugar, whiskey, salt, vanilla extract, all purpose flour, vegetable oil, confectioners sugar"
Coffee Jelly,"water, unflavored gelatin, coffee, sugar","water, unflavored gelatin, coffee, sugar"
Thai Hot and Sour Soup,"chicken stock, tom yum paste, garlic, lemon grass, makrut lime leaves, chicken breast halves, mushrooms, fish sauce, lime juice, green chile pepper, coriander, basil","chicken stock, tom yum paste, garlic, lemongrass, makrut lime leaf, chicken breast half, mushroom, fish sauce, lime juice, green chile pepper, coriander, basil"
Homemade Manti (Traditional Turkish Dumplings),"all-purpose flour, salt, eggs, water, onions, beef, salt and pepper, vegetable oil, red pepper flakes, plain yogurt, garlic","all purpose flour, salt, egg, water, onion, beef, black pepper, vegetable oil, red pepper flake, plain yogurt, garlic"
Racuchy z Jablkami (Polish Apple Pancakes),"milk, all-purpose flour, eggs, sugar, cinnamon, baking soda, salt, apples, oil, confectioners' sugar","milk, all purpose flour, egg, sugar, cinnamon, baking soda, salt, apple, oil, confectioners sugar"
Chimichurri Sauce,"parsley, extra virgin olive oil, red wine vinegar, oregano, cumin, garlic, pepper sauce, salt","parsley, extra virgin olive oil, red wine vinegar, oregano, cumin, garlic, pepper sauce, salt"
Old-Fashioned Swedish Glögg,"port wine, 100 proof bourbon whiskey, white rum, cinnamon stick, orange peel, cloves, cardamom pods, cheesecloth, sugar, dark raisins, almonds","port wine, bourbon whiskey, white rum, cinnamon stick, orange peel, clove, cardamom pod, cheesecloth, sugar, dark raisin, almond"
Instant Pot® Puerto Rican Arroz con Pollo,"olive oil, salt pork, chicken breasts, sazon seasoning with achiote, sofrito, tomato sauce, green olives, capers, white rice, gandules, salt, black pepper","olive oil, salt pork, chicken breast, sazon seasoning, achiote, sofrito, tomato sauce, green olive, caper, white rice, gandule, salt, black pepper"
Lebanese Seven Spices,"black pepper, cumin, paprika, coriander, cloves, nutmeg, cinnamon, cardamom","black pepper, cumin, paprika, coriander, clove, nutmeg, cinnamon, cardamom"
Maamoul (Lebanese Date Cookies),"semolina flour, all-purpose flour, mahlab, salt, butter, milk, white sugar, active dry yeast, orange blossom water, date paste, sugar","semolina flour, all purpose flour, mahlab, salt, butter, milk, white sugar, active dry yeast, orange blossom water, date paste"
Curry Pasta - Pakistani Style,"chickpea flour, red bell peppers, curry leaves, chicken, ginger garlic paste, turmeric, paprika, water, coconut milk powder, water, spaghetti, green chile peppers, cilantro, lemon","chickpea flour, red bell pepper, curry leaf, chicken, ginger garlic paste, turmeric, paprika, water, coconut milk powder, spaghetti, green chile pepper, cilantro, lemon"
Havana Slow Cooker Pork Tenderloin,"onion, pork tenderloin, garlic, orange juice, red wine vinegar, lemon, cumin, grill seasoning, salt, red pepper, bay leaves, lemon peel","onion, pork tenderloin, garlic, orange juice, red wine vinegar, lemon, cumin, grill seasoning, salt, red pepper, bay leaf, lemon peel"
Chiles en Nogada (Mexican Stuffed Poblano Peppers in Walnut Sauce),"poblano peppers, olive oil, onion, garlic, pork, tomatoes, plantain, apple, peach, parsley, candied orange peel, pine nuts, raisins, almonds, cloves, salt and pepper, walnuts, milk, goat cheese, sugar, cinnamon stick, pomegranate seeds, parsley","poblano pepper, olive oil, onion, garlic, pork, tomato, plantain, apple, peach, parsley, candied orange peel, pine nut, raisin, almond, clove, black pepper, walnut, milk, goat cheese, sugar, cinnamon stick, pomegranate seed, parsley"
Fattigmann,"egg, egg yolks, heavy cream, sugar, butter, cardamom, all-purpose flour, lard","egg, egg yolk, heavy cream, sugar, butter, cardamom, all purpose flour, lard"
Hawaiian Apple-Pineapple Crumble,"apples, lemon juice, pineapple, cranberry sauce, quick cooking oats, brown sugar, all-purpose flour, cinnamon, salt, butter","apple, lemon juice, pineapple, cranberry sauce, quick cooking oat, brown sugar, all purpose flour, cinnamon, salt, butter"
Puerto Rican Coquito,"water, sweetened condensed milk, dark rum, coconut milk, cinnamon, salt","water, sweetened condensed milk, dark rum, coconut milk, cinnamon, salt"
Nuoc Cham (Vietnamese Spicy Dipping Sauce),"water, red chile peppers, garlic, fish sauce, rice vinegar, sugar, lemon juice","water, red chile pepper, garlic, fish sauce, rice vinegar, sugar, lemon juice"
Baked Taco Dip,"cream cheese, ground beef, water, taco seasoning mix, salsa, Cheddar cheese","cream cheese, ground beef, water, taco seasoning mix, salsa, cheddar cheese"
Easy Polish Noodles,"chicken broth, water, chicken soup base, kluski noodles","chicken broth, water, chicken soup base, kluski noodle"
Jamaican Oxtail with Broad Beans,"beef oxtail, onion, green onion, garlic, ginger root, scotch bonnet chile pepper, soy sauce, thyme, salt, black pepper, vegetable oil, water, fava beans, allspice berries, cornstarch, water","beef oxtail, onion, green onion, garlic, ginger root, scotch bonnet chile pepper, soy sauce, thyme, salt, black pepper, vegetable oil, water, fava bean, allspice berry, cornstarch, water"
Aargau Carrot Cake,"eggs, white sugar, lemon zest, lemon juice, carrots, almonds, all-purpose flour, baking powder, salt, confectioners' sugar, lemon juice","egg, white sugar, lemon zest, lemon juice, carrot, almond, all purpose flour, baking powder, salt, confectioners sugar, lemon juice"
Pad Thai,"rice noodles, butter, chicken breast, vegetable oil, eggs, sugar, fish sauce, white wine vinegar, red pepper, bean sprouts, onions, peanuts, lemon","rice noodle, butter, chicken breast, vegetable oil, egg, sugar, fish sauce, white wine vinegar, red pepper, bean sprout, onion, peanut, lemon"
Sabzi Polo (Green Herb Rice),"long-grain basmati rice, salt, saffron, water, parsley, cilantro, dill, chives, dill, grapeseed oil, lavash bread, spring garlic, water, unsalted butter","long grain basmati rice, salt, saffron, water, parsley, cilantro, dill, chive, dill, grapeseed oil, lavash bread, spring garlic, water, unsalted butter"
Rose Water White Coffee,"rose water, water, sugar crystals, rose petal","rose water, water, sugar crystal, rose petal"
Brazilian Carrot Cake,"carrots, eggs, cooking oil, white sugar, all-purpose flour, baking powder, butter or margarine, sugar, hot chocolate mix, milk","carrot, egg, cooking oil, white sugar, all purpose flour, baking powder, butter, sugar, hot chocolate mix, milk"
Chef John&#39;s Picadillo,"olive oil, ground beef, yellow onions, salt, bay leaves, cumin, black pepper, cinnamon, cayenne pepper, garlic, tomatoes, water, red-wine vinegar, currants or raisins, pimiento-stuffed green olives","olive oil, ground beef, yellow onion, salt, bay leaf, cumin, black pepper, cinnamon, cayenne pepper, garlic, tomato, water, red wine vinegar, currant, pimiento stuffed green olive"
Zimbabwean Chicken and Vegetable Soup,"olive oil, onion, vegetable stock, peanut butter, tomatoes, red pepper flakes, cabbage, sweet potato, carrot, turnip, okra, chicken","olive oil, onion, vegetable stock, peanut butter, tomato, red pepper flake, cabbage, sweet potato, carrot, turnip, okra, chicken"
Air-Fried Peruvian Chicken Drumsticks with Green Crema,"brushing, honey, olive oil, garlic, salt, cumin, smoked paprika, oregano, black pepper, chicken drumsticks, baby spinach leaves, sour cream, cilantro leaves, jalapeno pepper, lime juice, garlic, salt, black pepper","honey, olive oil, garlic, salt, cumin, smoked paprika, oregano, black pepper, chicken drumstick, baby spinach leaf, sour cream, cilantro leaf, jalapeno pepper, lime juice, garlic, salt, black pepper"
Best Homemade Marzipan,"almonds, confectioners' sugar, water, almond extract","almond, confectioners sugar, water, almond extract"
Grilled Chicken Adobo,"soy sauce, water, vinegar, honey, garlic, bay leaves, black pepper, chicken thighs","soy sauce, water, vinegar, honey, garlic, bay leaf, black pepper, chicken thigh"
German Marble Cake,"butter, white sugar, eggs, milk, almond extract, all-purpose flour, baking powder, salt, unsweetened cocoa powder, dark rum","butter, white sugar, egg, milk, almond extract, all purpose flour, baking powder, salt, unsweetened cocoa powder, dark rum"
Vareniki (Pierogi) with Potatoes and Mushrooms,"potatoes, freshly ground black pepper, all-purpose flour, salt, sour cream, baking soda, water, butter, onions, button mushrooms","potato, black pepper, all purpose flour, salt, sour cream, baking soda, water, butter, onion, button mushroom"
Portuguese Chourico Stew,"chourico, onion, garlic, tomato sauce, water, potatoes, red pepper flakes, paprika, green beans","chourico, onion, garlic, tomato sauce, water, potato, red pepper flake, paprika, green bean"
Horchata de Arroz (Rice Drink),"long grain white rice, water, evaporated milk, sugar, cinnamon, vanilla extract","long grain white rice, water, evaporated milk, sugar, cinnamon, vanilla extract"
Salmon en Croûte,"olive oil, onion, mushrooms, garlic, spinach, all-purpose flour, puff pastry, salmon fillet, smoked paprika, egg, mayonnaise, lemon juice, Dijon mustard, dill","olive oil, onion, mushroom, garlic, spinach, all purpose flour, puff pastry, salmon fillet, smoked paprika, egg, mayonnaise, lemon juice, dijon mustard, dill"
French Crêpes,"all-purpose flour, sugar, salt, eggs, milk, butter","all purpose flour, sugar, salt, egg, milk, butter"
Authentic Pad Thai Noodles,"rice vermicelli, peanut oil, firm tofu, egg, garlic, vegetable broth, lime juice, soy sauce, sugar, salt, dried red chili flakes, peanuts, bean sprouts, onions, peanuts, limes","rice vermicelli, peanut oil, firm tofu, egg, garlic, vegetable broth, lime juice, soy sauce, sugar, salt, dried red chili flake, peanut, bean sprout, onion, peanut, lime"
Hychin,"potatoes, all-purpose flour, buttermilk, water, salt, mozzarella cheese, butter","potato, all purpose flour, buttermilk, water, salt, mozzarella cheese, butter"
Swedish Sticky Chocolate Cake (Kladdkaka),"all-purpose flour, sugar, salt, eggs, butter, vanilla extract","all purpose flour, sugar, salt, egg, butter, vanilla extract"
Lazy Pierogi,"sauerkraut, onion, rotini pasta, mushrooms, butter, condensed cream of mushroom soup","sauerkraut, onion, rotini pasta, mushroom, butter, condensed cream of mushroom soup"
Cuban Mojito,"white sugar, lime, mint, ice, white rum, club soda","white sugar, lime, mint, ice, white rum, club soda"
South African-Inspired Butternut Soup,"butter, onions, jalapeno pepper, elephant garlic, chicken stock, lemon juice, butternut squash, water, cream","butter, onion, jalapeno pepper, elephant garlic, chicken stock, lemon juice, butternut squash, water, cream"
Easy Flan,"sugar, milk, eggs, egg yolks, white sugar","sugar, milk, egg, egg yolk, white sugar"
Irmik Helvasi (Turkish Semolina Halva),"water, white sugar, butter, semolina flour, pine nuts","water, white sugar, butter, semolina, pine nut"
"Grillhaxe (Grilled Eisbein, Pork Shanks)","olive oil, marjoram, basil, thyme, rosemary, sea salt, paprika, black pepper, vegetable bouillon powder, pork shanks","olive oil, marjoram, basil, thyme, rosemary, sea salt, paprika, black pepper, vegetable bouillon powder, pork shank"
Fresh Israeli Salad,"vine-ripened tomatoes, red bell pepper, green bell pepper, cucumber, radishes, olive oil, scallion, lemon juice, sumac, salt","tomato, red bell pepper, green bell pepper, cucumber, radish, olive oil, scallion, lemon juice, sumac, salt"
Brazilian White Rice,"long-grain white rice, onion, garlic, vegetable oil, salt, water","long grain white rice, onion, garlic, vegetable oil, salt, water"
Sweet Russian Cabbage Soup,"lean beef, tomatoes, tomato sauce, carrots, onion, sugar, white vinegar, beef bouillon, salt, black pepper, water, cabbage, garlic","lean beef, tomato, tomato sauce, carrot, onion, sugar, white vinegar, beef bouillon, salt, black pepper, water, cabbage, garlic"
Korean Kimchi,"napa cabbage, salt, garlic, green onions, monosodium glutamate, red pepper flakes","napa cabbage, salt, garlic, green onion, monosodium glutamate, red pepper flake"
Cuban Shredded Pork,"water, lime, thyme, black peppercorns, garlic powder, onion powder, salt, pork chops, olive oil, onion, garlic, cilantro","water, lime, thyme, black peppercorn, garlic powder, onion powder, salt, pork chop, olive oil, onion, garlic, cilantro"
Danish Peppernut Christmas Cookies (Pebernodder),"butter, sugar, eggs, cardamom, cinnamon, nutmeg, cloves, salt, all-purpose flour","butter, sugar, egg, cardamom, cinnamon, nutmeg, clove, salt, all purpose flour"
Vietnamese Sandwich,"pork loin chops, French bread baguettes, mayonnaise, chile sauce with garlic, lime juice, red onion, cucumber, cilantro, salt and pepper","pork loin chop, french bread baguette, mayonnaise, chile sauce, lime juice, red onion, cucumber, cilantro, salt, black pepper"
Ottilienkuchen (German Chocolate Sprinkle Cake),"unsalted butter, unsalted butter, sugar, vanilla sugar, eggs, rum, all-purpose flour, cornstarch, baking powder, salt, almond flour, chocolate sprinkles","unsalted butter, sugar, vanilla sugar, egg, rum, all purpose flour, cornstarch, baking powder, salt, almond flour, chocolate sprinkle"
Swedish Meatballs I,"egg, milk, beef, cream of wheat cereal, onion, condensed cream of chicken soup, condensed cream of mushroom soup, evaporated milk, parsley","egg, milk, beef, cream of wheat cereal, onion, condensed cream of chicken soup, condensed cream of mushroom soup, evaporated milk, parsley"
Basic Coquito,"cinnamon, sweetened condensed milk, cream of coconut, coconut milk, evaporated milk, rum","cinnamon, sweetened condensed milk, cream of coconut, coconut milk, evaporated milk, rum"
Ayam Penyet Pedas (Indonesian Spicy Penyet Chicken),"garlic, shallots, ginger root, galangal, coriander, salt, chicken thighs, water, salam leaves, oil, tomato, red chile pepper, key lime juice, shrimp paste, white sugar, lemon basil","garlic, shallot, ginger root, galangal, coriander, salt, chicken thigh, water, salam leaf, oil, tomato, red chile pepper, key lime juice, shrimp paste, white sugar, lemon basil"
Hawaiian Wedding Cake,"yellow cake mix, pineapple, instant vanilla pudding mix, cream cheese, whipped topping, coconut, walnuts, maraschino cherries","yellow cake mix, pineapple, instant vanilla pudding mix, cream cheese, whipped topping, coconut, walnut, maraschino cherry"
Yakisoba Chicken,"sesame oil, canola oil, chile paste, garlic, chicken breast halves, soy sauce, onion, cabbage, carrots, soba noodles","sesame oil, canola oil, chile paste, garlic, chicken breast half, soy sauce, onion, cabbage, carrot, soba noodle"
Swedish Rice Pudding,"water, white rice, whole milk, eggs, sugar, vanilla pudding mix, butter, vanilla extract, salt","water, white rice, whole milk, egg, sugar, vanilla pudding mix, butter, vanilla extract, salt"
Lingonberry Jam,"lingonberries, water, sugar","lingonberry, water, sugar"
Perogies,"all-purpose flour, water, egg, salt, potatoes, bacon, Cheddar cheese, salt and pepper, bacon, sauerkraut, sour cream","all purpose flour, water, egg, salt, potato, bacon, cheddar cheese, black pepper, sauerkraut, sour cream"
Classic Cuban-Style Picadillo,"olive oil, onion, green bell pepper, garlic, ground beef, tomato sauce, green olives, raisins, capers, sazon seasoning, cumin, sugar, salt","olive oil, onion, green bell pepper, garlic, ground beef, tomato sauce, green olive, raisin, caper, sazon seasoning, cumin, sugar, salt"
Brazilian Cheese Bread (Pao de Queijo),"olive oil or butter, water, milk or soy milk, salt, tapioca flour, garlic, Parmesan cheese, eggs","olive oil, butter, water, milk, soy milk, salt, tapioca flour, garlic, parmesan cheese, egg"
Polish Cherry Cake,"sugar, all-purpose flour, baking powder, baking soda, butter, sweet cherries, sugar, olive oil, eggs, yogurt, olive oil","sugar, all purpose flour, baking powder, baking soda, butter, sweet cherry, olive oil, egg, yogurt"
Swedish Cream Wafers,"butter, heavy whipping cream, all-purpose flour, sugar, butter, confectioners' sugar, egg yolk, vanilla extract, red food coloring","butter, heavy whipping cream, all purpose flour, sugar, confectioners sugar, egg yolk, vanilla extract, red food coloring"
Bulgogi (Korean BBQ),"soy sauce, pear juice or white wine, sugar, garlic, sesame oil, sesame seeds, black pepper, monosodium glutamate, beef rump roast, onion","soy sauce, pear juice, white wine, sugar, garlic, sesame oil, sesame seed, black pepper, monosodium glutamate, beef rump roast, onion"
Feijoada,"beef tongue, water, black beans, beef, chourico, bacon, vegetable oil, garlic, onion, jalapeno peppers, tomato, salt, cayenne pepper, orange","beef tongue, water, black bean, beef, chourico, bacon, vegetable oil, garlic, onion, jalapeno pepper, tomato, salt, cayenne pepper, orange"
Paella,"hot Italian sausage, mild Italian sausage, chicken tenders, shrimp, onion, green bell pepper, celery, garlic, long grain rice, tomatoes, bay leaves, salt, oregano, turmeric, chicken broth","hot italian sausage, mild italian sausage, chicken tender, shrimp, onion, green bell pepper, celery, garlic, long grain rice, tomato, bay leaf, salt, oregano, turmeric, chicken broth"
Sfoof (Lebanese Semolina Turmeric Cake),"semolina flour, all-purpose flour, turmeric, baking powder, white sugar, milk, vegetable oil, pine nuts","semolina flour, all purpose flour, turmeric, baking powder, white sugar, milk, vegetable oil, pine nut"
Pastel de Papas (Chilean Potato Pie),"potatoes, butter, salt, eggs, vegetable oil, onion, garlic, tomatoes, tomato paste, beef, Panquehue cheese, parsley, cayenne pepper, salt and black pepper","potato, butter, salt, egg, vegetable oil, onion, garlic, tomato, tomato paste, beef, queijo coalho cheese curd, parsley, cayenne pepper, black pepper"
Quick Blender Carrot Cake,"carrots, white sugar, rapeseed oil, eggs, all-purpose flour, baking powder","carrot, white sugar, rapeseed oil, egg, all purpose flour, baking powder"
Linzer Cookies,"all-purpose flour, baking soda, salt, cinnamon, sugar, butter, egg substitute, vanilla extract, raspberry jam, confectioners' sugar","all purpose flour, baking soda, salt, cinnamon, sugar, butter, egg substitute, vanilla extract, raspberry jam, confectioners sugar"
Oven-Baked Kofta Kebabs (Pakistani-Style),"vegetable oil, onion, ground beef, egg, yogurt, garlic paste, ginger paste, coriander, salt, red pepper, cumin seeds, tomato sauce, salt","vegetable oil, onion, ground beef, egg, yogurt, garlic paste, ginger paste, coriander, salt, red pepper, cumin seed, tomato sauce"
Tyrolean Nut Cake (Tiroler Nusskuchen),"unsalted butter, bread crumbs, eggs, white sugar, vanilla sugar, white wine, all-purpose flour, cinnamon, baking powder, salt, hazelnuts, chocolate chips","unsalted butter, bread crumb, egg, white sugar, vanilla sugar, white wine, all purpose flour, cinnamon, baking powder, salt, hazelnut, chocolate chip"
Korean-Style Cucumber Salad,"white vinegar, black pepper, red pepper flakes, vegetable oil, sesame seeds, cucumber, green onion, carrot","white vinegar, black pepper, red pepper flake, vegetable oil, black sesame seed, cucumber, green onion, carrot"
Tarte aux Pommes Normande (French Apple Tart),"all-purpose flour, salt, butter, egg yolk, water, butter, sugar, egg, egg yolk, apple brandy, almonds, all-purpose flour, apples, white sugar, apricot jelly","all purpose flour, salt, butter, egg yolk, water, sugar, egg, apple brandy, almond, apple, white sugar, apricot jelly"
Gluehwein (German Mulled Wine),"red wine, cinnamon sticks, cloves, white sugar, lemon juice, orange","red wine, cinnamon stick, clove, white sugar, lemon juice, orange"
Classic Spanish Sangria,"orange, lemon, lime, dry red wine, rum, orange juice, sugar","orange, lemon, lime, dry red wine, rum, orange juice, sugar"
Dash&#39;s Donair,"salt, oregano, all-purpose flour, black pepper, Italian seasoning, garlic powder, onion powder, cayenne pepper, beef, evaporated milk, white sugar, garlic powder, white vinegar","salt, oregano, all purpose flour, black pepper, italian seasoning, garlic powder, onion powder, cayenne pepper, beef, evaporated milk, white sugar, white vinegar"
Danish Ebelskiver,"eggs, half-and-half cream, white sugar, salt, all-purpose flour, baking powder, baking soda, cinnamon, butter","egg, half and half cream, white sugar, salt, all purpose flour, baking powder, baking soda, cinnamon, butter"
Chinese Black Bean Sauce,"black beans, vegetable oil, Thai chiles, shallot, ginger, garlic, tamari, Shaoxing rice wine, brown sugar, Sichuan pepper, Chinese five-spice powder, sesame oil","black bean, vegetable oil, thai chile, shallot, ginger, garlic, tamari, shaoxing rice wine, brown sugar, sichuan pepper, chinese five spice powder, sesame oil"
Donair,"ground beef, bread crumbs, paprika, cayenne pepper, onion powder, garlic powder, black pepper, salt, nonfat evaporated milk, sugar, vinegar, pita bread rounds, tomatoes, onion","ground beef, bread crumb, paprika, cayenne pepper, onion powder, garlic powder, black pepper, salt, nonfat evaporated milk, sugar, vinegar, pita bread round, tomato, onion"
Danish Rugbrod (Rye Bread) for the Bread Machine,"water, honey, butter, salt, rye flour, all-purpose flour, whole wheat flour, rye flakes, sugar, bread machine yeast","water, honey, butter, salt, rye flour, all purpose flour, whole wheat flour, rye flake, sugar, bread machine yeast"
Mansaka,"shortening, ground beef, onion, garlic, all-purpose flour, salt, black pepper, Sugar, basil, cinnamon, oregano, mushrooms, tomato sauce, potatoes, Swiss cheese","shortening, ground beef, onion, garlic, all purpose flour, salt, black pepper, sugar, basil, cinnamon, oregano, mushroom, tomato sauce, potato, swiss cheese"
Kafta (BBQ),"ground beef, onion, parsley, cayenne pepper, allspice, salt, black pepper, skewers","ground beef, onion, parsley, cayenne pepper, allspice, salt, black pepper, skewer"
Hot Banana Salsa,"banana, red bell pepper, green bell pepper, yellow bell pepper, cilantro, onions, lime juice, brown sugar, ginger root, olive oil, habanero pepper, salt","banana, red bell pepper, green bell pepper, yellow bell pepper, cilantro, onion, lime juice, brown sugar, ginger root, olive oil, habanero pepper, salt"
Pakistani Lentil Curry,"brown lentils, red lentils, water, garlic cloves, salt, coriander, cayenne pepper, turmeric, butter, onion, cumin, milk, cilantro","brown lentil, red lentil, water, garlic clove, salt, coriander, cayenne pepper, turmeric, butter, onion, cumin, milk, cilantro"
Easy Sheet Pan Beef Bulgogi,"flat iron steak, soy sauce, brown sugar, fish sauce, ginger, sesame oil, chile paste, sesame seeds, garlic, spray, onion, sugar snap peas, olive oil, salt, green onions","flat iron steak, soy sauce, brown sugar, fish sauce, ginger, sesame oil, chile paste, sesame seed, garlic, cooking spray, onion, sugar snap pea, olive oil, salt, green onion"
Easy Portuguese Cookies,"cornstarch, sugar, butter, eggs, all-purpose flour, baking powder","cornstarch, sugar, butter, egg, all purpose flour, baking powder"
Pisang Goreng (Indonesian Banana Fritters),"all-purpose flour, granulated sugar, vanilla powder, milk, egg, butter, rum flavoring, bananas, oil","all purpose flour, granulated sugar, vanilla powder, milk, egg, butter, rum flavoring, banana, oil"
Kabob Koobideh (Persian Ground Meat Kabobs),"onions, cheesecloth, lamb, beef, green onion, baking powder, salt, black pepper, sumac powder, turmeric, eggs, metal skewers","onion, cheesecloth, lamb, beef, green onion, baking powder, salt, black pepper, sumac powder, turmeric, egg, metal skewer"
Sambal Sauce,"tomato, garlic, onion, serrano chiles, white sugar, salt, lime juice, belacan shrimp paste, vegetable oil, lemongrass, curry leaves, galangal, tamarind juice","tomato, garlic, onion, serrano chile, white sugar, salt, lime juice, belacan shrimp paste, vegetable oil, lemongrass, curry leaf, galangal, tamarind juice"
Air Fryer Spanish Tortilla,"potato, olive oil, leek, eggs, Pecorino Romano cheese, parsley","potato, olive oil, leek, egg, pecorino romano cheese, parsley"
Ginger Malva Pudding,"sugar, egg, butter, apricot jam, white vinegar, ginger, baking soda, milk, all-purpose flour, milk, butter, sugar, water","sugar, egg, butter, apricot jam, white vinegar, ginger, baking soda, milk, all purpose flour, water"
Sautéed Fiddleheads,"fiddlehead ferns, olive oil, garlic, sea salt, black pepper, lemon juice","fiddlehead fern, olive oil, garlic, sea salt, black pepper, lemon juice"
Abade Prisco&#39;s Pudding,"sugar, water, water, water, white sugar, bacon, cinnamon sticks, lemons, egg yolks, port wine","sugar, water, white sugar, bacon, cinnamon stick, lemon, egg yolk, port wine"
Watermelon Agua Fresca,"watermelon, water, sugar, lime, mint leaves, ice","watermelon, water, sugar, lime, mint leaf, ice"
Easy 5-Ingredient Pumpkin Soup,"pumpkin, chicken broth, sugar, salt and freshly ground black pepper, Greek yogurt","pumpkin, chicken broth, sugar, salt, black pepper, greek yogurt"
Indonesian Pork Satay,"garlic, green onions, ginger root, Spanish peanuts, lemon juice, honey, soy sauce, coriander seed, red pepper flakes, chicken broth, butter, pork tenderloin, skewers","garlic, green onion, ginger root, spanish peanut, lemon juice, honey, soy sauce, coriander seed, red pepper flake, chicken broth, butter, pork tenderloin, skewer"
Chef John&#39;s Crème Fraîche,"heavy cream, cultured buttermilk","heavy cream, cultured buttermilk"
Portuguese Steamed Clams,"clams, chorizo, onion, tomatoes, white wine, olive oil","clam, chorizo, onion, tomato, white wine, olive oil"
Chilean Pebre,"cilantro, olive oil, red wine vinegar, tomato, onion, lemon, chile peppers, garlic, salt and pepper","cilantro, olive oil, red wine vinegar, tomato, onion, lemon, chile pepper, garlic, salt, black pepper"
Lebanese Mountain Bread,"bread flour, active dry yeast, sugar, water, olive oil, kosher salt","bread flour, active dry yeast, sugar, water, olive oil, kosher salt"
Sharlotka,"Granny Smith apples, eggs, sugar, all-purpose flour, sour cream, salt, baking powder, vanilla extract","granny smith apple, egg, sugar, all purpose flour, sour cream, salt, baking powder, vanilla extract"
Peruvian Arroz con Pollo (Peruvian Rice and Chicken),"chicken breasts, vegetable oil, onion, garlic, cilantro leaves, aji amarillo chile paste, chicken broth, red bell pepper, water, white rice, peas and carrots","chicken breast, vegetable oil, onion, garlic, cilantro leaf, aji amarillo chile paste, chicken broth, red bell pepper, water, white rice, pea, carrot"
Kielbasa,"pork, ground beef, garlic, salt, brown sugar, black pepper, marjoram, allspice, liquid smoke flavoring, sausage casings","pork, ground beef, garlic, salt, brown sugar, black pepper, marjoram, allspice, liquid smoke flavoring, sausage casing"
Polish Noodles (Cottage Cheese and Noodles),"butter, onion, egg noodles, cottage cheese, sour cream, sea salt, black pepper","butter, onion, egg noodle, cottage cheese, sour cream, sea salt, black pepper"
"Filipino Steamed Rice, Cebu Style","pork belly, Chinese cooking wine, oyster sauce, cornstarch, sesame oil, salt, black pepper, vegetable oil, garlic, shallots, water, light soy sauce, dark soy sauce, shrimp, cornstarch, water, peas, vegetable oil, garlic, jasmine rice, oyster sauce, light soy sauce, sesame oil","pork belly, chinese cooking wine, oyster sauce, cornstarch, sesame oil, salt, black pepper, vegetable oil, garlic, shallot, water, light soy sauce, dark soy sauce, shrimp, pea, jasmine rice"
Rich and Simple French Onion Soup,"unsalted butter, olive oil, onions, beef broth, sherry, thyme, salt and pepper, French bread, provolone cheese, Swiss cheese, Parmesan cheese","unsalted butter, olive oil, onion, beef broth, sherry, thyme, salt, black pepper, french bread, provolone cheese, swiss cheese, parmesan cheese"
Nong&#39;s Khao Man Gai,"water, chicken, ginger root, garlic, sugar, salt, coconut oil, ginger, pandan leaves, garlic, shallots, jasmine rice, chicken broth, Thai chile peppers, garlic, fermented soybeans, ginger, white vinegar, soy sauce, cilantro, cucumber","water, chicken, ginger root, garlic, sugar, salt, coconut oil, pandan leaf, shallot, jasmine rice, chicken broth, thai chile pepper, fermented soybean, white vinegar, soy sauce, cilantro, cucumber"
"Gambas Pil Pil (Prawns, Chilean Style)","garlic, grapeseed oil or olive oil, shrimp, cacho de cabra pepper, pisco or brandy, salt, cayenne pepper, lime","garlic, grapeseed oil, olive oil, shrimp, cacho de cabra pepper, pisco, brandy, salt, cayenne pepper, lime"
Za&#39;atar Bread,"active dry yeast, water, bread flour, salt, 4 tablespoons za'atar, olive oil","active dry yeast, water, bread flour, salt, zaatar, olive oil"
Red Lentil Curry,"red lentils, water, vegetable oil, onion, curry paste, curry powder, turmeric, cumin, chili powder, salt, sugar, garlic, ginger, tomato puree","red lentil, water, vegetable oil, onion, curry paste, curry powder, turmeric, cumin, chili powder, salt, sugar, garlic, ginger, tomato puree"
Bánh Xèo (Vietnamese Crêpes),"rice flour, white sugar, salt, turmeric, coconut milk, water, vegetable oil, shallot, garlic, shrimp, fish sauce, salt, mung bean sprouts, lettuce leaves","rice flour, sugar, salt, turmeric, coconut milk, water, vegetable oil, shallot, garlic, shrimp, fish sauce, mung bean sprout, lettuce leaf"
Pork and Black Bean Stew,"vegetable oil, onion, garlic, pork tenderloin, black beans, water, chorizo sausages, chicken stock, bay leaves, salt and pepper","vegetable oil, onion, garlic, pork tenderloin, black bean, water, chorizo sausage, chicken stock, bay leaf, salt, black pepper"
Semla (Swedish Fat Tuesday Buns),"milk, active dry yeast, all-purpose flour, all-purpose flour, unsalted butter, sugar, egg, cardamom, kosher salt, egg, water, almond paste, sugar, milk, cardamom, heavy cream, sugar","milk, active dry yeast, all purpose flour, butter, sugar, egg, cardamom, kosher salt, water, almond paste, heavy cream"
Filipino Avocado Milkshake,"avocado, milk, vanilla ice cream, ice, sugar, lemon or lime juice","avocado, milk, vanilla ice cream, ice, sugar, lemon juice, lime juice"
Danish Oven Pancake (Aeggekage),"eggs, milk, white sugar, salt, all-purpose flour, butter, mixed berries, lemon juice, confectioners' sugar for dusting, cream","egg, milk, sugar, salt, all purpose flour, butter, mixed berry, lemon juice, confectioners sugar, cream"
Apple Danish with Crescent Roll Dough,"spray, brown sugar, cinnamon, crescent roll dough, cream cheese, sugar, vanilla extract, apple pie filling, unsalted butter","cooking spray, brown sugar, cinnamon, crescent roll dough, cream cheese, sugar, vanilla extract, apple pie filling, butter"
Pakistani Spicy Chickpeas,"vegetable oil, cumin seeds, salt, chili powder, lemon pepper, tomatoes, garbanzo beans, lemon juice, onion","vegetable oil, cumin seed, salt, chili powder, lemon pepper, tomato, garbanzo bean, lemon juice, onion"
The Best Thai Curry-Peanut Sauce,"vegetable oil, garlic, red curry paste, peanut butter, brown sugar, chili powder, cayenne pepper, fish sauce, sesame oil, coconut milk","vegetable oil, garlic, red curry paste, peanut butter, brown sugar, chili powder, cayenne pepper, fish sauce, sesame oil, coconut milk"
Alfajores Argentinean Style,"cornstarch, unbleached all-purpose flour, baking powder, baking soda, butter, white sugar, egg yolks, lemon zest, vanilla rum, vanilla extract, lemon extract, dulce de leche, coconut","cornstarch, unbleached all purpose flour, baking powder, baking soda, butter, sugar, egg yolk, lemon zest, vanilla rum, vanilla extract, lemon extract, dulce de leche, coconut"
Peach Bellini,"peaches, champagne, peach slice","peach, champagne, peach slice"
Brazilian Collards,"bacon, onion, collard greens, chicken stock, cayenne pepper, red wine vinegar","bacon, onion, collard green, chicken stock, cayenne pepper, red wine vinegar"
Lamb Shawarma,"yogurt, water, lemon juice, distilled white vinegar, olive oil, onion, garlic, salt, black pepper, cumin, nutmeg, cloves, mace, cayenne pepper, lamb shoulder","yogurt, water, lemon juice, distilled white vinegar, olive oil, onion, garlic, salt, black pepper, cumin, nutmeg, clove, mace, cayenne pepper, lamb shoulder"
Dad&#39;s New Zealand Mince Stew,"vegetable oil, onions, ground beef, garlic, water, ketchup, beef stock, teriyaki sauce, black pepper, curry powder, garlic powder, onion powder, all-purpose flour, water","vegetable oil, onion, ground beef, garlic, water, ketchup, beef stock, teriyaki sauce, black pepper, curry powder, garlic powder, onion powder, all purpose flour"
Flapper Pie,"graham cracker crumbs, sugar, butter, cinnamon, milk, sugar, cornstarch, egg yolks, vanilla extract, egg whites, white sugar","graham cracker crumb, sugar, butter, cinnamon, milk, cornstarch, egg yolk, vanilla extract, egg white"
Easy Chinese Fried Noodles,"soy sauce-flavored ramen noodles, vegetable oil, eggs, vegetable oil, green onions, carrot, green peas, red bell pepper, sesame oil, sesame oil, soy sauce","soy sauce flavored ramen noodle, vegetable oil, egg, green onion, carrot, green pea, red bell pepper, sesame oil, soy sauce"
Brazilian Chicken Stew (Galinha Ensopada),"vegetable oil, sugar, chicken thighs, salt, black pepper, onion, petite diced tomatoes, chicken broth","vegetable oil, sugar, chicken thigh, salt, black pepper, onion, petite diced tomato, chicken broth"
Feijoada Nordestino (Northeastern Brazilian Black Bean Stew),"black beans, onion, ham, calabresa, garlic, salt, cumin, black pepper, bay leaf, olive oil, collard greens, cassava flour, butter, white rice, oranges, cilantro","black bean, onion, ham, calabresa, garlic, salt, cumin, black pepper, bay leaf, olive oil, collard green, cassava flour, butter, white rice, orange, cilantro"
Air Fryer Pão de Queijo,"sweet manioc starch, sour manioc starch, milk, water, olive oil, salt, eggs, Cheddar cheese, Parmigiano-Reggiano cheese","sweet manioc starch, sour manioc starch, milk, water, olive oil, salt, egg, cheddar cheese, parmigiano reggiano cheese"
Rose Pavlova Cakes,"egg whites, rose petal powder, sugar, vanilla extract, rose extract, cornstarch, cream cheese, heavy whipping cream, white sugar, rose petals","egg white, rose petal powder, sugar, vanilla extract, rose extract, cornstarch, cream cheese, heavy whipping cream, rose petal"
Chicken in Black Bean Sauce,"cornstarch, water, soy sauce, white sugar, salt, chicken breast halves, bean sprouts, water, oyster sauce, sugar, vegetable oil, black bean sauce with garlic, garlic, onion, bell pepper, cornstarch, water","cornstarch, water, soy sauce, white sugar, salt, chicken breast half, bean sprout, oyster sauce, vegetable oil, black bean sauce, garlic, onion, bell pepper"
Meat Pie,"potato, beef, pork, onion, garlic, mustard powder, thyme, sage, cloves, salt, black pepper, water, refrigerated pie crusts","potato, beef, pork, onion, garlic, mustard powder, thyme, sage, clove, salt, black pepper, water, refrigerated pie crust"
Cucumber and Avocado Sushi,"water, glutinous white rice, rice vinegar, salt, nori, cucumber, avocado","water, glutinous white rice, rice vinegar, salt, nori, cucumber, avocado"
Orange Pikelets,"orange juice, orange juice, sugar, self-rising flour, self-rising flour, salt, spray","orange juice, sugar, self rising flour, salt, cooking spray"
Easy Portuguese Bean Soup,"chorizo sausage, olive oil, carrots, onion, celery, tomatoes, potatoes, chicken broth, cayenne pepper, kidney beans, tomato paste, salt and pepper","chorizo sausage, olive oil, carrot, onion, celery, tomato, potato, chicken broth, cayenne pepper, kidney bean, tomato paste, salt, black pepper"
Filipino Lechon Kawali,"pork belly, garlic, bay leaves, salt, black pepper, oil","pork belly, garlic, bay leaf, salt, black pepper, oil"
Vegetarian Borscht,"beets, vinegar, vegetable oil, onion, carrot, water, yellow lentils, cabbage, potatoes, salt and pepper, tomato paste, sour cream, dill","beet, vinegar, vegetable oil, onion, carrot, water, yellow lentil, cabbage, potato, salt, black pepper, tomato paste, sour cream, dill"
Holland Butter Cookies,"butter, all-purpose flour, white sugar, baking soda","butter, all purpose flour, white sugar, baking soda"
Kransekake (Norwegian Almond Ring Cake),"confectioners' sugar, almonds, almonds, baking powder, egg whites, egg white, confectioners' sugar, lemon juice, vanilla extract","confectioners sugar, almond, baking powder, egg white, lemon juice, vanilla extract"
Tortilla Española (Spanish Tortilla),"olive oil, baking potatoes, salt and pepper, olive oil, onions, eggs, red pepper, Spanish serrano ham, Italian parsley","olive oil, baking potato, salt, black pepper, onion, egg, red pepper, serrano ham, italian parsley"
Polish Egg Salad,"cream cheese, butter, eggs, onion, parsley","cream cheese, butter, egg, onion, parsley"
Real Homemade Bologna,"beef, sugar-based curing mixture, water, garlic powder, onion powder, liquid smoke flavoring","beef, sugar based curing mixture, water, garlic powder, onion powder, liquid smoke flavoring"
Shrimp with Broccoli in Garlic Sauce,"broccoli florets, water, peanut oil, garlic, chicken broth, soy sauce, oyster sauce, ginger, shrimp, water chestnuts, cornstarch","broccoli floret, water, peanut oil, garlic, chicken broth, soy sauce, oyster sauce, ginger, shrimp, water chestnut, cornstarch"
Caramel-Coated Catfish,"water, fish sauce, shallots, garlic, black pepper, red pepper flakes, white sugar, catfish fillets, white sugar, lime juice, green onion, cilantro","water, fish sauce, shallot, garlic, black pepper, red pepper flake, white sugar, catfish fillet, lime juice, green onion, cilantro"
Coquito,"evaporated milk, egg yolks, cream of coconut, sweetened condensed milk, white rum, water, vanilla extract, cinnamon, cloves","evaporated milk, egg yolk, cream of coconut, sweetened condensed milk, white rum, water, vanilla extract, cinnamon, clove"
Cape Malay Pickled Fish,"vegetable oil, cod fillets, salt, onions, garlic, red chile pepper, bay leaves, black peppercorns, allspice berries, red wine vinegar, water, brown sugar, curry powder, cumin, coriander, turmeric","vegetable oil, cod fillet, salt, onion, garlic, red chile pepper, bay leaf, black peppercorn, allspice berry, red wine vinegar, water, brown sugar, curry powder, cumin, coriander, turmeric"
Curried Beef with Winter Vegetables,"beef chuck roast, olive oil, onions, celery ribs, ginger root, garlic, curry powder, coriander powder, Asian five-spice powder, turmeric, carrots, potatoes, apples, parsnips, zucchini, raisins, cashews","beef chuck roast, olive oil, onion, celery rib, ginger root, garlic, curry powder, coriander powder, asian five spice powder, turmeric, carrot, potato, apple, parsnip, zucchini, raisin, cashew"
Pumpkin Soufflé Casserole,"sugar, butter, eggs, pumpkin purée, milk, cake flour, baking powder, cinnamon","sugar, butter, egg, pumpkin puree, milk, cake flour, baking powder, cinnamon"
"Spicy Indian Green Beans, Gujarati Style","green beans, vegetable oil, garlic, black mustard seed, red chile pepper, salt, white sugar, black pepper","green bean, vegetable oil, garlic, black mustard seed, red chile pepper, salt, white sugar, black pepper"
Chipas (Argentinean Cheese Bread),"spray, egg, milk, Italian cheese blend, butter, tapioca starch, self-rising flour","cooking spray, egg, milk, italian cheese blend, butter, tapioca starch, self rising flour"
Greek Horiatiki Salad,"tomatoes, red onion, sea salt, oregano, green bell pepper, cucumber, Greek black olives, olive oil, feta cheese","tomato, red onion, sea salt, oregano, green bell pepper, cucumber, black olive, olive oil, feta cheese"
Ash Reshteh (Persian Noodle and Bean Soup),"chickpeas, kidney beans, olive oil, red onion, mint, yellow onions, garlic, turmeric, vegetable stock, scallions, parsley, cilantro, mint, lentils, linguine pasta, spinach, all-purpose flour, Greek yogurt","chickpea, kidney bean, olive oil, red onion, mint, yellow onion, garlic, turmeric, vegetable stock, green onion, parsley, cilantro, lentil, linguine pasta, spinach, all purpose flour, greek yogurt"
Danish Cabbage,"cabbage, water, sour cream, caraway seeds, salt","cabbage, water, sour cream, caraway seed, salt"
Moo Shu Pork,"soy sauce, white wine, sesame oil, cornstarch, pork tenderloin, shiitake mushrooms, green onions, garlic, fresh ginger, napa cabbage, soy sauce, white wine, cornstarch, white sugar, black pepper, vegetable oil, sesame oil, eggs, white wine, hoisin sauce, soy sauce, sesame oil, Chinese moo shu pancakes","soy sauce, white wine, sesame oil, cornstarch, pork tenderloin, shiitake mushroom, green onion, garlic, ginger, napa cabbage, white sugar, black pepper, vegetable oil, egg, hoisin sauce, chinese moo shu pancake"
Gluten-Free Sandwich Cookies with Dulce de Leche (Alfajores),"cornstarch, gluten-free all-purpose baking flour, baking powder, baking soda, butter, white sugar, egg yolks, lemon zest, vanilla extract, dulce de leche, coconut","cornstarch, gluten free all purpose baking flour, baking powder, baking soda, butter, white sugar, egg yolk, lemon zest, vanilla extract, dulce de leche, coconut"
Cazuela de Vaca (Beef and Pumpkin Stew),"beef roast, beef broth, water, polenta, potatoes, onion, pumpkin, corn, carrot, red bell pepper, celery, leek, oregano, paprika, salt and pepper, cilantro leaves","beef roast, beef broth, water, polenta, potato, onion, pumpkin, corn, carrot, red bell pepper, celery, leek, oregano, paprika, salt, black pepper, cilantro leaf"
Kala Chola Pakistani-Style,"black garbanzo beans, water, tomatoes, onion, red chile peppers, jalapeno pepper, vegetable oil, salt, turmeric, red chile pepper, cilantro, onion","black garbanzo bean, water, tomato, onion, red chile pepper, jalapeno pepper, vegetable oil, salt, turmeric, cilantro"
Malaysian Red Curry Thighs,"green onions, fresh ginger, garlic, grapeseed oil, chicken thighs, salt, curry powder, red curry paste, garam masala, Chinese five-spice powder, coconut milk, fish sauce, white sugar, sriracha sauce","green onion, ginger, garlic, grapeseed oil, chicken thigh, salt, curry powder, red curry paste, garam masala, chinese five spice powder, coconut milk, fish sauce, white sugar, sriracha sauce"
Lebanese Donair,"top round steak, tomatoes, red wine vinegar, olive oil, lemon juice, allspice, garlic, cinnamon, black pepper, cardamom, salt, parsley, sweet onion, olive oil, lemon juice, tahini, lemon juice, water, garlic, salt, pita bread rounds, tomatoes","top round steak, tomato, red wine vinegar, olive oil, lemon juice, allspice, garlic, cinnamon, black pepper, cardamom, salt, parsley, sweet onion, tahini, water, pita bread round"
Carne Guisada,"tomato sauce, sofrito sauce, adobo seasoning, sazon seasoning, oregano, salt, beef stew meat, water, potatoes","tomato sauce, sofrito sauce, adobo seasoning, sazon seasoning, oregano, salt, beef stew meat, water, potato"
Chicken Pho,"water, chicken bones, chicken, onion, ginger, chicken broth, rock sugar, fish sauce, pho ga soup seasoning, salt, rice stick noodles, bean sprouts, green onion, cilantro, Thai basil, lime","water, chicken bone, chicken, onion, ginger, chicken broth, rock sugar, fish sauce, pho ga soup seasoning, salt, rice stick noodle, bean sprout, green onion, cilantro, thai basil, lime"
Air Fryer Tonkatsu,"ketchup, soy sauce, brown sugar, sherry, Worcestershire sauce, garlic, pork breakfast chops, eggs, panko bread crumbs, cooking spray","ketchup, soy sauce, brown sugar, sherry, worcestershire sauce, garlic, pork breakfast chop, egg, panko bread crumb, cooking spray"
Jag (Portuguese Rice and Beans),"butter, linguica sausage, onion, green bell pepper, red bell pepper, black pepper, basil, oregano, beans, water, white rice","butter, linguica sausage, onion, green bell pepper, red bell pepper, black pepper, basil, oregano, bean, water, white rice"
Russian Tea Cakes,"butter, vanilla extract, all-purpose flour, sugar, walnuts, sugar","butter, vanilla extract, all purpose flour, sugar, walnut"
Erin&#39;s Indonesian Chicken,"long grain white rice, water, green beans, olive oil, chicken breast, chicken broth, peanut butter, honey, soy sauce, red chile paste, lemon juice, onions, peanuts","long grain white rice, water, green bean, olive oil, chicken breast, chicken broth, peanut butter, honey, soy sauce, red chile paste, lemon juice, onion, peanut"
Swedish Apple Cake,"white sugar, shortening, eggs, vanilla, all-purpose flour, baking soda, cinnamon, nutmeg, salt, apples, walnuts, brown sugar, milk, margarine","white sugar, shortening, egg, vanilla, all purpose flour, baking soda, cinnamon, nutmeg, salt, apple, walnut, brown sugar, milk, margarine"
Jamaican Cabbage,"cabbage, olive oil, onion, green bell pepper, green onion, Scotch bonnet chile pepper, thyme, salt, carrots, white vinegar, white sugar","cabbage, olive oil, onion, green bell pepper, green onion, scotch bonnet chile pepper, thyme, salt, carrot, white vinegar, white sugar"
Real Hummus,"garlic, garbanzo beans, lemon juice, tahini, salt, olive oil, black pepper","garlic, garbanzo bean, lemon juice, tahini, salt, olive oil, black pepper"
Eggnog Bread Pudding with Coquito Sauce,"bread, raisins, eggnog, eggs, white sugar, vanilla extract, brown sugar, unsalted butter, heavy cream, coconut-flavored rum","bread, raisin, eggnog, egg, white sugar, vanilla extract, brown sugar, unsalted butter, heavy cream, coconut flavored rum"
Yaki Udon,"oyster sauce, soy sauce, mirin, rice vinegar, Worcestershire sauce, sesame oil, light brown sugar, Sriracha sauce, garlic, scallions, canola oil, mixed wild mushrooms, baby bok choy, carrots, water, udon noodles, nori, cilantro, lime wedges, furikake seasoning","oyster sauce, soy sauce, mirin, rice vinegar, worcestershire sauce, sesame oil, light brown sugar, sriracha sauce, garlic, green onion, canola oil, mixed wild mushroom, baby bok choy, carrot, water, udon noodle, nori, cilantro, lime wedge, furikake seasoning"
Lumpia (Shanghai Version),"pork, beef, onion, carrot, soy sauce, salt, garlic powder, black pepper, spring roll wrappers, water, oil","pork, beef, onion, carrot, soy sauce, salt, garlic powder, black pepper, spring roll wrapper, water, oil"
Korean BBQ Sauce,"soy sauce, dark brown sugar, garlic, rice wine vinegar, chile-garlic sauce, black pepper, ginger, sesame oil, cornstarch, water","soy sauce, dark brown sugar, garlic, rice wine vinegar, chile garlic sauce, black pepper, ginger, sesame oil, cornstarch, water"
Thai Cucumber Salad,"cucumbers, salt, sugar, rice wine vinegar, jalapeno peppers, cilantro, peanuts","cucumber, salt, sugar, rice wine vinegar, jalapeno pepper, cilantro, peanut"
Finnish Oven Pancakes,"eggs, milk, lemon, white sugar, salt, all-purpose flour, unsalted butter, sugar, cardamom","egg, milk, lemon, white sugar, salt, all purpose flour, unsalted butter, sugar, cardamom"
Chef John&#39;s Pão de Queijo (Brazilian Cheese Bread),"tapioca flour, milk, olive oil, kosher salt, eggs, mozzarella cheese, Parmigiano-Reggiano cheese, cayenne pepper","tapioca flour, milk, olive oil, salt, egg, mozzarella cheese, parmigiano reggiano cheese, cayenne pepper"
Best Apple Crumble,"Granny Smith apples, white sugar, butter, sugar, egg, all-purpose flour, baking powder, custard powder, white sugar, butter, all-purpose flour, cinnamon, coconut, rolled oats","apple, white sugar, butter, sugar, egg, all purpose flour, baking powder, custard powder, white sugar, butter, all purpose flour, cinnamon, coconut, rolled oat"
Sugared Danish Butter Cookies with Pecan Halves,"all-purpose flour, white sugar, egg, vanilla extract, unsalted butter, egg, sugar crystals, pecan halves, sugar crystals","all purpose flour, white sugar, egg, vanilla extract, unsalted butter, egg, sugar, pecan half, sugar"
Spicy Tomato Chicken (Ayam Masak Merah),"chicken, turmeric, salt, red chile peppers, red chile pepper, garlic, red onion, ginger root, sunflower seed oil, cinnamon stick, star anise pods, cloves, cardamom seeds, tomatoes, ketchup, white sugar, water","chicken, turmeric, salt, red chile pepper, red chile pepper, garlic, red onion, ginger root, sunflower oil, cinnamon stick, star anise, clove, cardamom seed, tomato, ketchup, white sugar, water"
Authentic Chinese Egg Rolls (from a Chinese person),"vegetable oil, eggs, cabbage, carrot, Chinese barbequed or roasted pork, bamboo shoots, wood ear mushroom, green onions, soy sauce, salt, Sugar, monosodium glutamate, egg roll wrappers, egg white, oil","vegetable oil, egg, cabbage, carrot, chinese barbequed pork, bamboo shoot, wood ear mushroom, green onion, soy sauce, salt, sugar, monosodium glutamate, egg roll wrapper, egg white, oil"
Cuban Chicken,"olive oil, onion, garlic, tomatoes, chicken chunks, red bell pepper, raisins, green olives, red wine vinegar, oregano, cumin, bay leaves","olive oil, onion, garlic, tomato, chicken chunk, red bell pepper, raisin, green olive, red wine vinegar, oregano, cumin, bay leaf"
Ceviche Peruano,"potatoes, sweet potatoes, red onion, lime juice, celery, cilantro leaves, cumin, garlic, habanero pepper, tilapia, shrimp, bibb or Boston lettuce","potato, sweet potato, red onion, lime juice, celery, cilantro leaf, cumin, garlic, habanero pepper, tilapia, shrimp, boston lettuce"
Brown Sugar Pie I,"all-purpose flour, brown sugar, evaporated milk, butter, salt, vanilla extract","all purpose flour, brown sugar, evaporated milk, butter, salt, vanilla extract"
Gehakt Ballen (Dutch Meatballs),"meatloaf mix, white bread, milk, egg, onion, nutmeg, cloves, butter, water, tomatoes, beef broth, dry onion soup mix","meatloaf mix, white bread, milk, egg, onion, nutmeg, clove, butter, water, tomato, beef broth, dry onion soup mix"
Swedish Toscas (Swedish Almond Tarts),"butter, sugar, all-purpose flour, almonds, brown sugar, butter, cream, all-purpose flour","butter, sugar, all purpose flour, almond, brown sugar, butter, cream, all purpose flour"
Pfeffernusse Cookies,"molasses, honey, shortening, margarine, eggs, all-purpose flour, white sugar, brown sugar, anise extract, cinnamon, cardamom, baking soda, cloves, nutmeg, ginger, black pepper, salt, confectioners' sugar","molasses, honey, shortening, margarine, egg, all purpose flour, white sugar, brown sugar, anise extract, cinnamon, cardamom, baking soda, clove, nutmeg, ginger, black pepper, salt, confectioners sugar"
Pandan Chiffon Cake,"eggs, cream of tartar, sugar, water, pandan paste, corn oil, self-rising flour","egg, cream of tartar, sugar, water, pandan paste, corn oil, self rising flour"
Khoresht Fesenjaan (Chicken with Pomegranate Sauce),"vegetable oil, red onions, chicken pieces, water, pomegranate juice, walnuts, cardamom, cinnamon, butternut squash, saffron powder, salt","vegetable oil, red onion, chicken piece, water, pomegranate juice, walnut, cardamom, cinnamon, butternut squash, saffron powder, salt"
German Pork Chops and Sauerkraut,"pork chops, sauerkraut, apple, onion, brown sugar, caraway seeds","pork chop, sauerkraut, apple, onion, brown sugar, caraway seed"
Yum Yum Sauce,"mayonnaise, water, butter, tomato paste, sugar, garlic powder, paprika, cayenne pepper","mayonnaise, water, butter, tomato paste, sugar, garlic powder, paprika, cayenne pepper"
Aji (Colombian Salsa),"plum tomato, cilantro, onion, jalapeno pepper, garlic, olive oil, lime, sugar, apple cider vinegar, salt, green onions","plum tomato, cilantro, onion, jalapeno pepper, garlic, olive oil, lime, sugar, apple cider vinegar, salt, green onion"
Belgian Iron Cookies,"all-purpose flour, brown sugar, eggs, butter, vanilla extract, salt, whiskey","all purpose flour, brown sugar, egg, butter, vanilla extract, salt, whiskey"
Greek Lemon Chicken and Potato Bake,"chicken leg quarters, potatoes, olive oil, lemons, basil, oregano, salt, black pepper, lemon and herb seasoning, green beans","chicken leg quarter, potato, olive oil, lemon, basil, oregano, salt, black pepper, green bean"
Indonesian Satay,"soy sauce, tomato sauce, peanut oil, garlic, black pepper, cumin, chicken breast halves, vegetable oil, onion, garlic, water, peanut butter, soy sauce, white sugar, lemon juice, skewers","soy sauce, tomato sauce, peanut oil, garlic, black pepper, cumin, chicken breast half, vegetable oil, onion, water, peanut butter, white sugar, lemon juice, bamboo skewer"
Nanaimo Bars I,"butter, sugar, unsweetened cocoa powder, egg, vanilla extract, graham cracker crumbs, coconut, walnuts, butter, confectioners' sugar, vanilla custard powder, milk, semisweet chocolate, butter","butter, sugar, unsweetened cocoa powder, egg, vanilla extract, graham cracker crumb, coconut, walnut, confectioners sugar, custard powder, milk, semisweet chocolate"
Traditional Sauerbraten,"beef rump roast, onions, red wine vinegar, water, salt, black pepper, sugar, cloves, bay leaves, all-purpose flour, vegetable oil, gingersnap cookies","beef rump roast, onion, red wine vinegar, water, salt, black pepper, sugar, clove, bay leaf, all purpose flour, vegetable oil, gingersnap cookie"
Spiced Orange Cranberry Sauce,"cranberries, orange zest, cinnamon sticks, orange juice, brown sugar, water","cranberry, orange zest, cinnamon stick, orange juice, brown sugar, water"
Greek Orzo Salad,"orzo pasta, artichoke hearts, cucumber, tomato, red onion, feta cheese, black olives, parsley, lemon juice, oregano, lemon pepper","orzo pasta, artichoke heart, cucumber, tomato, red onion, feta cheese, black olive, parsley, lemon juice, oregano, lemon pepper"
Malaguena Lemon and Dill Vinaigrette,"white wine vinegar, Dijon mustard, dill, garlic, lemon juice, olive oil","white wine vinegar, dijon mustard, dill, garlic, lemon juice, olive oil"
Easy Swedish Apple Pie,"Granny Smith apples, sugar, sugar, flour, butter, egg, cinnamon","granny smith apple, sugar, all purpose flour, butter, egg, cinnamon"
Danish Red Cabbage,"red cabbage, butter, distilled white vinegar, cranberry juice, sugar, salt","red cabbage, butter, distilled white vinegar, cranberry juice, sugar, salt"
Joel&#39;s Jerk Chicken Pineapple Pasta,"olive oil, chicken breast halves, pineapple tidbits with juice, coconut, brown sugar, jerk seasoning mix, cinnamon, chili powder, red pepper flakes, fettuccini noodles","olive oil, chicken breast half, pineapple tidbit, coconut, brown sugar, jerk seasoning mix, cinnamon, chili powder, red pepper flake, fettuccine pasta"
Thai Spicy Basil Chicken Fried Rice,"oyster sauce, fish sauce, sugar, peanut oil, garlic, serrano peppers, chicken breast, red bell pepper, onion, jasmine rice, sweet Thai basil, cucumber, cilantro","oyster sauce, fish sauce, sugar, peanut oil, garlic, serrano pepper, chicken breast, red bell pepper, onion, jasmine rice, sweet thai basil, cucumber, cilantro"
Cherry Tomato Pasta Sauce,"cherry tomatoes, olive oil, garlic, chicken broth, oregano, red pepper flakes, penne pasta, Parmigiano-Reggiano cheese","cherry tomato, olive oil, garlic, chicken broth, oregano, red pepper flake, penne pasta, parmigiano reggiano cheese"
German Rocks,"white sugar, butter, eggs, all-purpose flour, cinnamon, baking soda, water, dates, walnuts","white sugar, butter, egg, all purpose flour, cinnamon, baking soda, water, date, walnut"
Chef John&#39;s Potato and Cheese Pierogi,"all-purpose flour, kosher salt, vegetable oil, water, water, unsalted butter, yellow onion, kosher salt, russet potatoes, farmer's cheese, kosher salt, black pepper, cayenne pepper, unsalted butter, sour cream, chives","all purpose flour, salt, vegetable oil, water, butter, yellow onion, russet potato, farmers cheese, black pepper, cayenne pepper, sour cream, chive"
Indian Style Basmati Rice,"basmati rice, vegetable oil, cinnamon stick, green cardamom, cloves, cumin seed, onion, water, salt","basmati rice, vegetable oil, cinnamon stick, green cardamom, clove, cumin seed, onion, water, salt"
Ratatouille,"olive oil, garlic, eggplant, parsley, salt, Parmesan cheese, zucchini, tomatoes, mushrooms, onion, green bell pepper","olive oil, garlic, eggplant, parsley, salt, parmesan cheese, zucchini, tomato, mushroom, onion, green bell pepper"
Viennese Chocolate-Nut Cake,"margarine, white sugar, eggs, all-purpose flour, cornstarch, hazelnuts, cocoa powder, confectioners' sugar","margarine, white sugar, egg, all purpose flour, cornstarch, hazelnut, cocoa powder, confectioners sugar"
Szechwan Shrimp,"water, ketchup, soy sauce, cornstarch, honey, red pepper, ginger, vegetable oil, green onions, garlic, shrimp","water, ketchup, soy sauce, cornstarch, honey, red pepper, ginger, vegetable oil, green onion, garlic, shrimp"
Japchae,"soy sauce, white sugar, sesame oil, garlic, sweet potato noodles, lean beef, spinach, vegetable oil, sweet onion, mushrooms, carrot","soy sauce, white sugar, sesame oil, garlic, sweet potato noodle, lean beef, spinach, vegetable oil, sweet onion, mushroom, carrot"
Julekake,"active dry yeast, water, milk, sugar, butter, salt, all-purpose flour, golden raisins, candied cherries, candied citron, cardamom, egg white","active dry yeast, water, milk, sugar, butter, salt, all purpose flour, golden raisin, candied cherry, candied citron, cardamom, egg white"
Vietnamese Eggplant with Spicy Sauce,"vegetable oil, eggplant, lemongrass, garlic, green onion, basil, red chile pepper, ginger, oyster sauce, sugar","vegetable oil, eggplant, lemongrass, garlic, green onion, basil, red chile pepper, ginger, oyster sauce, sugar"
Saltado de Vainitas (Peruvian Green Beans with Chicken),"canola oil, garlic, chile peppers, chicken, soy sauce, cumin, red onion, roma tomatoes, French-style green beans, white wine vinegar, salt, cilantro","canola oil, garlic, chile pepper, chicken, soy sauce, cumin, red onion, roma tomato, french style green bean, white wine vinegar, salt, cilantro"
Swedish Cream,"heavy cream, water, sugar, gelatin, sour cream, vanilla extract, almond extract, lingonberries","heavy cream, water, sugar, gelatin, sour cream, vanilla extract, almond extract, lingonberry"
Sea Bass à la Michele,"potatoes, olive oil, sherry vinegar, smoked paprika, kosher salt, green onions, jalapeno pepper, Chilean sea bass fillets","potato, olive oil, sherry vinegar, smoked paprika, kosher salt, green onion, jalapeno pepper, chilean sea bass fillet"
Kobete Chicken,"all-purpose flour, salt, water, whole chicken, cover, salt, onion, butter, white rice, salt, water, black pepper, egg, pie crust","all purpose flour, salt, water, whole chicken, onion, butter, white rice, black pepper, egg, pie crust"
Vaca Frita (Pan-Fried Beef),"onions, flank steak, green bell pepper, bay leaf, garlic, salt, lime juice, olive oil, butter, salt and freshly ground black pepper, lime","onion, flank steak, green bell pepper, bay leaf, garlic, salt, lime juice, olive oil, butter, black pepper, lime"
Crispy Ginger Biscuits,"butter, sugar, brown sugar, egg, ginger, salt, self-rising flour, crystallized ginger, white sugar","butter, sugar, brown sugar, egg, ginger, salt, self rising flour, crystallized ginger, white sugar"
German Rhubarb Streusel Cake,"all-purpose flour, sugar, egg, vanilla sugar, unsalted butter, rhubarb, unsalted butter","all purpose flour, sugar, egg, vanilla sugar, unsalted butter, rhubarb"
Queijadas,"eggs, sugar, butter, all-purpose flour, milk, vanilla extract","egg, sugar, butter, all purpose flour, milk, vanilla extract"
Russian Chicken Stew with Potatoes and Vegetables,"butter, chicken breast, potatoes, carrot, onion, tomato paste, freshly ground black pepper, cover, parsley","butter, chicken breast, potato, carrot, onion, tomato paste, black pepper, parsley"
White Peach Sangria,"dry white wine, peach flavored vodka, lemonade concentrate, sugar, white peaches, red grapes, green grapes","dry white wine, peach flavored vodka, lemonade concentrate, sugar, white peach, red grape, green grape"
Best Ever Russian Beef Stroganoff,"all-purpose flour, salt, black pepper, beef sirloin, butter, mushrooms, onion, garlic, butter, all-purpose flour, tomato paste, beef stock, sour cream, cooking sherry","all purpose flour, salt, black pepper, beef sirloin, butter, mushroom, onion, garlic, tomato paste, beef stock, sour cream, cooking sherry"
Cuban Chicken Sandwich,"chicken tenders, mojo marinade, olive oil, sweet onion, Cuban bread, mustard, dill pickle slices, Swiss cheese","chicken tender, mojo marinade, olive oil, sweet onion, cuban bread, mustard, dill pickle slice, swiss cheese"
Turkish Eggs (Cilbir),"Greek yogurt, garlic, black pepper, salt, cayenne pepper, dill, butter, Aleppo chili flakes, smoked paprika, cumin, parsley, jalapeno pepper, olive oil, salt, white vinegar, eggs, sea salt","greek yogurt, garlic, black pepper, salt, cayenne pepper, dill, butter, aleppo chili flake, smoked paprika, cumin, parsley, jalapeno pepper, olive oil, white vinegar, egg, sea salt"
Pork Roast and Sauerkraut,"bacon drippings, onion, apple, caraway seeds, sauerkraut, white wine, chicken stock, brown sugar, pork loin roast, kielbasa sausage","bacon dripping, onion, apple, caraway seed, bavarian style sauerkraut, white wine, chicken stock, brown sugar, pork loin roast, kielbasa sausage"
Beef Samosas,"potatoes, peas, vegetable oil, cumin seeds, bay leaf, beef, onions, garlic, ginger root, salt, cumin, coriander, turmeric, chili powder, cinnamon, cardamom, black pepper, oil, cilantro, green chile peppers, phyllo dough","potato, pea, vegetable oil, cumin seed, bay leaf, beef, onion, garlic, ginger root, salt, cumin, coriander, turmeric, chile powder, cinnamon, cardamom, black pepper, oil, cilantro, green chile pepper, phyllo dough"
Thai Monkfish Curry,"peanut oil, onion, red bell pepper, red Thai curry paste, coconut milk, monkfish, fish sauce, lime juice, cilantro","peanut oil, onion, red bell pepper, thai red curry paste, coconut milk, monkfish, fish sauce, lime juice, cilantro"
Game Day Sangria,"lemon juice, orange juice, white sugar, red wine, club soda, brandy, ice cubes","lemon juice, orange juice, white sugar, red wine, club soda, brandy, ice cube"
Jamaican Jerk Shrimp in Foil,"soy sauce, vinegar, white onion, extra-virgin olive oil, onions, thyme, habanero peppers, brown sugar, nutmeg, allspice, cloves, shrimp, aluminum foil","soy sauce, vinegar, white onion, extra virgin olive oil, onion, thyme, habanero pepper, brown sugar, nutmeg, allspice, clove, shrimp, aluminum foil"
Boscobel Beach Ginger Cake,"all-purpose flour, baking powder, ginger, cinnamon, salt, butter, brown sugar, eggs, ginger root, vanilla extract, milk, confectioners' sugar","all purpose flour, baking powder, ginger, cinnamon, salt, butter, brown sugar, egg, ginger root, vanilla extract, milk, confectioners sugar"
Swedish Cream with Summer Berries,"sour cream, sugar, yogurt, vanilla extract, brandy-based orange liqueur, whipping cream, strawberries","sour cream, sugar, yogurt, vanilla extract, brandy based orange liqueur, heavy whipping cream, strawberry"
Chef John&#39;s Cuban Bread,"water, flour, active dry yeast, active dry yeast, white sugar, water, lard, salt, all-purpose flour, vegetable oil, cornmeal","water, flour, active dry yeast, sugar, lard, salt, all purpose flour, vegetable oil, cornmeal"
Speculaas,"all-purpose flour, cinnamon, cloves, ginger, baking powder, salt, butter, brown sugar, egg, almonds","all purpose flour, cinnamon, clove, ginger, baking powder, salt, butter, brown sugar, egg, almond"
Quick and Easy Kimchi Salad,"cabbage, rock salt, carrot, vinegar, vegetable oil, sugar, sesame oil, sesame seeds, cayenne pepper, salt","cabbage, salt, carrot, vinegar, vegetable oil, sugar, sesame oil, sesame seed, cayenne pepper"
Jansson&#39;s Temptation (Janssons Frestelse),"onions, Swedish anchovies, potatoes, heavy cream, bread crumbs, butter","onion, swedish anchovy, potato, heavy cream, bread crumb, butter"
Easy Bulgogi (Korean BBQ Beef),"soy sauce, onions, onion, sugar, garlic, sesame seeds, sesame oil, Korean red pepper flakes, ginger, black pepper, beef sirloin steak, honey","soy sauce, onion, sugar, garlic, sesame seed, sesame oil, korean red pepper flake, ginger, black pepper, beef sirloin steak, honey"
German Lebkuchen,"brown sugar, honey, molasses, egg, all-purpose flour, nutmeg, cinnamon, cloves, allspice, baking soda, almonds, candied mixed fruit peel, egg white, lemon juice, lemon zest, confectioners' sugar","brown sugar, honey, molasses, egg, all purpose flour, nutmeg, cinnamon, clove, allspice, baking soda, almond, candied mixed fruit peel, egg white, lemon juice, lemon zest, confectioners sugar"
A Jerky Chicken,"onion, brown sugar, soy sauce, red wine vinegar, thyme, sesame oil, garlic, allspice, habanero pepper, chicken breast halves","onion, brown sugar, soy sauce, red wine vinegar, thyme, sesame oil, garlic, allspice, habanero pepper, chicken breast half"
Famous Japanese Restaurant-Style Salad Dressing,"onion, peanut oil, rice wine vinegar, water, ginger root, celery, ketchup, soy sauce, white sugar, lemon juice, garlic, salt, black pepper","onion, peanut oil, rice wine vinegar, water, ginger root, celery, ketchup, soy sauce, sugar, lemon juice, garlic, salt, black pepper"
Brazilian Cheese Rolls (Pão de Queijo),"tapioca starch, salt, vegetable oil, water, milk, Parmesan cheese, eggs","tapioca starch, salt, vegetable oil, water, milk, parmesan cheese, egg"
Pannukakku (Finnish Oven Pancake),"cooking spray, all-purpose flour, white sugar, salt, baking powder, milk, eggs, margarine, vanilla extract","cooking spray, all purpose flour, sugar, salt, baking powder, milk, egg, margarine, vanilla extract"
Patron Mojito,"silver tequila, mint, sugar, lime wedges, club soda","silver tequila, mint, sugar, lime wedge, club soda"
Portuguese Soup,"vegetable oil, onion, sausage, cabbage, potatoes, kidney beans, ketchup, beef consomme, water, garlic powder, black pepper, salt, vinegar","vegetable oil, onion, sausage, cabbage, potato, kidney bean, ketchup, beef consomme, water, garlic powder, black pepper, salt, vinegar"
Nazook (Sweet Persian Pastry),"sour cream, white sugar, active dry yeast, egg, white vinegar, vegetable oil, all-purpose flour, butter, white sugar, butter, vanilla extract, all-purpose flour, egg whites, egg yolks, yogurt","sour cream, sugar, active dry yeast, egg, white vinegar, vegetable oil, all purpose flour, butter, vanilla extract, egg white, egg yolk, yogurt"
Mexican Strawberry Agua Fresca,"strawberries, sugar, water, ice cubes, lime, mint sprigs","strawberry, sugar, water, ice cube, lime, mint sprig"
Norwegian Cabbage Rolls,"unsalted butter, yellow onion, ground beef, rice, heavy whipping cream, egg, Italian parsley, potato starch, salt, black pepper, caraway seeds, ginger, nutmeg, cloves, cabbage","butter, onion, ground beef, rice, heavy whipping cream, egg, italian parsley, potato starch, salt, black pepper, caraway seed, ginger, nutmeg, clove, cabbage"
Italian Easter Grain Pie,"water, whole wheat berries, eggs, sugar, ricotta cheese, mixed candied fruit, orange zest, lemon zest, vanilla extract, cinnamon, unsalted butter, salt, pastries for 9-inch lattice-top pies, confectioners' sugar","water, whole wheat berry, egg, sugar, ricotta cheese, mixed candied fruit, orange zest, lemon zest, vanilla extract, cinnamon, butter, salt, confectioners sugar"
Favorite Fry Bread Tacos,"all-purpose flour, baking powder, white sugar, salt, water, oil, beef, kidney beans, chili seasoning mix, Cheddar cheese, iceberg lettuce, tomatoes, sour cream","all purpose flour, baking powder, sugar, salt, water, oil, beef, kidney bean, chili seasoning mix, cheddar cheese, iceberg lettuce, tomato, sour cream"
Eastern European Kotlety,"lean ground beef, milk cracker crumbs, sweet yellow onion, egg, milk, garlic, kosher salt, black pepper, vegetable shortening","lean ground beef, milk cracker crumb, onion, egg, milk, garlic, salt, black pepper, vegetable shortening"
Brigadeiro Dessert,"margarine, sweetened condensed milk, heavy cream, unsweetened cocoa powder, eggs, chocolate sprinkles","margarine, sweetened condensed milk, heavy cream, unsweetened cocoa powder, egg, chocolate sprinkle"
Foolproof Potato Latkes,"potatoes, onion, eggs, salt, all-purpose flour, baking powder, canola oil","potato, onion, egg, salt, all purpose flour, baking powder, canola oil"
Cuban Inspired Millet,"carrot, garlic, olive oil, onion, green bell pepper, millet, vegetable broth, cilantro","carrot, garlic, olive oil, onion, green bell pepper, millet, vegetable broth, cilantro"
Indian Shrimp Curry,"peanut oil, sweet onion, garlic, turmeric, ginger, cumin, paprika, red chili powder, tomatoes, coconut milk, salt, shrimp, cilantro","peanut oil, sweet onion, garlic, turmeric, ginger, cumin, paprika, red chili powder, tomato, coconut milk, salt, shrimp, cilantro"
Hawaiian Tarts,"all-purpose flour, confectioners' sugar, cornstarch, butter, vanilla extract, pineapple preserves, sugar, egg, coconut, confectioners' sugar","all purpose flour, confectioners sugar, cornstarch, butter, vanilla extract, pineapple preserve, sugar, egg, coconut, confectioners sugar"
Garlic and Herb Cream Cheese,"cream cheese, butter, Parmesan cheese, garlic, oregano, parsley, thyme, dill weed, basil, black pepper","cream cheese, butter, parmesan cheese, garlic, oregano, parsley, thyme, dill weed, basil, black pepper"
Bazlama - Turkish Flat Bread,"active dry yeast, sugar, salt, water, Greek-style yogurt, all-purpose flour","active dry yeast, sugar, salt, water, greek yogurt, all purpose flour"
Aunt Gun-Marie&#39;s Waffles,"all-purpose flour, white sugar, baking powder, salt, eggs, vanilla extract, milk, butter","all purpose flour, white sugar, baking powder, salt, egg, vanilla extract, milk, butter"
Moroccan Shabbat Fish,"red bell pepper, tomatoes, tilapia fillets, water, olive oil, paprika, chicken bouillon granules, cayenne pepper, salt and pepper, parsley","red bell pepper, tomato, tilapia fillet, water, olive oil, paprika, chicken bouillon granule, cayenne pepper, salt, black pepper, parsley"
Krumkake II,"eggs, all-purpose flour, heavy whipping cream, white sugar, cardamom","egg, all purpose flour, heavy whipping cream, white sugar, cardamom"
Arroz Tapado (Rice-On-Top),"white rice, water, egg, potato, vegetable oil, tomatoes, water, vegetable oil, onion, garlic, aji chile, cumin, black pepper, oregano, ground beef, carrots, peas, peanut butter, cilantro, tomato, ketchup","white rice, water, egg, potato, vegetable oil, tomato, vegetable oil, onion, garlic, aji chile, cumin, black pepper, oregano, ground beef, carrot, pea, peanut butter, cilantro, tomato, ketchup"
Slow Cooker Pernil Pork,"garlic, onion, oregano, cumin, ancho chile pepper, salt, black pepper, white wine vinegar, olive oil, pork loin roast, lime","garlic, onion, oregano, cumin, ancho chile pepper, salt, black pepper, white wine vinegar, olive oil, pork loin roast, lime"
Chicharrones de Pollo,"lime juice, light rum, onion, garlic, chicken breast, egg, water, cumin, oregano, all-purpose flour, salt, black pepper, vegetable oil","lime juice, light rum, onion, garlic, chicken breast, egg, water, cumin, oregano, all purpose flour, salt, black pepper, vegetable oil"
Greek Spanakopita,"vegetable oil, onions, spinach, dill, all-purpose flour, feta cheese, eggs, salt and pepper, phyllo dough, butter","vegetable oil, onion, spinach, dill, all purpose flour, feta cheese, egg, salt, black pepper, phyllo dough, butter"
Pique (Puerto Rican Hot Sauce),"olive oil, onion, habanero peppers, aji dulce peppers, garlic, pineapple juice, lime juice, tequila, white vinegar, cilantro, culantro, sugar, oregano, salt, black pepper, cacao powder, cumin","olive oil, onion, habanero pepper, aji dulce pepper, garlic, pineapple juice, lime juice, tequila, white vinegar, cilantro, culantro, sugar, oregano, salt, black pepper, cacao powder, cumin"
Asian Coconut Rice,"jasmine rice, coconut milk, water, Sugar, salt, coconut oil","jasmine rice, coconut milk, water, sugar, salt, coconut oil"
Margareta&#39;s Cardamom Cake,"butter, bread crumbs, all-purpose flour, sugar, milk, cardamom, baking powder, cinnamon, pearl sugar","butter, bread crumb, all purpose flour, sugar, milk, cardamom, baking powder, cinnamon, pearl sugar"
Pebber Nodder (Danish Christmas Cookies),"butter, sugar, eggs, all-purpose flour, cardamom, cinnamon","butter, sugar, egg, all purpose flour, cardamom, cinnamon"
Empanadas Abiertas de Humita (Creamy Corn Empanadas),"empanada pastry rounds, butter, onions, sweet corn, nutmeg, all-purpose flour, milk, Parmesan cheese","empanada pastry round, butter, onion, sweet corn, nutmeg, all purpose flour, milk, parmesan cheese"
Turkish Doner Kebab,"all-purpose flour, oregano, salt, garlic powder, onion powder, Italian herb seasoning, black pepper, cayenne pepper, lamb","all purpose flour, oregano, salt, garlic powder, onion powder, italian herb seasoning, black pepper, cayenne pepper, lamb"
Atchara (Filipino Pickled Red Cabbage),"red cabbage, cane vinegar, sugar, coriander seeds, black pepper, kosher salt, Thai chile","red cabbage, cane vinegar, sugar, coriander seed, black pepper, kosher salt, thai chile"
Apple and Honey Sorbet,"Granny Smith apples, water, sugar, lemons, honey","granny smith apple, water, sugar, lemon, honey"
Rosemary Steak,"red wine, salt, rosemary, New York strip steaks","red wine, salt, rosemary, new york strip steak"
Quick and Easy Pancit,"rice noodles, vegetable oil, onion, garlic, chicken breast meat, cabbage, carrot, soy sauce, lemons","rice noodle, vegetable oil, onion, garlic, chicken breast meat, cabbage, carrot, soy sauce, lemon"
Swedish Apple Pie,"apples, cinnamon, sugar, sugar, margarine, pecans, all-purpose flour, egg, salt","apple, cinnamon, sugar, margarine, pecan, all purpose flour, egg, salt"
Mango Ceviche,"mangos, yellow onion, green bell pepper, red bell pepper, jalapeno peppers, cilantro, limes","mango, yellow onion, green bell pepper, red bell pepper, jalapeno pepper, cilantro, lime"
Easy Turkish Delight,"water, white sugar, gelatin, confectioners' sugar, corn flour, cream of tartar, rose water, pink food coloring, confectioners' sugar","water, sugar, gelatin, confectioners sugar, corn flour, cream of tartar, rose water, pink food coloring"
Toum (Lebanese Garlic Spread),"garlic, salt, lemon juice, canola oil","garlic, salt, lemon juice, canola oil"
Authentic Patatas Bravas,"russet potatoes, olive oil, salt, olive oil, onion, salt, garlic, red chile, smoked paprika, tomatoes, mayonnaise","russet potato, olive oil, salt, onion, garlic, red chile, smoked paprika, tomato, mayonnaise"
Dutch Apple Cake,"shortening, sugar, egg, vanilla extract, all-purpose flour, baking powder, salt, milk, apples, sugar, cinnamon","shortening, sugar, egg, vanilla extract, all purpose flour, baking powder, salt, milk, apple, cinnamon"
Semla,"milk, butter, eggs, active dry yeast, all-purpose flour, sugar, cardamom, salt, all-purpose flour, baking powder, milk, marzipan, whipping cream, white sugar, confectioners' sugar for dusting","milk, butter, egg, active dry yeast, all purpose flour, sugar, cardamom, salt, baking powder, marzipan, whipping cream, confectioners sugar"
Rosettes,"eggs, sugar, salt, all-purpose flour, milk, vanilla extract, frying, confectioners' sugar for dusting","egg, sugar, salt, all purpose flour, milk, vanilla extract, confectioners sugar"
Kale and Cabbage Soup,"tomatoes, butter, onion, salt and ground black pepper, olive oil, celery, onion, garlic, bay leaves, water, green cabbage, beef base, herbes de Provence, red pepper flakes, kidney beans, kale","tomato, butter, onion, salt, black pepper, olive oil, celery, garlic, bay leaf, water, green cabbage, beef base, herbes de provence, red pepper flake, kidney bean, kale"
Kookoo Sabzi (Fresh Herb Frittata),"barberries, Swiss chard, parsley, cilantro, dill, green onions, walnuts, garlic, kosher salt, fenugreek leaves, tarragon, turmeric, cinnamon, saffron, Damask rose petals, black pepper, eggs, olive oil, olive oil","barberry, swiss chard, parsley, cilantro, dill, green onion, walnut, garlic, kosher salt, fenugreek leaf, tarragon, turmeric, cinnamon, saffron, damask rose petal, black pepper, egg, olive oil"
The Best Lemon Vinaigrette,"red wine vinegar, Dijon mustard, garlic, oregano, kosher salt, black pepper, olive oil, lemon juice","red wine vinegar, dijon mustard, garlic, oregano, kosher salt, black pepper, olive oil, lemon juice"
Mahalabia (Lebanese Cardamom Pudding),"milk, cornstarch, sugar, cardamom-flavored extract, water, sugar, vanilla bean, pistachios, rose petals","milk, cornstarch, sugar, cardamom flavored extract, water, vanilla bean, pistachio, rose petal"
Ash-e-jow (Iranian/Persian Barley Soup),"chicken stock, vegetable oil, onion, pearl barley, tomato paste, lime, turmeric, salt, black pepper, carrots, sour cream, parsley, lime wedges","chicken stock, vegetable oil, onion, pearl barley, tomato paste, lime, turmeric, salt, black pepper, carrot, sour cream, parsley, lime wedge"
Lebanese Chicken Shawarma,"yogurt, lemon juice, olive oil, tomato paste, garlic, cumin, coriander, salt, black pepper, red pepper flakes, chicken breasts","yogurt, lemon juice, olive oil, tomato paste, garlic, cumin, coriander, salt, black pepper, red pepper flake, chicken breast"
Swedish Cream Cheese Crepes,"milk, all-purpose flour, eggs, butter, white sugar, salt, cottage cheese, cream cheese, confectioners sugar, vanilla extract, blueberries, water, sugar, cornstarch, water, butter","milk, all purpose flour, egg, butter, sugar, salt, cottage cheese, cream cheese, confectioners sugar, vanilla extract, blueberry, water, cornstarch"
Broa (Portuguese Cornbread),"milk, unsalted butter, white sugar, cornmeal, active dry yeast, sugar, water, all-purpose flour, sea salt, olive oil","milk, unsalted butter, sugar, cornmeal, active dry yeast, water, all purpose flour, sea salt, olive oil"
Cuban Picadillo,"beef, onion, garlic, red bell pepper, green bell pepper, raisins, green olives, tomato paste, water, cilantro","beef, onion, garlic, red bell pepper, green bell pepper, raisin, green olive, tomato paste, water, cilantro"
Fårikål,"lamb meat, cabbage, water, black peppercorns, salt","lamb meat, cabbage, water, black peppercorn, salt"
Ono Butter Mochi,"mochiko, white sugar, baking powder, butter, milk, eggs, vanilla extract, coconut","mochiko, sugar, baking powder, butter, milk, egg, vanilla extract, coconut"
Air Fryer Wiener Schnitzel,"veal, lemon juice, all-purpose flour, egg, parsley, panko bread crumbs, cooking spray, lemon","veal, lemon juice, all purpose flour, egg, parsley, panko bread crumb, cooking spray, lemon"
Finnish Runeberg Tortes,"all-purpose flour, all-purpose flour, gingersnap cookies, gingersnap cookies, almond flour, baking powder, butter, unsalted butter, sugar, brown sugar, eggs, rum flavored extract, heavy cream, raspberry jam, icing sugar, egg white","all purpose flour, gingersnap cookie, almond flour, baking powder, butter, sugar, dark brown sugar, egg, rum flavored extract, heavy cream, raspberry jam, icing sugar, egg white"
Bibimbap (Korean Rice Bowl),"English cucumber, gochujang, spinach, soy sauce, olive oil, carrots, garlic, red pepper flakes, beef top round steak, eggs, white rice, sesame oil, sesame seeds, gochujang","english cucumber, gochujang, spinach, soy sauce, olive oil, carrot, garlic, red pepper flake, beef top round steak, egg, white rice, sesame oil, sesame seed"
Indonesian Chicken Skewers with Peanut Sauce (Satay Ayam),"chicken thighs, salt, white pepper, sunflower seed oil, wooden skewers, water, peanut butter, kecap manis, brown sugar, garlic, salt, lime juice","chicken thigh, salt, white pepper, sunflower seed oil, wood skewer, water, peanut butter, kecap manis, dark brown sugar, garlic, lime juice"
Tembleque de Coco (Coconut Tembleque),"coconut milk, coconut cream, evaporated milk, cinnamon, nutmeg, ginger, milk, cornstarch, white sugar, vanilla extract, orange blossom water, salt, lime zest, cinnamon","coconut milk, coconut cream, evaporated milk, cinnamon, nutmeg, ginger, milk, cornstarch, sugar, vanilla extract, orange blossom water, salt, lime zest"
Speculaas Cookies or Spicy Sinterklass Cakes,"milk, dark brown sugar, all-purpose flour, cloves, cinnamon, nutmeg, ginger, baking powder, salt, almonds, candied citron, butter, almonds","milk, dark brown sugar, all purpose flour, clove, cinnamon, nutmeg, ginger, baking powder, salt, almond, candied citron, butter"
The Amazing Swedish Meatball,"beef, pork, onion, bread crumbs, egg, milk, parsley, Worcestershire sauce, salt, pepper, vegetable oil, all-purpose flour, paprika, salt, pepper, water, sour cream","beef, pork, onion, bread crumb, egg, milk, parsley, worcestershire sauce, salt, black pepper, vegetable oil, all purpose flour, paprika, water, sour cream"
Perfect Baked Jerk Chicken,"salt, allspice, brown sugar, onion powder, garlic, nutmeg, black pepper, ginger, cayenne pepper, cinnamon, thyme, chicken, vegetable oil","salt, allspice, dark brown sugar, onion powder, garlic, nutmeg, black pepper, ginger, cayenne pepper, cinnamon, thyme, chicken, vegetable oil"
Swedish Hard Tack,"all-purpose flour, sugar, baking soda, salt, butter, buttermilk","all purpose flour, sugar, baking soda, salt, butter, buttermilk"
Cuban Tamales,"olive oil, boneless country-style pork ribs, dry white wine, water, garlic, tomato paste, beef bouillon, bay leaves, cumin, oregano, black pepper, Spanish chorizo sausage, yellow onion, green olives, corn, masa harina, white sugar, white vinegar, salt, corn husks, 12-inch lengths","olive oil, boneless country style pork rib, dry white wine, water, garlic, tomato paste, beef bouillon, bay leaf, cumin, oregano, black pepper, spanish chorizo sausage, yellow onion, green olive, corn, masa harina, sugar, white vinegar, salt, corn husk"
Instant Pot Thai-Style Green Curry Chicken,"coconut milk, chicken broth, green curry paste, soy sauce, fish sauce, brown sugar, basil, vegetable oil, chicken thighs, jalapeno pepper, garlic, lime, ginger, snow peas, red bell pepper, cilantro","coconut milk, chicken broth, green curry paste, soy sauce, fish sauce, dark brown sugar, basil, vegetable oil, chicken thigh, jalapeno pepper, garlic, lime, ginger, snow pea, red bell pepper, cilantro"
Cap Cai,"vegetable oil, garlic, onion, shrimp, bok choy, broccoli, cauliflower, carrot, onions, water, cornstarch, fish sauce, oyster sauce, sugar, black pepper, salt","vegetable oil, garlic, onion, shrimp, bok choy, broccoli, cauliflower, carrot, water, cornstarch, fish sauce, oyster sauce, sugar, black pepper, salt"
Potato Plum Dumplings,"russet potatoes, salt, butter, eggs, farina, all-purpose flour, Italian prune plums, sugar, butter, sugar, bread crumbs, butter and sugar","russet potato, salt, butter, egg, farina, all purpose flour, italian prune plum, sugar, bread crumb"
Kalbi (Marinated Beef Short Ribs),"white sugar, soy sauce, sesame oil, garlic, onions, sesame seeds, beef short ribs","sugar, soy sauce, sesame oil, garlic, onion, sesame seed, beef short rib"
Manjar (Dulce de Leche) from Scratch,"milk, sugar, vanilla extract, baking soda","milk, sugar, vanilla extract, baking soda"
Brazilian Crispy Cheese Bread,"tapioca flour, water, oil, salt, egg, yogurt, Parmesan cheese","tapioca flour, water, oil, salt, egg, yogurt, parmesan cheese"
Beef Stroganoff with Noodles,"vegetable oil, beef stew meat, bacon, onion, celery, seasoning salt, Worcestershire sauce, beef broth, dry egg noodles, butter, mushrooms, cornstarch, water, sour cream","vegetable oil, beef stew meat, bacon, onion, celery, seasoning salt, worcestershire sauce, beef broth, dry egg noodle, butter, mushroom, cornstarch, water, sour cream"
Mofongo,"canola oil, garlic, olive oil, fried pork skins, green plantains, salt","canola oil, garlic, olive oil, fried pork skin, green plantain, salt"
Authentic Saag Paneer,"spinach, fenugreek leaves, canola oil, paneer, cumin seeds, onion, garlic, ginger, tomato, garam masala, turmeric, cayenne pepper, heavy whipping cream, salt","spinach, fenugreek leaf, canola oil, paneer, cumin seed, onion, garlic, ginger, tomato, garam masala, turmeric, cayenne pepper, heavy whipping cream, salt"
South African Instant Milk Tart,"graham crackers, butter, eggs, sugar, cornstarch, cake flour, milk, cinnamon stick, butter, vanilla extract, cinnamon sugar","graham cracker, butter, egg, sugar, cornstarch, cake flour, milk, cinnamon stick, butter, vanilla extract, cinnamon sugar"
Crispy Fried Smelts,"all-purpose flour, salt, smelt, vegetable oil","all purpose flour, salt, smelt, vegetable oil"
Rabbit Fricassee Cuban-Style,"rabbit, water, onion, garlic, green bell pepper, saffron powder, cumin, salt, black pepper, lemon juice, bay leaf, tomato sauce, potatoes, white wine, capers, raisins, green olives, olive oil, baby peas","rabbit, water, onion, garlic, green bell pepper, saffron powder, cumin, salt, black pepper, lemon juice, bay leaf, tomato sauce, potato, white wine, caper, raisin, green olive, olive oil, baby pea"
Punjabi Chicken in Thick Gravy,"vegetable oil, ghee, cumin seeds, onion, garlic, ginger root, water, tomato, serrano chile pepper, tomato paste, garam masala, turmeric, salt, chicken legs, cilantro","vegetable oil, ghee, cumin seed, onion, garlic, ginger root, water, tomato, serrano chile pepper, tomato paste, garam masala, turmeric, salt, chicken leg, cilantro"
Best Bobotie,"vegetable oil, onions, ground beef, milk, Texas toast thick-sliced bread, raisins, chutney, curry powder, apricot jam, salt, black pepper, egg, salt, bay leaf","vegetable oil, onion, ground beef, milk, texas toast thick sliced bread, raisin, chutney, curry powder, apricot jam, salt, black pepper, egg, salt, bay leaf"
Greek Baklava,"phyllo dough, nuts, butter, cinnamon, water, sugar, vanilla extract, honey","phyllo dough, nut, butter, cinnamon, water, sugar, vanilla extract, honey"
Coconut Coconut Milk Cake,"white sugar, butter, eggs, coconut, all-purpose flour, baking powder, salt, coconut milk","sugar, butter, egg, coconut, all purpose flour, baking powder, salt, coconut milk"
Agua de Jamaica (Iced Hibiscus Tea),"water, hibiscus petals, cinnamon stick, cloves, nutmeg, allspice, piloncillo, white sugar","water, hibiscus petal, cinnamon stick, clove, nutmeg, allspice, piloncillo, sugar"
Vietnamese Caramel Chicken,"white sugar, fish sauce, black pepper, chicken thighs, water, fish sauce, white sugar, rice vinegar, vegetable oil, garlic, jalapeno peppers","sugar, fish sauce, black pepper, chicken thigh, water, fish sauce, sugar, rice vinegar, vegetable oil, garlic, jalapeno pepper"
Kate&#39;s Easy German Sauerbraten,"water, red wine, cider vinegar, onion, lemon, white sugar, salt, garlic, cloves, bay leaves, juniper berries, peppercorns, beef chuck roast, onions, carrots, celery, gingersnap cookies","water, red wine, cider vinegar, onion, lemon, sugar, salt, garlic, clove, bay leaf, juniper berry, peppercorn, beef chuck roast, onion, carrot, celery, gingersnap cookie"
Ajiaco (Beef and Pepper Stew),"canola oil, shallots, garlic, red bell peppers, chipotle chile powder, cumin, roast beef, baby red potatoes, water, beef broth, oregano, Salt and pepper, parsley, eggs","canola oil, shallot, garlic, red bell pepper, chipotle chile powder, cumin, roast beef, baby red potato, water, beef broth, oregano, salt, black pepper, parsley, egg"
Coxinhas (Brazilian Chicken Croquettes),"chicken breast halves, chicken broth, olive oil, onion, green olives, parsley, salt and pepper, chicken broth, butter, salt, all-purpose flour, all-purpose flour, eggs, bread crumbs, frying","chicken breast half, chicken broth, olive oil, onion, green olive, parsley, salt, black pepper, chicken broth, butter, salt, all purpose flour, all purpose flour, egg, bread crumb, frying"
My Own Famous Stuffed Grape Leaves,"olive oil, long-grain white rice, onion, dill, mint leaves, chicken broth, lemon juice, grape leaves, olive oil","olive oil, long grain white rice, onion, dill, mint leaf, chicken broth, lemon juice, grape leaf, olive oil"
Horseradish Beets (Chrin),"beets, horseradish","beet, horseradish"
Chef John&#39;s Patatas Bravas,"garlic, smoked paprika, salt, mayonnaise, sherry vinegar, tomato paste, chipotle peppers, cayenne pepper, salt, black pepper, paprika, chipotle peppers, water, salt, smoked paprika, cumin, bay leaves, russet potatoes, vegetable oil","garlic, smoked paprika, salt, mayonnaise, sherry vinegar, tomato paste, chipotle pepper, cayenne pepper, salt, black pepper, paprika, chipotle pepper, water, salt, smoked paprika, cumin, bay leaf, russet potato, vegetable oil"
Vegetarian Banh Mi Bowls,"water, brown rice, water, quinoa, cucumber, carrots, radishes, rice vinegar, water, sugar, sesame oil, salt, mayonnaise, sriracha sauce, peanuts, cilantro","water, brown rice, water, quinoa, cucumber, carrot, radish, rice vinegar, water, sugar, sesame oil, salt, mayonnaise, sriracha sauce, peanut, cilantro"
Stroopwaffels I,"all-purpose flour, sugar, butter, eggs, active dry yeast, water, brown sugar, butter, cinnamon, dark corn syrup","all purpose flour, sugar, butter, egg, active dry yeast, water, brown sugar, butter, cinnamon, dark corn syrup"
Colombian Turmada Potatoes (Papa Turmada),"potatoes, vegetable oil, pork sausage, white onion, green onion, tomato, cumin, thyme, salt and pepper, white sandwich bread, milk, mozzarella cheese, Parmesan cheese, vegetable oil, eggs","potato, vegetable oil, pork sausage, white onion, green onion, tomato, cumin, thyme, salt, black pepper, white sandwich bread, milk, mozzarella cheese, parmesan cheese, vegetable oil, egg"
Pollo a la Brasa (Peruvian Grilled Chicken),"soy sauce, garlic, lime juice, vegetable oil, cumin, paprika, oregano, chicken thighs, jalapeno peppers, cilantro, mayonnaise, lime juice, olive oil, garlic, salt, black pepper","soy sauce, garlic, lime juice, vegetable oil, cumin, paprika, oregano, chicken thigh, jalapeno pepper, cilantro, mayonnaise, olive oil, salt, black pepper"
Classic Swiss Fondue,"Gruyere cheese, Emmental cheese, cornstarch, garlic, white wine, French bread, baby potatoes, cornichons, pearl onions","gruyere cheese, emmental cheese, cornstarch, garlic, white wine, french bread, baby potato, cornichon, pearl onion"
Easy Indian Butter Chicken,"butter, onion, garlic, tomato sauce, heavy cream, salt, cayenne pepper, garam masala, chicken breast, vegetable oil, tandoori masala","butter, onion, garlic, tomato sauce, heavy cream, salt, cayenne pepper, garam masala, chicken breast, vegetable oil, tandoori masala"
Authentic Vietnamese Spring Rolls (Nem Ran Hay Cha Gio),"thin rice noodles, chicken, shrimp, eggs, carrot, wood fungus mushrooms, onions, white sugar, salt, black pepper, rice paper wrappers, vegetable oil","thin rice noodle, chicken, shrimp, egg, carrot, wood ear mushroom, onion, white sugar, salt, black pepper, rice paper wrapper, vegetable oil"
Cao Lầu (Vietnamese Noodle Bowl),"soy sauce, garlic, Chinese five-spice powder, white sugar, paprika, chicken bouillon granules, pork tenderloin, vegetable oil, water, Vietnamese-style rice noodles, bean sprouts, lettuce leaves, green onions, basil leaves, cilantro leaves, chow mein noodles","soy sauce, garlic, chinese five spice powder, white sugar, paprika, chicken bouillon granule, pork tenderloin, vegetable oil, water, vietnamese style rice noodle, bean sprout, lettuce leaf, green onion, basil leaf, cilantro leaf, chow mein noodle"
Easy Blini (Russian Pancake),"all-purpose flour, salt, baking powder, milk, milk, egg, unsalted butter, unsalted butter","all purpose flour, salt, baking powder, milk, egg, unsalted butter"
Fattet Betenjan (Eggplant and Yogurt Salad),"water, salt, eggplants, pita bread rounds, vegetable oil, yogurt, mayonnaise, lemon, garlic, oil, almonds, romaine lettuce, chickpeas","water, salt, eggplant, pita bread round, vegetable oil, yogurt, mayonnaise, lemon, garlic, oil, almond, romaine lettuce leaf, chickpea"
Chicken Fried Rice,"egg, water, butter, vegetable oil, onion, white rice, chicken meat, soy sauce, black pepper","egg, water, butter, vegetable oil, onion, white rice, chicken meat, soy sauce, black pepper"
Chef John&#39;s Chicken Tikka Masala,"chicken thighs, vegetable oil, kosher salt, garam masala, cumin, coriander, smoked paprika, turmeric, black pepper, cayenne pepper, cardamom, clarified butter, onion, tomato paste, garlic, ginger, tomatoes, coconut milk, chicken broth, cilantro, red pepper flakes","chicken thigh, vegetable oil, kosher salt, garam masala, cumin, coriander, smoked paprika, turmeric, black pepper, cayenne pepper, cardamom, clarified butter, onion, tomato paste, garlic, ginger, tomato, coconut milk, chicken broth, cilantro, red pepper flake"
Gramma&#39;s Date Squares,"rolled oats, pastry flour, brown sugar, baking soda, salt, butter, dates, water, lemon juice","rolled oat, pastry flour, brown sugar, baking soda, salt, butter, date, water, lemon juice"
Japchae Korean Glass Noodles,"Korean dang myun noodles, sesame oil, soy sauce, white sugar, vegetable oil, carrots, asparagus, onions, garlic, onions, shiitake mushrooms, sesame seeds","korean dang myun noodle, sesame oil, soy sauce, white sugar, vegetable oil, carrot, asparagus, onion, garlic, shiitake mushroom, sesame seed"
Russian Cabbage Borscht,"potatoes, beets, vegetable stock or water, butter, onions, caraway seed, salt, celery stalk, carrot, red cabbage, black pepper, dill weed, cider vinegar, honey, tomato puree, sour cream, tomatoes","potato, beet, vegetable stock, water, butter, onion, caraway seed, salt, celery stalk, carrot, red cabbage, black pepper, dill weed, cider vinegar, honey, tomato puree, sour cream, tomato"
Sacher Torte,"semisweet chocolate, butter, confectioners' sugar, confectioners' sugar, eggs, sugar, white sugar, cake flour, water, sugar, dark rum, apricot preserves, water, semisweet chocolate, heavy cream","semisweet chocolate, butter, confectioners sugar, egg, sugar, white sugar, cake flour, water, dark rum, apricot preserve, heavy cream"
Prawn Nasi Goreng,"vegetable oil, eggs, dark soy sauce, ketchup, brown sugar, sesame oil, sweet chili sauce, zucchini, carrot, green onions, garlic, rice, prawns, chives","vegetable oil, egg, dark soy sauce, ketchup, brown sugar, sesame oil, sweet chili sauce, zucchini, carrot, green onion, garlic, rice, prawn, chive"
Chilean Dobladitas,"all-purpose flour, butter, milk, baking powder, salt, butter","all purpose flour, butter, milk, baking powder, salt"
German Semolina Pudding,"milk, sugar, semolina","milk, sugar, semolina"
My Classic Puerto Rican Carne Guisada,"corn oil, beef round steak, garlic, black pepper, oregano, white wine, sofrito, salt, beef bouillon, bay leaves, potatoes, carrots, Spanish olives, tomato paste","corn oil, beef round steak, garlic, black pepper, oregano, white wine, sofrito, salt, beef bouillon, bay leaf, potato, carrot, spanish olive, tomato paste"
Newfoundland-Style Pea Soup,"salt beef, water, yellow split peas, carrots, turnip, black pepper","salt beef, water, yellow split pea, carrot, turnip, black pepper"
Middle Eastern Rice with Black Beans and Chickpeas,"olive oil, garlic, basmati rice, cumin, coriander, turmeric, cayenne pepper, chicken stock, turkey, garbanzo beans, black beans, cilantro, parsley, pine nuts","olive oil, garlic, basmati rice, cumin, coriander, turmeric, cayenne pepper, chicken stock, turkey, garbanzo bean, black bean, cilantro, parsley, pine nut"
Macarons,"egg whites, confectioners' sugar, almond flour, salt, sugar, raspberry jam","egg white, confectioners sugar, almond flour, salt, sugar, raspberry jam"
Chilean Alfajores,"sweetened condensed milk, butter, sugar, egg, all-purpose flour","sweetened condensed milk, butter, sugar, egg, all purpose flour"
Tropical Hawaiian Wedding Cake,"all-purpose flour, white sugar, baking soda, pineapple, eggs, walnuts, coconut","all purpose flour, sugar, baking soda, pineapple, egg, walnut, coconut"
Chinese Eggplant with Garlic Sauce,"canola oil, Chinese eggplants, water, garlic powder, red pepper flakes, light soy sauce, oyster sauce, white sugar, cornstarch","canola oil, eggplant, water, garlic powder, red pepper flake, light soy sauce, oyster sauce, sugar, cornstarch"
Reshteh Polo (Persian Noodle Rice),"basmati rice, kosher salt, saffron, water, noodles, grapeseed oil, Diamond Crystal®, gold potatoes, water, unsalted butter, unsalted butter, Medjool dates, golden raisins, cinnamon","basmati rice, salt, saffron, water, noodle, grapeseed oil, gold potato, butter, date, golden raisin, cinnamon"
Stroopwaffels II,"all-purpose flour, baking powder, salt, eggs, white sugar, vanilla extract, lemon extract, butter, sugar, corn syrup, lemon juice, heavy cream","all purpose flour, baking powder, salt, egg, sugar, vanilla extract, lemon extract, butter, corn syrup, lemon juice, heavy cream"
Cuban Marinated Steak,"cumin seeds, orange juice, vegetable oil, Montreal-style steak seasoning, lime juice, oregano, beef rib-eye steaks","cumin seed, orange juice, vegetable oil, beef rib eye steak, lime juice, oregano"
Sour Cream Banana Cake,"brown sugar, butter, eggs, bananas, sour cream, cake flour, baking soda, salt, walnuts, vanilla extract, confectioners' sugar","brown sugar, butter, egg, banana, sour cream, cake flour, baking soda, salt, walnut, vanilla extract, confectioners sugar"
Pisco Sour Cocktail,"pisco, lime juice, simple syrup, egg white, ice, Angostura bitters","pisco, lime juice, simple syrup, egg white, ice, angostura bitter"
Chômeur&#39;s Pudding,"all-purpose flour, baking powder, sugar, margarine, egg, milk, water, brown sugar, vanilla extract","all purpose flour, baking powder, sugar, margarine, egg, milk, water, brown sugar, vanilla extract"
German Hamburgers (Frikadellen),"Kaiser roll, ground beef, ground pork, onion, parsley, egg, Hungarian hot paprika","kaiser roll, ground beef, ground pork, onion, parsley, egg, hungarian hot paprika"
Kabab Barg,"olive oil, lime juice, onions, garlic, saffron, salt, black pepper, lamb, tomatoes, sumac","olive oil, lime juice, onion, garlic, saffron, salt, black pepper, lamb, tomato, sumac"
A Drama Queen&#39;s Pavlova,"egg whites, salt, vinegar, sugar, vanilla extract, unsweetened flaked coconut, whipped cream, strawberries, kiwifruit, peach, blueberries","egg white, salt, vinegar, sugar, vanilla extract, unsweetened coconut flake, whipped cream, strawberry, kiwi, peach, blueberry"
Green Onion Garlic Naan Bread,"bread flour, kosher salt, baking powder, Greek yogurt, garlic, green onions, butter","bread flour, salt, baking powder, greek yogurt, garlic, green onion, butter"
Satay Sauce,"coconut milk, peanut butter, onion, dark soy sauce, brown sugar, red pepper flakes","coconut milk, peanut butter, onion, dark soy sauce, brown sugar, red pepper flake"
Lebanese White Coffee,"orange blossom water, water, acacia honey, orange blossoms","orange blossom water, water, acacia honey"
Wine and Garlic Pork (Portuguese Vina Dosh),"red wine vinegar, red wine, garlic, black pepper, salt, cloves, bay leaves, thyme, pork shoulder, vegetable oil","red wine vinegar, red wine, garlic, black pepper, salt, clove, bay leaf, thyme, pork shoulder, vegetable oil"
Brazilian Grilled Pineapple,"brown sugar, cinnamon, pineapple","brown sugar, cinnamon, pineapple"
Easy Chicken Curry,"olive oil, onions, curry powder, chicken breast halves","olive oil, onion, curry powder, chicken breast half"
Cassava Cake,"yuca, coconut milk, sweetened condensed milk, evaporated milk, eggs","yuca, coconut milk, sweetened condensed milk, evaporated milk, egg"
German Rouladen,"flank steak, German stone ground mustard, bacon, onions, dill pickle slices, butter, water, beef bouillon","flank steak, mustard, bacon, onion, dill pickle slice, butter, water, beef bouillon"
Chinese Chicken Fried Rice,"sesame oil, onion, chicken meat, soy sauce, carrots, celery, red bell pepper, pea pods, green bell pepper, white rice, eggs, soy sauce","sesame oil, onion, chicken meat, soy sauce, carrot, celery, red bell pepper, pea pod, green bell pepper, white rice, egg"
Sweet Chili Thai Sauce,"water, rice vinegar, sugar, ginger root, hot chile pepper, ketchup, garlic, cornstarch, water","water, rice vinegar, sugar, ginger root, hot chile pepper, ketchup, garlic, cornstarch"
Leche Flan,"sugar, water, sweetened condensed milk, evaporated milk, egg yolks, vanilla extract","sugar, water, sweetened condensed milk, evaporated milk, egg yolk, vanilla extract"
Mie Goreng - Indonesian Fried Noodles,"ramen noodles, vegetable oil, chicken breast, olive oil, garlic salt, black pepper, vegetable oil, shallots, garlic, cabbage, carrots, broccoli florets, mushrooms, soy sauce, sweet soy sauce, oyster sauce, salt and pepper","ramen noodle, vegetable oil, chicken breast, olive oil, garlic salt, black pepper, shallot, garlic, cabbage, carrot, broccoli floret, mushroom, soy sauce, sweet soy sauce, oyster sauce, salt"
Real Poutine,"vegetable oil, beef gravy, potatoes, cheese curds","vegetable oil, beef gravy, potato, cheese curd"
Portuguese Snow Drops,"egg whites, sugar, lemon juice","egg white, sugar, lemon juice"
Pineapple Upside-Down Cake II,"unsalted butter, brown sugar, pineapple, all-purpose flour, baking powder, salt, cinnamon, butter, white sugar, eggs, vanilla extract, milk","unsalted butter, brown sugar, pineapple, all purpose flour, baking powder, salt, cinnamon, butter, sugar, egg, vanilla extract, milk"
Spanish Gazpacho,"tomatoes, cucumber, green bell pepper, onion, red wine vinegar, garlic, salt, extra-virgin olive oil, water, onion, green bell pepper, cucumber","tomato, cucumber, green bell pepper, onion, red wine vinegar, garlic, salt, extra virgin olive oil, water"
Traditional Gyro Meat,"onion, lamb, beef, garlic, oregano, cumin, marjoram, rosemary, thyme, black pepper, sea salt, spray","onion, lamb, beef, garlic, oregano, cumin, marjoram, rosemary, thyme, black pepper, sea salt"
Instant Pot Galbi (Korean-Style Short Ribs),"beef short ribs, Asian pear, onion, garlic, fresh ginger, low-sodium soy sauce, rice wine, water, brown sugar, sesame oil, black pepper, carrots, radishes, sugar, green onions, sesame seeds","beef short rib, asian pear, onion, garlic, ginger, low sodium soy sauce, rice wine, water, brown sugar, sesame oil, black pepper, carrot, radish, sugar, green onion, sesame seed"
Herbs de Provence,"rosemary, fennel seed, savory, thyme, basil, marjoram, lavender flowers, Italian parsley, oregano, tarragon, bay powder","rosemary, fennel seed, savory, thyme, basil, marjoram, lavender flower, italian parsley, oregano, tarragon, bay powder"
Apricot Anzac Biscuits,"margarine, margarine, golden syrup, water, baking soda, rolled oats, all-purpose flour, sugar, coconut, dried apricots","margarine, golden syrup, water, baking soda, rolled oat, all purpose flour, sugar, coconut, dried apricot"
Stroopwafels,"all-purpose flour, butter, white sugar, milk, egg, active dry yeast, spray, molasses, brown sugar, unsalted butter, cinnamon","all purpose flour, butter, sugar, milk, egg, active dry yeast, molasses, brown sugar, unsalted butter, cinnamon"
Finnish Pannu Kakku,"butter, sugar, all-purpose flour, baking powder, salt, eggs, milk","butter, sugar, all purpose flour, baking powder, salt, egg, milk"
Chimichurri Roasted Potatoes,"red potatoes, olive oil, Italian parsley, basil, garlic cloves, red wine vinegar","red potato, olive oil, italian parsley, basil, garlic clove, red wine vinegar"
Pho Ga Soup,"vegetable oil, yellow onion, baby bella mushrooms, garlic, water, rice stick noodles, chicken bouillon, chicken breasts, green onions, cilantro, bean sprouts, lime, Sriracha hot sauce","vegetable oil, yellow onion, baby bella mushroom, garlic, water, rice stick noodle, chicken bouillon, chicken breast, green onion, cilantro, bean sprout, lime, sriracha hot sauce"
Dutch Boterkoek,"all-purpose flour, baking powder, butter, white sugar, lemon zest, vanilla extract, milk","all purpose flour, baking powder, butter, sugar, lemon zest, vanilla extract, milk"
Lazy Golumpki (Stuffed Cabbage) Soup,"butter, sweet onion, ground beef, water, cabbage, tomato puree, tomato soup, long-grain brown rice, beef bouillon","butter, sweet onion, ground beef, water, cabbage, tomato puree, tomato soup, long grain brown rice, beef bouillon"
Chicken Singapore Noodles,"Chinese egg noodle nests, peanut oil, garlic, ginger, red pepper flakes, chicken breast, green onions, carrot, water chestnuts, straw mushrooms, peanut butter, oyster sauce, curry powder, soy sauce","chinese egg noodle nest, peanut oil, garlic, ginger, red pepper flake, chicken breast, green onion, carrot, water chestnut, straw mushroom, peanut butter, oyster sauce, curry powder, soy sauce"
Pakistani Ground Beef Curry,"olive oil, onion, beef, tomatoes, curry powder, paprika, salt, black pepper, chile powder, cayenne pepper, peas","olive oil, onion, beef, tomato, curry powder, paprika, salt, black pepper, chile powder, cayenne pepper, pea"
Peruvian Causa,"russet potatoes, vegetable oil, aji amarillo, tuna, red onion, mayonnaise, avocados, eggs","russet potato, vegetable oil, aji amarillo, tuna, red onion, mayonnaise, avocado, egg"
General Tao Chicken,"chicken breast, cornstarch, eggs, salt, black pepper, all-purpose flour, baking powder, vegetable oil, green onion, ginger root, sesame oil, water, sugar, distilled white vinegar, cornstarch, soy sauce, oyster sauce, ketchup","chicken breast, cornstarch, egg, salt, black pepper, all purpose flour, baking powder, vegetable oil, green onion, ginger root, sesame oil, water, sugar, distilled white vinegar, cornstarch, soy sauce, oyster sauce, ketchup"
French Canadian Tourtière,"ground pork, ground beef, onion, garlic, water, salt, thyme, sage, black pepper, cloves, double-crust pie pastry","ground pork, ground beef, onion, garlic, water, salt, thyme, sage, black pepper, clove, double crust pie pastry"
Brazilian Whole Banana Pie,"brown sugar, water, bananas, whole wheat flour, wheat germ, rolled oats, brown sugar, margarine, cinnamon","dark brown sugar, water, banana, whole wheat flour, wheat germ, rolled oat, dark brown sugar, margarine, cinnamon"
Anzac Biscuits (Australian Coconut-Oat Cookies),"quick cooking oats, sugar, all-purpose flour, coconut, golden syrup, water, baking soda","quick cooking oat, sugar, all purpose flour, coconut, golden syrup, water, baking soda"
Potato Soup with Gravlax Rosettes,"butter, russet potatoes, onion, vegetable broth, mascarpone cheese, salt and black pepper, lemon juice, smoked salmon, mascarpone cheese, chives","butter, russet potato, onion, vegetable broth, mascarpone cheese, salt, black pepper, lemon juice, smoked salmon, mascarpone cheese, chive"
Ashure,"bulgur, garbanzo beans, white beans, raisins, water, white sugar, dried apricots, orange peel, cloves, sesame seeds, walnuts, pistachio nuts, currants, cinnamon","bulgur, garbanzo bean, white bean, raisin, water, sugar, dried apricot, orange peel, clove, sesame seed, walnut, pistachio, currant, cinnamon"
Chicken Curry Puffs,"vegetable oil, coriander, turmeric, cumin, curry powder, coconut milk, onions, lemon grass, red chile pepper, russet potato, chicken breast, salt, frozen puff pastry","vegetable oil, coriander, turmeric, cumin, curry powder, coconut milk, onion, lemongrass, red chile pepper, russet potato, chicken breast, salt, frozen puff pastry"
Spanish Flan,"sugar, eggs, sweetened condensed milk, evaporated milk, vanilla extract","sugar, egg, sweetened condensed milk, evaporated milk, vanilla extract"
Teriyaki Rib Eye Steaks,"soy sauce, water, sugar, honey, Worcestershire sauce, distilled white vinegar, olive oil, onion powder, garlic powder, ginger, lean beef rib eye steaks","soy sauce, water, sugar, honey, worcestershire sauce, distilled white vinegar, olive oil, onion powder, garlic powder, ginger, lean beef rib eye steak"
Paska Bread,"active dry yeast, water, sugar, milk, all-purpose flour, eggs, sugar, butter, salt, lemon zest, all-purpose flour, egg, water, butter","active dry yeast, water, sugar, milk, all purpose flour, egg, sugar, butter, salt, lemon zest, all purpose flour, egg, water, butter"
Peruvian Alfajores with Manjar Blanco,"white sugar, butter, cornstarch, all-purpose flour, eggs, pisco, vanilla extract, baking powder, water, confectioners' sugar, sweetened condensed milk, evaporated milk, brown sugar, confectioners' sugar","sugar, butter, cornstarch, all purpose flour, egg, pisco, vanilla extract, baking powder, water, confectioners sugar, sweetened condensed milk, evaporated milk, dark brown sugar, confectioners sugar"
Caipirinha,"lime, sugar, cachaça, ice cubes","lime, sugar, cachaca, ice cube"
Best Fried Walleye,"walleye fillets, all-purpose flour, garlic powder, black pepper, salt, eggs, saltine crackers, frying, lemon","walleye fillet, all purpose flour, garlic powder, black pepper, salt, egg, saltine cracker, frying, lemon"
Chicken Kiev,"butter, black pepper, garlic powder, chicken breast halves, eggs, water, black pepper, garlic powder, dill weed, all-purpose flour, bread crumbs, vegetable oil, lemon, parsley","butter, black pepper, garlic powder, chicken breast half, egg, water, black pepper, garlic powder, dill weed, all purpose flour, bread crumb, vegetable oil, lemon, parsley"
Pannekaken (Norwegian Pancakes),"milk, eggs, all-purpose flour, Sugar, salt, spray","milk, egg, all purpose flour, sugar, salt, cooking spray"
Traditional Swedish Pepparkakor,"all-purpose flour, baking soda, cinnamon, cloves, ginger, cardamom, butter, sugar, brown sugar, egg, dark corn syrup","all purpose flour, baking soda, cinnamon, clove, ginger, cardamom, butter, sugar, dark brown sugar, egg, dark corn syrup"
Quick and Easy Thai Style Coleslaw,"coleslaw mix, lime juice, rice wine vinegar, fish sauce, sesame oil, honey, peanuts, salt and pepper","coleslaw mix, lime juice, rice wine vinegar, fish sauce, sesame oil, honey, peanut, salt, black pepper"
Swedish Glogg,"water, cardamom seeds, cinnamon sticks, cloves, orange, sugar, raisins, almonds, Muscatel wine, port wine, brandy","water, cardamom seed, cinnamon stick, clove, orange, sugar, raisin, almond, muscatel wine, port wine, brandy"
Paneer,"milk, buttermilk, canola oil","milk, buttermilk, canola oil"
Tandoori Chicken,"chicken, lemon, salt, yogurt, onion, garlic, garam masala, ginger, cayenne pepper, red food coloring, yellow food coloring, cilantro, lemon","chicken, lemon, salt, greek yogurt, onion, garlic, garam masala, ginger, cayenne pepper, red food coloring, yellow food coloring, cilantro, lemon"
Lancaster Lefsa (Old World Recipe),"potatoes, shortening, half-and-half, all-purpose flour, salt, sugar","potato, shortening, half and half, all purpose flour, salt, sugar"
Canary Island Red Mojo Sauce,"red bell peppers, garlic, paprika, cilantro, olive oil, chile pepper, bread","red bell pepper, garlic, paprika, cilantro, olive oil, chile pepper, bread"
Mahi Sorkh Shodeh (Persian Fried Fish),"saffron, water, all-purpose flour, kosher salt, turmeric, black pepper, onion powder, garlic powder, cod fillets, grapeseed oil, orange, orange, lime","saffron, water, all purpose flour, kosher salt, turmeric, black pepper, onion powder, garlic powder, cod fillet, grapeseed oil, orange, orange, lime"
Vietnamese Egg Coffee,"egg yolk, sweetened condensed milk, coffee","egg yolk, sweetened condensed milk, coffee"
Maria&#39;s Paella,"olive oil, chicken thighs, onion, garlic, calamari rings, shrimp, green bell pepper, red bell pepper, water, long grain rice, tomatoes, peas, saffron, salt, clams, shrimp, sea scallops, lemon","olive oil, chicken thigh, onion, garlic, calamari ring, shrimp, green bell pepper, red bell pepper, water, long grain rice, tomato, pea, saffron, salt, clam, shrimp, sea scallop, lemon"
Nova Scotian Hodge Podge,"green beans, wax beans, carrot, turnip, water, salt, new potatoes, heavy cream, butter, water, all-purpose flour","green bean, wax bean, carrot, turnip, water, salt, new potato, heavy whipping cream, butter, water, all purpose flour"
Chap Chee Noodles,"soy sauce, sesame oil, green onions, garlic, sesame seeds, Sugar, black pepper, beef top sirloin, vegetable oil, carrots, bamboo shoots, napa cabbage, spinach, cellophane noodles, soy sauce, sugar, salt, black pepper","soy sauce, sesame oil, green onion, garlic, black sesame seed, sugar, black pepper, beef top sirloin, vegetable oil, carrot, bamboo shoot, napa cabbage, spinach, cellophane noodle, soy sauce, sugar, salt, black pepper"
Swedish Klimp,"egg, milk, salt, sugar, all-purpose flour","egg, milk, salt, sugar, all purpose flour"
Easy Lamb Gyros,"spray, lamb, Greek seasoning, egg, pita breads, iceberg lettuce, Roma tomatoes, red onion, tzatziki sauce","cooking spray, lamb, greek seasoning, egg, pita bread, iceberg lettuce, roma tomato, red onion, tzatziki sauce"
Knefla Soup,"potatoes, onions, carrot, celery, chicken bouillon, parsley, water, salt, black pepper, margarine, all-purpose flour, egg, salt, milk, evaporated milk","potato, onion, carrot, celery, chicken bouillon, parsley, water, salt, black pepper, margarine, all purpose flour, egg, salt, milk, evaporated milk"
Mexican Vegetarian Stuffed Peppers,"salt, green bell peppers, olive oil, onion, rice, black beans, diced tomatoes, chili powder, garlic salt, cumin, salt, Mexican cheese blend","salt, green bell pepper, olive oil, onion, rice, black bean, diced tomato, chili powder, garlic salt, cumin, salt, mexican cheese blend"
Dolmas (Stuffed Grape Leaves),"olive oil, onions, white rice, water, tomato paste, currants, pine nuts, cinnamon, mint, dill weed, allspice, cumin, grape leaves","olive oil, onion, white rice, water, tomato paste, currant, pine nut, cinnamon, mint, dill weed, allspice, cumin, grape leaf"
Anise Sugar Cookies,"all-purpose flour, anise seeds, baking powder, fennel seeds, baking soda, corn oil, sugar, eggs, vinegar, sesame seeds","all purpose flour, anise seed, baking powder, fennel seed, baking soda, corn oil, sugar, egg, vinegar, sesame seed"
Jerk Chicken Wings,"onion, habanero peppers, green onions, lime juice, soy sauce, garlic, thyme leaves, brown sugar, vegetable oil, kosher salt, black pepper, allspice, thyme, cinnamon, cumin, nutmeg, chicken wing drumettes, spray","onion, habanero pepper, green onion, lime juice, soy sauce, garlic, thyme leaf, brown sugar, vegetable oil, kosher salt, black pepper, allspice, thyme, cinnamon, cumin, nutmeg, chicken wing drumette, cooking spray"
Easy Russian Mushroom Bake,"vegetable oil, button mushrooms, sour cream, onion, Gouda cheese","vegetable oil, button mushroom, sour cream, onion, gouda cheese"
Karaage (Japanese Fried Chicken) with Honey Mayoster Sauce,"low-sodium soy sauce, honey, garlic, ginger, chicken thighs, egg, panko bread crumbs, frying, Japanese mayonnaise, mirin, honey, Dijon mustard, low-sodium soy sauce","low sodium soy sauce, honey, garlic, ginger, chicken thigh, egg, panko bread crumb, frying, japanese mayonnaise, mirin, honey, dijon mustard, low sodium soy sauce"
Portuguese Burnt Sugar Candy,"sugar, water, apple cider vinegar","sugar, water, apple cider vinegar"
Chicken Curry V,"olive oil, cinnamon stick, cardamom pod, star anise pod, cloves, curry leaves, shallots, garlic, ginger root, curry paste, coconut milk, water, chicken breast, tamarind juice, salt","olive oil, cinnamon stick, cardamom pod, star anise pod, clove, curry leaf, shallot, garlic, ginger root, curry paste, coconut milk, water, chicken breast, tamarind juice, salt"
Jerk Chicken and Pasta,"chicken breast halves, jerk paste, egg noodles, olive oil, garlic, chicken stock, white wine, cilantro, jerk paste, salt and pepper, lime, heavy whipping cream, cilantro","chicken breast half, jerk paste, egg noodle, olive oil, garlic, chicken stock, white wine, cilantro, jerk paste, salt, lime, heavy whipping cream, cilantro"
Brazilian Collard Greens (Couve a Mineira),"collard greens, olive oil, bacon, onion, sea salt, garlic","collard green, olive oil, bacon, onion, sea salt, garlic"
Famous Chicken Adobo,"vegetable oil, chicken, onion, garlic, low sodium soy sauce, white vinegar, garlic powder, black pepper, bay leaf","vegetable oil, chicken, onion, garlic, low sodium soy sauce, white vinegar, garlic powder, black pepper, bay leaf"
Tuscan Pork Tenderloin,"garlic, rosemary, oregano, salt, black pepper, pork tenderloin","garlic, rosemary, oregano, salt, black pepper, pork tenderloin"
Swiss Almond Carrot Cake (Aargauer Rueblitorte),"butter, eggs, sugar, carrots, almonds, lemon, all-purpose flour, baking powder, salt, marzipan, green gel food coloring, orange gel food coloring, confectioners' sugar, lemon juice","butter, egg, sugar, carrot, almond, lemon, all purpose flour, baking powder, salt, marzipan, green gel food coloring, orange gel food coloring, confectioners sugar, lemon juice"
Portuguese Egg Tarts,"spray, pie crust mix, butter, water, egg yolks, white sugar, heavy cream, milk, vanilla extract","cooking spray, pie crust mix, butter, water, egg yolk, white sugar, heavy cream, milk, vanilla extract"
Bialys,"bread flour, instant yeast, kosher salt, water, olive oil, yellow onion, kosher salt, bread crumbs, poppy seeds, green onion, cayenne pepper","bread flour, instant yeast, kosher salt, water, olive oil, yellow onion, kosher salt, bread crumb, poppy seed, green onion, cayenne pepper"
Rosenmunnar,"butter, sugar, all-purpose flour, fruit jam","butter, sugar, all purpose flour, fruit jam"
Lebanese 7 Spices,"nutmeg, ginger, allspice, fenugreek seeds, black pepper, cloves, cinnamon","nutmeg, ginger, allspice, fenugreek seed, black pepper, clove, cinnamon"
Kalbi (Korean BBQ Short Ribs),"soy sauce, brown sugar, water, onions, garlic clove, sesame oil, Korean-style short ribs","soy sauce, brown sugar, water, onion, garlic clove, sesame oil, korean style short rib"
Pâte Sucrée,"egg yolks, heavy whipping cream, vanilla extract, all-purpose flour, granulated sugar, kosher salt, unsalted butter","egg yolk, heavy whipping cream, vanilla extract, all purpose flour, granulated sugar, kosher salt, unsalted butter"
Guava Cuban Pastry (Pastelito de Guayaba),"puff pastry, guava paste, egg, sugar","puff pastry, guava paste, egg, sugar"
Grilled Spatchcocked Greek Chicken,"olive oil, lemon juice, oregano, garlic, rosemary, tarragon, chicken","olive oil, lemon juice, oregano, garlic, rosemary, tarragon, chicken"
Sfouf (Lebanese Turmeric Cake),"tahini, water, anise seeds, white sugar, all-purpose flour, turmeric, baking powder, anise seed powder, vegetable oil, unsalted butter, pine nuts","tahini, water, anise seed, white sugar, all purpose flour, turmeric, baking powder, anise seed powder, vegetable oil, unsalted butter, pine nut"
Sweet Polish Sausage,"kielbasa sausage, onion, water, brown sugar, Worcestershire sauce, lemon juice, hot pepper sauce","kielbasa sausage, onion, water, brown sugar, worcestershire sauce, lemon juice, hot pepper sauce"
Yellow Rice with Vegetables,"vegetable oil, onion, carrot, broccoli, red bell pepper, garlic, vegetable broth, rice, sazon seasoning, adobo seasoning","vegetable oil, onion, carrot, broccoli, red bell pepper, garlic, vegetable broth, rice, sazon seasoning, adobo seasoning"
Basque Cake,"milk, white sugar, white sugar, all-purpose flour, eggs, vanilla extract, all-purpose flour, baking powder, white sugar, eggs","milk, white sugar, white sugar, all purpose flour, egg, vanilla extract, all purpose flour, baking powder, white sugar, egg"
Souvlaki,"olive oil, soy sauce, lemon, garlic, oregano, pork tenderloin, yellow onions, green bell peppers, skewers","olive oil, soy sauce, lemon, garlic, oregano, pork tenderloin, yellow onion, green bell pepper, skewer"
Thai Green Curry Chicken,"dark soy sauce, all-purpose flour, chicken breast, cooking oil, green curry paste, onions, garlic, ginger, coconut milk, white sugar, fish sauce, dark soy sauce, cilantro leaves","dark soy sauce, all purpose flour, chicken breast, cooking oil, green curry paste, onion, garlic, ginger, coconut milk, white sugar, fish sauce, dark soy sauce, cilantro leaf"
Jamaican Fried Snapper,"red snapper, vegetable oil, vegetable oil, white onion, carrot, garlic, white vinegar, water, salt, habanero pepper, thyme, allspice berry, brown sugar","red snapper, vegetable oil, vegetable oil, white onion, carrot, garlic, white vinegar, water, salt, habanero pepper, thyme, allspice berry, brown sugar"
"Brown Rice, Chicken, and Chorizo Paella","salt, Spanish smoked paprika, red pepper, turmeric, saffron, olive oil, chicken thighs, Spanish chorizo, onion, red bell pepper, parsley, garlic, short-grain brown rice, tomato, roasted red peppers, chicken broth, peas and carrots, black olives, capers, apple cider vinegar","salt, spanish smoked paprika, red pepper, turmeric, saffron, olive oil, chicken thigh, spanish chorizo, onion, red bell pepper, parsley, garlic, short grain brown rice, tomato, roasted red pepper, chicken broth, pea, carrot, black olive, caper, apple cider vinegar"
Sangria! Sangria!,"dry red wine, brandy, triple sec, lemonade concentrate, orange juice, lemon juice, sugar, orange, lemon, lime, maraschino cherries, carbonated water","dry red wine, brandy, triple sec, lemonade concentrate, orange juice, lemon juice, sugar, orange, lemon, lime, candied cherry, carbonated water"
Homemade Sushi,"water, short-grain white rice, rice vinegar, sugar, salt, nori seaweed, imitation crabmeat, avocado, cucumber, ginger","water, short grain white rice, rice vinegar, sugar, salt, nori seaweed, imitation crab meat, avocado, cucumber, ginger"
Sweet Cornmeal Cake Brazilian-Style,"cornmeal, white sugar, milk, coconut milk, all-purpose flour, eggs, vegetable oil, baking powder","cornmeal, sugar, milk, coconut milk, all purpose flour, egg, vegetable oil, baking powder"
Lamb Börek,"olive oil, onion, salt, lamb, garlic, currants, pine nuts, cumin, coriander, cinnamon, paprika, black pepper, cayenne pepper, allspice, tomato sauce, water, egg, full-fat plain Greek yogurt, water, butter, phyllo dough, sesame seeds, Greek yogurt, mint leaves, lemon juice, garlic, water, salt, cayenne pepper","olive oil, onion, salt, lamb, garlic, currant, pine nut, cumin, coriander, cinnamon, paprika, black pepper, cayenne pepper, allspice, tomato sauce, water, egg, full fat plain greek yogurt, butter, phyllo dough, sesame seed, greek yogurt, mint leaf, lemon juice"
Yabluchnyk (Ukrainian Apple Cake),"all-purpose flour, sugar, baking powder, salt, unsalted butter, cream, egg, apples, brown sugar, flour, cinnamon, unsalted butter","all purpose flour, sugar, baking powder, salt, unsalted butter, cream, egg, apple, brown sugar, flour, cinnamon"
Pollo (Chicken) Fricassee from Puerto Rico,"chicken drumsticks, adobo seasoning, sazon seasoning, salt, potatoes, onion, red bell pepper, green bell pepper, cilantro, red wine, olive oil, garlic, cumin, oregano, bay leaves","chicken drumstick, adobo seasoning, sazon seasoning, salt, potato, onion, red bell pepper, green bell pepper, cilantro, red wine, olive oil, garlic, cumin, oregano, bay leaf"
Swedish Chocolate Balls (Chokladbollar),"rolled oats, sugar, cocoa powder, kosher salt, cayenne pepper, butter, coconut oil, vanilla extract, coffee, coconut","rolled oat, sugar, cocoa powder, salt, cayenne pepper, butter, coconut oil, vanilla extract, coffee, coconut"
Chicken Ropa Vieja,"chicken breast, onion, tomato, carrot, garlic, olive oil, onion, green bell pepper, red bell pepper, garlic, tomato puree, white wine, cumin, salt and pepper","chicken breast, onion, tomato, carrot, garlic, olive oil, green bell pepper, red bell pepper, tomato puree, white wine, cumin, salt, black pepper"
Thai Sweet Sticky Rice With Mango (Khao Neeo Mamuang),"water, short-grain white rice, coconut milk, sugar, salt, sugar, tapioca starch, mangos, sesame seeds","water, short grain white rice, coconut milk, sugar, salt, tapioca starch, mango, sesame seed"
Blini - Russian Pancakes,"eggs, sugar, salt, milk, flour, vegetable oil, vegetable oil","egg, sugar, salt, milk, flour, vegetable oil"
Peruvian Locro (Butternut Squash),"butternut squash, cover, salt, evaporated milk, butter, corn, sweet peas, Cheddar cheese, basmati rice","butternut squash, salt, evaporated milk, butter, corn, sweet pea, cheddar cheese, basmati rice"
Tortilla Española,"olive oil, potatoes, salt and pepper, smoked paprika, sweet Spanish onion, eggs, olive oil, parsley, olive oil","olive oil, potato, salt, black pepper, smoked paprika, sweet spanish onion, egg, parsley"
Turkish Red Lentil Soup with Mint,"olive oil, onion, garlic, tomatoes, chicken stock, red lentils, bulgur, rice, tomato paste, mint, paprika, cayenne pepper","olive oil, onion, garlic, tomato, chicken stock, red lentil, bulgur, rice, tomato paste, mint, paprika, cayenne pepper"
Booyah Chicken,"chicken, beef stew meat, pork shoulder roast, water, chicken broth, garlic, bay leaves, cover, vegetable oil, onion, carrots, celery, garlic, potatoes, green beans, tomatoes, salt, rosemary, black pepper, thyme, green peas, lemon zest, red pepper, parsley","chicken, beef stew meat, pork shoulder roast, water, chicken broth, garlic, bay leaf, vegetable oil, onion, carrot, celery, potato, green bean, tomato, salt, rosemary, black pepper, thyme, green pea, lemon zest, red pepper, parsley"
Pogaca (Feta Dumplings),"all-purpose flour, baking powder, canola oil, butter, yogurt, eggs, sour cream, sugar, salt, feta cheese, parsley, olive oil, paprika, egg yolks, sesame seeds","all purpose flour, baking powder, canola oil, butter, yogurt, egg, sour cream, sugar, salt, feta cheese, parsley, olive oil, paprika, egg yolk, sesame seed"
Lomo Saltado (Peruvian Steak Stir-Fry),"top sirloin steak, soy sauce, sugar, olive oil, French fries, red onion, orange bell pepper, habanero pepper, green onion, kosher salt, garlic, ginger root, roma (plum) tomato, white vinegar, cilantro","top sirloin steak, soy sauce, sugar, olive oil, french fry, red onion, orange bell pepper, habanero pepper, green onion, salt, garlic, ginger root, roma tomato, white vinegar, cilantro"
Iskender Kebab,"pita bread rounds, olive oil, chicken breast halves, onion, garlic, tomato puree, ground cumin, salt, black pepper, butter, Greek yogurt, parsley","pita round, olive oil, chicken breast half, onion, garlic, tomato puree, cumin, salt, black pepper, butter, greek yogurt, parsley"
Hot Tamale Pie,"spray, beef, poblano peppers, salsa, salt, chipotle pepper, oregano, dry corn muffin mix, eggs, milk, corn, Cheddar cheese, Monterey Jack cheese","cooking spray, beef, poblano pepper, salsa, salt, chipotle pepper, oregano, dry corn muffin mix, egg, milk, corn, cheddar cheese, monterey jack cheese"
Crispy Shrimp Tempura,"vegetable oil, all-purpose flour, cornstarch, salt, water, egg yolk, egg whites, shrimp","vegetable oil, all purpose flour, cornstarch, salt, water, egg yolk, egg white, shrimp"
Russian Beet Salad with Herring,"russet potatoes, carrots, beets, onion, herring fillets, mayonnaise","russet potato, carrot, beet, onion, herring fillet, mayonnaise"
Fried Sweet Bananas,"bananas, sugar, cinnamon, butter","banana, sugar, cinnamon, butter"
Chicken Tikka Masala,"yogurt, lemon juice, cumin, cinnamon, cayenne pepper, black pepper, ginger, salt, chicken breasts, skewers, butter, garlic, jalapeno pepper, paprika, tomato sauce, heavy cream, cilantro","yogurt, lemon juice, cumin, cinnamon, cayenne pepper, black pepper, ginger, salt, chicken breast, skewer, butter, garlic, jalapeno pepper, paprika, tomato sauce, heavy cream, cilantro"
Real French Crêpes,"milk, all-purpose flour, egg, spray","milk, all purpose flour, egg, cooking spray"
Brazo Gitano de Guayaba (Jelly Roll with Guava),"eggs, sugar, water, lime zest, vanilla extract, self-rising flour, sugar, guava paste","egg, sugar, water, lime zest, vanilla extract, self rising flour, guava paste"
Maria&#39;s Portuguese Bacalau,"cod fish, olive oil, parsley, garlic, red pepper flakes, pepper, Yukon Gold potatoes, butter, onions, green olives, black olives, eggs","cod fish, olive oil, parsley, garlic, red pepper flake, black pepper, yukon gold potato, butter, onion, green olive, black olive, egg"
Puerto Rican Shepherd Pie (Pastelon),"onion, green bell pepper, parsley, cilantro, culantro, garlic, water, beef, sazon seasoning, black pepper, adobo seasoning, olive oil, plantains, eggs, green beans, eggs","onion, green bell pepper, parsley, cilantro, culantro, garlic, water, beef, sazon seasoning, black pepper, adobo seasoning, olive oil, plantain, egg, green bean"
Vietnamese Beef And Lettuce Curry,"long grain white rice, water, sugar, garlic, fish sauce, water, chile sauce, lemon, vegetable oil, garlic, beef, cumin, diced tomatoes, lettuce leaves","long grain white rice, water, sugar, garlic, fish sauce, chile sauce, lemon, vegetable oil, beef, cumin, diced tomato, lettuce leaf"
Chana Masala (Indian Chickpea Curry),"onion, tomato, ginger, garlic, green chile pepper, olive oil, bay leaves, chili powder, coriander powder, garam masala, turmeric, salt, water, chickpeas, cilantro leaves","onion, tomato, ginger, garlic, green chile pepper, olive oil, bay leaf, chili powder, coriander powder, garam masala, turmeric, salt, water, chickpea, cilantro leaf"
Anzac Biscuits III,"quick cooking oats, all-purpose flour, coconut, brown sugar, ginger, baking soda, water, butter, golden syrup","quick cooking oat, all purpose flour, coconut, brown sugar, ginger, baking soda, water, butter, golden syrup"
Pasanday (Pakistani Beef Pot Roast),"yogurt, salt, red pepper flakes, ginger garlic paste, black cumin, cloves, turmeric, round steak, vegetable oil, onion, lemon juice, cilantro, green chilies","yogurt, salt, red pepper flake, ginger garlic paste, black cumin, clove, turmeric, round steak, vegetable oil, onion, lemon juice, cilantro, green chile"
Zucchini with Dill Weed and Garlic-Yogurt Sauce,"olive oil, onion, sugar, zucchini, dill weed, long grain white rice, water, salt and pepper, plain yogurt, garlic","olive oil, onion, sugar, zucchini, dill weed, long grain white rice, water, salt, black pepper, plain yogurt, garlic"
Whole Rice and Lentils (Majadara),"olive oil, onion, garlic, ginger root, brown rice, green lentils, cumin, salt, black pepper, cinnamon, water","olive oil, onion, garlic, ginger root, brown rice, green lentil, cumin, salt, black pepper, cinnamon, water"
Easy and Quick Halushki,"bacon, onion, egg noodles, cabbage","bacon, onion, egg noodle, cabbage"
Pho (Vietnamese Noodle Soup),"beef soup bones, onion, ginger, salt, star anise, fish sauce, water, rice noodles, beef top sirloin, cilantro, green onion, bean sprouts, Thai basil, lime, hoisin sauce, chile-garlic sauce","beef soup bone, onion, ginger, salt, star anise, fish sauce, water, rice noodle, beef top sirloin, cilantro, green onion, bean sprout, thai basil, lime, hoisin sauce, chile garlic sauce"
Vegetarian Pho (Vietnamese Noodle Soup),"vegetable stock, onion, soy sauce, garlic, cinnamon sticks, ginger, star anise, bay leaves, thin rice noodles, vegetable oil, tofu, enoki mushrooms, scallions, cilantro, lime, jalapeno peppers, mung bean sprouts, Thai basil","vegetable stock, onion, soy sauce, garlic, cinnamon stick, ginger, star anise, bay leaf, thin rice noodle, vegetable oil, tofu, enoki mushroom, scallion, cilantro, lime, jalapeno pepper, mung bean sprout, thai basil"
Pepperoni Casserole,"rotini pasta, Italian sausage, pasta sauce, cottage cheese, black olives, mozzarella cheese, pepperoni","rotini pasta, italian sausage, pasta sauce, cottage cheese, black olive, mozzarella cheese, pepperoni"
Vietnamese Golden Chicken Wings,"chicken wings, garlic, onion, soy sauce, Asian fish sauce, lemon juice, sesame oil, salt, black pepper, garlic powder, sugar","chicken wing, garlic, onion, soy sauce, asian fish sauce, lemon juice, sesame oil, salt, black pepper, garlic powder, sugar"
Calimocho (Kalimotxo),"cola-flavored carbonated beverage, red wine","cola flavored carbonated beverage, red wine"
Vegan Borscht,"olive oil, garlic, onion, olive oil, celery, carrots, green bell pepper, beets, tomatoes, tomatoes, potatoes, Swiss chard, vegetable broth, water, dill weed, silken tofu","olive oil, garlic, onion, celery, carrot, green bell pepper, beet, tomato, potato, swiss chard, vegetable broth, water, dill weed, silken tofu"
Frozen Lemon Pavlova,"cornstarch, egg whites, white sugar, cinnamon, sugar, almonds, egg whites, salt, sugar, lemon juice, lemon zest, heavy cream, lemon, mint, strawberries","cornstarch, egg white, white sugar, cinnamon, sugar, almond, salt, lemon juice, lemon zest, heavy cream, lemon, mint, strawberry"
Traditional Filipino Lumpia,"vegetable oil, pork, onion, garlic, carrots, green onions, green cabbage, cilantro, black pepper, salt, garlic powder, soy sauce, lumpia wrappers, vegetable oil","vegetable oil, pork, onion, garlic, carrot, green onion, green cabbage, cilantro, black pepper, salt, garlic powder, soy sauce, lumpia wrapper"
Quark (Homemade Cheese),"milk, buttermilk","milk, buttermilk"
Slow Cooker Chicken Massaman Curry,"olive oil, chicken thighs, potatoes, carrots, bell peppers, onions, Thai red curry paste, ginger paste, lemongrass paste, coconut milk, chicken stock, peanut butter, lemon juice, fish sauce, brown sugar, peanuts, jasmine rice","olive oil, chicken thigh, potato, carrot, bell pepper, onion, thai red curry paste, ginger paste, lemongrass paste, coconut milk, chicken stock, peanut butter, lemon juice, fish sauce, brown sugar, peanut, jasmine rice"
Flavorful Persian Braised Lamb Shanks,"lamb shanks, olive oil, salt, turmeric, cinnamon, cardamom, black pepper, cumin, nutmeg, onion, garlic, water, limes, rosewater, saffron, red wine, parsley, thyme, lime zest, bay leaves, chicken broth","lamb shank, olive oil, salt, turmeric, cinnamon, cardamom, black pepper, cumin, nutmeg, onion, garlic, water, lime, rose water, saffron, red wine, parsley, thyme, lime zest, bay leaf, chicken broth"
Garlic Rice,"vegetable oil, pork, garlic, white rice, garlic salt, black pepper","vegetable oil, pork, garlic, white rice, garlic salt, black pepper"
Malaysian Chicken Satay,"chicken breasts, onions, brown sugar, garlic, shrimp paste, galangal powder, coriander, cumin, anise seed, black pepper, turmeric, bamboo skewers","chicken breast, onion, brown sugar, garlic, shrimp paste, galangal powder, coriander, cumin, anise seed, black pepper, turmeric, bamboo skewer"
Vegan Mofongo (Fried Mashed Plantains),"green plantains, tomato sauce, cilantro, sofrito, olive oil, garlic, sazon seasoning, vegetable broth","green plantain, tomato sauce, cilantro, sofrito, olive oil, garlic, sazon seasoning, vegetable broth"
Apple Danish Bars,"egg, all-purpose flour, salt, shortening, milk, apples, brown sugar, sour cream, all-purpose flour, butter, cinnamon","egg, all purpose flour, salt, shortening, milk, apple, brown sugar, sour cream, butter, cinnamon"
Creamy Israeli-Style Hummus,"chickpeas, olive oil, peanut butter, lemon juice, sesame oil, cumin, onion powder, salt, garlic, green onions","chickpea, olive oil, peanut butter, lemon juice, sesame oil, cumin, onion powder, salt, garlic, green onion"
A Number-One Egg Bread,"active dry yeast, water, egg yolks, eggs, vegetable oil, sugar, salt, all-purpose flour, salt","active dry yeast, water, egg yolk, egg, vegetable oil, sugar, salt, all purpose flour"
Vegan Turkish Baked Eggplant,"eggplants, salt, extra-virgin olive oil, onion, red bell pepper, garlic, sun-dried tomatoes, tomato paste, red wine vinegar, white sugar, black pepper, pine nuts, cilantro leaves","eggplant, salt, extra virgin olive oil, onion, red bell pepper, garlic, sun dried tomato, tomato paste, red wine vinegar, white sugar, black pepper, pine nut, cilantro leaf"
Brazilian Black Bean Stew,"canola oil, chorizo sausage, ham, onion, garlic, sweet potatoes, red bell pepper, tomatoes, green chile pepper, water, black beans, mango, cilantro, salt","canola oil, chorizo sausage, ham, onion, garlic, sweet potato, red bell pepper, tomato, green chile pepper, water, black bean, mango, cilantro, salt"
Argentinean Potato Salad,"russet potatoes, eggs, mixed vegetables, mayonnaise, pimiento-stuffed olives, lemon juice, black pepper, mustard, dill weed, salt","russet potato, egg, mixed vegetable, mayonnaise, pimiento stuffed olive, lemon juice, black pepper, mustard, dill weed, salt"
Spanish Garlic Shrimp (Gambas al Ajillo),"shrimp, smoked paprika, kosher salt, garlic, extra-virgin olive oil, sherry, Italian flat-leaf parsley","shrimp, smoked paprika, salt, garlic, extra virgin olive oil, sherry, italian flat leaf parsley"
Portuguese Custard Tarts - Pasteis de Nata,"milk, cornstarch, vanilla bean, sugar, egg yolks, puff pastry","milk, cornstarch, vanilla bean, sugar, egg yolk, puff pastry"
Homemade Za&#39;atar,"sesame seeds, thyme leaves, sumac, salt","sesame seed, thyme leaf, sumac, salt"
Kongnamool (Korean Soybean Sprouts),"soybean sprouts, sesame oil, soy sauce, Korean chile powder, sesame seeds, garlic, green onion, rice wine vinegar","soybean sprout, sesame oil, soy sauce, korean chile powder, sesame seed, garlic, green onion, rice wine vinegar"
Chef John&#39;s Bigos (Polish Hunter&#39;s Stew),"porcini mushrooms, water, unsalted butter, green cabbage, sauerkraut, bacon, pork shoulder, beef chuck, Polish sausage, onion, prunes, red wine, paprika, thyme, bay leaf, caraway seeds, allspice, black pepper, salt","porcini mushroom, water, unsalted butter, green cabbage, sauerkraut, bacon, pork shoulder, beef chuck, polish sausage, onion, prune, red wine, paprika, thyme, bay leaf, caraway seed, allspice, black pepper, salt"
Chef John&#39;s Beef Rendang,"beef chuck, shallots, garlic, ginger, galangal, serrano chile peppers, Fresno chile pepper, Korean red pepper flakes, coriander, turmeric, cardamom, nutmeg, vegetable oil, coconut milk, tamarind paste, brown sugar, lemongrass","beef chuck, shallot, garlic, ginger, galangal, serrano chile pepper, fresno chile pepper, korean red pepper flake, coriander, turmeric, cardamom, nutmeg, vegetable oil, coconut milk, tamarind paste, brown sugar, lemongrass"
Crispy Vegetable Pakoras,"chickpea flour, garlic, salt, coriander, turmeric, chili powder, garam masala, water, oil, cauliflower, onions","chickpea flour, garlic, salt, coriander, turmeric, chili powder, garam masala, water, oil, cauliflower, onion"
Chef John&#39;s Brazilian Fish Stew,"water, white rice, olive oil, yellow onion, salt, tomato paste, garlic, paprika, cumin, cayenne pepper, coconut milk, soy sauce, bell pepper, jalapeno peppers, green onion, sea bass fillets, salt, cilantro leaves, lime juice","water, white rice, olive oil, yellow onion, salt, tomato paste, garlic, paprika, cumin, cayenne pepper, coconut milk, soy sauce, bell pepper, jalapeno pepper, green onion, sea bass fillet, cilantro leaf, lime juice"
Indian Saag,"butter, turmeric, cumin seed, green chile pepper, garlic, mustard greens, spinach, cumin, coriander, salt","butter, turmeric, cumin seed, green chile pepper, garlic, mustard green, spinach, cumin, coriander, salt"
Leche Asada,"milk, lemon, cinnamon sticks, eggs, sugar, pisco","milk, lemon, cinnamon stick, egg, sugar, pisco"
Homemade Arepas,"water, salt, white cornmeal, vegetable oil","water, salt, white cornmeal, vegetable oil"
Bayy&#39;s Special Jamaican-Style Oxtail,"beef oxtail, onion, thyme, browning sauce, scallions, red pepper flakes, ginger root, allspice, garlic, bay leaves, beef broth, water, tomato paste, butter beans","beef oxtail, onion, thyme, browning sauce, scallion, red pepper flake, ginger root, allspice, garlic, bay leaf, beef broth, water, tomato paste, butter bean"
Peruvian Potato-Chicken Salad (Causa Rellena),"chicken breast, green peas, carrot, shallot, red peppers, cilantro, lime juice, mayonnaise, Yukon Gold potatoes, aji amarillo chili paste, olive oil, lime, cayenne pepper, salt, avocado, mayonnaise, sour cream, garlic, aji amarillo chili paste, water","chicken breast, green pea, carrot, shallot, red pepper, cilantro, lime juice, mayonnaise, yukon gold potato, aji amarillo chile paste, olive oil, lime, cayenne pepper, salt, avocado, sour cream, garlic, water"
Cuban Black Beans II,"black beans, olive oil, onion, green bell pepper, garlic, water, tomato paste, pimentos, vinegar, salt, sugar, black pepper","black bean, olive oil, onion, green bell pepper, garlic, water, tomato paste, pimento, vinegar, salt, sugar, black pepper"
Brigadeiro,"sweetened condensed milk, unsweetened cocoa, butter, sprinkles","sweetened condensed milk, unsweetened cocoa, butter, sprinkle"
Peruvian Aji Verde,"cilantro, jalapeno peppers, lime, garlic, mayonnaise, extra-virgin olive oil","cilantro, jalapeno pepper, lime, garlic, mayonnaise, extra virgin olive oil"
Kimchi,"napa cabbage, sea salt, fish sauce, green onions, white onion, garlic, white sugar, ginger, Korean chile powder","napa cabbage, sea salt, fish sauce, green onion, white onion, garlic, white sugar, ginger, korean chile powder"
Hawaiian Coconut-Banana Bread,"coconut flour, all-purpose flour, xylitol, coconut sugar, flaxseed meal, baking soda, salt, bananas, butter, coconut milk, eggs, macadamia nuts","coconut flour, all purpose flour, xylitol, coconut sugar, flaxseed meal, baking soda, salt, banana, butter, coconut milk, egg, macadamia nut"
Canjica (Brazilian Hominy Pudding),"hominy, water, coconut milk, sweetened condensed milk, milk, white sugar, cinnamon sticks, cinnamon, cloves, coconut","hominy, water, coconut milk, sweetened condensed milk, milk, white sugar, cinnamon stick, cinnamon, clove, coconut"
Pickled Daikon Radish and Carrot,"distilled white vinegar, sugar, carrot, daikon radish, cilantro, Thai chile pepper","distilled white vinegar, sugar, carrot, daikon radish, cilantro, thai chile pepper"
Chocolate Black Tea Cake,"eggs, butter, white sugar, black tea, all-purpose flour, baking powder, bread crumbs, unsweetened cocoa powder, hazelnuts","egg, butter, white sugar, black tea, all purpose flour, baking powder, bread crumb, unsweetened cocoa powder, hazelnut"
Chicken Katsu,"chicken breast halves, salt and pepper, all-purpose flour, egg, panko bread crumbs, oil","chicken breast half, salt, black pepper, all purpose flour, egg, panko bread crumb, oil"
Budin (Puerto Rican Bread Pudding),"water, cinnamon sticks, cloves, anise seed, white sugar, water, bread, evaporated milk, eggs, vanilla extract, salt, butter","water, cinnamon stick, clove, anise seed, white sugar, bread, evaporated milk, egg, vanilla extract, salt, butter"
Swedish Nuts,"egg whites, sugar, salt, vanilla extract, pecan halves, butter","egg white, sugar, salt, vanilla extract, pecan half, butter"
Haldi Ka Doodh (Hot Turmeric Milk),"turmeric, cardamom, black pepper, ginger, cloves, allspice, milk, honey, vanilla extract","turmeric, cardamom, black pepper, ginger, clove, allspice, milk, honey, vanilla extract"
Beef Pirozhki,"milk, active dry yeast, all-purpose flour, egg, butter, white sugar, kosher salt, oil, olive oil, butter, ground beef, onion, garlic, kosher salt, black pepper, dill weed, chicken broth, Cheddar cheese, Parmesan cheese, frying","milk, active dry yeast, all purpose flour, egg, butter, white sugar, kosher salt, oil, olive oil, ground beef, onion, garlic, black pepper, dill weed, chicken broth, cheddar cheese, parmesan cheese"
Portuguese Sausage Soup,"olive oil, Yukon Gold potatoes, sweet onion, carrots, celery, garlic, red pepper flakes, kale, bay leaves, chicken broth, garbanzo beans, tomatoes, linguica sausage, chorizo sausage","olive oil, yukon gold potato, sweet onion, carrot, celery, garlic, red pepper flake, kale, bay leaf, chicken broth, garbanzo bean, tomato, linguica sausage, chorizo sausage"
Cabbage and Kielbasa,"margarine, onion, savoy cabbage, potatoes, kielbasa sausage, red wine vinegar, salt and pepper, water","margarine, onion, savoy cabbage, potato, kielbasa sausage, red wine vinegar, salt, black pepper, water"
Instant Pot Filipino Chicken Adobo,"distilled white vinegar, soy sauce, garlic, olive oil, brown sugar, black peppercorns, bay leaves, onion, chicken thighs, scallions","distilled white vinegar, soy sauce, garlic, olive oil, brown sugar, black peppercorn, bay leaf, onion, chicken thigh, green onion"
Apples in Pajamas,"Granny smith apples, all-purpose flour, salt, eggs, vegetable oil, milk, water, oil, cinnamon, white sugar","granny smith apple, all purpose flour, salt, egg, vegetable oil, milk, water, oil, cinnamon, white sugar"
Adas Polo (Persian Rice and Lentils),"white rice, water, salt, water, salt, lentils, vegetable oil, onions, saffron, water, dates, raisins","white rice, water, salt, lentil, vegetable oil, onion, saffron, date, raisin"
Portuguese Kale Soup,"white pea beans, chorizo sausage, beef soup bones, water, cabbage, kale, potatoes, water, salt and pepper","white pea bean, chorizo sausage, beef soup bone, water, cabbage, kale, potato, salt, black pepper"
South African Melktert (Milk Tart),"spray, sugar, butter, egg yolks, cake flour, baking powder, salt, milk, vanilla extract, egg white, cinnamon sugar","cooking spray, sugar, butter, egg yolk, cake flour, baking powder, salt, milk, vanilla extract, egg white, cinnamon sugar"
Ba&#39;corn Cheese Corn,"bacon, sweet corn, garlic, green onions, jalapeno peppers, salt, cayenne pepper, heavy cream, mozzarella cheese, Monterey Jack cheese","bacon, sweet corn, garlic, green onion, jalapeno pepper, salt, cayenne pepper, heavy cream, mozzarella cheese, monterey jack cheese"
Rich and Creamy Potatoes au Gratin,"Yukon Gold potatoes, garlic, salt, heavy cream, black pepper, nutmeg, Gruyere cheese","yukon gold potato, garlic, salt, heavy cream, black pepper, nutmeg, gruyere cheese"
Authentic Greek Moussaka,"eggplants, salt, milk, butter, all-purpose flour, egg yolks, olive oil, onions, garlic, ground beef, allspice, white sugar, cinnamon, tomato sauce, parsley, egg white, Parmesan cheese","eggplant, salt, milk, butter, all purpose flour, egg yolk, olive oil, onion, garlic, ground beef, allspice, white sugar, cinnamon, tomato sauce, parsley, egg white, parmesan cheese"
Greek Chicken,"olive oil, lemons, garlic, rosemary, thyme, oregano, chicken","olive oil, lemon, garlic, rosemary, thyme, oregano, chicken"
Coconut Sauce,"coconut milk, brown sugar","coconut milk, brown sugar"
Gujarati Kadhi,"water, plain yogurt, chickpea flour, green chile peppers, ginger root, sugar, turmeric, salt, vegetable oil, ghee, red chile peppers, curry leaves, cumin seeds, mustard seed, asafoetida powder, cilantro leaves","water, plain yogurt, chickpea flour, green chile pepper, ginger root, sugar, turmeric, salt, vegetable oil, ghee, red chile pepper, curry leaf, cumin seed, mustard seed, asafoetida powder, cilantro leaf"
Tava or Turkish Stew,"olive oil, chicken breast, roasted red bell peppers, tomatoes, mushrooms, onion, garlic, salt and pepper, mozzarella cheese","olive oil, chicken breast, roasted red bell pepper, tomato, mushroom, onion, garlic, salt, black pepper, mozzarella cheese"
Vienna Schnitzel,"oil, pork sirloin, bread crumbs, cake flour, eggs, milk, salt and pepper","oil, pork sirloin, bread crumb, cake flour, egg, milk, salt, black pepper"
Asian Garlic Beef Cubes (Vietnamese Bo Luc Lac or Shaking Beef),"beef tenderloin, olive oil, oyster sauce, garlic, Cabernet Sauvignon wine, fish sauce, black pepper, soy sauce, dark soy sauce, sesame oil, fish sauce, lemon juice, black pepper, olive oil, oyster sauce, garlic","beef tenderloin, olive oil, oyster sauce, garlic, cabernet sauvignon wine, fish sauce, black pepper, soy sauce, dark soy sauce, sesame oil, lemon juice"
Traci&#39;s Adobo Seasoning,"salt, paprika, black pepper, onion powder, oregano, cumin, garlic powder, chili powder","salt, paprika, black pepper, onion powder, oregano, cumin, garlic powder, chili powder"
Thit Kho (Caramelized Pork Belly),"pork belly, white sugar, shallots, garlic, fish sauce, black pepper, coconut water, eggs","pork belly, white sugar, shallot, garlic, fish sauce, black pepper, coconut water, egg"
Spicy Potato Noodles (Bataka Sev),"green chile peppers, garlic, ginger, salt, turmeric, vegetable oil, potatoes, water, chickpea flour, salt, turmeric, mustard oil, deep frying","green chile pepper, garlic, ginger, salt, turmeric, vegetable oil, potato, water, chickpea flour, mustard oil, deep frying"
Avocado and Tuna Tapas,"solid white tuna, mayonnaise, green onions, red bell pepper, balsamic vinegar, black pepper, garlic salt, avocados","solid white tuna, mayonnaise, green onion, red bell pepper, balsamic vinegar, black pepper, garlic salt, avocado"
Easy Pavlova,"egg whites, white sugar, cornstarch, vanilla extract, lemon juice, heavy cream, kiwi","egg white, white sugar, cornstarch, vanilla extract, lemon juice, heavy cream, kiwi"
Mandelmakronen (Almond Meringues),"egg whites, sugar, almond flour, cinnamon","egg white, sugar, almond flour, cinnamon"
Norwegian Sour Cream and Raisin Pie,"sour cream, sugar, eggs, baking powder, salt, cinnamon, nutmeg, cloves, white vinegar, raisins, pie crust","sour cream, sugar, egg, baking powder, salt, cinnamon, nutmeg, clove, white vinegar, raisin, pie crust"
Polish Egg Bread,"active dry yeast, water, milk, butter, salt, salt, sugar, eggs, bread flour","active dry yeast, water, milk, butter, salt, sugar, egg, bread flour"
Oktoberfest Chicken and Red Cabbage,"bacon, bacon drippings, all-purpose flour, kosher salt, smoked paprika, chicken thighs, red onion, apple, red cabbage, red wine vinegar, red wine, brown sugar, cinnamon","bacon, bacon dripping, all purpose flour, salt, smoked paprika, chicken thigh, red onion, apple, red cabbage, red wine vinegar, red wine, brown sugar, cinnamon"
Jamaican Saltfish Fritters (Stamp and Go),"cod fish, water, all-purpose flour, black pepper, baking powder, tomato, onions, water, frying","cod fish, water, all purpose flour, black pepper, baking powder, tomato, onion, frying"
Spanish Omelette,"olive oil, potatoes, salt and pepper, onion, eggs, tomatoes, onions","olive oil, potato, salt, black pepper, onion, egg, tomato"
Shrimp Egg Foo Young,"bean sprouts, shrimp, eggs, green onions, garlic powder, vegetable oil, chicken broth, cornstarch, sugar, Chinese cooking wine, soy sauce","bean sprout, shrimp, egg, green onion, garlic powder, vegetable oil, chicken broth, cornstarch, sugar, chinese cooking wine, soy sauce"
Linguica (Smoked Portuguese Sausage),"Pork, fresh, backfat, raw, olive oil, garlic, pork butt, red table wine, sweet paprika, powdered milk, cider vinegar, salt, white sugar, hickory-flavored liquid smoke, marjoram, white pepper, black pepper, red pepper, cayenne pepper, hog casing, charcoal, wood chunks, toothpicks","pork, pork backfat, olive oil, garlic, pork butt, red table wine, sweet paprika, powdered milk, cider vinegar, salt, white sugar, hickory flavored liquid smoke, marjoram, white pepper, black pepper, red pepper, cayenne pepper, hog casing, charcoal, wood chunk, toothpick"
Chai Tea Latte,"water, chai tea bag, honey, sugar, milk","water, chai tea bag, honey, sugar, milk"
Pork Sinigang,"vegetable oil, onion, salt, ginger, plum tomatoes, pork chops, water, tamarind soup base, green beans","vegetable oil, onion, salt, ginger, plum tomato, pork chop, water, tamarind soup base, green bean"
Portuguese Sopas,"beef pot roast, onion, mint leaves, garlic, cinnamon, allspice, bay leaves, salt and ground black pepper, cover, cabbage","beef pot roast, onion, mint leaf, garlic, cinnamon, allspice, bay leaf, salt, black pepper, cabbage"
Filipino Beef Giniling (Afritada Style),"oil, garlic, ground beef, water, black pepper, red potatoes, baby carrots, soy sauce, raisins, tomato sauce, orange bell pepper, sugar","oil, garlic, ground beef, water, black pepper, red potato, baby carrot, soy sauce, raisin, tomato sauce, orange bell pepper, sugar"
Filipino Corned Beef and Cabbage,"butter, olive oil, onion, garlic, Roma tomatoes, cabbage, chicken stock, corned beef","butter, olive oil, onion, garlic, roma tomato, cabbage, chicken stock, corned beef"
Almond Cookies (Dim Sum Variety),"food coloring, vegetable shortening, vegetable shortening, sugar, egg, almond extract, all-purpose flour, baking soda, salt","food coloring, vegetable shortening, sugar, egg, almond extract, all purpose flour, baking soda, salt"
Arroz con Pollo Perunao (Peruvian Rice with Chicken),"vegetable oil, chicken thighs, chicken drumsticks, salt and black pepper, cilantro, garlic, aji pepper, Worcestershire sauce, orange juice, white rice, onions, white wine, chicken broth, black pepper, carrot, bell pepper, peas","vegetable oil, chicken thigh, chicken drumstick, salt, black pepper, cilantro, garlic, aji pepper, worcestershire sauce, orange juice, white rice, onion, white wine, chicken broth, carrot, bell pepper, pea"
Gourmet Pastelillos (Meat Pies),"olive oil, ground beef, onion, tomato sauce, pimento-stuffed olives, sofrito, sazon seasoning, garlic cloves, oregano, empanada dough, frying","olive oil, ground beef, onion, tomato sauce, pimento stuffed olive, sofrito, sazon seasoning, garlic clove, oregano, empanada dough, frying"
Portuguese Custard Tarts (Pasteis de Nata),"all-purpose flour, kosher salt, water, butter, white sugar, water, water, cinnamon stick, lemon, all-purpose flour, kosher salt, milk, egg yolks, vanilla extract","all purpose flour, salt, water, butter, white sugar, cinnamon stick, lemon, milk, egg yolk, vanilla extract"
Shakshooka,"olive oil, garlic, onion, jalapeno pepper, red bell pepper, tomatoes, sweet paprika, paprika, salt and pepper, tomato paste, water, saffron, parsley, eggs","olive oil, garlic, onion, jalapeno pepper, red bell pepper, tomato, sweet paprika, paprika, salt, black pepper, tomato paste, water, saffron, parsley, egg"
Bolo de Fuba Cremoso (Creamy Cornmeal Cake),"milk, white sugar, eggs, Parmesan cheese, butter, coconut, cornmeal, all-purpose flour, baking powder, salt","milk, white sugar, egg, parmesan cheese, butter, coconut, cornmeal, all purpose flour, baking powder, salt"
Gyoza Sauce,"rice vinegar, soy sauce, green onions, garlic clove, sesame oil, red pepper flakes, ginger root","rice vinegar, soy sauce, green onion, garlic clove, sesame oil, red pepper flake, ginger root"
Chicken Afritada (Filipino Stew),"vegetable oil, garlic, onion, tomatoes, chicken, water, tomato sauce, potatoes, green bell pepper, carrot","vegetable oil, garlic, onion, tomato, chicken, water, tomato sauce, potato, green bell pepper, carrot"
Delicious Easy Chicken Francese,"all-purpose flour, eggs, chicken breast, olive oil, chicken broth, white wine, butter, lemons, salt and pepper, water, cornstarch","all purpose flour, egg, chicken breast, olive oil, chicken broth, white wine, butter, lemon, black pepper, salt, water, cornstarch"
Chef John&#39;s Mulligatawny Soup,"butter, vegetable oil, chicken thighs, kosher salt, curry powder, garam masala, cumin, black pepper, mustard, coriander, cayenne pepper, garlic, ginger, yellow onion, carrots, celery, tomato paste, Yukon Gold potatoes, tomato, Granny Smith apples, red lentils, bay leaf, tamarind paste, chicken broth, coconut cream, Greek yogurt, cilantro, green onion, red pepper flakes","butter, vegetable oil, chicken thigh, salt, curry powder, garam masala, cumin, black pepper, mustard, coriander, cayenne pepper, garlic, ginger, yellow onion, carrot, celery, tomato paste, potato, tomato, apple, red lentil, bay leaf, tamarind paste, chicken broth, coconut cream, greek yogurt, cilantro, green onion, red pepper flake"
Sweet Creme de Vie,"water, sugar, anise seeds, egg yolks, 151 proof rum, sweetened condensed milk, evaporated milk, vanilla extract","water, sugar, anise seed, egg yolk, rum, sweetened condensed milk, evaporated milk, vanilla extract"
Easy Mojitos,"mint, lime slices, white sugar, ice cubes, rum, diet lemon-lime soda","mint, lime slice, sugar, ice cube, rum, diet lemon lime soda"
One-Pot Lebanese Chicken and Rice,"olive oil, chicken breasts, onion, beef, garlic, cinnamon, allspice, salt, cayenne pepper, long grain rice, chicken broth, parsley","olive oil, chicken breast, onion, beef, garlic, cinnamon, allspice, salt, cayenne pepper, long grain rice, chicken broth, parsley"
Easy Brazilian Spiced Salmon,"salmon fillets, olive oil, brown sugar, garlic, smoked paprika, paprika, chili powder, lemon","salmon fillet, olive oil, brown sugar, garlic, smoked paprika, paprika, chili powder, lemon"
Sweet Potato Tempura,"eggs, water, water, all-purpose flour, all-purpose flour, salt, oil, sweet potato, rice wine, soy sauce","egg, water, all purpose flour, salt, oil, sweet potato, rice wine, soy sauce"
Bread Machine Swedish Coffee Bread,"milk, butter, egg yolk, salt, all-purpose flour, sugar, cardamom, active dry yeast, egg whites, sugar","milk, butter, egg yolk, salt, all purpose flour, sugar, cardamom, active dry yeast, egg white"
Korean Street Toast,"green cabbage, carrot, green onion, kosher salt, black pepper, cayenne pepper, eggs, butter, white bread, white sugar, smoked ham, Cheddar cheese, ketchup, mayonnaise","green cabbage, carrot, green onion, salt, black pepper, cayenne pepper, egg, butter, bread, sugar, smoked ham, cheddar cheese, ketchup, mayonnaise"
Chef John&#39;s Chimichurri Sauce,"flat-leaf Italian parsley, cilantro leaves, olive oil, oregano leaves, garlic, white wine vinegar, salt, cumin, red pepper flakes, black pepper","italian flat leaf parsley, cilantro leaf, olive oil, oregano, garlic, white wine vinegar, salt, cumin, red pepper flake, black pepper"
Tea Party Sandwiches (Puerto Rican Version),"luncheon meat, processed cheese sauce, pimiento peppers, mayonnaise-style sandwich spread, white bread, whole wheat bread, parsley, cucumber","luncheon meat, processed cheese sauce, pimiento pepper, mayonnaise style sandwich spread, bread, whole wheat bread, parsley, cucumber"
The Real Mojito,"mint leaves, lime, white sugar, ice cubes, white rum, club soda","mint leaf, lime, sugar, ice cube, rum, club soda"
Red Salad,"beets, potatoes, carrots, mayonnaise, mustard","beet, potato, carrot, mayonnaise, mustard"
Namoora (Basboosa),"tahini, farina cereal, white sugar, baking powder, yogurt, butter, almond halves, white sugar, water, lemon juice, butter, orange flower water","tahini, farina cereal, sugar, baking powder, yogurt, butter, almond half, water, lemon juice, orange flower water"
Microwave Mochi,"mochiko, water, white sugar, distilled white vinegar, potato starch, salt","mochiko, water, sugar, distilled white vinegar, potato starch, salt"
Pashka,"cream cheese, cottage cheese, sour cream, butter, sugar, almonds, currants, vanilla extract, lemon extract","cream cheese, cottage cheese, sour cream, butter, sugar, almond, currant, vanilla extract, almond extract"
3-Ingredient Japanese Cheesecake,"white chocolate, cream cheese, eggs","white chocolate, cream cheese, egg"
Pisco Sour,"ice cubes, pisco, lemon juice, white sugar, egg white, bitters","ice cube, pisco, lemon juice, sugar, egg white, angostura bitter"
Toum,"garlic, salt, vegetable oil, lemon","garlic, salt, vegetable oil, lemon"
Gravlox,"salmon fillet, sea salt, light brown sugar, pepper, dill, vodka","salmon fillet, sea salt, light brown sugar, black pepper, dill, vodka"
Indian Spiced Onions,"onion, ketchup, lemon juice, sugar, cilantro, fenugreek leaves, chili powder, salt","onion, ketchup, lemon juice, sugar, cilantro, fenugreek leaf, chile powder, salt"
Vietnamese Coconut-Caramel Shrimp (Tom Rim),"shrimp, salt, white sugar, coconut water, maple syrup, olive oil, sesame oil, shallot, garlic, fish sauce, chives","shrimp, salt, sugar, coconut water, maple syrup, olive oil, sesame oil, shallot, garlic, fish sauce, chive"
Chickpeas and Chorizo,"garbanzo beans, red bell pepper, green bell pepper, canola oil, potatoes, Spanish-style chorizo, yellow onion, garlic, paprika, salt, sherry","garbanzo bean, red bell pepper, green bell pepper, canola oil, potato, chorizo, yellow onion, garlic, paprika, salt, sherry"
Bacalhau Portuguese ao Forno (Salt Cod with Tomatoes and Olives),"cod fish, lemons, salt, potatoes, onions, tomatoes, bay leaves, olive oil, black olives, parsley","cod fish, lemon, salt, potato, onion, tomato, bay leaf, olive oil, black olive, parsley"
Codfish with Cream,"cod fish, frying, potatoes, olive oil, onion, garlic, butter, all-purpose flour, milk, nutmeg, heavy cream, Parmesan cheese","cod fish, potatoes, olive oil, onion, garlic, butter, all purpose flour, milk, nutmeg, heavy cream, parmesan cheese"
Browned Butter Banana Bread,"butter, bananas, brown sugar, sugar, egg, vanilla extract, all-purpose flour, baking soda, cinnamon, nutmeg","butter, banana, brown sugar, sugar, egg, vanilla extract, all purpose flour, baking soda, cinnamon, nutmeg"
Brazilian Chicken with Coconut Milk,"cumin, cayenne pepper, turmeric, coriander, chicken breast halves, salt and pepper, olive oil, onion, jalapeno peppers, ginger, garlic, tomatoes, coconut milk, parsley","cumin, cayenne pepper, turmeric, coriander, chicken breast half, salt, black pepper, olive oil, onion, jalapeno pepper, ginger, garlic, tomato, coconut milk, parsley"
Argentine Lentil Stew,"lentils, water, vegetable bouillon, tomatoes, onion, carrot, apple, peas, garlic, olive oil, barbeque sauce, paprika, salt and pepper","lentil, water, vegetable bouillon, tomato, onion, carrot, apple, pea, garlic, olive oil, barbecue sauce, paprika, salt, black pepper"
Churrascaria-Style Picanha,"garlic, kosher salt, beef top sirloin, lemon juice, olive oil","garlic, kosher salt, beef top sirloin, lemon juice, olive oil"
Durian Puree Cheesecake,"cream cheese, sweetened condensed milk, durian, eggs, sour cream, vanilla extract, durian or banana extract, graham cracker crust","cream cheese, sweetened condensed milk, durian, egg, sour cream, vanilla extract, graham cracker crust"
Borscht with Meat,"beets, red wine vinegar, white sugar, beef chuck, water, bacon, salt, black peppercorns, parsley, marjoram, dill seed, cabbage, leeks, onion, carrot, Polish sausage, dill weed","beet, red wine vinegar, sugar, beef chuck, water, bacon, salt, black peppercorn, parsley, marjoram, dill seed, cabbage, leek, onion, carrot, kielbasa sausage, dill weed"
Paneer Butter Masala,"vegetable oil, paneer, butter, onions, ginger paste, garlic paste, cashews, red chiles, cumin, coriander, garam masala, tomato sauce, half-and-half, milk, white sugar, salt","vegetable oil, paneer, butter, onion, ginger paste, garlic paste, cashew, red chile, cumin, coriander, garam masala, tomato sauce, half and half, milk, sugar, salt"
Habichuelas Guisadas,"olive oil, tomato sauce, sofrito sauce, sazon seasoning, black pepper, pinto beans, water, salt","olive oil, tomato sauce, sofrito sauce, sazon seasoning, black pepper, pinto bean, water, salt"
Ekmek Turkish Bread,"bread flour, water, active dry yeast, sugar, water, bread flour, salt","bread flour, water, active dry yeast, sugar, salt"
Feijoada (Brazilian Black Bean Stew),"olive oil, onion, green onions, garlic, black beans, smoked ham hocks, ham, bacon, bay leaves, coriander, salt and pepper, cilantro, parsley","olive oil, onion, green onion, garlic, black bean, smoked ham hock, ham, bacon, bay leaf, coriander, salt, black pepper, cilantro, parsley"
Moussaka,"eggplants, salt, olive oil, butter, ground beef, onions, garlic, black pepper, parsley, fines herbs, cinnamon, nutmeg, tomato sauce, red wine, egg, milk, butter, all-purpose flour, white pepper, Parmesan cheese","eggplant, salt, olive oil, butter, ground beef, onion, garlic, black pepper, parsley, fines herb, cinnamon, nutmeg, tomato sauce, red wine, egg, milk, all purpose flour, white pepper, parmesan cheese"
Pastitsio,"butter, onion, garlic, ground beef, tomatoes, red wine, vegetable broth, tomato paste, parsley, cinnamon stick, clove, salt and pepper, ziti pasta, butter, Parmesan cheese, nutmeg, salt and pepper, pepper, eggs, butter, all-purpose flour, milk, nutmeg, salt, black pepper, Parmesan cheese, egg, egg yolk","butter, onion, garlic, ground beef, tomato, red wine, vegetable broth, tomato paste, parsley, cinnamon stick, clove, salt, black pepper, ziti pasta, parmesan cheese, nutmeg, pepper, egg, all purpose flour, milk, egg yolk"
Cocada (Brazilian Coconut Sweet),"sweetened condensed milk, sugar, coconut, vanilla extract","sweetened condensed milk, sugar, coconut, vanilla extract"
Chef John&#39;s Hummingbird Cake,"sugar, all-purpose flour, cinnamon, baking soda, kosher salt, vegetable oil, eggs, vanilla extract, pineapple, bananas, pecans, cream cheese, unsalted butter, vanilla extract, sugar, white sugar, edible flowers","sugar, all purpose flour, cinnamon, baking soda, kosher salt, vegetable oil, egg, vanilla extract, pineapple, banana, pecan, cream cheese, unsalted butter, edible flower"
Oladi (Russian Kefir Pancakes),"all-purpose flour, all-purpose flour, kefir, egg, sugar, baking soda, salt, vegetable oil","all purpose flour, kefir, egg, sugar, baking soda, salt, vegetable oil"
Tempura Batter,"egg whites, all-purpose flour, water","egg white, all purpose flour, water"
Coquito de Puerto Rico,"cream of coconut, sweetened condensed milk, evaporated milk, rum, water, vanilla bean ice cream, vanilla extract, cinnamon sticks, cloves, cinnamon, nutmeg","cream of coconut, sweetened condensed milk, evaporated milk, rum, water, vanilla bean, vanilla extract, cinnamon stick, clove, cinnamon, nutmeg"
Indian Chicken Curry (Murgh Kari),"chicken breast halves, salt, cooking oil, onion, garlic, ginger root, curry powder, cumin, turmeric, coriander, cayenne pepper, water, tomatoes, yogurt, cilantro, salt, water, garam masala, cilantro, lemon juice","chicken breast half, salt, cooking oil, onion, garlic, ginger root, curry powder, cumin, turmeric, coriander, cayenne pepper, water, tomato, yogurt, cilantro, garam masala, lemon juice"
Swedish Waffle Cookies,"butter, all-purpose flour, heavy cream, white sugar, butter, confectioners' sugar, egg yolk, Swedish arrack punsch","butter, all purpose flour, heavy cream, sugar, confectioners sugar, egg yolk, swedish arrack punsch"
South African Pumpkin Soup with Banana and Curry,"pumpkin, olive oil, brown sugar, honey, banana, onion, carrot, celery, garlic, curry powder, coriander, nutmeg, cinnamon, coconut milk, chicken stock, salt, black pepper, lime","pumpkin, olive oil, brown sugar, honey, banana, onion, carrot, celery, garlic, curry powder, coriander, nutmeg, cinnamon, coconut milk, chicken stock, salt, black pepper, lime"
German Wurst Salad,"German bologna block, distilled white vinegar, vegetable oil, onion, tomato, garlic, chives, parsley, Polskie Ogorki","german bologna block, distilled white vinegar, vegetable oil, onion, tomato, garlic, chive, parsley, polskie ogorki"
Arepas de Huevos,"white cornmeal, salt, white sugar, water, frying, eggs","cornmeal, salt, sugar, water, egg"
Authentic Middle Eastern Hummus (Chummus),"garbanzo beans, baking soda, extra-virgin olive oil, tahini paste, lemon juice, garlic, cumin, salt, olive oil","chickpea, baking soda, extra virgin olive oil, tahini paste, lemon juice, garlic, cumin, salt"
Pao de Queijo (Brazilian Cheese Bread),"tapioca starch, water, vegetable oil, salt, Mexican cheese blend, eggs, water","tapioca starch, water, vegetable oil, salt, mexican cheese blend, egg"
Mango Gazpacho,"mangoes, orange juice, olive oil, cucumber, red bell pepper, onion, garlic cloves, jalapeno pepper, lime juice, parsley, basil or cilantro, freshly ground black pepper","mango, orange juice, olive oil, cucumber, red bell pepper, onion, garlic, jalapeno pepper, lime juice, parsley, basil, cilantro, black pepper"
Layali Lubnan (Lebanese Nights),"milk, semolina, eggs, rose water, white sugar, water, lemon juice, whipping cream, sugar, pistachio nuts","milk, semolina, egg, rose water, sugar, water, lemon juice, whipping cream, pistachio"
Slow Cooker Butter Chicken,"butter, vegetable oil, chicken thighs, onion, garlic, tomato paste, curry paste, curry powder, tandoori masala, garam masala, green cardamom, coconut milk, yogurt, salt","butter, vegetable oil, chicken thigh, onion, garlic, tomato paste, curry paste, curry powder, tandoori masala, garam masala, green cardamom, coconut milk, yogurt, salt"
Tembleque Puerto Rican Coconut Pudding,"coconut milk, sugar, kosher salt, cornstarch, cinnamon","coconut milk, sugar, salt, cornstarch, cinnamon"
Ginger Sekanjabin,"white sugar, water, wine vinegar, ginger","sugar, water, vinegar, ginger"
Cuban Black Bean Soup in the Slow Cooker,"black beans, celery, bay leaves, vegetable oil, onion, green bell pepper, carrot, garlic, salt, cumin, chile flakes, fire-roasted diced tomatoes, water, red wine vinegar, hot pepper sauce","black bean, celery, bay leaf, vegetable oil, onion, green bell pepper, carrot, garlic, salt, cumin, chile flake, fire roasted diced tomato, water, red wine vinegar, hot pepper sauce"
Garlic Prawns,"olive oil, Dijon mustard, garlic, lemon, orange, basil, white wine, tiger prawns","olive oil, dijon mustard, garlic, lemon, orange, basil, white wine, tiger prawn"
Cuban Smoked Sausage with Chickpeas,"sausage, vegetable oil, onion, chickpeas, tomato sauce, sherry wine or Marsala, adobo seasoning, oregano, red pepper flakes, black pepper, garlic powder","sausage, vegetable oil, onion, chickpea, tomato sauce, sherry, marsala, adobo seasoning, oregano, red pepper flake, black pepper, garlic powder"
Thai Pineapple Chicken Curry,"water, jasmine rice, red curry paste, coconut milk, chicken breast halves, bamboo shoots, sugar, fish sauce, red bell pepper, green bell pepper, onion, pineapple chunks","water, jasmine rice, red curry paste, coconut milk, chicken breast half, bamboo shoot, sugar, fish sauce, red bell pepper, green bell pepper, onion, pineapple chunk"
White Wine Sangria,"white wine, rum, orange juice, white sugar, green apple, lemon, lime, lemon-lime soda, green grapes","white wine, rum, orange juice, sugar, green apple, lemon, lime, lemon lime soda, green grape"
Moo Goo Gai Pan,"vegetable oil, broccoli florets, mushrooms, straw mushrooms, bamboo shoots, water chestnuts, garlic, chicken breast, chicken broth, cornstarch, sugar, soy sauce, oyster sauce, rice wine","vegetable oil, broccoli floret, mushroom, straw mushroom, bamboo shoot, water chestnut, garlic, chicken breast, chicken broth, cornstarch, sugar, soy sauce, oyster sauce, rice wine"
Empanadas,"butter, cream cheese, all-purpose flour, fruit preserves, white sugar, cinnamon","butter, cream cheese, all purpose flour, fruit preserve, sugar, cinnamon"
Slow Cooker Cuban Pork,"orange juice, lime juice, lemon juice, black peppercorns, onion, pork loin, garlic, kosher salt, kosher salt, oregano","orange juice, lime juice, lemon juice, black peppercorn, onion, pork loin, garlic, kosher salt, oregano"
Maple Walnut Ice Cream,"heavy whipping cream, egg yolks, milk, white sugar, corn syrup, maple syrup, salt, vanilla extract, walnut halves, maple syrup, maple syrup, salt","heavy whipping cream, egg yolk, milk, sugar, corn syrup, maple syrup, salt, vanilla extract, walnut half"
Cuban Beans and Rice,"olive oil, onion, green bell pepper, garlic, salt, tomato paste, kidney beans, white rice","olive oil, onion, green bell pepper, garlic, salt, tomato paste, kidney bean, white rice"
Pumpkin Mochi,"mochiko, baking powder, white sugar, eggs, pumpkin puree, sweetened condensed milk, butter, vanilla extract","mochiko, baking powder, sugar, egg, pumpkin puree, sweetened condensed milk, butter, vanilla extract"
Authentic Swedish Pancakes,"eggs, milk, all-purpose flour, sugar, salt, butter","egg, milk, all purpose flour, sugar, salt, butter"
Lemon Chicken Orzo Soup,"orzo pasta, olive oil, carrots, celery, onion, garlic, thyme, oregano, salt and ground black pepper, bay leaf, chicken broth, lemon juice, lemon, chicken breast, baby spinach leaves, lemon, Parmesan cheese","orzo pasta, olive oil, carrot, celery, onion, garlic, thyme, oregano, salt, black pepper, bay leaf, chicken broth, lemon juice, lemon, chicken breast, baby spinach leaf, parmesan cheese"
Authentic Paella Valenciana,"olive oil, chicken, rabbit, garlic, tomato, butter beans, green peas, green beans, paprika, water, salt, saffron, thyme, rosemary, short-grain white rice","olive oil, chicken, rabbit, garlic, tomato, butter bean, green pea, green bean, paprika, water, salt, saffron, thyme, rosemary, short grain white rice"
Pouding Chomeur,"maple syrup, heavy cream, butter, white sugar, vanilla extract, eggs, baking powder, salt, all-purpose flour","maple syrup, heavy cream, butter, sugar, vanilla extract, egg, baking powder, salt, all purpose flour"
Beans and Greens Tartine,"French bread, olive oil, Swiss chard, olive oil, garlic, lemon, cayenne pepper, bacon, green onions, cumin, oregano, salt, pinto beans, water, lemon, pepper Jack cheese, Fresno chile, green onions","french bread, olive oil, swiss chard, garlic, lemon, cayenne pepper, bacon, green onion, cumin, oregano, salt, pinto bean, water, pepper jack cheese, fresno chile pepper"
Restaurant Style Egg Drop Soup,"chicken broth, chives, salt, ginger, cornstarch, eggs, egg yolk","chicken broth, chive, salt, ginger, cornstarch, egg, egg yolk"
Jamaican Rice and Peas,"jasmine rice, olive oil, garlic, onions, thyme, kidney beans, chicken stock, coconut milk, Scotch bonnet pepper, salt, brown sugar, black pepper, red pepper flakes, allspice, cayenne pepper","jasmine rice, olive oil, garlic, onion, thyme, kidney bean, chicken stock, coconut milk, scotch bonnet pepper, salt, brown sugar, black pepper, red pepper flake, allspice, cayenne pepper"
Octopus in Tomato Sauce,"octopus, olive oil, onion, mint leaves, garlic, curry powder, mixed spice, salt and pepper, red wine, lemon zest, orange zest, tomatoes, potatoes, peas, olives, tomato paste, bay leaves, sugar","octopus, olive oil, onion, mint leaf, garlic, curry powder, mixed spice, salt, black pepper, red wine, lemon zest, orange zest, tomato, potato, pea, olive, tomato paste, bay leaf, sugar"
Boterkoek (Dutch Butter Cake),"eggs, all-purpose flour, baking powder, white sugar, butter, almond extract, almonds","egg, all purpose flour, baking powder, sugar, butter, almond extract, almond"
Gajar Ka Halwa (Carrot Halwa),"sunflower seed oil, carrots, milk, white sugar, raisins, cardamom, saffron, pistachio nuts","sunflower seed oil, carrot, milk, sugar, raisin, cardamom, saffron, pistachio"
Swedish Ground Almond Spritz Cookies,"almonds, butter, sugar, egg, almond extract, milk, all-purpose flour, baking powder, salt","almond, butter, sugar, egg, almond extract, milk, all purpose flour, baking powder, salt"
Gisela&#39;s Butternut Squash Soup,"butter, onion, chicken broth, butternut squash, orange, orange, sour cream, salt and pepper","butter, onion, chicken broth, butternut squash, orange, sour cream, salt, black pepper"
Dutch Cookies,"butter, shortening, sugar, all-purpose flour, baking soda, salt, vanilla extract, semi-sweet chocolate chips","butter, shortening, sugar, all purpose flour, baking soda, salt, vanilla extract, semisweet chocolate chip"
Mango Chutney,"white sugar, brown sugar, distilled white vinegar, chile peppers, allspice, ginger, nutmeg, cinnamon, cloves, kosher salt, onions, golden raisins, raisins, ginger root, garlic, mangos, almonds","sugar, brown sugar, distilled white vinegar, chile pepper, allspice, ginger, nutmeg, cinnamon, clove, kosher salt, onion, golden raisin, raisin, ginger root, garlic, mango, almond"
Kibby (Kibby-Bel-Saneeya),"wheat, beef, onion, lemon juice, cinnamon, butter, pine nuts","wheat, beef, onion, lemon juice, cinnamon, butter, pine nut"
Authentic Lebanese Fattoush,"water, cornstarch, lemon juice, garlic, sumac powder, romaine lettuce, tomatoes, green bell pepper, cucumber, purslane, green onions, arugula, flat-leaf parsley, mint, pita rounds","water, cornstarch, lemon juice, garlic, sumac powder, romaine lettuce, tomato, green bell pepper, cucumber, purslane, green onion, arugula, flat leaf parsley, mint, pita bread round"
Salpicao de Frango (Brazilian Chicken Salad),"chicken, corn, green olives, golden raisins, carrots, celery, green apple, heavy cream, Dijon mustard, sugar, parsley, lettuce leaves, watercress, shoestring potato sticks","chicken, corn, green olive, golden raisin, carrot, celery, green apple, heavy cream, dijon mustard, sugar, parsley, lettuce leaf, watercress, shoestring potato stick"
Lamb Souvlaki,"olive oil, lemon juice, red wine vinegar, oregano, garlic, salt, black pepper, leg of lamb","olive oil, lemon juice, red wine vinegar, oregano, garlic, salt, black pepper, leg of lamb"
Pear Tarte Tatin,"white sugar, ginger, nutmeg, pears, bourbon whiskey, butter, white sugar, salt, pie crust","sugar, ginger, nutmeg, pear, bourbon whiskey, butter, sugar, salt, pie crust"
Best Pernil Ever,"garlic, olive oil, salt, oregano, black pepper, pork shoulder roast, red table wine","garlic, olive oil, salt, oregano, black pepper, pork shoulder roast, red table wine"
Peanut Butter Noodles,"Udon noodles, chicken broth, soy sauce, peanut butter, ginger root, honey, garlic, hot chile paste, green onions, peanuts","udon noodle, chicken broth, soy sauce, peanut butter, ginger root, honey, garlic, hot chile paste, green onion, peanut"
Cha Gio Vietnamese Egg Rolls,"bean threads, shiitake mushroom, pork, shrimp, carrot, shallot, Vietnamese fish sauce, white sugar, salt, black pepper, egg roll wrappers, egg, deep frying","bean thread, shiitake mushroom, pork, shrimp, carrot, shallot, vietnamese fish sauce, sugar, salt, black pepper, egg roll wrapper, egg, deep frying"
Simple and Creamy Spanish Flan,"water, white sugar, water, egg yolks, sweetened condensed milk, evaporated milk, vanilla extract","water, sugar, water, egg yolk, sweetened condensed milk, evaporated milk, vanilla extract"
Pollo Saltado (Peruvian-Style Chicken Stir-Fry),"chicken breast halves, soy sauce, vinegar, paprika, cumin, black pepper, garlic, French fries, vegetable oil, onion, bell pepper, aji pepper, Roma tomatoes","chicken breast half, soy sauce, vinegar, paprika, cumin, black pepper, garlic, french fry, vegetable oil, onion, bell pepper, aji pepper, roma tomato"
Yazdi Cakes,"all-purpose flour, baking powder, eggs, white sugar, butter, yogurt, rose water, cardamom, almonds, pistachio nuts","all purpose flour, baking powder, egg, sugar, butter, yogurt, rose water, cardamom, almond, pistachio nut"
Thera&#39;s Canadian Fried Dough,"water, active dry yeast, sugar, milk, eggs, vegetable oil, white sugar, salt, vanilla extract, whole wheat flour, vegetable oil, white sugar, cinnamon","water, active dry yeast, sugar, milk, egg, vegetable oil, sugar, salt, vanilla extract, whole wheat flour, vegetable oil, sugar, cinnamon"
Jamaican Oxtail Stew,"beef oxtail, habanero peppers, white onions, green bell pepper, yellow bell pepper, red bell pepper, scallions, ginger root, thyme leaves, garlic, beef bouillon, jerk seasoning, browning sauce, soy sauce, olive oil, ketchup, water, allspice, bay leaf, butter beans, tomatoes","beef oxtail, habanero pepper, white onion, green bell pepper, yellow bell pepper, red bell pepper, scallion, ginger root, thyme leaf, garlic, beef bouillon, jerk seasoning, browning sauce, soy sauce, olive oil, ketchup, water, allspice, bay leaf, butter bean, tomato"
Sinigang na Baka,"canola oil, onion, garlic, beef stew meat, water, tomatoes, green beans, bok choy, broccoli, tamarind soup base","canola oil, onion, garlic, beef stew meat, water, tomato, green bean, bok choy, broccoli, tamarind soup base"
Manaaeesh Flatbread,"active dry yeast, water, olive oil, all-purpose flour, kosher salt, olive oil, 0.25 cup za'atar, kosher salt","active dry yeast, water, olive oil, all purpose flour, kosher salt, olive oil, zaatar, kosher salt"
Tembleque,"coconut milk, white sugar, vanilla extract, salt, cornstarch, water, cinnamon","coconut milk, sugar, vanilla extract, salt, cornstarch, water, cinnamon"
Crème Fraîche Chicken,"olive oil, chicken breast halves, white wine, salt and pepper, penne or other pasta of your choice, white onion, garlic, mushrooms, creme fraiche, sour cream, Parmesan cheese","olive oil, chicken breast half, white wine, salt, black pepper, penne pasta, white onion, garlic, mushroom, creme fraiche, sour cream, parmesan cheese"
Lumpia - Filipino Shrimp and Pork Egg Rolls,"pork, shrimp, onion, carrots, green onions, soy sauce, monosodium glutamate, salt, black pepper, spring roll wrappers, egg white, vegetable oil","pork, shrimp, onion, carrot, green onion, soy sauce, monosodium glutamate, salt, black pepper, spring roll wrapper, egg white, vegetable oil"
Labneh (Lebanese Cream Cheese),"plain yogurt, salt, olive oil","plain yogurt, salt, olive oil"
Jam Kolaczki,"butter, cream cheese, all-purpose flour, strawberry jam, confectioners' sugar","butter, cream cheese, all purpose flour, strawberry jam, confectioners sugar"
Hawaiian Pizza,"olive oil, bacon, pineapple rings, pizza dough, pizza sauce, whole-milk mozzarella cheese, red onion, Canadian bacon","olive oil, bacon, pineapple, pizza dough, pizza sauce, whole milk mozzarella cheese, red onion, canadian bacon"
Brazilian Style Chocolate Pudding,"sweetened condensed milk, eggs, chocolate mix, coconut","sweetened condensed milk, egg, chocolate mix, coconut"
Beer Glazed Brats and Sauerkraut,"celery seeds, caraway seeds, lager beer, light brown sugar, mustard powder, onion powder, black pepper, dill weed, bratwurst sausages, sauerkraut","celery seed, caraway seed, lager beer, light brown sugar, mustard powder, onion powder, black pepper, dill weed, bratwurst sausage, bavarian style sauerkraut"
Pinakbet,"olive oil, onion, garlic, pork loin, prawns, salt and pepper, tomato, zucchini, okra, green beans, eggplant, bitter melon","olive oil, onion, garlic, pork loin, prawn, salt, black pepper, tomato, zucchini, okra, green bean, eggplant, bitter melon"
Perfect Chicken Piccata,"chicken breast, kosher salt, black pepper, all-purpose flour, olive oil, butter, dry white wine, capers, chicken stock, lemon juice, lemon zest, parsley","chicken breast, kosher salt, black pepper, all purpose flour, olive oil, butter, dry white wine, caper, chicken stock, lemon juice, lemon zest, parsley"
Captain Duarte&#39;s Salt Cod Cakes,"cod fish, potatoes, seafood seasoning, black pepper, parsley, eggs, onion, all-purpose flour, olive oil","cod fish, potato, seafood seasoning, black pepper, parsley, egg, onion, all purpose flour, olive oil"
Creamy Manjar (Dulce de Leche),"milk, white sugar, sucralose sweetener, vanilla extract, baking soda, water, salt","milk, white sugar, sucralose sweetener, vanilla extract, baking soda, water, salt"
Vietnamese Salad Rolls,"rice vermicelli, shrimp, rice wrappers, carrot, lettuce, basil, hoisin sauce, water","rice vermicelli, shrimp, rice wrapper, carrot, lettuce, basil, hoisin sauce, water"
Quick and Easy Paella,"shrimp, olive oil, saffron, chicken broth, olive oil, chorizo sausage, onion, garlic, Arborio rice, green peas, red bell pepper, salt, paprika, cayenne pepper","shrimp, olive oil, saffron, chicken broth, chorizo sausage, onion, garlic, arborio rice, green pea, red bell pepper, salt, paprika, cayenne pepper"
Swedish Meatballs (Svenska Kottbullar),"white bread, heavy cream, butter, onion, ground beef, pork, egg, brown sugar, salt, black pepper, nutmeg, allspice, ginger, butter, chicken broth, all-purpose flour, beef broth, sour cream","white bread, heavy cream, butter, onion, ground beef, pork, egg, brown sugar, salt, black pepper, nutmeg, allspice, ginger, chicken broth, all purpose flour, beef broth, sour cream"
Colombian Ají,"jalapeno peppers, green onions, cilantro, water, white vinegar, lemon juice, salt","jalapeno pepper, green onion, cilantro, water, white vinegar, lemon juice, salt"
Puerto Rican Canned Corned Beef Stew,"potato, olive oil, sweet corn kernels, sofrito, garlic, tomato sauce, oregano, bay leaf, water, corned beef","potato, olive oil, sweet corn kernel, sofrito, garlic, tomato sauce, oregano, bay leaf, water, corned beef"
Simple Spanish Rice,"vegetable oil, rice, onion, green bell pepper, tomatoes, vegetable juice, tomato sauce, water, sugar, lemon juice, salt, black pepper","vegetable oil, rice, onion, green bell pepper, tomato, vegetable juice, tomato sauce, water, sugar, lemon juice, salt, black pepper"
Vinagrete (Brazilian Tomato Slaw),"tomatoes, red bell pepper, English cucumber, onion, parsley, lime juice, olive oil, green onions, cilantro, cider vinegar","tomato, red bell pepper, english cucumber, onion, parsley, lime juice, olive oil, green onion, cilantro, cider vinegar"
Asopao de Pollo,"chicken thighs, black pepper, adobo seasoning, olive oil, green bell pepper, red bell pepper, onion, garlic, tomato paste, medium-grain rice, tomatoes, chicken broth, bay leaf, red pepper flakes, green olives, cilantro","chicken thigh, black pepper, adobo seasoning, olive oil, green bell pepper, red bell pepper, onion, garlic, tomato paste, medium grain rice, tomato, chicken broth, bay leaf, red pepper flake, green olive, cilantro"
Maritime Donair Sauce,"sweetened condensed milk, white vinegar, garlic powder","sweetened condensed milk, white vinegar, garlic powder"
Moo Shu Chicken,"water, sesame oil, cornstarch, chicken breast tenderloins, hoisin sauce, oyster sauce, soy sauce, vegetable oil, eggs, cabbage, shiitake mushrooms, garlic, sherry, onions","water, sesame oil, cornstarch, chicken breast tenderloin, hoisin sauce, oyster sauce, soy sauce, vegetable oil, egg, cabbage, shiitake mushroom, garlic, sherry, onion"
Spargel in Schinken (White Asparagus Wrapped in Ham),"white asparagus, salt, butter, sugar, ham","white asparagus, salt, butter, sugar, ham"
Baked Chicken Reuben,"chicken breast halves, salt, black pepper, sauerkraut, Swiss cheese, thousand island salad dressing, parsley","chicken breast half, salt, black pepper, bavarian style sauerkraut, swiss cheese, thousand island salad dressing, parsley"
Argentine Meat Empanadas,"ground beef, shortening, onions, Hungarian sweet paprika, paprika, red pepper flakes, salt, cumin, distilled white vinegar, raisins, eggs, green olives, puff pastry sheets, egg","ground beef, shortening, onion, hungarian sweet paprika, paprika, red pepper flake, salt, cumin, distilled white vinegar, raisin, egg, green olive, puff pastry sheet"
Pork and Chicken Adobo,"pork loin roast, chicken thighs, garlic, bay leaves, black pepper, white vinegar, soy sauce, vegetable oil, garlic","pork loin roast, chicken thigh, garlic, bay leaf, black pepper, white vinegar, soy sauce, vegetable oil"
Rappie Pie,"margarine, onions, chicken broth, chicken breasts, potatoes, salt, black pepper","margarine, onion, chicken broth, chicken breast, potato, salt, black pepper"
Portuguese Shrimp,"extra-virgin olive oil, onion, garlic, parsley, tomato paste, Portuguese hot pepper sauce, chicken bouillon, paprika, ale, shrimp, kosher salt","extra virgin olive oil, onion, garlic, parsley, tomato paste, hot pepper sauce, chicken bouillon, paprika, ale, shrimp, kosher salt"
Puerto Rican Rice and Beans (Arroz con Gandules),"olive oil, sofrito, garlic, sazon seasoning with achiote, adobo seasoning, medium-grain white rice, chicken broth, water, gandules, cilantro","olive oil, sofrito, garlic, sazon seasoning, achiote, adobo seasoning, medium grain white rice, chicken broth, water, gandule, cilantro"
Hummingbird,"rum cream liqueur, coffee flavored liqueur, milk, strawberry flavored syrup, banana, ice","rum cream liqueur, coffee flavored liqueur, milk, strawberry flavored syrup, banana, ice"
Chi Chi Dango,"spray, mochiko, white sugar, baking powder, water, coconut milk, vanilla extract, red food color, potato starch","cooking spray, mochiko, white sugar, baking powder, water, coconut milk, vanilla extract, red food coloring, potato starch"
Thai-Style Fragrant Rice,"jasmine rice, water, coconut milk, ginger, soy sauce, lemongrass, curry leaves, Thai basil","jasmine rice, water, coconut milk, ginger, soy sauce, lemongrass, curry leaf, thai basil"
Vietnamese Caramelized Pork,"vegetable oil, sugar, pork spareribs, onions, green chile pepper, black pepper, shallots, garlic, salt, sesame oil, green onion","vegetable oil, sugar, pork sparerib, onion, green chile pepper, black pepper, shallot, garlic, salt, sesame oil, green onion"
Russian Black Bread,"water, cider vinegar, bread flour, rye flour, salt, margarine, dark corn syrup, brown sugar, unsweetened cocoa powder, instant coffee granules, caraway seed, fennel seed, active dry yeast","water, cider vinegar, bread flour, rye flour, salt, margarine, dark corn syrup, brown sugar, unsweetened cocoa powder, instant coffee granule, caraway seed, fennel seed, active dry yeast"
Homemade Portuguese Chicken,"lemon juice, olive oil, garlic, paprika, oregano, sea salt, chili powder, red pepper flakes, bay leaf, black pepper, chicken leg quarters, sea salt","lemon juice, olive oil, garlic, paprika, oregano, sea salt, chili powder, red pepper flake, bay leaf, black pepper, chicken leg quarter"
Penang Pork Satay,"turmeric root, turmeric, ginger root, shallot, garlic, light brown sugar, ancho chili powder, coriander, chipotle chili powder, cayenne pepper, rice vinegar, soy sauce, fish sauce, tamarind paste, cilantro leaves and stems, pork shoulder roast, kosher salt, metal skewers","turmeric, ginger, shallot, garlic, light brown sugar, ancho chili powder, coriander, chipotle chile powder, cayenne pepper, rice vinegar, soy sauce, fish sauce, tamarind paste, cilantro, pork shoulder roast, kosher salt, metal skewer"
Easy Cuban Salad,"olive oil, lemon juice, orange juice, lime juice, garlic, salt, black pepper, romaine lettuce, tomatoes, radishes, red onion, avocado","olive oil, lemon juice, orange juice, lime juice, garlic, salt, black pepper, romaine lettuce, tomato, radish, red onion, avocado"
Indonesian Ratatouille with Tempeh,"canola oil, shallots, habanero peppers, tomato, garlic, tempeh, red bell pepper, okra, vegetable broth, eggplant, coconut milk, brown sugar","canola oil, shallot, habanero pepper, tomato, garlic, tempeh, red bell pepper, okra, vegetable broth, eggplant, coconut milk, brown sugar"
Jiddo&#39;s Fatayer Sabanegh (Spinach Triangles),"white sugar, active dry yeast, water, salt, olive oil, whole wheat flour, spinach, onions, lemon juice, garlic, basil, mint leaves, garlic salt","white sugar, active dry yeast, water, salt, olive oil, whole wheat flour, spinach, onion, lemon juice, garlic, basil, mint leaf, garlic salt"
Shrimp Mozambique,"butter, onion, garlic, beer, sazon seasoning with saffron, white wine, hot sauce, salt, shrimp, white rice, parsley","butter, onion, garlic, beer, sazon seasoning, saffron, white wine, hot sauce, salt, shrimp, white rice, parsley"
Jamaican Jerked Chicken,"green onion, orange juice, ginger root, jalapeno peppers, lime juice, soy sauce, garlic, allspice, cinnamon, cloves, chicken thighs","green onion, orange juice, ginger, jalapeno pepper, lime juice, soy sauce, garlic, allspice, cinnamon, clove, chicken thigh"
Easy and Delicious Homemade Ricotta Cheese,"milk, lemon juice, salt","milk, lemon juice, salt"
Prawn Malai Curry,"cardamom seeds, cloves, cinnamon stick, vegetable oil, cloves, cardamom pods, cinnamon, onion, ginger paste, garlic paste, turmeric, cayenne pepper, tomato, water, coconut milk, tiger prawns, ghee","cardamom seed, clove, cinnamon stick, vegetable oil, cardamom pod, cinnamon, onion, ginger paste, garlic paste, turmeric, cayenne pepper, tomato, water, coconut milk, tiger prawn, ghee"
Swedish Meatballs with Creamy Dill Sauce,"spray, bread crumbs, milk, ground beef, ground pork, onion, parsley, celery, egg, garlic, white sugar, salt, black pepper, unsalted butter, all-purpose flour, beef broth, Worcestershire sauce, sour cream, dill, lemon zest","cooking spray, bread crumb, milk, ground beef, ground pork, onion, parsley, celery, egg, garlic, white sugar, salt, black pepper, unsalted butter, all purpose flour, beef broth, worcestershire sauce, sour cream, dill, lemon zest"
"Daddy Eddie&#39;s Roast Pork (Pernil), Puerto Rican-Style","garlic, olive oil, white vinegar, oregano, salt, black pepper, pork shoulder","garlic, olive oil, white vinegar, oregano, salt, black pepper, pork shoulder"
Wheat Flour Halva,"water, sugar, rose water, cardamom, saffron, butter, all-purpose flour","water, sugar, rose water, cardamom, saffron, butter, all purpose flour"
Mom&#39;s Stovetop Pork Ribs,"pork spareribs, soy sauce, parsley, garlic, lime, rosemary, oregano, bay leaves, black pepper, limes","pork sparerib, soy sauce, parsley, garlic, lime, rosemary, oregano, bay leaf, black pepper"
Lamingtons,"all-purpose flour, baking powder, salt, white sugar, butter, eggs, vanilla extract, milk, confectioners' sugar, cocoa powder, milk, unsalted butter, coconut","all purpose flour, baking powder, salt, sugar, butter, egg, vanilla extract, milk, confectioners sugar, cocoa powder, coconut"
Dutch Apple Pie with Oatmeal Streusel,"apples, white sugar, all-purpose flour, cinnamon, nutmeg, allspice, pie crust, butter, foil, all-purpose flour, rolled oats, brown sugar, lemon zest, cinnamon, butter","apple, sugar, all purpose flour, cinnamon, nutmeg, allspice, pie crust, butter, aluminum foil, rolled oat, brown sugar, lemon zest"
Pebre,"aji pepper, Roma tomato, onion, cilantro, garlic, lime, olive oil, red wine vinegar, salt and pepper, jalapeno pepper","aji pepper, tomato, onion, cilantro, garlic, lime, olive oil, red wine vinegar, salt, black pepper, jalapeno pepper"
Cuban-Style Yuca,"yuca, salt, olive oil, onion, garlic, lemon juice","yuca, salt, olive oil, onion, garlic, lemon juice"
Malaysian Mango Chicken Curry,"vegetable oil, chicken breast, chicken stock, brown sugar, soy sauce, cider vinegar, cornstarch, curry powder, onion, green bell pepper, red bell pepper, ginger root, mango","vegetable oil, chicken breast, chicken stock, brown sugar, soy sauce, cider vinegar, cornstarch, curry powder, onion, green bell pepper, red bell pepper, ginger, mango"
Portuguese Sausage and Kale Soup (Caldo Verde),"Portuguese linguica sausage, olive oil, onions, garlic, chicken broth, white potatoes, black pepper, kale, cannellini beans, salt","linguica sausage, olive oil, onion, garlic, chicken broth, potato, black pepper, kale, cannellini bean, salt"
Mamon (Sponge Cakes),"all-purpose flour, white sugar, baking powder, salt, vegetable oil, egg yolks, orange peel, vanilla extract, orange juice, water, egg whites, cream of tartar, sugar","all purpose flour, sugar, baking powder, salt, vegetable oil, egg yolk, orange peel, vanilla extract, orange juice, water, egg white, cream of tartar"
Brazilian Quentao,"sugar, water, ginger root, limes, cinnamon sticks, cachaca","sugar, water, ginger, lime, cinnamon stick, cachaca"
Isa&#39;s Cola de Mono,"cloves, cinnamon sticks, water, milk, instant coffee granules, sugar, vanilla extract, liquor","clove, cinnamon stick, water, milk, instant coffee granule, sugar, vanilla extract, liquor"
Ground Beef Stroganoff Casserole,"spray, ground beef, salt, black pepper, mushrooms, onion, garlic, white wine, condensed cream of mushroom soup, sour cream, Dijon mustard, egg noodles","cooking spray, ground beef, salt, black pepper, mushroom, onion, garlic, white wine, condensed cream of mushroom soup, sour cream, dijon mustard, egg noodle"
Beef Empanadas with Olives and Raisins,"olive oil, sweet onion, garlic, ground beef, paprika, salt and ground black pepper, eggs, egg yolks, pimiento-stuffed green olives, raisins, parsley, empanada pastry discs","olive oil, onion, garlic, ground beef, paprika, salt, black pepper, egg, egg yolk, pimento stuffed green olive, raisin, parsley, empanada pastry disc"
Canadian Pork Loin Chops,"brown sugar, sea salt, garlic powder, onion powder, paprika, black pepper, dry mustard, fennel seeds, pork loin chops, maple syrup, spicy brown mustard, garlic powder, paprika, black pepper, cayenne pepper, bread crumbs, olive oil, canola oil, garlic","brown sugar, sea salt, garlic powder, onion powder, paprika, black pepper, dry mustard, fennel seed, pork loin chop, maple syrup, mustard, cayenne pepper, bread crumb, olive oil, canola oil, garlic"
Homemade Phyllo (or Filo) Dough,"all-purpose flour, olive oil, salt, water, white wine vinegar, cornstarch, all-purpose flour","all purpose flour, olive oil, salt, water, white wine vinegar, cornstarch"
Jamaican Curry Powder,"coriander seeds, cumin seeds, mustard seeds, anise seeds, fenugreek seeds, allspice berries, turmeric","coriander seed, cumin seed, mustard seed, anise seed, fenugreek seed, allspice berry, turmeric"
Halupki (Stuffed Cabbage),"cabbage, cover, salt, ground beef, pork, white rice, eggs, onion, parsley, garlic powder, salt, black pepper, tomato sauce, white vinegar, white sugar","cabbage, salt, ground beef, pork, white rice, egg, onion, parsley, garlic powder, black pepper, tomato sauce, white vinegar, sugar"
Japanese Ginger Pork,"soy sauce, sake, mirin, ginger root, pork loin, vegetable oil","soy sauce, sake, mirin, ginger, pork loin, vegetable oil"
Duck Soup (Czarnina),"wild duck, duck blood, water, salt, celery, parsley, heavy cream, allspice berries, cloves, prunes, raisins, apple, all-purpose flour, sugar, salt and pepper, lemon juice","wild duck, duck blood, water, salt, celery, parsley, heavy cream, allspice berry, clove, prune, raisin, apple, all purpose flour, sugar, black pepper, lemon juice"
Easy Baklava,"nuts, cinnamon, phyllo dough, butter, sugar, water, honey, vanilla extract, lemon zest","nut, cinnamon, phyllo dough, butter, sugar, water, honey, vanilla extract, lemon zest"
Russian Pelmeni,"egg, vegetable oil, salt, water, all-purpose flour, all-purpose flour, beef, onion, water, salt, pepper","egg, vegetable oil, salt, water, all purpose flour, beef, onion, black pepper"
Limber de Coco (Coconut Ice),"coconut milk, evaporated milk, sugar, vanilla extract, cinnamon","coconut milk, evaporated milk, sugar, vanilla extract, cinnamon"
Jemput Jemput (Banana Fritters),"frying, all-purpose flour, salt, baking powder, bananas, sugar","all purpose flour, salt, baking powder, banana, sugar"
Hawaiian Cake,"butter, white sugar, eggs, salt, baking soda, pineapple, pineapple juice, coconut, walnuts, vanilla extract, graham crackers","butter, sugar, egg, salt, baking soda, pineapple, pineapple juice, coconut, walnut, vanilla extract, graham cracker"
Rose Water Turkish Delight,"spray, white sugar, water, unflavored gelatin, rose water, red food coloring, confectioners' sugar","sugar, water, unflavored gelatin, rose water, red food coloring, confectioners sugar"
Brazilian-Style Beef Ribs,"whole beef ribs, sea salt","beef rib, sea salt"
Speculaas Cookies,"brown sugar, butter, egg, cinnamon, baking powder, cloves, nutmeg, all-purpose flour","brown sugar, butter, egg, cinnamon, baking powder, clove, nutmeg, all purpose flour"
Kulich (Russian Easter Cake),"golden raisins, vodka, milk, cardamom, saffron, sugar, water, active dry yeast, all-purpose flour, white sugar, lemon, eggs, butter, orange blossom honey, vanilla extract, salt, almonds, butter, confectioners' sugar, almonds","golden raisin, vodka, milk, cardamom, saffron, sugar, water, active dry yeast, all purpose flour, lemon, egg, butter, orange blossom honey, vanilla extract, salt, almond, confectioners sugar"
Chef John&#39;s Coq au Vin,"chicken thighs, kosher salt and freshly ground black pepper, bacon, button mushrooms, yellow onion, shallots, all-purpose flour, butter, red wine, thyme, chicken broth","chicken thigh, kosher salt, black pepper, bacon, button mushroom, yellow onion, shallot, all purpose flour, butter, red wine, thyme, chicken broth"
Pavlova Deluxe,"egg whites, cream of tartar, sugar, cornstarch, distilled white vinegar, heavy cream, vanilla extract, confectioners' sugar, passion fruits","egg white, cream of tartar, sugar, cornstarch, distilled white vinegar, heavy cream, vanilla extract, confectioners sugar, passion fruit"
Cream Puff &#34;Crack Buns&#34; (Choux au Craquelin),"butter, light brown sugar, all-purpose flour, salt, water, unsalted butter, salt, all-purpose flour, eggs, dark chocolate","butter, light brown sugar, all purpose flour, salt, water, egg, dark chocolate"
Colombian Lentils,"water, onion, tomato, lentils, vegetable oil, cumin, salt, potatoes","water, onion, tomato, lentil, vegetable oil, cumin, salt, potato"
Persian Cucumber Yogurt (Maast-o Khiar),"yogurt, Persian cucumbers, garlic, shallot, dill weed, salt, pepper","yogurt, persian cucumber, garlic, shallot, dill weed, salt, black pepper"
Instant Pot Jamaican Rice and Beans,"vegetable oil, chicken breasts, onion, garlic, chicken broth, black beans, long-grain rice, corn, coconut milk, Scotch bonnet hot sauce, thyme, kosher salt, black pepper, brown sugar, allspice","vegetable oil, chicken breast, onion, garlic, chicken broth, black bean, long grain rice, corn, coconut milk, scotch bonnet hot sauce, thyme, kosher salt, black pepper, brown sugar, allspice"
Easy Curry Sauce,"peanut oil, margarine, onion, garlic, ginger root, coriander, cumin, cinnamon, black pepper, cayenne pepper, turmeric, tomatoes, serrano chile peppers, cilantro, yogurt, water","peanut oil, margarine, onion, garlic, ginger root, coriander, cumin, cinnamon, black pepper, cayenne pepper, turmeric, tomato, serrano chile pepper, cilantro, yogurt, water"
Empanadas Salteñas,"water, salt, all-purpose flour, margarine, vegetable oil, potatoes, butter, onions, green onions, red bell peppers, ground beef, salt, cayenne pepper, cumin, paprika, eggs","water, salt, all purpose flour, margarine, vegetable oil, potato, butter, onion, green onion, red bell pepper, ground beef, cayenne pepper, cumin, paprika, egg"
Russian Cheese Salad,"mozzarella cheese, mayonnaise, garlic","mozzarella cheese, mayonnaise, garlic"
Pakistani Potato Chicken,"vegetable oil, garlic paste, ginger root, red chile pepper, cumin, salt, yogurt, chicken, green bell pepper, potatoes, cilantro","vegetable oil, garlic paste, ginger root, red chile pepper, cumin, salt, yogurt, chicken, green bell pepper, potato, cilantro"
Chef John&#39;s Beef Rouladen,"beef round, kosher salt, black pepper, Dijon mustard, bacon, paprika, onion, dill pickle spears, vegetable oil, butter, all-purpose flour, beef broth, salt","beef round, kosher salt, black pepper, dijon mustard, bacon, paprika, onion, dill pickle spear, vegetable oil, butter, all purpose flour, beef broth"
Bolo de Leite Condensado (Brazilian Condensed Milk Cake),"sweetened condensed milk, milk, eggs, unsalted butter, all-purpose flour, sugar, baking powder, salt","sweetened condensed milk, milk, egg, unsalted butter, all purpose flour, sugar, baking powder, salt"
Aunt Louise&#39;s Baked Kibbeh,"bulgur wheat, water, onion, salt, basil, black pepper, beef, lamb, pine nuts, butter, cherry tomatoes, mint leaves","bulgur wheat, water, onion, salt, basil, black pepper, beef, lamb, pine nut, butter, cherry tomato, mint leaf"
Russian Honey Cake,"wildflower honey, water, sugar, unsalted butter, wildflower honey, baking soda, cinnamon, salt, eggs, all-purpose flour, heavy whipping cream, sour cream","wildflower honey, water, sugar, unsalted butter, baking soda, cinnamon, salt, egg, all purpose flour, heavy whipping cream, sour cream"
Brazilian Fish Stew,"lime juice, cumin, paprika, garlic, salt, black pepper, tilapia fillets, olive oil, onions, bell peppers, tomatoes, coconut milk, cilantro","lime juice, cumin, paprika, garlic, salt, black pepper, tilapia fillet, olive oil, onion, bell pepper, tomato, coconut milk, cilantro"
Bistec Encebollado (Cuban Steak and Onions),"salt, black pepper, garlic powder, New York strip steak, onions, white vinegar, onion powder, olive oil, beef broth, sofrito, garlic","salt, black pepper, garlic powder, new york strip steak, onion, white vinegar, onion powder, olive oil, beef broth, sofrito, garlic"
Portuguese Sweet Bread I,"milk, egg, margarine, white sugar, salt, bread flour, active dry yeast","milk, egg, margarine, white sugar, salt, bread flour, active dry yeast"
Authentic Pad Thai,"rice noodles, sugar, distilled white vinegar, fish sauce, tamarind paste, vegetable oil, boneless, skinless chicken breast halves, garlic, eggs, sugar, salt, peanuts, bean sprouts, chives, paprika, lime","rice noodle, sugar, distilled white vinegar, fish sauce, tamarind paste, vegetable oil, skinless chicken breast, garlic, egg, salt, peanut, bean sprout, chive, paprika, lime"
Tourtiere (French Canadian Meat Pie),"all-purpose flour, butter, kosher salt, water, distilled white vinegar, kosher salt, black pepper, thyme, sage, cinnamon, ginger, nutmeg, allspice, mustard, cloves, cayenne pepper, russet potato, kosher salt, butter, onion, salt, celery, garlic, pork, beef, potato cooking water, egg, water","all purpose flour, butter, salt, water, white vinegar, black pepper, thyme, sage, cinnamon, ginger, nutmeg, allspice, mustard, clove, cayenne pepper, russet potato, onion, celery, garlic, pork, beef, potato cooking water, egg"
Polish Poppy Seed Cake,"poppy seeds, water, eggs, margarine, sugar, apple, walnuts, raisins, honey, bread crumbs, almond extract, all-purpose flour, margarine, white sugar, egg, baking powder, confectioners' sugar, water","poppy seed, water, egg, margarine, sugar, apple, walnut, raisin, honey, bread crumb, almond extract, all purpose flour, baking powder, confectioners sugar"
Arroz con Leche,"water, short grain rice, lime peel, water, cinnamon stick, anise seed, evaporated milk, condensed milk, vanilla extract, salt, raisins","water, short grain rice, lime peel, cinnamon stick, anise seed, evaporated milk, condensed milk, vanilla extract, salt, raisin"
Turkish Pogaça,"active dry yeast, white sugar, milk, all-purpose flour, whole wheat flour, water, vegetable oil, salt, butter, feta cheese, parsley, salt, black pepper, chili powder, milk, poppy seeds","active dry yeast, white sugar, milk, all purpose flour, whole wheat flour, water, vegetable oil, salt, butter, feta cheese, parsley, black pepper, chile powder, poppy seed"
Brazilian Broa (Corn Bread),"white sugar, cornmeal, all-purpose flour, salt, eggs, milk, butter","white sugar, cornmeal, all purpose flour, salt, egg, milk, butter"
Thai Noodles,"rice noodles, chicken breast, soy sauce, green bell pepper, red bell pepper, cucumber, carrot, mushrooms, onion, garlic, ginger root, red chile sauce, peanut sauce, oyster sauce, sesame oil, sesame seeds","rice noodle, chicken breast, soy sauce, green bell pepper, red bell pepper, cucumber, carrot, mushroom, onion, garlic, ginger root, red chile sauce, peanut sauce, oyster sauce, sesame oil, sesame seed"
Polish Reuben Casserole,"condensed cream of mushroom soup, milk, onion, mustard, sauerkraut, egg noodles, kielbasa sausage, Swiss cheese, whole wheat bread crumbs, butter","condensed cream of mushroom soup, milk, onion, mustard, sauerkraut, egg noodle, kielbasa sausage, swiss cheese, whole wheat bread crumb, butter"
Easy Swedish Meatball Sauce,"beef stock, heavy cream, all-purpose flour, soy sauce, black pepper, rosemary, meatballs","beef stock, heavy cream, all purpose flour, soy sauce, black pepper, rosemary, meatball"
German Beef Rouladen,"Dijon mustard, round steak, onion, paprika, salt, black pepper, bacon, canola oil, beef broth, water, cornstarch, water, sour cream","dijon mustard, round steak, onion, paprika, salt, black pepper, bacon, canola oil, beef broth, water, cornstarch, sour cream"
Spicy Noodles - Malay Style,"egg noodles, olive oil, garlic, spinach, chile paste, ketchup, egg, white sugar, water, salt and pepper, bean sprouts, green peas","egg noodle, olive oil, garlic, spinach, chile paste, ketchup, egg, white sugar, water, salt, black pepper, bean sprout, green pea"
Indonesian Spiced Rice,"vegetable oil, onion, jalapeno peppers, garlic, turmeric, cinnamon, long-grain white rice, chicken broth, water, bay leaf, green onions","vegetable oil, onion, jalapeno pepper, garlic, turmeric, cinnamon, long grain white rice, chicken broth, water, bay leaf, green onion"
Polvarones,"sugar, butter, shortening, almond extract, all-purpose flour, sugar, sprinkles, guava paste","sugar, butter, shortening, almond extract, all purpose flour, sprinkle, guava paste"
Swedish Chocolate Balls (or Coconut Balls),"rolled oats, white sugar, unsweetened cocoa powder, butter or margarine, unsweetened baking chocolate, coffee, vanilla extract, coconut flakes","rolled oat, white sugar, unsweetened cocoa powder, butter, margarine, unsweetened baking chocolate, coffee, vanilla extract, coconut flake"
Karioka Sweet Rice Balls,"rice flour, coconut, coconut milk, vegetable oil, coconut milk, brown sugar","rice flour, coconut, coconut milk, vegetable oil, brown sugar"
Baked Rigatoni,"olive oil, onion, mild Italian sausage links, Italian-style crushed tomatoes, water, basil, oregano, parsley, rigatoni pasta, mozzarella cheese, Parmesan cheese, foil","olive oil, onion, italian sausage, italian style crushed tomato, water, basil, oregano, parsley, rigatoni pasta, mozzarella cheese, parmesan cheese, aluminum foil"
South African Lamb Sosaties (Kebabs),"yogurt, curry powder, sugar, vegetable oil, onion, lamb stew meat, apricots, kabob skewers","yogurt, curry powder, sugar, vegetable oil, onion, lamb stew meat, apricot, kabob skewer"
Korean Spicy Chicken and Potato (Tak Toritang),"chicken drumettes, potatoes, carrots, onion, garlic, water, soy sauce, white sugar, gochujang","chicken drumette, potato, carrot, onion, garlic, water, soy sauce, sugar, gochujang"
Greek Lentil Soup (Fakes),"brown lentils, olive oil, onion, carrot, garlic, water, bay leaves, oregano, rosemary, tomato paste, olive oil, red wine vinegar","brown lentil, olive oil, onion, carrot, garlic, water, bay leaf, oregano, rosemary, tomato paste, red wine vinegar"
Siopao (Filipino Steamed Dumplings),"active dry yeast, water, sugar, rice flour, vegetable shortening, vegetable oil, onion, garlic, chicken meat, soy sauce, white sugar, green onion, salt, cornstarch","active dry yeast, water, sugar, rice flour, vegetable shortening, vegetable oil, onion, garlic, chicken meat, soy sauce, green onion, salt, cornstarch"
Espetinho de Queijo Coalho Com Abacaxi (Brazilian Grilled Cheese with Pineapple),"queijo coalho cheese curds, pineapple, brown sugar, mint","queijo coalho cheese curd, pineapple, brown sugar, mint"
Manti (Turkish &#39;Ravioli&#39; with Yogurt Sauce),"salt, mint, beef ravioli, butter, paprika, garlic, yogurt","salt, mint, beef ravioli, butter, paprika, garlic, yogurt"
Gelato,"milk, heavy cream, egg yolks, sugar","milk, heavy cream, egg yolk, sugar"
Curried Coconut Chicken,"chicken breasts, vegetable oil, curry powder, onion, garlic, tomatoes, coconut milk, tomato sauce, sugar","chicken breast, vegetable oil, curry powder, onion, garlic, tomato, coconut milk, tomato sauce, sugar"
Meat Pie with Hot Water Crust,"lard, water, all-purpose flour, salt, pork sausage, pork, pork tenderloin, onion, parsley, black pepper, thyme, mixed herbs, curry powder, bacon, milk","lard, water, all purpose flour, salt, pork sausage, pork, pork tenderloin, onion, parsley, black pepper, thyme, mixed herb, curry powder, bacon, milk"
Linzer Tart Cookies,"unsalted butter, white sugar, all purpose flour, almonds, cinnamon, raspberry jam, confectioners' sugar","unsalted butter, sugar, all purpose flour, almond, cinnamon, raspberry jam, confectioners sugar"
Traditional Gyros,"onion, lamb, beef, garlic, oregano, cumin, marjoram, thyme, rosemary, black pepper, sea salt, hummus, pita bread rounds, lettuce, tomato, red onion, feta cheese, tzatziki sauce","onion, lamb, beef, garlic, oregano, cumin, marjoram, thyme, rosemary, black pepper, sea salt, hummus, pita bread round, lettuce, tomato, red onion, feta cheese, tzatziki sauce"
Haydari (Turkish Yogurt Dip),"yogurt, garlic, salt, dill, parsley, cream cheese, mint leaves","yogurt, garlic, salt, dill, parsley, cream cheese, mint leaf"
Kima (Ground Beef and Peas),"butter, onion, garlic, beef, tomatoes, peas, Masala curry powder, salt, paprika, chili powder, black pepper, coconut","butter, onion, garlic, beef, tomato, pea, masala curry powder, salt, paprika, chili powder, black pepper, coconut"
Authentic Polish Pickle Soup (Zupa Orgorkowa),"chicken leg quarters, water, green cabbage, carrots, celery, onion, parsley, bay leaves, garlic, thyme, marjoram, dill pickles, sour cream, all-purpose flour","chicken leg quarter, water, green cabbage, carrot, celery, onion, parsley, bay leaf, garlic, thyme, marjoram, dill pickle, sour cream, all purpose flour"
Chicken Cordon Bleu,"cooking spray, chicken breast halves, salt, black pepper, Swiss cheese, ham, bread crumbs","cooking spray, chicken breast half, salt, black pepper, swiss cheese, ham, bread crumb"
Argentinian Steak with Red Chimichurri,"flat-leaf parsley, onion, tomato, red bell pepper, garlic, oregano, paprika, salt, bay leaf, black pepper, red chile flakes, red wine vinegar, water, olive oil, sirloin steaks, sweet onions, cilantro, white wine vinegar, olive oil, garlic, thyme, oregano, cumin","flat leaf parsley, onion, tomato, red bell pepper, garlic, oregano, paprika, salt, bay leaf, black pepper, red chile flake, red wine vinegar, water, olive oil, sirloin steak, sweet onion, cilantro, white wine vinegar, thyme, cumin"
Greek Salad,"romaine lettuce, cucumber, tomatoes, black olives, green bell pepper, red bell pepper, red onion, feta cheese, olive oil, lemon, oregano, black pepper","romaine lettuce, cucumber, tomato, black olive, green bell pepper, red bell pepper, red onion, feta cheese, olive oil, lemon, oregano, black pepper"
Blender Hollandaise Sauce,"egg yolks, lemon juice, Dijon mustard, hot pepper sauce, butter","egg yolk, lemon juice, dijon mustard, hot pepper sauce, butter"
Tanya&#39;s Jamaican Spice Bread,"all-purpose flour, baking powder, cinnamon, nutmeg, allspice, salt, egg, milk, beer, brown sugar, butter, browning sauce, vanilla extract, lime juice, raisins, brown sugar, water","all purpose flour, baking powder, cinnamon, nutmeg, allspice, salt, egg, milk, beer, brown sugar, butter, browning sauce, almond extract, lime juice, raisin, water"
Pacific Cuban Black Beans and Rice,"water, rice, olive oil, onion, bell pepper, carrots, celery, garlic, black beans, Spanish chorizo sausage links, chicken stock, picante sauce, bay leaves, smoked paprika, red wine vinegar, cumin, sugar, salt, black pepper, red pepper flakes","water, rice, olive oil, onion, bell pepper, carrot, celery, garlic, black bean, spanish chorizo sausage, chicken stock, picante sauce, bay leaf, smoked paprika, red wine vinegar, cumin, sugar, salt, black pepper, red pepper flake"
Chicken Shawarma,"malt vinegar, yogurt, vegetable oil, salt and pepper, mixed spice, cardamom, chicken thighs, tahini, yogurt, garlic, lemon juice, olive oil, parsley, salt and pepper, tomatoes, onion, lettuce, pita bread rounds","malt vinegar, yogurt, vegetable oil, salt, black pepper, mixed spice, cardamom, chicken thigh, tahini, yogurt, garlic, lemon juice, olive oil, parsley, salt, black pepper, tomato, onion, lettuce, pita bread"
Finnish Summer Soup,"water, potatoes, green onions, green beans, baby carrots, butter, salt, black pepper, green peas, half-and-half, all-purpose flour","water, potato, green onion, green bean, baby carrot, butter, salt, black pepper, green pea, half and half, all purpose flour"
Pochero,"olive oil, plantains, potatoes, onion, garlic, chicken legs, thighs, and wings, chorizo de bilbao, salt and pepper, cover, tomatoes, cabbage, garbanzo beans","olive oil, plantain, potato, onion, garlic, chicken leg, chicken thigh, chicken wing, chorizo de bilbao, salt, black pepper, tomato, cabbage, garbanzo bean"
Vatrushka,"active dry yeast, sugar, milk, all-purpose flour, unsalted butter, salt, vanilla extract, egg, white sugar, vegetable oil, farmer's cheese, egg, white sugar, sour cream, vanilla extract, egg yolk","active dry yeast, sugar, milk, all purpose flour, unsalted butter, salt, vanilla extract, egg, sugar, vegetable oil, farmers cheese, egg, sugar, sour cream, vanilla extract, egg yolk"
Lubia Polo (Green Bean Rice),"beef, onion, jalapeno pepper, curry powder, chicken broth, tomato sauce, green beans, basmati rice, vegetable oil","beef, onion, jalapeno pepper, curry powder, chicken broth, tomato sauce, green bean, basmati rice, vegetable oil"
Homemade Adobo All-Purpose Seasoning,"garlic powder, salt, black pepper, oregano, turmeric","garlic powder, salt, black pepper, oregano, turmeric"
Brigadeiro Chocolate Delights,"sweetened condensed milk, cocoa, unsalted butter, chocolate sprinkles","sweetened condensed milk, cocoa, unsalted butter, chocolate sprinkle"
Easy German Apple Streusel Pie,"apples, cinnamon, butter, sugar, vanilla sugar, egg, all-purpose flour, baking powder","apple, cinnamon, butter, sugar, vanilla sugar, egg, all purpose flour, baking powder"
Schnitzel,"self-rising flour, self-rising cornmeal, salt, pepper, milk, eggs, vegetable oil, beef cube steaks, lemon juice","self rising flour, self rising cornmeal, salt, black pepper, milk, egg, vegetable oil, beef cube steak, lemon juice"
Avgolemono Soup,"chicken, onion, celery, carrot, bay leaves, salt, oregano, water, onion, olive oil, arborio rice, eggs, black pepper, cayenne pepper, lemon juice","chicken, onion, celery, carrot, bay leaf, salt, oregano, water, onion, olive oil, arborio rice, egg, black pepper, cayenne pepper, lemon juice"
Russian Garden Salad,"romaine lettuce leaves, tomatoes, cucumber, onion, parsley, salt, lemon juice, olive oil, sour cream","romaine lettuce, tomato, cucumber, onion, parsley, salt, lemon juice, olive oil, sour cream"
Simple Crème Brûlée Dessert,"heavy cream, sugar, egg yolks, vanilla extract, white sugar","heavy whipping cream, sugar, egg yolk, vanilla extract, sugar"
German Schwenkbraten,"onions, vegetable oil, garlic, juniper berries, mustard, thyme, oregano, paprika, curry powder, cayenne pepper, black pepper, pork loin chops","onion, vegetable oil, garlic, juniper berry, mustard, thyme, oregano, paprika, curry powder, cayenne pepper, black pepper, pork loin chop"
Easy Gazpacho,"tomato juice, tomatoes, onion, green bell pepper, cucumber, onions, parsley, lemon juice, red wine vinegar, garlic, tarragon, basil, sugar, salt and pepper","tomato juice, tomato, onion, green bell pepper, cucumber, onion, parsley, lemon juice, red wine vinegar, garlic, tarragon, basil, sugar, salt, black pepper"
Lentil Stew,"potatoes, tomatoes, onion, garlic, Polish sausage, lentils, salt and pepper","potato, tomato, onion, garlic, polish sausage, lentil, salt, black pepper"
Panang Curry with Tofu and Vegetables,"water, brown rice, soy sauce, salt, vegetable oil, panang curry paste, coconut milk, vegetarian fish sauce, sugar, makrut lime leaves, tofu, broccoli florets, red bell pepper, carrots","water, brown rice, soy sauce, salt, vegetable oil, panang curry paste, coconut milk, vegetarian fish sauce, sugar, makrut lime leaf, tofu, broccoli floret, red bell pepper, carrot"
Thịt Bò Xào Đậu (Vietnamese Stir-Fried Beef and Green Beans),"garlic, cornstarch, vegetable oil, black pepper, sirloin tips, vegetable oil, onion, green beans, chicken broth, soy sauce","garlic, cornstarch, vegetable oil, black pepper, sirloin tip, vegetable oil, onion, green bean, chicken broth, soy sauce"
Beef Stroganoff,"beef chuck roast, salt, black pepper, butter, green onions, all-purpose flour, condensed beef broth, mustard, mushrooms, sour cream, white wine","beef chuck roast, salt, black pepper, butter, green onion, all purpose flour, condensed beef broth, mustard, mushroom, sour cream, white wine"
Danish Butter Cookies,"all-purpose flour, white sugar, baking soda, Danish butter, egg, turbinado sugar, semisweet chocolate bar, sea salt","all purpose flour, sugar, baking soda, danish butter, egg, turbinado sugar, semisweet chocolate bar, sea salt"
Shrimp with Lobster Sauce,"cornstarch, cooking sherry, shrimp, vegetable oil, garlic, pork, water, soy sauce, sugar, salt, water, cornstarch, egg","cornstarch, cooking sherry, shrimp, vegetable oil, garlic, pork, water, soy sauce, sugar, salt, egg"
Fast and Easy Israeli Tahini Cookies,"all-purpose flour, sugar, baking powder, unsalted butter, tahini","all purpose flour, sugar, baking powder, unsalted butter, tahini"
Australian Damper,"self-rising flour, salt, butter, milk, water","self rising flour, salt, butter, milk, water"
Brazilian Bom-Bocado (Egg Custard),"butter, sugar, sweetened condensed milk, coconut, eggs, Parmesan cheese","butter, sugar, sweetened condensed milk, coconut, egg, parmesan cheese"
Vegan Sweet Potato Chickpea Curry,"olive oil, onion, garlic, ginger root, chickpeas, tomatoes, coconut milk, sweet potato, garam masala, cumin, turmeric, salt, red chile flakes, spinach","olive oil, onion, garlic, ginger root, chickpea, tomato, coconut milk, sweet potato, garam masala, cumin, turmeric, salt, red chile flake, spinach"
Argentinean Chimichurri Sauce,"onion, tomato, flat-leaf parsley, garlic, oregano, paprika, salt, black pepper, olive oil, red wine vinegar, water","onion, tomato, flat leaf parsley, garlic, oregano, paprika, salt, black pepper, olive oil, red wine vinegar, water"
Babka,"sugar, butter, salt, milk, active dry yeast, water, eggs, all-purpose flour, eggs, light brown sugar, butter, cinnamon","sugar, butter, salt, milk, active dry yeast, water, egg, all purpose flour, light brown sugar, cinnamon"
Sauce Vierge,"tomatoes, shallots, garlic, parsley, tarragon, Kalamata olives, basil leaves, extra-virgin olive oil, lemon juice","tomato, shallot, garlic, parsley, tarragon, kalamata olive, basil leaf, extra virgin olive oil, lemon juice"
Mojitos by the Pitcher,"sugar, mint, limes, rum, club soda","sugar, mint, lime, rum, club soda"
Paneer Tikka Masala,"butter, paneer, onions, green bell pepper, jalapeno peppers, cashews, garlic paste, ginger paste, cayenne pepper, cumin, coriander, garam masala, tomato sauce, half-and-half, salt","butter, paneer, onion, green bell pepper, jalapeno pepper, cashew, garlic paste, ginger paste, cayenne pepper, cumin, coriander, garam masala, tomato sauce, half and half, salt"
The Best Thai Peanut Sauce,"peanut butter, coconut milk, water, lime juice, soy sauce, fish sauce, hot sauce, ginger root, garlic, cilantro","peanut butter, coconut milk, water, lime juice, soy sauce, fish sauce, hot sauce, ginger root, garlic, cilantro"
Kraut Bierocks,"active dry yeast, sugar, water, all-purpose flour, milk, baking powder, shortening, ground beef, Italian sausage, onion, cabbage, mustard, salt, black pepper, American cheese, Cheddar cheese","active dry yeast, sugar, water, all purpose flour, milk, baking powder, shortening, ground beef, italian sausage, onion, cabbage, mustard, salt, black pepper, american cheese, cheddar cheese"
Citrus Ceviche,"lemon juice, lime juice, orange juice, ginger, olive oil, sea bass fillets, cilantro, onion, avocados, salt and pepper, eggs","lemon juice, lime juice, orange juice, ginger, olive oil, sea bass fillet, cilantro, onion, avocado, salt, black pepper, egg"
Stroopwafels with Treacle,"all-purpose flour, butter, white sugar, milk, egg, active dry yeast, molasses or black treacle, soft brown sugar, butter, cinnamon","all purpose flour, butter, sugar, milk, egg, active dry yeast, black treacle, soft brown sugar, cinnamon"
Hawaiian Chocolate Macadamia Nut Tart,"macadamia nuts, unsweetened coconut flakes, pie crusts, semi-sweet chocolate chips, eggs, vanilla extract, light corn syrup, sugar, margarine or butter","macadamia nut, unsweetened coconut flake, pie crust, semisweet chocolate chip, egg, vanilla extract, light corn syrup, sugar, margarine, butter"
Simply Guacamole,"avocados, lemon juice, green onion, cilantro, salt and pepper","avocado, lemon juice, green onion, cilantro, salt, black pepper"
Crispy Roasted Chicken,"kosher salt, caraway seeds, sage, fennel seeds, coriander seeds, rosemary, paprika, garlic powder, all-purpose flour, onion powder, vegetable oil, chicken","kosher salt, caraway seed, sage, fennel seed, coriander seed, rosemary, paprika, garlic powder, all purpose flour, onion powder, vegetable oil, chicken"
Capirotada (Mexican Bread Pudding),"white sugar, water, cinnamon sticks, white bread, butter, raisins, pineapple chunks, Colby longhorn cheese, walnuts","sugar, water, cinnamon stick, bread, butter, raisin, pineapple chunk, colby longhorn cheese, walnut"
Poffertjes (Dutch Mini Pancakes),"self-rising flour, salt, milk, eggs, maple syrup","self rising flour, salt, milk, egg, maple syrup"
Chilled Russian Salad Dressing,"mayonnaise, onion, horseradish, Worcestershire sauce, parsley, chili sauce, ketchup","mayonnaise, onion, horseradish, worcestershire sauce, parsley, chili sauce, ketchup"
Chokladbiskvier (Swedish Chocolate Meringue Cookies),"egg whites, white sugar, almonds, bread crumbs, confectioners' sugar, unsweetened cocoa powder, unsalted butter, vanilla extract, salt, semisweet chocolate, butter","egg white, white sugar, almond, bread crumb, confectioners sugar, unsweetened cocoa powder, unsalted butter, vanilla extract, salt, semisweet chocolate, butter"
Sausage and Pepper Penne,"penne pasta, coconut oil, smoked sausage, onion, green bell pepper, red bell pepper, orange bell pepper, mushrooms, tomatoes, tomato sauce, garlic, garlic powder, oregano, basil, salt, black pepper, red pepper flakes","penne pasta, coconut oil, smoked sausage, onion, green bell pepper, red bell pepper, orange bell pepper, mushroom, tomato, tomato sauce, garlic, garlic powder, oregano, basil, salt, black pepper, red pepper flake"
Chicken Jalfrezi,"vegetable oil, onion, garlic, chicken thighs, turmeric, chili powder, salt, tomatoes, ghee, cumin, coriander, ginger root, cilantro","vegetable oil, onion, garlic, chicken thigh, turmeric, chili powder, salt, tomato, ghee, cumin, coriander, ginger root, cilantro"
Philippine Longanisa de Eugenio (Sweet Sausage),"sugar, salt, oregano, pepper, curing salt, ginger, pork, pork back fat, garlic, distilled white vinegar, well","sugar, salt, oregano, pepper, curing salt, ginger, pork, pork back fat, garlic, distilled white vinegar, well"
Apple Cinnamon Oatmeal Muffins,"quick-cooking oats, brown sugar, butter, cinnamon, quick-cooking oats, all-purpose flour, brown sugar, cinnamon, baking powder, baking soda, salt, applesauce, milk, vegetable oil, egg, vanilla extract, apple","quick cooking oat, brown sugar, butter, cinnamon, quick cooking oat, all purpose flour, brown sugar, cinnamon, baking powder, baking soda, salt, applesauce, milk, vegetable oil, egg, vanilla extract, apple"
Peruvian Chicha Morada Drink,"water, dried purple corn, cinnamon sticks, cloves, lemons, brown sugar, pineapple, apple","water, dried purple corn, cinnamon stick, clove, lemon, brown sugar, pineapple, apple"
Swedish Pancakes (Vegan),"soy milk, water, vegan butter, maple syrup, vanilla extract, spelt flour, sugar, salt","soy milk, water, vegan butter, maple syrup, vanilla extract, spelt flour, sugar, salt"
Flan Mexicano (Mexican Flan),"sugar, sweetened condensed milk, milk, eggs, egg yolks, orange juice, orange peel, vanilla extract, cornstarch, heavy cream","sugar, sweetened condensed milk, milk, egg, egg yolk, orange juice, orange peel, vanilla extract, cornstarch, heavy cream"
Lisa&#39;s Jerk Chicken,"orange juice, white vinegar, olive oil, soy sauce, lime, onions, Scotch bonnet chiles, garlic, white sugar, thyme, allspice, black pepper, cinnamon, nutmeg, ginger, chicken breast halves","orange juice, white vinegar, olive oil, soy sauce, lime, onion, scotch bonnet chile, garlic, white sugar, thyme, allspice, black pepper, cinnamon, nutmeg, ginger, chicken breast half"
Sesame-Seared Tuna,"soy sauce, sesame oil, mirin, honey, rice wine vinegar, sesame seeds, tuna steaks, olive oil, wasabi paste","soy sauce, sesame oil, mirin, honey, rice wine vinegar, sesame seed, tuna steak, olive oil, wasabi paste"
Puerto Rican Breakfast Custard,"sugar, cornstarch, salt, cinnamon, milk","sugar, cornstarch, salt, cinnamon, milk"
Sesame Jellyfish Salad,"jellyfish, sesame oil, low-sodium soy sauce, rice vinegar, white sugar, chili oil, ginger, white sesame seeds, cilantro, green onion","jellyfish, sesame oil, low sodium soy sauce, rice vinegar, white sugar, chili oil, ginger, white sesame seed, cilantro, green onion"
Portuguese Cod Fish Casserole,"cod fish, potatoes, onions, olive oil, garlic, parsley, red pepper flakes, paprika, tomato sauce","cod fish, potato, onion, olive oil, garlic, parsley, red pepper flake, paprika, tomato sauce"
Red Currant Pie,"all-purpose flour, baking powder, butter, sugar, eggs, lemon zest, sugar, cornstarch, red currants","all purpose flour, baking powder, butter, sugar, egg, lemon zest, sugar, cornstarch, red currant"
Brazilian Banana Bread,"margarine, white sugar, egg yolks, all-purpose flour, baking powder, milk, egg whites, bananas, white sugar, cinnamon","margarine, white sugar, egg yolk, all purpose flour, baking powder, milk, egg white, banana, white sugar, cinnamon"
Arabic Fattoush Salad,"vegetable oil, pita breads, English cucumber, grape tomatoes, Italian parsley, mint, onion, olive oil, lemon juice, sumac, garlic, sheep's milk feta cheese","vegetable oil, pita bread, english cucumber, grape tomato, italian parsley, mint, onion, olive oil, lemon juice, sumac, garlic, sheep milk feta cheese"
Christmas Brunch Casserole,"bacon, onions, mushrooms, butter, hash brown potatoes, salt, black pepper, garlic salt, eggs, milk, parsley, Cheddar cheese","bacon, onion, mushroom, butter, hash brown potato, salt, black pepper, garlic salt, egg, milk, parsley, cheddar cheese"
Tarte Tatin,"butter, sugar, Granny Smith apples, all-purpose flour, pie crust","butter, sugar, granny smith apple, all purpose flour, pie crust"
Easy Chimichurri,"parsley leaves, cilantro leaves, red wine vinegar, onion, garlic, salt, oregano, hot pepper flakes, black pepper, extra-virgin olive oil","parsley leaf, cilantro leaf, red wine vinegar, onion, garlic, salt, oregano, hot pepper flake, black pepper, extra virgin olive oil"
Vietnamese Lemongrass Meatballs,"ground pork, panko bread crumbs, shallot, lemongrass paste, mint, fish sauce, brown sugar, garlic, ginger root, salt, water, fish sauce, lime juice, white sugar, rice vinegar, Thai chile pepper, garlic clove","ground pork, panko bread crumb, shallot, lemongrass paste, mint, fish sauce, brown sugar, garlic, ginger root, salt, water, fish sauce, lime juice, white sugar, rice vinegar, thai chile pepper, garlic clove"
DIY Finnish Lonkero (a.k.a. Long Drink),"ice cubes, gin, grapefruit juice, lemon juice, lime juice, club soda","ice cube, gin, grapefruit juice, lemon juice, lime juice, club soda"
Sweet and Sour Pork,"pork butt, soy sauce, salt, white sugar, egg white, green onions, vegetable oil, cornstarch, vegetable oil, celery, green bell pepper, onion, white sugar, salt, water, white sugar, apple cider vinegar, ketchup, soy sauce, salt, pineapple chunks, cornstarch","pork butt, soy sauce, salt, white sugar, egg white, green onion, vegetable oil, cornstarch, celery, green bell pepper, onion, water, apple cider vinegar, ketchup, pineapple chunk"
Yummy Korean-Style Glass Noodles (Japchae),"sweet potato vermicelli, water, soy sauce, brown sugar, vegetable oil, sesame seeds","sweet potato vermicelli, water, soy sauce, brown sugar, vegetable oil, sesame seed"
Norwegian Potato Klub,"bacon, all-purpose flour, baking powder, potatoes, salt","bacon, all purpose flour, baking powder, potato, salt"
Slow Cooker Kielbasa and Beer,"kielbasa sausage, sauerkraut, beer","kielbasa sausage, bavarian style sauerkraut, beer"
Polish Sauerkraut and Carrot Salad,"sauerkraut, onion, apple, carrots, canola oil, sugar, caraway seeds","bavarian style sauerkraut, onion, apple, carrot, canola oil, sugar, caraway seed"
Russian Cheese Pancakes (Syrniki),"egg, sugar, quark, all-purpose flour, vanilla sugar, salt, frying","egg, sugar, quark, all purpose flour, vanilla sugar, salt, frying"
Goan Pork Vindaloo,"Kashmiri chile peppers, cinnamon stick, cumin seeds, black peppercorns, turmeric, cloves, white vinegar, salt, pork loin roast, vegetable oil, onions, garlic, ginger root, water, white vinegar, green chile peppers","kashmiri chile pepper, cinnamon stick, cumin seed, black peppercorn, turmeric, clove, white vinegar, salt, pork loin roast, vegetable oil, onion, garlic, ginger root, water, green chile pepper"
Puerto Rican Rice and Beans,"spray, pork roast, garlic, black beans, recaito, green olives, sazon seasoning with achiote, long grain rice, water","cooking spray, pork roast, garlic, black bean, recaito, green olive, sazon seasoning, long grain rice, water"
Polish Gołąbki (Stuffed Cabbage Rolls),"cabbage, margarine, onions, ground beef, chicken with rice soup, rice, eggs, marjoram, golden mushroom soup","cabbage, margarine, onion, ground beef, chicken soup, rice, egg, marjoram, golden mushroom soup"
Baked Swedish Rice Pudding,"milk, long grain rice, salt, egg yolks, sugar, butter, vanilla extract, egg whites, sugar","milk, long grain rice, salt, egg yolk, sugar, butter, vanilla extract, egg white"
Disney&#39;s Ratatouille,"tomato paste, onion, garlic, water, olive oil, eggplant, zucchini, yellow squash, red bell pepper, yellow bell pepper, thyme leaves, mascarpone cheese","tomato paste, onion, garlic, water, olive oil, eggplant, zucchini, yellow squash, red bell pepper, yellow bell pepper, thyme leaf, mascarpone cheese"
Filipino Pork Adobo,"distilled white vinegar, soy sauce, ketchup, garlic, bay leaves, black pepper, lean pork, green beans","distilled white vinegar, soy sauce, ketchup, garlic, bay leaf, black pepper, lean pork, green bean"
Vegan Puerto Rican Empanadas,"water, textured vegetable protein, soy sauce, garlic, sazon seasoning, adobo sauce, oregano, cumin, cayenne pepper, liquid smoke, tomato paste, all-purpose flour, salt, baking powder, baking soda, water, vegetable oil, vegan white cheese, vegetable oil","water, textured vegetable protein, soy sauce, garlic, sazon seasoning, adobo sauce, oregano, cumin, cayenne pepper, liquid smoke, tomato paste, all purpose flour, salt, baking powder, baking soda, vegetable oil, vegan white cheese"
Elk Steak Marinade,"canola oil, onion, lemon juice, Worcestershire sauce, soy sauce, garlic powder, black pepper, elk steak","canola oil, onion, lemon juice, worcestershire sauce, soy sauce, garlic powder, black pepper, elk steak"
Pork Chops Italiano,"olive oil, mushrooms, olive oil, pork loin chops, onion, garlic, Italian tomatoes, basil, oregano, salt, black pepper, water, green bell pepper","olive oil, mushroom, pork loin chop, onion, garlic, italian tomato, basil, oregano, salt, black pepper, water, green bell pepper"
Norwegian Pfeffernerse,"butter, white sugar, baker's ammonia, almonds, all-purpose flour","butter, white sugar, bakers ammonia, almond, all purpose flour"
Indian Fish Curry,"canola oil, Dijon mustard, black pepper, salt, white fish fillets, onion, garlic, ginger root, cashew halves, cayenne pepper, cumin, coriander, sugar, turmeric, tomato, vegetable broth, cilantro","canola oil, dijon mustard, black pepper, salt, white fish fillet, onion, garlic, ginger root, cashew half, cayenne pepper, cumin, coriander, sugar, turmeric, tomato, vegetable broth, cilantro"
Vietnamese Lemongrass Chicken Curry,"vegetable oil, lemon grass, chicken, water, fish sauce, curry powder, cornstarch, cilantro","vegetable oil, lemongrass, chicken, water, fish sauce, curry powder, cornstarch, cilantro"
Thai Chicken Curry in Coconut Milk,"vegetable oil, curry paste, chicken breast meat, onion, red bell pepper, lemon zest, coconut milk, fish sauce, lemon juice, cilantro","vegetable oil, curry paste, chicken breast meat, onion, red bell pepper, lemon zest, coconut milk, fish sauce, lemon juice, cilantro"
Chicken Saag,"vegetable oil, chicken, spinach, water, onions, garlic, ginger root, tomatoes, coriander, salt, cayenne pepper, turmeric, cardamom pods, cloves, water, milk, garam masala, sour cream, butter","vegetable oil, chicken, spinach, water, onion, garlic, ginger root, tomato, coriander, salt, cayenne pepper, turmeric, cardamom pod, clove, milk, garam masala, sour cream, butter"
Finnish Pancakes,"milk, butter, eggs, all-purpose flour, baking powder, vanilla extract, salt","milk, butter, egg, all purpose flour, baking powder, vanilla extract, salt"
Rabo Encendido (Cuban Oxtail Stew),"vino seco, olive oil, salt, beef oxtails, olive oil, potatoes, onion, carrots, garlic, salt, green olives, bay leaves, Miami-style sazon seasoning, sazon seasoning, allspice, tomato sauce, chicken broth","vino seco, olive oil, salt, beef oxtail, potato, onion, carrot, garlic, green olive, bay leaf, miami style sazon seasoning, sazon seasoning, allspice, tomato sauce, chicken broth"
German Currywurst,"tomato sauce, kielbasa, chili sauce, onion salt, sugar, black pepper, paprika, Curry powder","tomato sauce, kielbasa, chili sauce, onion salt, sugar, black pepper, paprika, curry powder"
Rice Cooker Spanish Rice,"tomatoes, white rice, tomato sauce, chicken broth, corn, bacon, onion, red bell pepper, black olives, salsa, chili powder, cumin","tomato, white rice, tomato sauce, chicken broth, corn, bacon, onion, red bell pepper, black olive, salsa, chili powder, cumin"
Old-Time Mincemeat Pie,"round steak, apple cider, Granny Smith apples, currants, raisins, sour cherry preserves, white sugar, candied mixed fruit peel, butter, ginger, cloves, nutmeg, cinnamon, salt, sour cherries, pastry, heavy cream, sugar","round steak, apple cider, granny smith apple, currant, raisin, sour cherry preserve, white sugar, candied mixed fruit peel, butter, ginger, clove, nutmeg, cinnamon, salt, sour cherry, pastry, heavy cream, sugar"
"Strawberry, Ginger, and Mint Sekanjabin","white sugar, water, strawberries, mint, ginger, lemons, white balsamic vinegar","white sugar, water, strawberry, mint, ginger, lemon, white balsamic vinegar"
Turkish Kebabs,"onions, garlic cloves, olive oil, lemon juice, oregano, black pepper, turmeric, curry powder, salt, beef flank steak, sour cream, olive oil, lemon juice, salt, black pepper, dill, garlic, pita bread rounds","onion, garlic clove, olive oil, lemon juice, oregano, black pepper, turmeric, curry powder, salt, beef flank steak, sour cream, dill, garlic, pita bread round"
Vegan Turkish Red Lentil Soup,"olive oil, onions, salt, thyme, garlic, cumin, Turkish bay leaves, vegetable broth, tomatoes, red lentils, tomato paste, oregano, black pepper, water, flat-leaf parsley, lemon","olive oil, onion, salt, thyme, garlic, cumin, turkish bay leaf, vegetable broth, tomato, red lentil, tomato paste, oregano, black pepper, water, flat leaf parsley, lemon"
ANZAC Biscuits with Almonds,"quick cooking oats, all-purpose flour, sugar, almonds, butter, golden syrup, water, baking soda","quick cooking oat, all purpose flour, sugar, almond, butter, golden syrup, water, baking soda"
Cuban-Style Mojo Shrimp,"lime juice, orange juice, grapefruit juice, lemon juice, vinegar, extra-virgin olive oil, garlic, Mexican oregano, red pepper flakes, cumin, salt, shrimp, cilantro","lime juice, orange juice, grapefruit juice, lemon juice, vinegar, extra virgin olive oil, garlic, mexican oregano, red pepper flake, cumin, salt, shrimp, cilantro"
Faworki (Polish Chrusciki),"all-purpose flour, egg yolks, sour cream, sugar, butter, rum, salt, vegetable oil, confectioners' sugar","all purpose flour, egg yolk, sour cream, sugar, butter, rum, salt, vegetable oil, confectioners sugar"
Chicken In Coconut Sauce,"cream of coconut, water, vegetable oil, chicken breast halves, lemon juice, ginger, chili powder, salt and pepper, onions, garlic","cream of coconut, water, vegetable oil, chicken breast half, lemon juice, ginger, chili powder, salt, onion, garlic"
Tut (Persian Marzipan),"almond flour, sugar, cardamom, rose water, sugar, pistachios","almond flour, sugar, cardamom, rose water, pistachio"
Easy Swedish Pancakes,"eggs, milk, all-purpose flour, sugar, salt, butter","egg, milk, all purpose flour, sugar, salt, butter"
Chicken Massaman Curry,"vegetable oil, curry paste, ginger, chicken breast meat, peanut butter, brown sugar, fish sauce, tamarind paste, potatoes, coconut milk, lime juice","vegetable oil, curry paste, ginger, chicken breast meat, peanut butter, brown sugar, fish sauce, tamarind paste, potato, coconut milk, lime juice"
Indian Chapati Bread,"whole wheat flour, all-purpose flour, salt, water, olive oil","whole wheat flour, all purpose flour, salt, water, olive oil"
Karelian Pies (Karjalanpiirakka),"water, white rice, milk, salt, water, salt, rye flour, all-purpose flour, butter","water, white rice, milk, salt, rye flour, all purpose flour, butter"
Sex-in-a-Pan,"all-purpose flour, sugar, margarine, cream cheese, confectioners' sugar, whipped topping, milk, instant chocolate pudding mix, instant vanilla pudding mix, heavy whipping cream, chocolate wafer cookies","all purpose flour, sugar, margarine, cream cheese, confectioners sugar, whipped topping, milk, instant chocolate pudding mix, instant vanilla pudding mix, heavy whipping cream, chocolate wafer cookie"
South African Brown Pudding,"white sugar, eggs, flour, baking powder, baking soda, salt, distilled white vinegar, apricot jam, milk, sugar, water, milk, butter or margarine, vanilla","white sugar, egg, flour, baking powder, baking soda, salt, distilled white vinegar, apricot jam, milk, sugar, water, butter, vanilla"
Apple Walnut Canadian Butter Tarts,"spray, flour, pie crust, apple juice, brown sugar, unsalted butter, egg, whipping cream, vanilla extract, salt, walnuts","all purpose flour, apple juice, brown sugar, unsalted butter, egg, heavy whipping cream, vanilla extract, salt, walnut"
Duck Fesenjan,"duck legs, vegetable oil, water, olive oil, yellow onion, turmeric, cinnamon, nutmeg, chicken broth, pomegranate molasses, honey, walnut halves","duck leg, vegetable oil, water, olive oil, yellow onion, turmeric, cinnamon, nutmeg, chicken broth, pomegranate molasses, honey, walnut half"
Easy Brazilian Black Bean Stew,"bacon, onion, green bell pepper, cilantro, garlic, bay leaf, black beans, chicken broth, vinegar, hot sauce","bacon, onion, green bell pepper, cilantro, garlic, bay leaf, black bean, chicken broth, vinegar, hot sauce"
"Big Ray&#39;s White Bean, Kale, and Kielbasa Soup","kale, olive oil, kielbasa sausage, green onions, chicken broth, white beans, salt, black pepper, Parmesan cheese","kale, olive oil, kielbasa sausage, green onion, chicken broth, white bean, salt, black pepper, parmesan cheese"
Boliche (Cuban Pot Roast),"beef eye of round roast, chorizo sausage, garlic, oregano, paprika, orange juice, lime juice, lemon juice, olive oil, onions, beef broth, sherry, bay leaves, potatoes","beef eye of round roast, chorizo sausage, garlic, oregano, paprika, orange juice, lime juice, lemon juice, olive oil, onion, beef broth, sherry, bay leaf, potato"
Authentic Filipino Pancit,"chicken thighs, rice noodles, soy-based liquid seasoning, olive oil, sesame oil, garlic, onion, cabbage, carrots, garlic salt","chicken thigh, rice noodle, soy based liquid seasoning, olive oil, sesame oil, garlic, onion, cabbage, carrot, garlic salt"
Deep Fried Corn Meal Sticks (Sorullitos de Maiz) with Dipping Sauce,"water, white sugar, butter, salt, cornmeal, vegetable oil, vegetable oil, mayonnaise, ketchup, garlic salt","water, white sugar, butter, salt, cornmeal, vegetable oil, mayonnaise, ketchup, garlic salt"
Sausage Rolls,"pork, onion, garlic, sage, bread crumbs, kosher salt, black pepper, coriander, thyme, cayenne pepper, nutmeg, egg, water, puff pastry, Sesame seeds","pork, onion, garlic, sage, bread crumb, kosher salt, black pepper, coriander, thyme, cayenne pepper, nutmeg, egg, water, puff pastry, sesame seed"
Spicy Tuna Rolls,"nori, sashimi-grade tuna, mayonnaise, green onions, chile sauce, sushi rice, sesame seeds","nori, sashimi grade tuna, mayonnaise, green onion, chile sauce, sushi rice, sesame seed"
Kalimotxo (Calimocho),"ice cubes, red wine, cola, lemon slice","ice cube, red wine, cola, lemon slice"
Yummy Matzo Rolls,"water, salt, vegetable oil, margarine, matzo cake meal, egg","water, salt, vegetable oil, margarine, matzo cake meal, egg"
Chinese Pepper Steak,"beef top sirloin steak, soy sauce, white sugar, cornstarch, ginger, vegetable oil, red onion, green bell pepper, tomatoes","beef top sirloin steak, soy sauce, white sugar, cornstarch, ginger, vegetable oil, red onion, green bell pepper, tomato"
Chicken Tinola,"cooking oil, onion, garlic, ginger, fish sauce, chicken legs and thighs, chicken broth, chayote squash, bok choy, spinach","cooking oil, onion, garlic, ginger, fish sauce, chicken leg, chicken thigh, chicken broth, chayote squash, bok choy, spinach"
Quesitos (Puerto Rican Cheese-Stuffed Puff Pastry),"cream cheese, sugar, puff pastry, corn syrup","cream cheese, sugar, puff pastry, corn syrup"
3-Ingredient Lemon Scones,"spray, self-rising flour, lemon-flavored soda, heavy cream","all purpose flour, lemon flavored soda, heavy cream"
Greek Butter Cookies,"butter, sugar, egg, vanilla extract, almond extract, all-purpose flour, confectioners' sugar","butter, sugar, egg, vanilla extract, almond extract, all purpose flour, confectioners sugar"
Portuguese Pork Alentejana,"white wine, paprika, salt, black pepper, garlic, bay leaf, pork loin, olive oil, onions, garlic, tomatoes, red pepper flakes, clams, parsley","white wine, paprika, salt, black pepper, garlic, bay leaf, pork loin, olive oil, onion, tomato, red pepper flake, clam, parsley"
Classic Chicken Pad Thai,"rice noodles, brown sugar, soy sauce, fish sauce, tamarind paste, vegetable oil, chicken breast, tofu, garlic, shrimp paste, eggs, spring onions, peanuts, bean sprouts, lime","rice noodle, brown sugar, soy sauce, fish sauce, tamarind paste, vegetable oil, chicken breast, tofu, garlic, shrimp paste, egg, green onion, peanut, bean sprout, lime"
Vietnamese Lemongrass Beef and Noodles,"rice vermicelli noodles, lemongrass, soy-based liquid seasoning, sherry, brown sugar, garlic, flank steak, water, sugar, lemon, fish sauce, Thai chile peppers, garlic, Thai basil leaves, cilantro, bean sprouts","rice vermicelli noodle, lemongrass, soy based liquid seasoning, sherry, brown sugar, garlic, flank steak, water, sugar, lemon, fish sauce, thai chile pepper, thai basil leaf, cilantro, bean sprout"
Butter Tarts,"tart shells, brown sugar, butter, eggs, raisins, walnuts, heavy cream","tart shell, brown sugar, butter, egg, raisin, walnut, heavy cream"
Lebanese Easter Cookies,"butter, white sugar, water, semolina flour, all-purpose flour, black sesame seeds, quick rise yeast, cinnamon, mahleb, nutmeg, cloves, cardamom, allspice, spray, rose water, orange flower water, water","butter, sugar, water, semolina flour, all purpose flour, black sesame seed, yeast, cinnamon, mahleb, nutmeg, clove, cardamom, allspice, cooking spray, rose water, orange flower water"
Apfelkuchen (Apple Cake),"all-purpose flour, milk, sugar, active dry yeast, butter, vanilla extract, salt, apples, sugar, all-purpose flour, candied lemon peel, cinnamon, nutmeg, salt, butter","all purpose flour, milk, sugar, active dry yeast, butter, vanilla extract, salt, apple, candied lemon peel, cinnamon, nutmeg"
Shakshuka (Middle Eastern Breakfast Dish),"vegetable oil, garlic, onion, zucchini, tomatoes, hot pepper sauce, eggs, salt","vegetable oil, garlic, onion, zucchini, tomato, hot sauce, egg, salt"
Thai Red Chicken Curry,"olive oil, chicken breast, Thai red curry paste, zucchini, red bell pepper, carrots, onion, cornstarch, coconut milk, cilantro","olive oil, chicken breast, thai red curry paste, zucchini, red bell pepper, carrot, onion, cornstarch, coconut milk, cilantro"
Machhere Jhol (Bengali Fish Curry),"tomatoes, cumin, turmeric, salt, water, vegetable oil, whitefish fillets, mustard seeds, cumin seeds, black cumin seeds, fennel seeds, fenugreek seeds","tomato, cumin, turmeric, salt, water, vegetable oil, whitefish fillet, mustard seed, cumin seed, black cumin seed, fennel seed, fenugreek seed"
Simple Slow-Cooked Korean Beef Soft Tacos,"beef chuck roast, onion, dark brown sugar, soy sauce, garlic, jalapeno pepper, ginger root, seasoned rice vinegar, sesame oil, salt and ground black pepper, corn tortillas","beef chuck roast, onion, dark brown sugar, soy sauce, garlic, jalapeno pepper, ginger root, seasoned rice vinegar, sesame oil, black pepper, corn tortilla"
Lamb (Gosht) Biryani,"basmati rice, cooking oil, cloves, black cardamom pods, cinnamon sticks, onions, garlic paste, ginger paste, cilantro leaves, mint leaves, lamb chops, salt, tomatoes, green chile peppers, red pepper, yogurt, lemon juice, water, salt, vegetable oil, onion, saffron, milk","basmati rice, cooking oil, clove, black cardamom pod, cinnamon stick, onion, garlic paste, ginger paste, cilantro leaf, mint leaf, lamb chop, salt, tomato, green chile pepper, red pepper, yogurt, lemon juice, water, vegetable oil, saffron, milk"
Sweet and Sour Red Cabbage,"red cabbage, water, salt, brown sugar, caraway seeds, vinegar, butter","red cabbage, water, salt, brown sugar, caraway seed, vinegar, butter"
Skillet Chicken Bulgogi,"onion, soy sauce, brown sugar, garlic, sesame oil, sesame seeds, cayenne, salt and ground black pepper, chicken breasts","onion, soy sauce, brown sugar, garlic, sesame oil, sesame seed, cayenne, black pepper, chicken breast"
Vietnamese Lemongrass Chicken,"canola oil, lemongrass, lemon juice, soy sauce, light brown sugar, garlic, fish sauce, chicken thighs","canola oil, lemongrass, lemon juice, soy sauce, light brown sugar, garlic, fish sauce, chicken thigh"
Chef John&#39;s Pavlova with Strawberries,"sugar, cornstarch, egg whites, vanilla extract, white vinegar, heavy cream, confectioners' sugar, strawberries","sugar, cornstarch, egg white, vanilla extract, white vinegar, heavy cream, confectioners sugar, strawberry"
Spanakopita (Greek Spinach Pie),"olive oil, onion, green onions, garlic, spinach, parsley, feta cheese, ricotta cheese, eggs, phyllo dough, olive oil","olive oil, onion, green onion, garlic, spinach, parsley, feta cheese, ricotta cheese, egg, phyllo dough"
Quiche Lorraine,"bacon, Swiss cheese, onion, pie crust, light cream, eggs, salt, white sugar, cayenne pepper","bacon, swiss cheese, onion, pie crust, light cream, egg, salt, white sugar, cayenne pepper"
Russian Cabbage Rolls with Gravy,"cabbage, water, white rice, vegetable oil, onions, beef, pork, carrots, tomato paste, sour cream, mixed herbs","cabbage, water, white rice, vegetable oil, onion, beef, pork, carrot, tomato paste, sour cream, mixed herb"
Newfoundland Jigg&#39;s Dinner,"corned beef brisket, yellow split peas, cabbage, turnip, carrots, potatoes, butter, black pepper, all-purpose flour, white sugar, baking powder, water","corned beef brisket, yellow split pea, cabbage, turnip, carrot, potato, butter, black pepper, all purpose flour, white sugar, baking powder, water"
Eclairs,"water, butter, all-purpose flour, salt, eggs, milk, instant vanilla pudding mix, heavy cream, confectioners' sugar, vanilla extract, semisweet chocolate, butter, confectioners' sugar, vanilla extract, water","water, butter, all purpose flour, salt, egg, milk, instant vanilla pudding mix, heavy cream, confectioners sugar, vanilla extract, semisweet chocolate"
"Slow Cooker Pork, Sauerkraut, and Beer","spray, pork loin roast, salt and ground black pepper, sauerkraut, light beer, brown sugar, onion, butter","cooking spray, pork loin roast, black pepper, bavarian style sauerkraut, beer, brown sugar, onion, butter"
Malasadas Dois,"Sugar, water, active dry yeast, eggs, salt, all-purpose flour, sugar, milk, butter or margarine, vegetable oil, white sugar","sugar, water, active dry yeast, egg, salt, all purpose flour, milk, butter, vegetable oil, white sugar"
Puerto Rican Sancocho,"olive oil, onion, green onions, garlic, cilantro, white pepper, oregano, salt, beef stew meat, water, tomato sauce, beef bouillon, green beans, carrots, celery, chayote squash, small white beans, cabbage, green banana, yellow plantain, llautias, potatoes, pumpkin, corn, green bell pepper","olive oil, onion, green onion, garlic, cilantro, white pepper, oregano, salt, beef stew meat, water, tomato sauce, beef bouillon, green bean, carrot, celery, chayote squash, small white bean, cabbage, green banana, yellow plantain, llautias, potato, pumpkin, corn, green bell pepper"
Perfect Pot Stickers,"pork, garlic, green onions, ginger, soy sauce, soy sauce, sesame oil, cayenne pepper, green cabbage, all-purpose flour, kosher salt, water, rice vinegar, soy sauce, vegetable oil, water","pork, garlic, green onion, ginger, soy sauce, sesame oil, cayenne pepper, green cabbage, all purpose flour, kosher salt, water, rice vinegar, vegetable oil"
Chocolate Babka,"milk, butter, bread flour, all-purpose flour, active dry yeast, sugar, water, egg, salt, semisweet chocolate, cinnamon, white sugar, butter, confectioners' sugar, all-purpose flour, butter, egg, water","milk, butter, bread flour, all purpose flour, active dry yeast, sugar, water, egg, salt, semisweet chocolate, cinnamon, white sugar, confectioners sugar"
South African Malvapoeding (Marshmallow Pudding),"milk, butter, distilled white vinegar, cake flour, baking soda, salt, superfine sugar, eggs, apricot jelly, heavy cream, butter, sugar, water, orange juice, or sherry","milk, butter, distilled white vinegar, cake flour, baking soda, salt, superfine sugar, egg, apricot jelly, heavy cream, sugar, water, orange juice, sherry"
Indian Lassi,"cubes, yogurt, water, ice, white sugar, salt","yogurt, water, ice, white sugar, salt"
Instant Pot Thai Chicken Soup,"carrots, red bell pepper, shiitake mushrooms, chicken breasts, Thai red curry paste, sugar, Swanson® Chicken Broth, coconut milk, lime juice, lime zest, cilantro","carrot, red bell pepper, shiitake mushroom, chicken breast, thai red curry paste, sugar, chicken broth, coconut milk, lime juice, lime zest, cilantro"
Fatayer (Lebanese Meat Pies),"vegetable oil, round steak, onion, parsley, bread dough, butter","vegetable oil, round steak, onion, parsley, bread dough, butter"
Golabki (Stuffed Cabbage Rolls),"cabbage, butter, onion, beef, pork, rice, garlic, salt, black pepper, condensed tomato soup, tomato juice, ketchup","cabbage, butter, onion, beef, pork, rice, garlic, salt, black pepper, condensed tomato soup, tomato juice, ketchup"
Taramosalata,"bread, cover, olive oil, onion, lemon, tarama","bread, olive oil, onion, lemon, tarama"
Portuguese Bean Soup II Recipe,"Portuguese sausage, ham hocks, onion, water, carrots, potatoes, cabbage, tomato sauce, kidney beans, macaroni","portuguese sausage, ham hock, onion, water, carrot, potato, cabbage, tomato sauce, kidney bean, macaroni"
Jan Hagel Cookies,"butter, sugar, all-purpose flour, cinnamon, egg, water, walnuts","butter, sugar, all purpose flour, cinnamon, egg, water, walnut"
Butterkuchen,"dry yeast, water, milk, sugar, salt, butter, all-purpose flour, eggs, butter, sugar, cinnamon","dry yeast, water, milk, sugar, salt, butter, all purpose flour, egg, cinnamon"
Finnish-American Flatbread,"water, sugar, active dry yeast, whole wheat flour, whole rye flour, salt, bread flour, butter","water, sugar, active dry yeast, whole wheat flour, whole rye flour, salt, bread flour, butter"
Korean Hot Wings,"soy sauce, dark brown sugar, ketchup, barbeque sauce, garlic, rice wine vinegar, chile-garlic sauce, black pepper, sesame oil, ginger, cornstarch, water, peanut oil, chicken wings, lemon-pepper seasoning","soy sauce, dark brown sugar, ketchup, barbecue sauce, garlic, rice wine vinegar, chile garlic sauce, black pepper, sesame oil, ginger, cornstarch, water, peanut oil, chicken wing, lemon pepper seasoning"
Russian Sour Cream Cake,"eggs, sugar, all-purpose flour, all-purpose flour, sour cream, sugar, lemon juice","egg, sugar, all purpose flour, sour cream, lemon juice"
Caldo Verde (Portuguese Sausage Kale Soup),"linguica sausage, olive oil, onion, salt, russet potatoes, salt, chicken broth or water, kale, cayenne pepper","linguica sausage, olive oil, onion, salt, russet potato, chicken broth, kale, cayenne pepper"
Bjarne&#39;s Norwegian Meatballs,"bread crumbs, milk, eggs, onion, ginger, salt, nutmeg, garlic, black pepper, ground beef, butter, onion, all-purpose flour, beef broth, heavy cream, cayenne pepper, white pepper","bread crumb, milk, egg, onion, ginger, salt, nutmeg, garlic, black pepper, ground beef, butter, all purpose flour, beef broth, heavy cream, cayenne pepper, white pepper"
Easy Three-Ingredient Gluten-Free German Christmas Coconut Cookies,"egg whites, sugar, unsweetened coconut flakes","egg white, sugar, unsweetened coconut flake"
Caldereta (Filipino Beef Stew),"vegetable oil, beef stew meat, garlic, water, pineapple juice, onion, tomato sauce, tomato paste, potatoes, red bell pepper, carrot, miniature cocktail sausages, pineapple chunks, ripe olives, bay leaves, hot pepper sauce","vegetable oil, beef stew meat, garlic, water, pineapple juice, onion, tomato sauce, tomato paste, potato, red bell pepper, carrot, miniature cocktail sausage, pineapple chunk, ripe olive, bay leaf, hot pepper sauce"
Korean Fried Chicken Sauce,"ketchup, onions, garlic, lemon, honey, chile-garlic sauce, red pepper flakes, black pepper, water, salt","ketchup, onion, garlic, lemon, honey, chile garlic sauce, red pepper flake, black pepper, water, salt"
Vegetable Banh Mi,"carrots, jicama, onion, rice vinegar, water, sugar, fish sauce, soy sauce, sriracha sauce, garlic powder, Chinese five-spice powder, portobello mushrooms, mayonnaise, hoagie rolls, cucumber, jalapeno pepper, cilantro, lime wedges","carrot, jicama, onion, rice vinegar, water, sugar, fish sauce, soy sauce, sriracha sauce, garlic powder, chinese five spice powder, portobello mushroom, mayonnaise, hoagie roll, cucumber, jalapeno pepper, cilantro, lime wedge"
Peruvian Chicken Soup (Aguadito de Pollo),"chicken breast halves, salt and pepper, olive oil, onion, garlic, serrano chile, cilantro, green peas, corn, red bell pepper, chicken broth, Yukon Gold potatoes, white rice","chicken breast half, salt, black pepper, olive oil, onion, garlic, serrano chile, cilantro, green pea, corn, red bell pepper, chicken broth, yukon gold potato, white rice"
Finnish Blueberry Pie,"white sugar, butter, egg, baking powder, all-purpose flour, milk, blueberries, white sugar","white sugar, butter, egg, baking powder, all purpose flour, milk, blueberry"
Korean Fried Chicken,"chicken thighs, onion, garlic, salt, black pepper, oil, cornstarch, self-rising flour, white sugar, black pepper, salt, water","chicken thigh, onion, garlic, salt, black pepper, cooking oil, cornstarch, self rising flour, white sugar, water"
German Zwiebelkuchen (Onion Pie),"onions, bacon, sour cream, egg, all-purpose flour, salt, caraway seed, pastry double crust pie","onion, bacon, sour cream, egg, all purpose flour, salt, caraway seed, double crust pie pastry"
Maple Butter Tarts,"tart shells, raisins, brown sugar, butter, eggs, maple syrup, all-purpose flour, vanilla extract, salt","tart shell, raisin, brown sugar, butter, egg, maple syrup, all purpose flour, vanilla extract, salt"
Portuguese Favas,"olive oil, onions, garlic, red pepper flakes, tomato sauce, water, parsley, salt, black pepper, paprika, fava beans","olive oil, onion, garlic, red pepper flake, tomato sauce, water, parsley, salt, black pepper, paprika, fava bean"
Homemade Tom Yum Soup,"vegetable broth, shrimp, limes, Thai chile peppers, lemongrass, ginger root, tom yum paste, fish sauce, sugar, chile sauce, baby bella mushrooms, green onions","vegetable broth, shrimp, lime, thai chile pepper, lemongrass, ginger root, tom yum paste, fish sauce, sugar, chile sauce, baby bella mushroom, green onion"
Chef John&#39;s Grilled Mojo Beef,"beef skirt steak, navel orange, limes, olive oil, garlic, kosher salt, cumin, black pepper, oregano, cayenne pepper, onion, cilantro, salt, Lime wedges","beef skirt steak, navel orange, lime, olive oil, garlic, salt, cumin, black pepper, oregano, cayenne pepper, onion, cilantro, salt"
Crispy Chinese Noodles,"egg roll wrappers, vegetable oil","egg roll wrapper, vegetable oil"
Bûche de Noël,"heavy cream, confectioners' sugar, unsweetened cocoa powder, vanilla extract, egg yolks, sugar, unsweetened cocoa powder, vanilla extract, salt, egg whites, sugar, confectioners' sugar for dusting","heavy cream, confectioners sugar, unsweetened cocoa powder, vanilla extract, egg yolk, sugar, salt, egg white"
Jamaican Plantain Tarts,"all-purpose flour, salt, butter, shortening, egg, water, plantains, sugar, vanilla extract, nutmeg, red food coloring, egg white, white sugar","all purpose flour, salt, butter, shortening, egg, water, plantain, sugar, vanilla extract, nutmeg, red food coloring, egg white, white sugar"
Baked Chicken In a Sweet BBQ Sauce,"barbecue sauce, soy sauce, red wine, maple syrup, chili powder, mustard powder, garlic powder, onion powder, cumin, chicken breast halves, cornstarch, water","barbecue sauce, soy sauce, red wine, maple syrup, chili powder, mustard powder, garlic powder, onion powder, cumin, chicken breast half, cornstarch, water"
Cuban Banana Casserole,"bananas, light brown sugar, butter, pecans, raisins, brandy","banana, light brown sugar, butter, pecan, raisin, brandy"
Nuoc Cham Sauce,"garlic, red pepper flakes, sugar, lime juice, fish sauce, water","garlic, red pepper flake, sugar, lime juice, fish sauce, water"
Sauerkraut Russian-Style,"cabbage, carrots, kosher salt, spring water, sugar","cabbage, carrot, salt, water, sugar"
Malaysian Nasi Lemak,"coconut milk, water, long grain rice, ginger, ginger, bay leaf, salt, oil, peanuts, white anchovies, eggs, cucumber, vegetable oil, onion, shallots, garlic, chile paste, water, white anchovies, tamarind juice, sugar, salt","coconut milk, water, long grain rice, ginger, bay leaf, salt, cooking oil, peanut, white anchovy, egg, cucumber, vegetable oil, onion, shallot, garlic, chile paste, tamarind juice, sugar"
Solianka (Russian Beef Soup),"mushrooms, water, butter, onions, veal, ham, kielbasa sausage, beef stock, bay leaves, black peppercorns, mushrooms, dill pickles, capers, tomatoes, tomato paste, all-purpose flour, kalamata olives, dill weed, dill pickle juice, garlic, Hungarian sweet paprika, marjoram, sour cream, lemon","mushroom, water, butter, onion, veal, ham, kielbasa sausage, beef stock, bay leaf, black peppercorn, dill pickle, caper, tomato, tomato paste, all purpose flour, kalamata olive, dill weed, dill pickle juice, garlic, paprika, marjoram, sour cream, lemon"
The Best Thai Coconut Soup,"vegetable oil, ginger, red curry paste, lemon grass, chicken broth, fish sauce, light brown sugar, coconut milk, shiitake mushrooms, shrimp, lime juice, salt, cilantro","vegetable oil, ginger, red curry paste, lemongrass, chicken broth, fish sauce, light brown sugar, coconut milk, shiitake mushroom, shrimp, lime juice, salt, cilantro"
Potato Klubb (Norwegian Potato Dumplings),"all-purpose flour, salt, baking powder, black pepper, potatoes, onion, ham, salt, butter","all purpose flour, salt, baking powder, black pepper, potato, onion, ham, butter"
Homemade Sushi Rolls,"sushi rice, dashi kombu, water, rice wine, sugar, salt, nori seaweed sheets, fillings","sushi rice, dashi kombu, water, rice wine, sugar, salt, nori seaweed sheet"
Arepas de Queso,"mozzarella cheese, white cornmeal, water, kosher salt, canola oil","mozzarella cheese, white cornmeal, water, salt, canola oil"
Tomato Bredie,"vegetable oil, lamb or mutton breast chops, cake flour, onion, tomatoes, white vinegar, bay leaves, beef bouillon, salt, brown sugar, white peppercorns, black pepper, Worcestershire sauce, potatoes","vegetable oil, lamb chop, cake flour, onion, tomato, white vinegar, bay leaf, beef bouillon, salt, brown sugar, white peppercorn, black pepper, worcestershire sauce, potato"
Steamed Vegan Rice Cakes (Banh Bo Hap),"rice flour, water, coconut milk, sugar, tapioca starch, active dry yeast, vanilla extract, salt, oil","rice flour, water, coconut milk, sugar, tapioca starch, active dry yeast, vanilla extract, salt, oil"
Authentic Paella,"white rice, chicken stock, garlic, parsley, curry powder, saffron threads, olive oil, onion, chicken, small shrimp, lobster tails, clams, mushrooms, green peas, mussels","white rice, chicken stock, garlic, parsley, curry powder, saffron thread, olive oil, onion, chicken, small shrimp, lobster tail, clam, mushroom, green pea, mussel"
Filipino Chicken Salad,"chicken breast, elbow macaroni, pineapple chunks, raisins, celery, apple, carrot, mayonnaise, sugar, seasoned salt","chicken breast, elbow macaroni, pineapple chunk, raisin, celery, apple, carrot, mayonnaise, sugar, seasoning salt"
Blinis,"milk, all-purpose flour, all-purpose flour, eggs, sugar, butter, beef stew meat, butter, onions, vegetable oil","milk, all purpose flour, all purpose flour, egg, sugar, butter, beef stew meat, butter, onion, vegetable oil"
Hard Do Bread,"sugar, active dry yeast, water, vegetable oil, margarine, salt, all-purpose flour","sugar, active dry yeast, water, vegetable oil, margarine, salt, all purpose flour"
Peruvian Pickled Onions (Salsa Criolla),"sea salt, onions, English cucumbers, tomato, rice vinegar, lime juice, white wine vinegar, jalapeno pepper, cilantro, olive oil, black pepper","sea salt, onion, english cucumber, tomato, rice vinegar, lime juice, white wine vinegar, jalapeno pepper, cilantro, olive oil, black pepper"
Japanese Agedashi Tofu,"firm silken tofu, water, light soy sauce, mirin, dashi granules, all-purpose flour, frying, onions","firm silken tofu, water, light soy sauce, mirin, dashi granule, all purpose flour, frying, onion"
Steelhead Trout Bake with Dijon Mustard,"spray, steelhead trout fillets, white wine, Dijon mustard, garlic, lemon juice, dill weed, lemon-pepper seasoning","cooking spray, steelhead trout fillet, white wine, dijon mustard, garlic, lemon juice, dill weed, lemon pepper seasoning"
Thai Red Curry Chicken Soup,"red curry paste, red bell pepper, onion, coconut milk, fish sauce, chicken stock, chicken, basmati rice, cilantro","red curry paste, red bell pepper, onion, coconut milk, fish sauce, chicken stock, chicken, basmati rice, cilantro"
Portuguese Pork and Clams,"white wine, garlic, oregano, salt, black pepper, bay leaves, cumin, pork loin, olive oil, onion, potatoes, cannellini beans, cayenne pepper, clams, parsley","white wine, garlic, oregano, salt, black pepper, bay leaf, cumin, pork loin, olive oil, onion, potato, cannellini bean, cayenne pepper, clam, parsley"
Quick Chinese-Style Vermicelli (Rice Noodles),"rice noodles, vegetable oil, garlic, soy sauce, chili sauce, salt and pepper, green onion","rice noodle, vegetable oil, garlic, soy sauce, chili sauce, salt, black pepper, green onion"
Russian Potato Salad,"potatoes, turkey hot dogs, eggs, dill pickles, green onions, baby peas, salt, mayonnaise","potato, turkey hot dog, egg, dill pickle, green onion, baby pea, salt, mayonnaise"
Bengali Dhal,"red lentils, water, onion, garlic, turmeric, bay leaf, cherry tomatoes, salt, serrano chile peppers, vegetable oil, cilantro","red lentil, water, onion, garlic, turmeric, bay leaf, cherry tomato, salt, serrano chile pepper, vegetable oil, cilantro"
Homemade Sauerkraut,"water, distilled white vinegar, onion, cabbage, sea salt, celery seed, onion powder, garlic powder, black pepper","water, distilled white vinegar, onion, cabbage, sea salt, celery seed, onion powder, garlic powder, black pepper"
Vietnamese Stir-Fry,"olive oil, garlic, ginger root, fish sauce, soy sauce, sesame oil, sirloin tip, vegetable oil, garlic, green onions, onion, green beans, beef broth, lime juice, Thai basil, mint, red pepper flakes, black pepper, cilantro","olive oil, garlic, ginger root, fish sauce, soy sauce, sesame oil, sirloin tip, vegetable oil, garlic, green onion, onion, green bean, beef broth, lime juice, thai basil, mint, red pepper flake, black pepper, cilantro"
Siopao (Filipino Steamed Buns),"all-purpose flour, sugar, salt, active dry yeast, water, vegetable oil, vegetable oil","all purpose flour, sugar, salt, active dry yeast, water, vegetable oil, vegetable oil"
Mongolian Beef and Spring Onions,"vegetable oil, garlic, ginger, dark brown sugar, soy sauce, water, beef flank steak, cornstarch, vegetable oil, green onions","vegetable oil, garlic, ginger, dark brown sugar, soy sauce, water, beef flank steak, cornstarch, vegetable oil, green onion"
Beef Pho,"beef soup bones, salt, water, onions, ginger root, beef oxtail, radish, star anise pods, cinnamon stick, black peppercorns, cloves, sugar, fish sauce, salt, flat rice noodles, beef sirloin","beef soup bone, salt, water, onion, ginger root, beef oxtail, radish, star anise pod, cinnamon stick, black peppercorn, clove, sugar, fish sauce, salt, flat rice noodle, beef sirloin"
Fondant Potatoes,"russet potatoes, vegetable oil, butter, thyme, chicken broth","russet potato, vegetable oil, butter, thyme, chicken broth"
Pisco Sour II,"pisco, lime juice, egg white, confectioners' sugar, ice, bitters","pisco, lime juice, egg white, confectioners sugar, ice, bitters"
Finnish Pulla,"milk, water, active dry yeast, sugar, eggs, salt, cardamom, all-purpose flour, butter, egg, water, white sugar","milk, water, active dry yeast, sugar, egg, salt, cardamom, all purpose flour, butter, white sugar"
Arvidson Swedish Pancakes,"eggs, milk, all-purpose flour, sugar, vanilla extract, nutmeg, salt, butter, butter","egg, milk, all purpose flour, sugar, vanilla extract, nutmeg, salt, butter"
Turkish Red Lentil &#39;Bride&#39; Soup,"butter, onions, paprika, red lentils, bulgur, tomato paste, vegetable stock, cayenne pepper, mint leaves, lemon, mint","butter, onion, paprika, red lentil, bulgur, tomato paste, vegetable stock, cayenne pepper, mint leaf, lemon, mint"
Cheese Bourekas,"eggs, mozzarella cheese, parsley, garlic powder, onion powder, salt, black pepper, puff pastry, water, sesame seeds","egg, mozzarella cheese, parsley, garlic powder, onion powder, salt, black pepper, puff pastry, water, sesame seed"
Polish Chicken and Dumplings,"chicken, onion, celery, poultry seasoning, allspice, basil, salt, black pepper, seasoning salt, condensed cream of chicken soup, eggs, olive oil, salt, black pepper, water, all-purpose flour","chicken, onion, celery, poultry seasoning, allspice, basil, salt, black pepper, seasoning salt, condensed cream of chicken soup, egg, olive oil, water, all purpose flour"
Australian-Style Pumpkin Scones,"butter, self-rising flour, sugar, baking powder, salt, pumpkin, egg","butter, self rising flour, sugar, baking powder, salt, pumpkin, egg"
Lumpia in the Air Fryer,"Italian hot sausage links, green onions, carrots, water chestnuts, onions, garlic, soy sauce, salt, ginger, spring roll wrappers, cooking spray","italian hot sausage link, green onion, carrot, water chestnut, onion, garlic, soy sauce, salt, ginger, spring roll wrapper, cooking spray"
South African Traditional Vetkoek (Fried Bread),"water, sugar, active dry yeast, all-purpose flour, salt, oil","water, sugar, active dry yeast, all purpose flour, salt, oil"
Black Bean and Corn Quesadillas,"olive oil, onion, black beans, corn, salsa, brown sugar, red pepper flakes, butter, flour tortillas, Monterey Jack cheese","olive oil, onion, black bean, corn, salsa, brown sugar, red pepper flake, butter, flour tortilla, monterey jack cheese"
Strudel Dough,"all-purpose flour, baking powder, salt, eggs, vegetable oil, sugar, water","all purpose flour, baking powder, salt, egg, vegetable oil, sugar, water"
Jamaican Brown Stew Chicken,"garlic, green onions, dark brown sugar, thyme leaves, habanero pepper, cider vinegar, ginger root, kosher salt, black pepper, smoked paprika, allspice, chicken thighs, olive oil, yellow onion, kosher salt, brown sugar, chicken broth, ketchup, bay leaves, carrot, baby bell peppers","garlic, green onion, dark brown sugar, thyme leaf, habanero pepper, cider vinegar, ginger root, kosher salt, black pepper, smoked paprika, allspice, chicken thigh, olive oil, yellow onion, brown sugar, chicken broth, ketchup, bay leaf, carrot, baby bell pepper"
How to Make Beef Satay,"brown sugar, fish sauce, garlic, onion, vegetable oil, soy sauce, coriander, ginger, cumin, turmeric, cayenne pepper, lemon grass, beef top sirloin, metal skewers","brown sugar, fish sauce, garlic, onion, vegetable oil, soy sauce, coriander, ginger, cumin, turmeric, cayenne pepper, lemongrass, beef top sirloin, metal skewer"
Krautburger,"ground beef, onion, cabbage, dry onion soup mix, mild Cheddar cheese, black pepper, bread dough, cooking spray, margarine","ground beef, onion, cabbage, dry onion soup mix, mild cheddar cheese, black pepper, bread dough, cooking spray, margarine"
Pomegranate Stew with Chicken (Khoresh Fesenjan),"olive oil, chicken legs, white onion, walnuts, salt, pomegranate juice, cardamom, sugar","olive oil, chicken leg, white onion, walnut, salt, pomegranate juice, cardamom, sugar"
Vietnamese Grilled Pork Skewers,"pork belly, red chile pepper, lemongrass, fish sauce, garlic, monosodium glutamate, white sugar, Chinese five-spice powder, bamboo skewers, fish sauce, sugar, red chile pepper, lime, garlic, monosodium glutamate, water","pork belly, red chile pepper, lemongrass, fish sauce, garlic, monosodium glutamate, white sugar, chinese five spice powder, bamboo skewer, lime, water"
Raisin Butter Tarts,"tart shells, egg, brown sugar, butter, lemon juice, nutmeg, raisins","tart shell, egg, brown sugar, butter, lemon juice, nutmeg, raisin"
Easy-Made German Quark,"buttermilk, heavy whipping cream","buttermilk, heavy whipping cream"
How to Make Peanut Dipping Sauce,"Peanut butter, garlic, brown sugar, fish sauce, soy sauce, sesame oil, lime, chile-garlic sauce, coconut milk, red bell pepper, cilantro, peanuts","peanut butter, garlic, brown sugar, fish sauce, soy sauce, sesame oil, lime, chile garlic sauce, coconut milk, red bell pepper, cilantro, peanut"
Galette des Rois,"almond paste, sugar, unsalted butter, egg, almond extract, all-purpose flour, salt, puff pastry, dry kidney bean, egg, confectioners' sugar","almond paste, sugar, unsalted butter, egg, almond extract, all purpose flour, salt, puff pastry, dry kidney bean, confectioners sugar"
Vietnamese Iced Coffee,"water, coffee beans, sweetened condensed milk, ice cubes","water, coffee bean, sweetened condensed milk, ice cube"
Butter Mochi Cupcakes,"mochiko, sugar, baking powder, unsalted butter, coconut milk, evaporated milk, eggs, vanilla extract","mochiko, sugar, baking powder, unsalted butter, coconut milk, evaporated milk, egg, vanilla extract"
Bigos (Hunter&#39;s Stew),"kielbasa sausage, bacon, pork stew meat, all-purpose flour, green cabbage, carrots, onion, mushrooms, garlic, sauerkraut, red wine, bay leaf, paprika, basil, marjoram, salt, black pepper, caraway seed, cayenne pepper, beef stock, tomatoes, mushrooms, tomato paste, hot pepper sauce, Worcestershire sauce","kielbasa sausage, bacon, pork stew meat, all purpose flour, green cabbage, carrot, onion, mushroom, garlic, bavarian style sauerkraut, red wine, bay leaf, paprika, basil, marjoram, salt, black pepper, caraway seed, cayenne pepper, beef stock, tomato, mushroom, tomato paste, hot pepper sauce, worcestershire sauce"
California Roll,"water, white rice, rice vinegar, white sugar, salt, crab meat, mayonnaise, nori, avocado, red caviar, English cucumber, pickled ginger, soy sauce, wasabi paste","water, white rice, rice vinegar, white sugar, salt, crab meat, mayonnaise, nori, avocado, red caviar, english cucumber, pickled ginger, soy sauce, wasabi paste"
Authentic Russian Salad &#39;Olivye&#39;,"potatoes, carrot, eggs, pickles, peas, ham, parsley, mayonnaise","potato, carrot, egg, pickle, pea, ham, parsley, mayonnaise"
Pastry Cream,"milk, sugar, egg yolks, egg, white sugar, cornstarch, butter, vanilla extract","milk, sugar, egg yolk, egg, white sugar, cornstarch, butter, vanilla extract"
Vietnamese Pork and Five Spice,"pork shoulder, salt, black pepper, olive oil, garlic, brown sugar, soy sauce, fish sauce, Chinese five-spice powder","pork shoulder, salt, black pepper, olive oil, garlic, brown sugar, soy sauce, fish sauce, chinese five spice powder"
Mojo Shrimp,"extra-virgin olive oil, limes, orange, garlic, oregano, salt, black pepper, cumin, shrimp, olive oil","extra virgin olive oil, lime, orange, garlic, oregano, salt, black pepper, cumin, shrimp, olive oil"
Masht-o Khiyaar (Persian Cucumber Salad with Sultanas and Walnuts),"yogurt, walnuts, golden raisins, dill, mint, salt and freshly ground black pepper, cucumber","yogurt, walnut, golden raisin, dill, mint, salt, black pepper, cucumber"
Hawaii Five-O So Good Ice Cream,"pineapple, heavy whipping cream, brown sugar, luncheon meat, brown sugar, dragon fruit","pineapple, heavy whipping cream, brown sugar, luncheon meat, brown sugar, dragon fruit"
Vietnamese Spring Rolls With Dipping Sauce,"white vinegar, fish sauce, sugar, lime juice, garlic, red pepper flakes, rice vermicelli, shrimp, rice wrappers, lettuce, mint leaves, cilantro, Thai basil","white vinegar, fish sauce, sugar, lime juice, garlic, red pepper flake, rice vermicelli, shrimp, rice wrapper, lettuce, mint leaf, cilantro, thai basil"
Homemade Sazon Seasoning,"coriander, cumin, garlic powder, annatto seed, kosher salt, turmeric, Mexican oregano, black pepper","coriander, cumin, garlic powder, annatto seed, kosher salt, turmeric, mexican oregano, black pepper"
Chef John&#39;s Cuban Sandwich,"mayonnaise, mustard, cayenne pepper, Cuban bread, Swiss cheese, ham, pulled pork, dill pickle, butter","mayonnaise, mustard, cayenne pepper, cuban bread, swiss cheese, ham, pulled pork, dill pickle, butter"
Kielbasa and Cabbage,"bacon, onion, water, sugar, caraway seed, garlic, red pepper flakes, seasoning salt, cabbage, Polish kielbasa","bacon, onion, water, sugar, caraway seed, garlic, red pepper flake, seasoning salt, cabbage, polish kielbasa"
Kotlet Schabowy (Polish Breaded Pork Chop),"pork chops, salt and freshly ground black pepper, all-purpose flour, egg, bread crumbs, vegetable oil","pork chop, salt, black pepper, all purpose flour, egg, bread crumb, vegetable oil"
Smokey Vegetarian Cuban Black Bean Soup,"black beans, vegetable oil, yellow onion, smoked paprika, cumin seeds, red bell pepper, green bell pepper, garlic, Mexican oregano, bay leaves, vegetable stock, smoked tempeh bacon, dark rum, jalapeño pepper, water, salt, hard-boiled eggs, red onion","black bean, vegetable oil, yellow onion, smoked paprika, cumin seed, red bell pepper, green bell pepper, garlic, mexican oregano, bay leaf, vegetable stock, smoked tempeh bacon, dark rum, jalapeno pepper, water, salt, hard boiled egg, red onion"
Finnish Turnip Casserole,"carrots, turnip, all-purpose flour, sugar, butter, salt, milk, eggs, white sugar, cinnamon","carrot, turnip, all purpose flour, sugar, butter, salt, milk, egg, white sugar, cinnamon"
Black Beans with Bacon,"black beans, water, olive oil, garlic, onion, tomato, carrot, bacon strips, parsley, salt and pepper","black bean, water, olive oil, garlic, onion, tomato, carrot, bacon strip, parsley, salt, black pepper"
Orange Cardamom Krumkake,"all-purpose flour, cardamom, ginger, cinnamon, nutmeg, sugar, salt, orange zest, butter, half-and-half, eggs","all purpose flour, cardamom, ginger, cinnamon, nutmeg, sugar, salt, orange zest, butter, half and half, egg"
Vegetarian Huevo Saltado,"zucchini, all-purpose flour, Italian seasoning, vegetable oil, salt, olive oil, onion, garlic, ginger, tomatoes, eggs, soy sauce, sugar, rice","zucchini, all purpose flour, italian seasoning, vegetable oil, salt, olive oil, onion, garlic, ginger, tomato, egg, soy sauce, sugar, rice"
Blini (Russian Pancakes),"milk, eggs, white sugar, salt, baking soda, citric acid, all-purpose flour, vegetable oil, water, butter","milk, egg, sugar, salt, baking soda, citric acid, all purpose flour, vegetable oil, water, butter"
Taylor&#39;s Piroshki,"ground beef, onion, salt, black pepper, dill weed, active dry yeast, water, milk, eggs, vegetable oil, granulated sugar, salt, all-purpose flour, oil","beef, onion, salt, black pepper, dill weed, active dry yeast, water, milk, egg, vegetable oil, sugar, all purpose flour, oil"
Taiwanese Popcorn Chicken,"chicken thighs, garlic, soy sauce, ginger, five-spice powder, white pepper, salt, rice vinegar, cayenne pepper, egg, tempura batter mix, peanut oil, Thai basil, onions","chicken thigh, garlic, soy sauce, ginger, asian five spice powder, white pepper, salt, rice vinegar, cayenne pepper, egg, tempura batter mix, peanut oil, thai basil, onion"
Russian Ant Hill Cake,"unsalted butter, unsalted butter, sugar, sour cream, all-purpose flour, baking powder, butter, unsalted butter, dulce de leche, poppy seeds","butter, sugar, sour cream, all purpose flour, baking powder, dulce de leche, poppy seed"
Papa a la Huancaína (Huancayo-Style Potatoes),"Yukon Gold potatoes, olive oil, onion, chile peppers, cream cheese, queso fresco, vegetable oil, salt, garlic, black pepper, evaporated milk, lettuce, eggs, black olives","potato, olive oil, onion, chile pepper, cream cheese, queso fresco, vegetable oil, salt, garlic, black pepper, evaporated milk, lettuce, egg, black olive"
Havregrynskugler (Danish Oat Balls),"unsalted butter, rolled oats, sugar, cocoa powder, vanilla sugar, coconut flour","butter, oat, sugar, cocoa powder, vanilla sugar, coconut flour"
Kuku Sabzi,"leek, olive oil, eggs, baking powder, fenugreek, kosher salt, turmeric, parsley, cilantro, dill","leek, olive oil, egg, baking powder, fenugreek, salt, turmeric, parsley, cilantro, dill"
Spicy Korean Chicken,"soy sauce, vegetable oil, Korean chile paste, sesame oil, Korean red chile flakes, garlic, ginger, chicken thighs","soy sauce, vegetable oil, korean chile paste, sesame oil, korean red pepper flake, garlic, ginger, chicken thigh"
Filipino Chicken Sopas,"water, onion, chicken thighs, garlic powder, onion powder, carrots, fish sauce, chicken bouillon granules, black pepper, elbow macaroni, evaporated milk, butter, salt","water, onion, chicken thigh, garlic powder, onion powder, carrot, fish sauce, chicken bouillon granule, black pepper, elbow macaroni, evaporated milk, butter, salt"
Pasta de Sardine,"fettuccine pasta, olive oil, yellow onion, garlic, lemon, sardines, Parmesan cheese, red pepper flakes","fettuccine pasta, olive oil, onion, garlic, lemon, sardine, parmesan cheese, red pepper flake"
Yaki Mandu (Korean Dumplings),"beef, green onions, cabbage, carrot, garlic, sesame oil, sesame seeds, monosodium glutamate, eggs, vegetable oil, wonton wrappers, soy sauce, rice wine vinegar, sesame seeds","beef, green onion, cabbage, carrot, garlic, sesame oil, sesame seed, monosodium glutamate, egg, vegetable oil, wonton wrapper, soy sauce, rice wine vinegar"
Thai Carrot Salad,"carrots, sugar, water, rice vinegar, garlic, Thai fish sauce, Thai red curry paste, lime juice, red pepper flakes, peanuts","carrot, sugar, water, rice vinegar, garlic, thai fish sauce, thai red curry paste, lime juice, red pepper flake, peanut"
Beer Sausage,"beer, potatoes, Italian seasoning, baby carrots, onion, kielbasa sausage, cabbage","beer, potato, italian seasoning, baby carrot, onion, kielbasa sausage, cabbage"
The Best Ricotta Pancakes,"ricotta cheese, ricotta cheese, milk, eggs, all-purpose flour, baking powder, salt, canola oil","ricotta cheese, milk, egg, all purpose flour, baking powder, salt, canola oil"
Portuguese Sweet Bread III,"yeast, water, white sugar, eggs, all-purpose flour, salt, butter, milk, egg","yeast, water, sugar, egg, all purpose flour, salt, butter, milk"
Easy Mango Salad,"green mangoes, purple onion, red bell pepper, cilantro, lime juice, fish sauce, brown sugar, peanuts","mango, onion, red bell pepper, cilantro, lime juice, fish sauce, brown sugar, peanut"
Linzer Torte Cookies,"sugar, unsalted butter, egg, lemon zest, all-purpose flour, almonds, cinnamon, cloves, raspberry jam","sugar, butter, egg, lemon zest, all purpose flour, almond, cinnamon, clove, raspberry jam"
Peruvian Aji-Style Sauce,"romaine lettuce, cilantro, green onions, mayonnaise, jalapeno peppers, garlic","romaine lettuce, cilantro, green onion, mayonnaise, jalapeno pepper, garlic"
Austrian Peach Cookies II,"unsalted butter, sugar, eggs, vanilla extract, all-purpose flour, baking powder, milk, semisweet chocolate chips, apricot jam, pecans, rum, water, sugar, red food coloring, yellow food coloring","butter, sugar, egg, vanilla extract, all purpose flour, baking powder, milk, semisweet chocolate chip, apricot jam, pecan, rum, water, red food coloring, yellow food coloring"
Beef and Cabbage (Lazy Golumpki),"green cabbage, beef, salt, parsley, onion powder, black pepper, water, white rice, condensed tomato soup, tomatoes","cabbage, beef, salt, parsley, onion powder, black pepper, water, rice, condensed tomato soup, tomato"
Kachumbari,"red onion, sea salt, tomatoes, cucumber, cilantro, jalapeno pepper, avocado, lime","red onion, sea salt, tomato, cucumber, cilantro, jalapeno pepper, avocado, lime"
Austrian Linzer Torte,"all-purpose flour, almonds, white sugar, baking powder, cinnamon, cloves, unsalted butter, egg yolks, red currant jam","all purpose flour, almond, white sugar, baking powder, cinnamon, clove, unsalted butter, egg yolk, red currant jam"
Norwegian Krumkake,"sugar, unsalted butter, eggs, all-purpose flour, milk, vanilla extract, butter flavoring","sugar, unsalted butter, egg, all purpose flour, milk, vanilla extract, butter flavoring"
Waterzooi (Vaterzoy),"vegetable oil, chicken, leeks, onion, celery, salt, water, chicken bouillon granules, nutmeg, all-purpose flour, lemon juice, heavy cream, egg yolks, parsley","vegetable oil, chicken, leek, onion, celery, salt, water, chicken bouillon granule, nutmeg, all purpose flour, lemon juice, heavy cream, egg yolk, parsley"
Plum Butter,"plums, water, white sugar","plum, water, white sugar"
Peruvian Pineapple Chicken (Pollo a la Piña),"soy sauce, salt, black pepper, garlic powder, cumin, chicken breasts, pineapple chunks, white sugar, potato starch, vegetable oil, vegetable oil, tomato paste, red bell pepper, onions","soy sauce, salt, black pepper, garlic powder, cumin, chicken breast, pineapple chunk, white sugar, potato starch, vegetable oil, tomato paste, red bell pepper, onion"
Jerk Pork Chops,"water, lemon juice, onion, brown sugar, green onion, canola oil, salt, allspice, cinnamon, black pepper, thyme, cayenne pepper, pork chops","water, lemon juice, onion, brown sugar, green onion, canola oil, salt, allspice, cinnamon, black pepper, thyme, cayenne pepper, pork chop"
Beef Nilaga,"beef short ribs, water, onions, black peppercorns, beef bouillon cubes, potatoes, chayote squash, carrots, celery, salt, cabbage","beef short rib, water, onion, black peppercorn, beef bouillon cube, potato, chayote squash, carrot, celery, salt, cabbage"
Kibbee Lebanese Style,"bulgur, water, mint, allspice, black pepper, cinnamon, salt, onion, parsley, lamb, pine nuts","bulgur, water, mint, allspice, black pepper, cinnamon, salt, onion, parsley, lamb, pine nut"
Sangria by the Pros,"orange, lemon, lime, apples, cherries, pineapple, brandy, dry red wine, lemon-lime soda, orange juice","orange, lemon, lime, apple, cherry, pineapple, brandy, dry red wine, lemon lime soda, orange juice"
Deviled Eggs with Zip,"eggs, mayonnaise, Chinese hot prepared mustard, mustard, salt and pepper, paprika","egg, mayonnaise, chinese hot prepared mustard, mustard, salt, black pepper, paprika"
Pierogi Casserole,"potatoes, milk, butter, bacon, onion, garlic, lasagna noodles, Cheddar cheese, salt and pepper, sour cream, chives","potato, milk, butter, bacon, onion, garlic, lasagna noodle, cheddar cheese, salt, black pepper, sour cream, chive"
Korean Cucumber Salad,"cucumber, sea salt, green onion, garlic, rice vinegar, sesame oil, honey, lemon juice, rice wine, sesame seeds, Korean red pepper powder, black pepper","cucumber, sea salt, green onion, garlic, rice vinegar, sesame oil, honey, lemon juice, rice wine, sesame seed, korean red pepper powder, black pepper"
Lebanese Fatayer,"water, yeast, all-purpose flour, milk, sugar, olive oil, baking powder, salt, olive oil, onion, spinach, lemon, sesame seeds, egg","water, yeast, all purpose flour, milk, sugar, olive oil, baking powder, salt, onion, spinach, lemon, sesame seed, egg"
Lemon Pisco Sour,"sugar, lemon juice, Pisco, cubes","sugar, lemon juice, pisco, ice cube"
Frikadeller (Danish Meatballs),"veal, pork, milk, onion, egg, bread crumbs, all-purpose flour, seltzer water, salt and pepper, margarine","veal, pork, milk, onion, egg, bread crumb, all purpose flour, seltzer water, salt, black pepper, margarine"
Shredded Slow Cooker Cuban Beef,"rump roast, coarse salt, black pepper, olive oil, bitter orange marinade, garlic marinade, onion, garlic, cumin","rump roast, coarse salt, black pepper, olive oil, bitter orange marinade, garlic marinade, onion, garlic, cumin"
Quick Beef Stir-Fry,"vegetable oil, beef sirloin, broccoli, red bell pepper, carrots, green onion, garlic, soy sauce, sesame seeds","vegetable oil, beef sirloin, broccoli, red bell pepper, carrot, green onion, garlic, soy sauce, sesame seed"
Wiener Schnitzel,"veal cutlets, all-purpose flour, eggs, Parmesan cheese, milk, parsley, salt, pepper, nutmeg, bread crumbs, butter, lemon","veal cutlet, all purpose flour, egg, parmesan cheese, milk, parsley, salt, black pepper, nutmeg, bread crumb, butter, lemon"
Puerto Rican Tostones (Fried Plantains),"plantain, oil, water, salt","plantain, oil, water, salt"
Chicken Sofrito,"potatoes, chicken breasts, chourico sausage, beer, carrots, onion, parsley, sofrito, red cooking wine, sazon seasoning, garlic","potato, chicken breast, chourico sausage, beer, carrot, onion, parsley, sofrito, red cooking wine, sazon seasoning, garlic"
Basic Crêpes,"eggs, milk, water, salt, all-purpose flour, butter","egg, milk, water, salt, all purpose flour, butter"
Nanaimo Bars,"butter, unsweetened cocoa powder, sugar, egg, graham cracker crumbs, coconut, almonds, heavy cream, custard powder, confectioners' sugar, semisweet baking chocolate, butter","butter, unsweetened cocoa powder, sugar, egg, graham cracker crumb, coconut, almond, heavy cream, custard powder, confectioners sugar, semisweet baking chocolate"
Vietnamese Chicken and Long-Grain Rice Congee,"jasmine rice, chicken, ginger root, lemon grass, salt, cilantro, chives, black pepper, lime","jasmine rice, chicken, ginger root, lemongrass, salt, cilantro, chive, black pepper, lime"
Toasted Cuban Sandwich,"Chipotle Mayonnaise, mayonnaise, sour cream, cilantro, green onions, chipotle peppers, lime juice, garlic basil spread, cumin, Fillings, olive oil, sweet onions, red pepper flakes, oregano, jalapeno peppers, ciabatta sandwich rolls, mustard, Swiss cheese, deli roast pork loin, ham, dill pickles","chipotle mayonnaise, mayonnaise, sour cream, cilantro, green onion, chipotle pepper, lime juice, garlic basil spread, cumin, olive oil, sweet onion, red pepper flake, oregano, jalapeno pepper, ciabatta sandwich roll, mustard, swiss cheese, deli roast pork loin, ham, dill pickle"
Malasadas,"active dry yeast, sugar, water, eggs, all-purpose flour, sugar, butter, evaporated milk, water, salt, vegetable oil, white sugar","active dry yeast, sugar, water, egg, all purpose flour, butter, evaporated milk, salt, vegetable oil"
Easy Haupia,"cornstarch, sugar, salt, coconut milk","cornstarch, sugar, salt, coconut milk"
Coconut Chikki,"ghee, dried coconut, brown sugar, sugar, water","ghee, dried coconut, brown sugar, sugar, water"
Crispy Ginger Beef,"cornstarch, water, eggs, flank steak, canola oil, carrot, green bell pepper, red bell pepper, onions, ginger root, garlic cloves, sugar, rice vinegar, soy sauce, sesame oil, red pepper flakes","cornstarch, water, egg, flank steak, canola oil, carrot, green bell pepper, red bell pepper, onion, ginger root, garlic clove, sugar, rice vinegar, soy sauce, sesame oil, red pepper flake"
Chilean Empanada,"butter, onion, garlic, oregano, cumin, salt, black pepper, pork, raisins, black olives, eggs, water, cornstarch, milk, shortening, all-purpose flour, salt, eggs","butter, onion, garlic, oregano, cumin, salt, black pepper, pork, raisin, black olive, egg, water, cornstarch, milk, shortening, all purpose flour"
"Eggplant, Roasted Pepper and Chicken Pitas","eggplants, salt, chicken breast halves, dusting, eggs, bread crumbs, olive oil, garlic, red wine vinegar, olive oil, red peppers, salt and pepper, pita breads","eggplant, salt, chicken breast half, egg, bread crumb, olive oil, garlic, red wine vinegar, red pepper, pita bread"
Lefse,"water, potato flakes, evaporated milk, shortening, white sugar, salt, all-purpose flour","water, potato flake, evaporated milk, shortening, white sugar, salt, all purpose flour"
Fried Kimchi,"kimchi, sesame oil, white vinegar, sugar","kimchi, sesame oil, white vinegar, sugar"
Pork Dumplings,"wonton wrappers, pork, ginger root, garlic, green onion, soy sauce, sesame oil, egg, Chinese cabbage","wonton wrapper, pork, ginger root, garlic, green onion, soy sauce, sesame oil, egg, chinese cabbage"
Japanese Beef Stir-Fry,"beef sirloin or beef top round steaks, cornstarch, Campbell's® Condensed Beef Broth, soy sauce, sugar, vegetable oil, shiitake mushrooms, Chinese cabbage, red peppers, celery, green onions, white rice","beef sirloin steak, beef top round steak, cornstarch, condensed beef broth, soy sauce, sugar, vegetable oil, shiitake mushroom, chinese cabbage, red pepper, celery, green onion, white rice"
Halloumi Cheese Fingers,"olive oil, halloumi cheese, lemon juice, oregano, black pepper","olive oil, halloumi cheese, lemon juice, oregano, black pepper"
Grandma&#39;s Polish Perogies,"all-purpose flour, salt, sour cream, eggs, egg yolk, butter, vegetable oil, potatoes, Cheddar cheese, cheese sauce, onion salt, salt and pepper","all purpose flour, salt, sour cream, egg, egg yolk, butter, vegetable oil, potato, cheddar cheese, cheese sauce, onion salt"
Piña Colada Sorbet,"white sugar, water, pineapple, coconut milk, lime juice","white sugar, water, pineapple, coconut milk, lime juice"
Jamaican Curried Goat,"goat stew meat, chile peppers, curry powder, garlic, salt, black pepper, vegetable oil, onion, celery, vegetable broth, bay leaf, potatoes","goat stew meat, chile pepper, curry powder, garlic, salt, black pepper, vegetable oil, onion, celery, vegetable broth, bay leaf, potato"
Norwegian Potato Lefsa,"potatoes, heavy whipping cream, butter, salt, sugar, all-purpose flour","potato, heavy whipping cream, butter, salt, sugar, all purpose flour"
Chicken Biryani,"vegetable oil, potatoes, onions, garlic, ginger root, tomatoes, salt, cumin, chili powder, black pepper, turmeric, yogurt, mint leaves, cardamom, cinnamon stick, chicken, basmati rice, vegetable oil, onion, cardamom, cloves, cinnamon stick, ginger, saffron, chicken stock, salt","vegetable oil, potato, onion, garlic, ginger root, tomato, salt, cumin, chili powder, black pepper, turmeric, yogurt, mint leaf, cardamom, cinnamon stick, chicken, basmati rice, clove, saffron, chicken stock"
Suspiro Limeño,"sweetened condensed milk, evaporated milk, vanilla extract, egg yolks, egg white, confectioners' sugar, cinnamon","sweetened condensed milk, evaporated milk, vanilla extract, egg yolk, egg white, confectioners sugar, cinnamon"
Jerk Chicken Pizza,"green bell pepper, olive oil, chicken breast, jerk sauce, garlic, portobello mushroom, pizza crust, pizza sauce, salami, mozzarella cheese","green bell pepper, olive oil, chicken breast, jerk sauce, garlic, portobello mushroom, pizza crust, pizza sauce, salami, mozzarella cheese"
German Apple Cake,"vegetable oil, eggs, sugar, vanilla extract, all-purpose flour, cinnamon, baking soda, salt, apples","vegetable oil, egg, sugar, vanilla extract, all purpose flour, cinnamon, baking soda, salt, apple"
Arroz con Pollo (Peruvian Style),"vegetable oil, chicken pieces, onion, garlic, cilantro, white rice, water, beer, carrot, green peas","vegetable oil, chicken piece, onion, garlic, cilantro, white rice, water, beer, carrot, green pea"
Finnish Kropser (Baked Pancakes),"eggs, sugar, salt, milk, all-purpose flour, butter","egg, sugar, salt, milk, all purpose flour, butter"
Grilled Pollo a la Brasa,"soy sauce, grapeseed oil, cumin, paprika, garlic, thyme, black pepper, oregano, granulated onion, coriander, turmeric, mustard powder, cinnamon, chicken breast, lime","soy sauce, grapeseed oil, cumin, paprika, garlic, thyme, black pepper, oregano, granulated onion, coriander, turmeric, mustard powder, cinnamon, chicken breast, lime"
Pastelon (Puerto Rican Layered Casserole),"ground beef, tomato sauce, sofrito, green olives, garlic, salt, recao, oregano, spray, vegetable oil, plantains, eggs, French cut green beans, mozzarella cheese","ground beef, tomato sauce, sofrito, green olive, garlic, salt, recao, oregano, cooking spray, vegetable oil, plantain, egg, french cut green bean, mozzarella cheese"
Jibarito,"vegetable oil, plantain, vegetable oil, garlic, beef skirt steak, yellow onion, cumin, oregano, mayonnaise, processed American cheese, tomato, lettuce","vegetable oil, plantain, garlic, beef skirt steak, yellow onion, cumin, oregano, mayonnaise, processed american cheese, tomato, lettuce"
Panang Curry with Chicken,"Panang curry paste, cooking oil, coconut milk, chicken breast, palm sugar, fish sauce, makrut lime leaves, red chile peppers, Thai basil","panang curry paste, cooking oil, coconut milk, chicken breast, palm sugar, fish sauce, makrut lime leaf, red chile pepper, thai basil"
Instant Pot Red Thai Curry Chicken,"cooking oil, red curry paste, chicken breasts, coconut milk, fish sauce, palm sugar, yellow onion, red bell pepper, yellow bell pepper, orange bell pepper","cooking oil, red curry paste, chicken breast, coconut milk, fish sauce, palm sugar, yellow onion, red bell pepper, yellow bell pepper, orange bell pepper"
Hawaiian Cookie Tarts,"all-purpose flour, confectioners' sugar, cornstarch, butter, vanilla extract, pineapple preserves, macadamia nuts, sugar, egg, coconut","all purpose flour, confectioners sugar, cornstarch, butter, vanilla extract, pineapple preserve, macadamia nut, sugar, egg, coconut"
Christmas Stollen,"milk, active dry yeast, bread flour, white sugar, butter, egg, salt, candied citron, currants, golden raisins, red candied cherries, marzipan, confectioners' sugar, cinnamon","milk, active dry yeast, bread flour, white sugar, butter, egg, salt, candied citron, currant, golden raisin, red candied cherry, marzipan, confectioners sugar, cinnamon"
Squash and Kohlrabi Empanadas,"olive oil, butter, garlic, ginger, kohlrabi bulbs, salt and pepper, yellow squash, onions, spinach, nutmeg, egg, water, pastry","olive oil, butter, garlic, ginger, kohlrabi bulb, salt, black pepper, yellow squash, onion, spinach, nutmeg, egg, water, pastry"
Jamaican Fried Dumplings,"all-purpose flour, baking powder, salt, butter, water, vegetable oil","all purpose flour, baking powder, salt, butter, water, vegetable oil"
Easy Two-Ingredient Naan,"self-rising flour, Greek yogurt","self rising flour, greek yogurt"
Slow Cooker Sweet and Sour Kielbasa,"butter, onions, brown sugar, ketchup, cider vinegar, spicy brown mustard, Worcestershire sauce, hot pepper sauce, kielbasa sausage","butter, onion, brown sugar, ketchup, cider vinegar, spicy brown mustard, worcestershire sauce, hot pepper sauce, kielbasa sausage"
Filipino Ribs,"pork spareribs, onions, soy sauce, star anise, black pepper, water, vegetable oil, onion, honey, brown sugar, ginger, Worcestershire sauce, lemon juice","pork sparerib, onion, soy sauce, star anise, black pepper, water, vegetable oil, honey, brown sugar, ginger, worcestershire sauce, lemon juice"
Maicena (Corn Pudding),"cornstarch, milk, sugar, salt, egg yolks, lemon rind, vanilla extract","cornstarch, milk, sugar, salt, egg yolk, lemon rind, vanilla extract"
Chef John&#39;s Swedish Meatballs,"butter, onion, salt, eggs, bread crumbs, milk, black pepper, nutmeg, allspice, cayenne pepper, beef chuck, pork, butter, all-purpose flour, beef broth, heavy cream, white sugar, Worcestershire sauce, spray","butter, onion, salt, egg, bread crumb, milk, black pepper, nutmeg, allspice, cayenne pepper, beef chuck, pork, all purpose flour, beef broth, heavy cream, white sugar, worcestershire sauce, cooking spray"
Dilled Shrimp (Rejer),"water, salt, white sugar, dill, shrimp, vegetable oil, white wine vinegar, dill, salt, pepper","water, salt, white sugar, dill, shrimp, vegetable oil, white wine vinegar, black pepper"
Grandma&#39;s Aebleskevers,"eggs, all-purpose flour, sugar, baking powder, salt, sweetened condensed milk, shortening, unsalted butter","egg, all purpose flour, sugar, baking powder, salt, sweetened condensed milk, shortening, unsalted butter"
Instant Pot® Jamaican Chicken Curry,"ghee, onion, garlic, ginger, Jamaican curry powder, jalapeno pepper, thyme, salt, chicken broth, chicken thighs, potatoes, carrots, basmati rice","ghee, onion, garlic, ginger, curry powder, jalapeno pepper, thyme, salt, chicken broth, chicken thigh, potato, carrot, basmati rice"
Pastel de Choclo,"eggs, vegetable oil, onions, garlic, salt, paprika, black pepper, beef, chicken, raisins, Kalamata olives, sweet corn, basil, butter, milk, white sugar, salt","egg, vegetable oil, onion, garlic, salt, paprika, black pepper, beef, chicken, raisin, kalamata olive, sweet corn, basil, butter, milk, white sugar"
Honey Walnut Shrimp,"water, white sugar, walnuts, egg whites, mochiko, vegetable oil, shrimp, mayonnaise, honey, sweetened condensed milk","water, white sugar, walnut, egg white, mochiko, vegetable oil, shrimp, mayonnaise, honey, sweetened condensed milk"
Original Kumla Recipe from Mom,"ham, salt, russet potatoes, all-purpose flour, whole wheat flour, baking powder, salt, bacon, salt","ham, salt, russet potato, all purpose flour, whole wheat flour, baking powder, bacon"
Jajangmyeon (Vegetarian Korean Black Bean Noodles),"canola oil, garlic, carrots, potatoes, salt and ground black pepper, zucchini, onion, cornstarch, water, water, black bean paste, white sugar, jaa jang myun noodles","canola oil, garlic, carrot, potato, salt, black pepper, zucchini, onion, cornstarch, water, black bean paste, white sugar, jaa jang myun noodle"
Kroppkakor - Swedish Potato Dumplings,"salt pork, onion, potatoes, egg, salt, black pepper, nutmeg, all-purpose flour, all-purpose flour, water, beef broth","salt pork, onion, potato, egg, salt, black pepper, nutmeg, all purpose flour, water, beef broth"
Dansk Aebleskiver (Danish Doughnuts),"eggs, buttermilk, butter, all-purpose flour, salt, white sugar, baking soda, cardamom, vegetable shortening","egg, buttermilk, butter, all purpose flour, salt, white sugar, baking soda, cardamom, vegetable shortening"
Slow Cooker Puerto Rican Shredded Pork,"pork sirloin roast, garlic, vegetable oil, orange juice, limes, cumin, salt, oregano","pork sirloin roast, garlic, vegetable oil, orange juice, lime, cumin, salt, oregano"
Butter Lamb Gravy,"lamb shoulder, garam masala, salt, butter, onion, turmeric, ginger, garlic, cayenne pepper, tomato paste, water, heavy cream, honey, cilantro","lamb shoulder, garam masala, salt, butter, onion, turmeric, ginger, garlic, cayenne pepper, tomato paste, water, heavy cream, honey, cilantro"
Kung Pao Chicken,"cornstarch, white wine, soy sauce, sesame oil, chicken breast, chile paste, brown sugar, distilled white vinegar, water chestnuts, peanuts, green onions, garlic","cornstarch, white wine, soy sauce, sesame oil, chicken breast, chile paste, brown sugar, distilled white vinegar, water chestnut, peanut, green onion, garlic"
Lutefisk,"water, salt, lutefisk, butter","water, salt, lutefisk, butter"
Authentic Bangladeshi Beef Curry,"olive oil, onion, garlic, green chile peppers, ginger paste, cardamom seeds, cloves, cinnamon sticks, cumin, coriander, turmeric, garlic powder, cayenne pepper, water, beef chuck","olive oil, onion, garlic, green chile pepper, ginger paste, cardamom seed, clove, cinnamon stick, cumin, coriander, turmeric, garlic powder, cayenne pepper, water, beef chuck"
Chocolate Pavlova,"egg whites, salt, cream of tartar, sugar, cocoa powder, cornstarch, vinegar, vanilla extract, bittersweet chocolate, strawberries, whipping cream, sugar, bittersweet chocolate","egg white, salt, cream of tartar, sugar, cocoa powder, cornstarch, vinegar, vanilla extract, bittersweet chocolate, strawberry, whipping cream"
Grilled Asian Chicken,"soy sauce, honey, sesame oil, garlic, ginger root, chicken breast halves","soy sauce, honey, sesame oil, garlic, ginger root, chicken breast half"
Argentine Corn Pie,"egg, corn, vegetable oil, onion, milk, cornstarch, butter, nutmeg, salt, black pepper, pie crust, egg","egg, corn, vegetable oil, onion, milk, cornstarch, butter, nutmeg, salt, black pepper, pie crust"
Instant Pot Lebanese Lentil Soup (Shorbat Adas),"olive oil, onion, Yukon Gold potato, carrot, tomato, celery ribs, garlic, kosher salt, cumin, cinnamon, allspice, vegetable broth, water, red lentils, lemons, pita bread, spray, salt","olive oil, onion, yukon gold potato, carrot, tomato, celery rib, garlic, salt, cumin, cinnamon, allspice, vegetable broth, water, red lentil, lemon, pita bread"
Austrian Jam Cookies,"butter, sugar, vanilla extract, egg yolk, all-purpose flour, almonds, raspberry jam","butter, sugar, vanilla extract, egg yolk, all purpose flour, almond, raspberry jam"
Spicy Red Bean Soup,"olive oil, onion, paprika, ketchup, water, dry onion soup mix, salt, black pepper, linguica, chourico, kidney beans, potatoes, spaghetti","olive oil, onion, paprika, ketchup, water, dry onion soup mix, salt, black pepper, linguica, chourico, kidney bean, potato, spaghetti"
Filipino Beef Steak,"New York strip steak, lemon, soy sauce, sugar, salt and pepper, cornstarch, vegetable oil, olive oil, onion, garlic","new york strip steak, lemon, soy sauce, sugar, black pepper, cornstarch, vegetable oil, olive oil, onion, garlic"
California Style Israeli Salad,"roma tomatoes, English cucumber, jicama, yellow bell pepper, red onion, lemon juice, olive oil, parsley, salt and pepper","roma tomato, english cucumber, jicama, yellow bell pepper, red onion, lemon juice, olive oil, parsley, black pepper"
Classic Chicken Cordon Bleu,"all-purpose flour, paprika, chicken breast halves, Swiss cheese, ham, butter, white wine, chicken bouillon granules, heavy whipping cream, cornstarch","all purpose flour, paprika, chicken breast half, swiss cheese, ham, butter, white wine, chicken bouillon granule, heavy whipping cream, cornstarch"
Aebleskiver,"egg whites, buttermilk, all-purpose flour, butter, sugar, baking powder, baking soda, salt, vegetable oil","egg white, buttermilk, all purpose flour, butter, sugar, baking powder, baking soda, vegetable oil"
Lebanese Lemon Lentil Soup,"olive oil, yellow onion, celery, carrots, garlic, water, French green lentils, parsley, salt, coriander, cumin, black pepper, cayenne pepper, all-purpose flour, butter, lemon, black pepper","olive oil, yellow onion, celery, carrot, garlic, water, french green lentil, parsley, coriander, cumin, black pepper, cayenne pepper, all purpose flour, butter, lemon"
Gheymeh (Persian Beef Stew),"oil, onion, beef stew meat, split peas, Persian limes, tomato paste, salt, curry powder, turmeric, black pepper, water, frying, potatoes","cooking oil, onion, beef stew meat, split pea, persian lime, tomato paste, curry powder, turmeric, black pepper, water, potato"
Spicy Tuna Sushi Roll,"glutinous white rice, water, rice vinegar, tuna, mayonnaise, chili powder, wasabi paste, nori, cucumber, carrot, avocado","glutinous white rice, water, rice vinegar, tuna, mayonnaise, chili powder, wasabi paste, nori, cucumber, carrot, avocado"
Hawaiian Bread I,"banana, pineapple, egg, milk, margarine, coconut extract, salt, white sugar, potato flakes, bread flour, active dry yeast","banana, pineapple, egg, milk, margarine, coconut extract, white sugar, potato flake, bread flour, active dry yeast"
